{
  "schema": "three-complete-row-acute-continuation-v1",
  "epistemic_status": "BOUNDED_NUMERIC_CONTINUATION_NOT_COVERAGE",
  "status": "NUMERIC_ACUTE_CONTINUATION_HIT",
  "target_apex": 1.5,
  "step": 0.005,
  "records": [
    {
      "apex": 1.5623564942404184,
      "minimum_margin": 0.00011953398367459373,
      "cyclic_order": [
        "o",
        "x20",
        "x00",
        "x01",
        "x21",
        "left",
        "q0",
        "c0",
        "c2",
        "q1",
        "c1",
        "q2",
        "right",
        "x10",
        "x11"
      ],
      "parameters": [
        1.5623564942404184,
        0.020454818232892753,
        0.8046119884193018,
        1.5453524069476587,
        0.5043100007981483,
        0.5021360750849513,
        0.6913404038088888,
        -0.4700895373512801,
        -0.3180260570479884,
        -2.844423957754704,
        -2.638107624815105,
        1.6725364423771505,
        2.2779522550440667
      ],
      "minimum_by_group": {
        "source_angle_order": 0.008339832554478111,
        "strict_hull": 0.00011953398367459373,
        "outside_cap_side": 0.07654347425892899,
        "physical_cap_side": 0.016715103990149142,
        "mec_containment": 0.016715799426273485,
        "pairwise_distinct": 0.00028903201794756655,
        "physical_exact_class_audit": 0.00023744923364660563,
        "row_exact_class_exclusions_audit": 0.0033551935712681255,
        "parameterized_equalities_audit": 9.999997779553951e-10
      }
    },
    {
      "apex": 1.5573564942404186,
      "minimum_margin": 0.00011953398367459373,
      "cyclic_order": [
        "o",
        "x20",
        "x00",
        "x01",
        "x21",
        "left",
        "q0",
        "c0",
        "c2",
        "q1",
        "c1",
        "q2",
        "right",
        "x10",
        "x11"
      ],
      "parameters": [
        1.5573564942404186,
        0.020454818232892753,
        0.8046119884193018,
        1.5453524069476587,
        0.5043100007981483,
        0.5021360750849513,
        0.6913404038088888,
        -0.4700895373512801,
        -0.3180260570479884,
        -2.844423957754704,
        -2.638107624815105,
        1.6725364423771505,
        2.2779522550440667
      ],
      "minimum_by_group": {
        "source_angle_order": 0.011904087292759814,
        "strict_hull": 0.00011953398367459373,
        "outside_cap_side": 0.07651205790063981,
        "physical_cap_side": 0.01177033312482029,
        "mec_containment": 0.011771496346198443,
        "pairwise_distinct": 0.0001439963813850252,
        "physical_exact_class_audit": 0.00023744923364660563,
        "row_exact_class_exclusions_audit": 0.0033551935712681255,
        "parameterized_equalities_audit": 9.999997779553951e-10
      }
    },
    {
      "apex": 1.5523564942404187,
      "minimum_margin": 4.895703825387233e-05,
      "cyclic_order": [
        "o",
        "x20",
        "x00",
        "x01",
        "x21",
        "left",
        "q0",
        "c0",
        "c2",
        "q1",
        "c1",
        "q2",
        "right",
        "x10",
        "x11"
      ],
      "parameters": [
        1.5523564942404187,
        0.020454818232892753,
        0.8046119884193018,
        1.5453524069476587,
        0.5043100007981483,
        0.5021360750849513,
        0.6913404038088888,
        -0.4700895373512801,
        -0.3180260570479884,
        -2.844423957754704,
        -2.638107624815105,
        1.6725364423771505,
        2.2779522550440667
      ],
      "minimum_by_group": {
        "source_angle_order": 0.006904087292759919,
        "strict_hull": 0.00011953398367459373,
        "outside_cap_side": 0.07647886639078605,
        "physical_cap_side": 0.006850259855233301,
        "mec_containment": 0.006851524775372033,
        "pairwise_distinct": 4.895703825387233e-05,
        "physical_exact_class_audit": 0.00023744923364660563,
        "row_exact_class_exclusions_audit": 0.0033551935712681255,
        "parameterized_equalities_audit": 9.999997779553951e-10
      }
    },
    {
      "apex": 1.5473564942404188,
      "minimum_margin": 3.9163645327361495e-06,
      "cyclic_order": [
        "o",
        "x20",
        "x00",
        "x01",
        "x21",
        "left",
        "q0",
        "c0",
        "c2",
        "q1",
        "c1",
        "q2",
        "right",
        "x10",
        "x11"
      ],
      "parameters": [
        1.5473564942404188,
        0.020454818232892753,
        0.8046119884193018,
        1.5453524069476587,
        0.5043100007981483,
        0.5021360750849513,
        0.6913404038088888,
        -0.4700895373512801,
        -0.3180260570479884,
        -2.844423957754704,
        -2.638107624815105,
        1.6725364423771505,
        2.2779522550440667
      ],
      "minimum_by_group": {
        "source_angle_order": 0.0019040872927600261,
        "strict_hull": 0.00011953398367459373,
        "outside_cap_side": 0.07644390055915369,
        "physical_cap_side": 0.001955007182963545,
        "mec_containment": 0.0019556444990617623,
        "pairwise_distinct": 3.9163645327361495e-06,
        "physical_exact_class_audit": 0.00023744923364660563,
        "row_exact_class_exclusions_audit": 0.0013616091836293781,
        "parameterized_equalities_audit": 9.999997779553951e-10
      }
    },
    {
      "apex": 1.5423564942404189,
      "minimum_margin": 7.42507866499007e-05,
      "cyclic_order": [
        "o",
        "x20",
        "x00",
        "x01",
        "x21",
        "left",
        "q0",
        "c0",
        "q1",
        "c2",
        "c1",
        "q2",
        "right",
        "x10",
        "x11"
      ],
      "parameters": [
        1.5423564942404189,
        0.008864313133616797,
        0.7109078540272216,
        1.533733777306388,
        0.5040400773436003,
        0.5105063906401597,
        0.6932566958979614,
        -0.36972641836125475,
        -0.2418215687895335,
        -2.911783673696743,
        -2.462313628074946,
        1.6687392838005894,
        2.316817354086226
      ],
      "minimum_by_group": {
        "source_angle_order": 0.008522716934030939,
        "strict_hull": 8.465980659140476e-05,
        "outside_cap_side": 0.044422892111379744,
        "physical_cap_side": 0.008340157191758794,
        "mec_containment": 0.008343631329241033,
        "pairwise_distinct": 7.42507866499007e-05,
        "physical_exact_class_audit": 0.005339420839438449,
        "row_exact_class_exclusions_audit": 0.0023235843157328076,
        "parameterized_equalities_audit": 9.999998889776976e-10
      }
    },
    {
      "apex": 1.537356494240419,
      "minimum_margin": 1.3024063630669638e-05,
      "cyclic_order": [
        "o",
        "x20",
        "x00",
        "x01",
        "x21",
        "left",
        "q0",
        "c0",
        "q1",
        "c2",
        "c1",
        "q2",
        "right",
        "x10",
        "x11"
      ],
      "parameters": [
        1.537356494240419,
        0.008864313133616797,
        0.7109078540272216,
        1.533733777306388,
        0.5040400773436003,
        0.5105063906401597,
        0.6932566958979614,
        -0.36972641836125475,
        -0.2418215687895335,
        -2.911783673696743,
        -2.462313628074946,
        1.6687392838005894,
        2.316817354086226
      ],
      "minimum_by_group": {
        "source_angle_order": 0.003522716934031045,
        "strict_hull": 8.465980659140476e-05,
        "outside_cap_side": 0.04438833514899452,
        "physical_cap_side": 0.0034949304401299982,
        "mec_containment": 0.003496985561680535,
        "pairwise_distinct": 1.3024063630669638e-05,
        "physical_exact_class_audit": 0.005339420839438449,
        "row_exact_class_exclusions_audit": 0.0023235843157328076,
        "parameterized_equalities_audit": 9.999998889776976e-10
      }
    },
    {
      "apex": 1.532356494240419,
      "minimum_margin": 3.900038666739936e-06,