============================== Prover9 ===============================
Prover9 (64) version 2017-11A (CIIRC), November 2017.
Process 26509 was started by adam on dada-mun-26.local,
Wed Aug 12 15:28:54 2026
The command was "prover9 -t 30 -f scratch/p97-consumer-first/freshthird_firstnonhit_fo_v2/firstnonhit_v2.in scratch/p97-consumer-first/freshthird_firstnonhit_fo_v2/no_three_overlap.in".
============================== end of head ===========================

============================== INPUT =================================

% Reading from file scratch/p97-consumer-first/freshthird_firstnonhit_fo_v2/firstnonhit_v2.in


formulas(assumptions).
(all u (car(u) -> car(cen(u)))).
(all u (car(u) -> cen(u) != u)).
(all u all v (mem(u,v) -> car(u) & car(v))).
(all u (car(u) -> mem(u,u))).
(all u (car(u) -> (exists v exists w exists x exists y (mem(u,v) & mem(u,w) & mem(u,x) & mem(u,y) & v != w & v != x & v != y & w != x & w != y & x != y & (all z (mem(u,z) -> z = v | z = w | z = x | z = y)))))).
(all u all v all w (car(u) & car(v) & cen(u) = cen(v) -> (mem(u,w) <-> mem(v,w)))).
(all u all v all w all x all y (car(u) & car(v) & cen(u) != cen(v) & mem(u,w) & mem(v,w) & mem(u,x) & mem(v,x) & mem(u,y) & mem(v,y) -> w = x | w = y | x = y)).
(all u all v (car(u) & car(v) & blocked(v,cen(u)) -> mem(u,v))).
(all u (car(u) -> blocked(u,cen(u)))).
(all u all v all w all x all y (car(u) & car(v) & car(w) & car(x) & car(y) & cen(u) = cen(v) & cen(u) = cen(w) & cen(u) = cen(x) & cen(u) = cen(y) -> u = v | u = w | u = x | u = y | v = w | v = x | v = y | w = x | w = y | x = y)).
car(pa).
car(pb).
car(ra).
car(rb).
car(qa).
car(qb).
car(ca).
car(cb).
car(oa).
pa != pb.
ra != rb.
pa != ra.
pa != rb.
pb != ra.
pb != rb.
qa != qb.
ca != cb.
qa != pa.
qa != pb.
qa != ra.
qa != rb.
qb != pa.
qb != pb.
qb != ra.
qb != rb.
ca != pa.
ca != pb.
ca != ra.
ca != rb.
cb != pa.
cb != pb.
cb != ra.
cb != rb.
ca != oa.
cb != oa.
pa != oa.
pb != oa.
ra != oa.
rb != oa.
mem(qa,qb).
mem(qb,qa).
cen(qa) != cen(pa).
cen(qa) != cen(ra).
cen(qa) = cen(qb).
cen(ca) = cen(qa).
cen(cb) = cen(qa).
cen(ca) != oa.
cen(cb) != oa.
-mem(ca,pa) | -mem(ca,pb).
-mem(ca,ra) | -mem(ca,rb).
-mem(cb,pa) | -mem(cb,pb).
-mem(cb,ra) | -mem(cb,rb).
co = pa | co = pb | co = ra | co = rb.
-mem(ca,co).
-mem(cb,co).
(all v (v = pa | v = pb | v = ra | v = rb -> (-mem(ca,v) <-> -blocked(v,cen(ca))))).
(all v (v = pa | v = pb | v = ra | v = rb -> (-mem(cb,v) <-> -blocked(v,cen(cb))))).
-blocked(pa,oa).
-blocked(ra,oa).
cen(pa) = cen(pb).
cen(ra) = cen(rb).
cen(ra) != cen(pa).
car(g0).
car(g1).
car(g2).
car(g3).
car(g4).
car(g5).
car(g6).
car(g7).
car(g8).
car(g9).
car(g10).
car(g11).
car(g12).
car(g13).
car(g14).
g0 != g1.
g0 != g2.
g0 != g3.
g0 != g4.
g0 != g5.
g0 != g6.
g0 != g7.
g0 != g8.
g0 != g9.
g1 != g2.
g1 != g3.
g1 != g4.
g1 != g5.
g1 != g6.
g1 != g7.
g1 != g8.
g1 != g9.
g2 != g3.
g2 != g4.
g2 != g5.
g2 != g6.
g2 != g7.
g2 != g8.
g2 != g9.
g3 != g4.
g3 != g5.
g3 != g6.
g3 != g7.
g3 != g8.
g3 != g9.
g4 != g5.
g4 != g6.
g4 != g7.
g4 != g8.
g4 != g9.
g5 != g6.
g5 != g7.
g5 != g8.
g5 != g9.
g6 != g7.
g6 != g8.
g6 != g9.
g7 != g8.
g7 != g9.
g8 != g9.
g0 != g10.
g0 != g11.
g0 != g12.
g0 != g13.
g0 != g14.
g1 != g10.
g1 != g11.
g1 != g12.
g1 != g13.
g1 != g14.
g2 != g10.
g2 != g11.
g2 != g12.
g2 != g13.
g2 != g14.
g3 != g10.
g3 != g11.
g3 != g12.
g3 != g13.
g3 != g14.
g4 != g10.
g4 != g11.
g4 != g12.
g4 != g13.
g4 != g14.
g5 != g10.
g5 != g11.
g5 != g12.
g5 != g13.
g5 != g14.
g6 != g10.
g6 != g11.
g6 != g12.
g6 != g13.
g6 != g14.
g7 != g10.
g7 != g11.
g7 != g12.
g7 != g13.
g7 != g14.
g8 != g10.
g8 != g11.
g8 != g12.
g8 != g13.
g8 != g14.
g9 != g10.
g9 != g11.
g9 != g12.
g9 != g13.
g9 != g14.
g10 != g11.
g10 != g12.
g10 != g13.
g10 != g14.
g11 != g12.
g11 != g13.
g11 != g14.
g12 != g13.
g12 != g14.
g13 != g14.
end_of_list.

% Reading from file scratch/p97-consumer-first/freshthird_firstnonhit_fo_v2/no_three_overlap.in


formulas(goals).
(all u all w all x all y (car(u) & cen(u) != cen(qa) & mem(u,w) & mem(qa,w) & mem(u,x) & mem(qa,x) & mem(u,y) & mem(qa,y) -> w = x | w = y | x = y)).
end_of_list.

============================== end of input ==========================

% From the command line: assign(max_seconds, 30).

============================== PROCESS NON-CLAUSAL FORMULAS ==========

% Formulas that are not ordinary clauses:
1 (all u (car(u) -> car(cen(u)))) # label(non_clause).  [assumption].
2 (all u (car(u) -> cen(u) != u)) # label(non_clause).  [assumption].
3 (all u all v (mem(u,v) -> car(u) & car(v))) # label(non_clause).  [assumption].
4 (all u (car(u) -> mem(u,u))) # label(non_clause).  [assumption].
5 (all u (car(u) -> (exists v exists w exists x exists y (mem(u,v) & mem(u,w) & mem(u,x) & mem(u,y) & v != w & v != x & v != y & w != x & w != y & x != y & (all z (mem(u,z) -> z = v | z = w | z = x | z = y)))))) # label(non_clause).  [assumption].
6 (all u all v all w (car(u) & car(v) & cen(u) = cen(v) -> (mem(u,w) <-> mem(v,w)))) # label(non_clause).  [assumption].
7 (all u all v all w all x all y (car(u) & car(v) & cen(u) != cen(v) & mem(u,w) & mem(v,w) & mem(u,x) & mem(v,x) & mem(u,y) & mem(v,y) -> w = x | w = y | x = y)) # label(non_clause).  [assumption].
8 (all u all v (car(u) & car(v) & blocked(v,cen(u)) -> mem(u,v))) # label(non_clause).  [assumption].
9 (all u (car(u) -> blocked(u,cen(u)))) # label(non_clause).  [assumption].
10 (all u all v all w all x all y (car(u) & car(v) & car(w) & car(x) & car(y) & cen(u) = cen(v) & cen(u) = cen(w) & cen(u) = cen(x) & cen(u) = cen(y) -> u = v | u = w | u = x | u = y | v = w | v = x | v = y | w = x | w = y | x = y)) # label(non_clause).  [assumption].
11 (all v (v = pa | v = pb | v = ra | v = rb -> (-mem(ca,v) <-> -blocked(v,cen(ca))))) # label(non_clause).  [assumption].
12 (all v (v = pa | v = pb | v = ra | v = rb -> (-mem(cb,v) <-> -blocked(v,cen(cb))))) # label(non_clause).  [assumption].
13 (all u all w all x all y (car(u) & cen(u) != cen(qa) & mem(u,w) & mem(qa,w) & mem(u,x) & mem(qa,x) & mem(u,y) & mem(qa,y) -> w = x | w = y | x = y)) # label(non_clause) # label(goal).  [goal].

============================== end of process non-clausal formulas ===

============================== PROCESS INITIAL CLAUSES ===============

% Clauses before input processing:

formulas(usable).
end_of_list.

formulas(sos).
-car(x) | car(cen(x)).  [clausify(1)].
-car(x) | cen(x) != x.  [clausify(2)].
-mem(x,y) | car(x).  [clausify(3)].
-mem(x,y) | car(y).  [clausify(3)].
-car(x) | mem(x,x).  [clausify(4)].
-car(x) | mem(x,f1(x)).  [clausify(5)].
-car(x) | mem(x,f2(x)).  [clausify(5)].
-car(x) | mem(x,f3(x)).  [clausify(5)].
-car(x) | mem(x,f4(x)).  [clausify(5)].
-car(x) | f2(x) != f1(x).  [clausify(5)].
-car(x) | f3(x) != f1(x).  [clausify(5)].
-car(x) | f4(x) != f1(x).  [clausify(5)].
-car(x) | f3(x) != f2(x).  [clausify(5)].
-car(x) | f4(x) != f2(x).  [clausify(5)].
-car(x) | f4(x) != f3(x).  [clausify(5)].
-car(x) | -mem(x,y) | y = f1(x) | y = f2(x) | y = f3(x) | y = f4(x).  [clausify(5)].
-car(x) | -car(y) | cen(y) != cen(x) | -mem(x,z) | mem(y,z).  [clausify(6)].
-car(x) | -car(y) | cen(y) != cen(x) | mem(x,z) | -mem(y,z).  [clausify(6)].
-car(x) | -car(y) | cen(y) = cen(x) | -mem(x,z) | -mem(y,z) | -mem(x,u) | -mem(y,u) | -mem(x,w) | -mem(y,w) | u = z | w = z | w = u.  [clausify(7)].
-car(x) | -car(y) | -blocked(y,cen(x)) | mem(x,y).  [clausify(8)].
-car(x) | blocked(x,cen(x)).  [clausify(9)].
-car(x) | -car(y) | -car(z) | -car(u) | -car(w) | cen(y) != cen(x) | cen(z) != cen(x) | cen(u) != cen(x) | cen(w) != cen(x) | y = x | z = x | u = x | w = x | z = y | u = y | w = y | u = z | w = z | w = u.  [clausify(10)].
car(pa).  [assumption].
car(pb).  [assumption].
car(ra).  [assumption].
car(rb).  [assumption].
car(qa).  [assumption].
car(qb).  [assumption].
car(ca).  [assumption].
car(cb).  [assumption].
car(oa).  [assumption].
pa != pb.  [assumption].
ra != rb.  [assumption].
pa != ra.  [assumption].
pa != rb.  [assumption].
pb != ra.  [assumption].
pb != rb.  [assumption].
qa != qb.  [assumption].
ca != cb.  [assumption].
qa != pa.  [assumption].
qa != pb.  [assumption].
qa != ra.  [assumption].
qa != rb.  [assumption].
qb != pa.  [assumption].
qb != pb.  [assumption].
qb != ra.  [assumption].
qb != rb.  [assumption].
ca != pa.  [assumption].
ca != pb.  [assumption].
ca != ra.  [assumption].
ca != rb.  [assumption].
cb != pa.  [assumption].
cb != pb.  [assumption].
cb != ra.  [assumption].
cb != rb.  [assumption].
ca != oa.  [assumption].
cb != oa.  [assumption].
pa != oa.  [assumption].
pb != oa.  [assumption].
ra != oa.  [assumption].
rb != oa.  [assumption].
mem(qa,qb).  [assumption].
mem(qb,qa).  [assumption].
cen(qa) != cen(pa).  [assumption].
cen(qa) != cen(ra).  [assumption].
cen(qa) = cen(qb).  [assumption].
cen(ca) = cen(qa).  [assumption].
cen(cb) = cen(qa).  [assumption].
cen(ca) != oa.  [assumption].
cen(cb) != oa.  [assumption].
-mem(ca,pa) | -mem(ca,pb).  [assumption].
-mem(ca,ra) | -mem(ca,rb).  [assumption].
-mem(cb,pa) | -mem(cb,pb).  [assumption].
-mem(cb,ra) | -mem(cb,rb).  [assumption].
co = pa | co = pb | co = ra | co = rb.  [assumption].
-mem(ca,co).  [assumption].
-mem(cb,co).  [assumption].
pa != x | mem(ca,x) | -blocked(x,cen(ca)).  [clausify(11)].
pa != x | -mem(ca,x) | blocked(x,cen(ca)).  [clausify(11)].
pb != x | mem(ca,x) | -blocked(x,cen(ca)).  [clausify(11)].
pb != x | -mem(ca,x) | blocked(x,cen(ca)).  [clausify(11)].
ra != x | mem(ca,x) | -blocked(x,cen(ca)).  [clausify(11)].
ra != x | -mem(ca,x) | blocked(x,cen(ca)).  [clausify(11)].
rb != x | mem(ca,x) | -blocked(x,cen(ca)).  [clausify(11)].
rb != x | -mem(ca,x) | blocked(x,cen(ca)).  [clausify(11)].
pa != x | mem(cb,x) | -blocked(x,cen(cb)).  [clausify(12)].
pa != x | -mem(cb,x) | blocked(x,cen(cb)).  [clausify(12)].
pb != x | mem(cb,x) | -blocked(x,cen(cb)).  [clausify(12)].
pb != x | -mem(cb,x) | blocked(x,cen(cb)).  [clausify(12)].
ra != x | mem(cb,x) | -blocked(x,cen(cb)).  [clausify(12)].
ra != x | -mem(cb,x) | blocked(x,cen(cb)).  [clausify(12)].
rb != x | mem(cb,x) | -blocked(x,cen(cb)).  [clausify(12)].
rb != x | -mem(cb,x) | blocked(x,cen(cb)).  [clausify(12)].
-blocked(pa,oa).  [assumption].
-blocked(ra,oa).  [assumption].
cen(pa) = cen(pb).  [assumption].
cen(ra) = cen(rb).  [assumption].
cen(ra) != cen(pa).  [assumption].
car(g0).  [assumption].
car(g1).  [assumption].
car(g2).  [assumption].
car(g3).  [assumption].
car(g4).  [assumption].
car(g5).  [assumption].
car(g6).  [assumption].
car(g7).  [assumption].
car(g8).  [assumption].
car(g9).  [assumption].
car(g10).  [assumption].
car(g11).  [assumption].
car(g12).  [assumption].
car(g13).  [assumption].
car(g14).  [assumption].
g0 != g1.  [assumption].
g0 != g2.  [assumption].
g0 != g3.  [assumption].
g0 != g4.  [assumption].
g0 != g5.  [assumption].
g0 != g6.  [assumption].
g0 != g7.  [assumption].
g0 != g8.  [assumption].
g0 != g9.  [assumption].
g1 != g2.  [assumption].
g1 != g3.  [assumption].
g1 != g4.  [assumption].
g1 != g5.  [assumption].
g1 != g6.  [assumption].
g1 != g7.  [assumption].
g1 != g8.  [assumption].
g1 != g9.  [assumption].
g2 != g3.  [assumption].
g2 != g4.  [assumption].
g2 != g5.  [assumption].
g2 != g6.  [assumption].
g2 != g7.  [assumption].
g2 != g8.  [assumption].
g2 != g9.  [assumption].
g3 != g4.  [assumption].
g3 != g5.  [assumption].
g3 != g6.  [assumption].
g3 != g7.  [assumption].
g3 != g8.  [assumption].
g3 != g9.  [assumption].
g4 != g5.  [assumption].
g4 != g6.  [assumption].
g4 != g7.  [assumption].
g4 != g8.  [assumption].
g4 != g9.  [assumption].
g5 != g6.  [assumption].
g5 != g7.  [assumption].
g5 != g8.  [assumption].
g5 != g9.  [assumption].
g6 != g7.  [assumption].
g6 != g8.  [assumption].
g6 != g9.  [assumption].
g7 != g8.  [assumption].
g7 != g9.  [assumption].
g8 != g9.  [assumption].
g0 != g10.  [assumption].
g0 != g11.  [assumption].
g0 != g12.  [assumption].
g0 != g13.  [assumption].
g0 != g14.  [assumption].
g1 != g10.  [assumption].
g1 != g11.  [assumption].
g1 != g12.  [assumption].
g1 != g13.  [assumption].
g1 != g14.  [assumption].
g2 != g10.  [assumption].
g2 != g11.  [assumption].
g2 != g12.  [assumption].
g2 != g13.  [assumption].
g2 != g14.  [assumption].
g3 != g10.  [assumption].
g3 != g11.  [assumption].
g3 != g12.  [assumption].
g3 != g13.  [assumption].
g3 != g14.  [assumption].
g4 != g10.  [assumption].
g4 != g11.  [assumption].
g4 != g12.  [assumption].
g4 != g13.  [assumption].
g4 != g14.  [assumption].
g5 != g10.  [assumption].
g5 != g11.  [assumption].
g5 != g12.  [assumption].
g5 != g13.  [assumption].
g5 != g14.  [assumption].
g6 != g10.  [assumption].
g6 != g11.  [assumption].
g6 != g12.  [assumption].
g6 != g13.  [assumption].
g6 != g14.  [assumption].
g7 != g10.  [assumption].
g7 != g11.  [assumption].
g7 != g12.  [assumption].
g7 != g13.  [assumption].
g7 != g14.  [assumption].
g8 != g10.  [assumption].
g8 != g11.  [assumption].
g8 != g12.  [assumption].
g8 != g13.  [assumption].
g8 != g14.  [assumption].
g9 != g10.  [assumption].
g9 != g11.  [assumption].
g9 != g12.  [assumption].
g9 != g13.  [assumption].
g9 != g14.  [assumption].
g10 != g11.  [assumption].
g10 != g12.  [assumption].
g10 != g13.  [assumption].
g10 != g14.  [assumption].
g11 != g12.  [assumption].
g11 != g13.  [assumption].
g11 != g14.  [assumption].
g12 != g13.  [assumption].
g12 != g14.  [assumption].
g13 != g14.  [assumption].
car(c1).  [deny(13)].
cen(qa) != cen(c1).  [deny(13)].
mem(c1,c2).  [deny(13)].
mem(qa,c2).  [deny(13)].
mem(c1,c3).  [deny(13)].
mem(qa,c3).  [deny(13)].
mem(c1,c4).  [deny(13)].
mem(qa,c4).  [deny(13)].
c3 != c2.  [deny(13)].
c4 != c2.  [deny(13)].
c4 != c3.  [deny(13)].
end_of_list.

formulas(demodulators).
end_of_list.

============================== PREDICATE ELIMINATION =================

No predicates eliminated.

============================== end predicate elimination =============

Auto_denials:  (non-Horn, no changes).

Term ordering decisions:
Predicate symbol precedence:  predicate_order([ =, car, mem, blocked ]).
Function symbol precedence:  function_order([ ca, cb, qa, pa, pb, ra, rb, co, qb, g0, g1, g10, g11, g12, g13, g14, g2, g3, g4, g5, g6, g7, g8, g9, oa, c1, c2, c3, c4, cen, f1, f2, f3, f4 ]).
After inverse_order:  (no changes).
Unfolding symbols: (none).

Auto_inference settings:
  % set(paramodulation).  % (positive equality literals)
  % set(binary_resolution).  % (non-Horn)

Auto_process settings:
  % set(factor).  % (non-Horn)
  % set(unit_deletion).  % (non-Horn)

kept:      14 -car(x) | car(cen(x)).  [clausify(1)].
kept:      15 -car(x) | cen(x) != x.  [clausify(2)].
kept:      16 -mem(x,y) | car(x).  [clausify(3)].
kept:      17 -mem(x,y) | car(y).  [clausify(3)].
kept:      18 -car(x) | mem(x,x).  [clausify(4)].
kept:      19 -car(x) | mem(x,f1(x)).  [clausify(5)].
kept:      20 -car(x) | mem(x,f2(x)).  [clausify(5)].
kept:      21 -car(x) | mem(x,f3(x)).  [clausify(5)].
kept:      22 -car(x) | mem(x,f4(x)).  [clausify(5)].
kept:      23 -car(x) | f2(x) != f1(x).  [clausify(5)].
kept:      24 -car(x) | f3(x) != f1(x).  [clausify(5)].
kept:      25 -car(x) | f4(x) != f1(x).  [clausify(5)].
kept:      26 -car(x) | f3(x) != f2(x).  [clausify(5)].
kept:      27 -car(x) | f4(x) != f2(x).  [clausify(5)].
kept:      28 -car(x) | f4(x) != f3(x).  [clausify(5)].
           29 -car(x) | -mem(x,y) | y = f1(x) | y = f2(x) | y = f3(x) | y = f4(x).  [clausify(5)].
kept:      30 -car(x) | -mem(x,y) | f1(x) = y | f2(x) = y | f3(x) = y | f4(x) = y.  [copy(29),flip(c),flip(d),flip(e),flip(f)].
kept:      31 -car(x) | -car(y) | cen(y) != cen(x) | -mem(x,z) | mem(y,z).  [clausify(6)].
kept:      32 -car(x) | -car(y) | cen(y) != cen(x) | mem(x,z) | -mem(y,z).  [clausify(6)].
kept:      33 -car(x) | -car(y) | cen(y) = cen(x) | -mem(x,z) | -mem(y,z) | -mem(x,u) | -mem(y,u) | -mem(x,w) | -mem(y,w) | u = z | w = z | w = u.  [clausify(7)].
kept:      34 -car(x) | -car(y) | -blocked(y,cen(x)) | mem(x,y).  [clausify(8)].
kept:      35 -car(x) | blocked(x,cen(x)).  [clausify(9)].
kept:      36 -car(x) | -car(y) | -car(z) | -car(u) | -car(w) | cen(y) != cen(x) | cen(z) != cen(x) | cen(u) != cen(x) | cen(w) != cen(x) | y = x | z = x | u = x | w = x | z = y | u = y | w = y | u = z | w = z | w = u.  [clausify(10)].
kept:      37 car(pa).  [assumption].
kept:      38 car(pb).  [assumption].
kept:      39 car(ra).  [assumption].
kept:      40 car(rb).  [assumption].
kept:      41 car(qa).  [assumption].
kept:      42 car(qb).  [assumption].
kept:      43 car(ca).  [assumption].
kept:      44 car(cb).  [assumption].
kept:      45 car(oa).  [assumption].
           46 pa != pb.  [assumption].
kept:      47 pb != pa.  [copy(46),flip(a)].
           48 ra != rb.  [assumption].
kept:      49 rb != ra.  [copy(48),flip(a)].
           50 pa != ra.  [assumption].
kept:      51 ra != pa.  [copy(50),flip(a)].
           52 pa != rb.  [assumption].
kept:      53 rb != pa.  [copy(52),flip(a)].
           54 pb != ra.  [assumption].
kept:      55 ra != pb.  [copy(54),flip(a)].
           56 pb != rb.  [assumption].
kept:      57 rb != pb.  [copy(56),flip(a)].
           58 qa != qb.  [assumption].
kept:      59 qb != qa.  [copy(58),flip(a)].
           60 ca != cb.  [assumption].
kept:      61 cb != ca.  [copy(60),flip(a)].
           62 qa != pa.  [assumption].
kept:      63 pa != qa.  [copy(62),flip(a)].
           64 qa != pb.  [assumption].
kept:      65 pb != qa.  [copy(64),flip(a)].
           66 qa != ra.  [assumption].
kept:      67 ra != qa.  [copy(66),flip(a)].
           68 qa != rb.  [assumption].
kept:      69 rb != qa.  [copy(68),flip(a)].
kept:      70 qb != pa.  [assumption].
kept:      71 qb != pb.  [assumption].
kept:      72 qb != ra.  [assumption].
kept:      73 qb != rb.  [assumption].
           74 ca != pa.  [assumption].
kept:      75 pa != ca.  [copy(74),flip(a)].
           76 ca != pb.  [assumption].
kept:      77 pb != ca.  [copy(76),flip(a)].
           78 ca != ra.  [assumption].
kept:      79 ra != ca.  [copy(78),flip(a)].
           80 ca != rb.  [assumption].
kept:      81 rb != ca.  [copy(80),flip(a)].
           82 cb != pa.  [assumption].
kept:      83 pa != cb.  [copy(82),flip(a)].
           84 cb != pb.  [assumption].
kept:      85 pb != cb.  [copy(84),flip(a)].
           86 cb != ra.  [assumption].
kept:      87 ra != cb.  [copy(86),flip(a)].
           88 cb != rb.  [assumption].
kept:      89 rb != cb.  [copy(88),flip(a)].
           90 ca != oa.  [assumption].
kept:      91 oa != ca.  [copy(90),flip(a)].
           92 cb != oa.  [assumption].
kept:      93 oa != cb.  [copy(92),flip(a)].
           94 pa != oa.  [assumption].
kept:      95 oa != pa.  [copy(94),flip(a)].
           96 pb != oa.  [assumption].
kept:      97 oa != pb.  [copy(96),flip(a)].
           98 ra != oa.  [assumption].
kept:      99 oa != ra.  [copy(98),flip(a)].
           100 rb != oa.  [assumption].
kept:      101 oa != rb.  [copy(100),flip(a)].
kept:      102 mem(qa,qb).  [assumption].
kept:      103 mem(qb,qa).  [assumption].
           104 cen(qa) != cen(pa).  [assumption].
kept:      105 cen(pa) != cen(qa).  [copy(104),flip(a)].
           106 cen(qa) != cen(ra).  [assumption].
kept:      107 cen(ra) != cen(qa).  [copy(106),flip(a)].
           108 cen(qa) = cen(qb).  [assumption].
kept:      109 cen(qb) = cen(qa).  [copy(108),flip(a)].
           110 cen(ca) = cen(qa).  [assumption].
kept:      111 cen(qa) = cen(ca).  [copy(110),flip(a)].
           112 cen(cb) = cen(qa).  [assumption].
kept:      113 cen(cb) = cen(ca).  [copy(112),rewrite([111(4)])].
kept:      114 cen(ca) != oa.  [assumption].
           115 cen(cb) != oa.  [assumption].
kept:      116 -mem(ca,pa) | -mem(ca,pb).  [assumption].
kept:      117 -mem(ca,ra) | -mem(ca,rb).  [assumption].
kept:      118 -mem(cb,pa) | -mem(cb,pb).  [assumption].
kept:      119 -mem(cb,ra) | -mem(cb,rb).  [assumption].
kept:      120 co = pa | co = pb | co = ra | co = rb.  [assumption].
kept:      121 -mem(ca,co).  [assumption].
kept:      122 -mem(cb,co).  [assumption].
kept:      123 pa != x | mem(ca,x) | -blocked(x,cen(ca)).  [clausify(11)].
kept:      124 pa != x | -mem(ca,x) | blocked(x,cen(ca)).  [clausify(11)].
kept:      125 pb != x | mem(ca,x) | -blocked(x,cen(ca)).  [clausify(11)].
kept:      126 pb != x | -mem(ca,x) | blocked(x,cen(ca)).  [clausify(11)].
kept:      127 ra != x | mem(ca,x) | -blocked(x,cen(ca)).  [clausify(11)].
kept:      128 ra != x | -mem(ca,x) | blocked(x,cen(ca)).  [clausify(11)].
kept:      129 rb != x | mem(ca,x) | -blocked(x,cen(ca)).  [clausify(11)].
kept:      130 rb != x | -mem(ca,x) | blocked(x,cen(ca)).  [clausify(11)].
           131 pa != x | mem(cb,x) | -blocked(x,cen(cb)).  [clausify(12)].
kept:      132 pa != x | mem(cb,x) | -blocked(x,cen(ca)).  [copy(131),rewrite([113(6)])].
           133 pa != x | -mem(cb,x) | blocked(x,cen(cb)).  [clausify(12)].
kept:      134 pa != x | -mem(cb,x) | blocked(x,cen(ca)).  [copy(133),rewrite([113(6)])].
           135 pb != x | mem(cb,x) | -blocked(x,cen(cb)).  [clausify(12)].
kept:      136 pb != x | mem(cb,x) | -blocked(x,cen(ca)).  [copy(135),rewrite([113(6)])].
           137 pb != x | -mem(cb,x) | blocked(x,cen(cb)).  [clausify(12)].
kept:      138 pb != x | -mem(cb,x) | blocked(x,cen(ca)).  [copy(137),rewrite([113(6)])].
           139 ra != x | mem(cb,x) | -blocked(x,cen(cb)).  [clausify(12)].
kept:      140 ra != x | mem(cb,x) | -blocked(x,cen(ca)).  [copy(139),rewrite([113(6)])].
           141 ra != x | -mem(cb,x) | blocked(x,cen(cb)).  [clausify(12)].
kept:      142 ra != x | -mem(cb,x) | blocked(x,cen(ca)).  [copy(141),rewrite([113(6)])].
           143 rb != x | mem(cb,x) | -blocked(x,cen(cb)).  [clausify(12)].
kept:      144 rb != x | mem(cb,x) | -blocked(x,cen(ca)).  [copy(143),rewrite([113(6)])].
           145 rb != x | -mem(cb,x) | blocked(x,cen(cb)).  [clausify(12)].
kept:      146 rb != x | -mem(cb,x) | blocked(x,cen(ca)).  [copy(145),rewrite([113(6)])].
kept:      147 -blocked(pa,oa).  [assumption].
kept:      148 -blocked(ra,oa).  [assumption].
           149 cen(pa) = cen(pb).  [assumption].
kept:      150 cen(pb) = cen(pa).  [copy(149),flip(a)].
           151 cen(ra) = cen(rb).  [assumption].
kept:      152 cen(rb) = cen(ra).  [copy(151),flip(a)].
kept:      153 cen(ra) != cen(pa).  [assumption].
kept:      154 car(g0).  [assumption].
kept:      155 car(g1).  [assumption].
kept:      156 car(g2).  [assumption].
kept:      157 car(g3).  [assumption].
kept:      158 car(g4).  [assumption].
kept:      159 car(g5).  [assumption].
kept:      160 car(g6).  [assumption].
kept:      161 car(g7).  [assumption].
kept:      162 car(g8).  [assumption].
kept:      163 car(g9).  [assumption].
kept:      164 car(g10).  [assumption].
kept:      165 car(g11).  [assumption].
kept:      166 car(g12).  [assumption].
kept:      167 car(g13).  [assumption].
kept:      168 car(g14).  [assumption].
           169 g0 != g1.  [assumption].
kept:      170 g1 != g0.  [copy(169),flip(a)].
           171 g0 != g2.  [assumption].
kept:      172 g2 != g0.  [copy(171),flip(a)].
           173 g0 != g3.  [assumption].
kept:      174 g3 != g0.  [copy(173),flip(a)].
           175 g0 != g4.  [assumption].
kept:      176 g4 != g0.  [copy(175),flip(a)].
           177 g0 != g5.  [assumption].
kept:      178 g5 != g0.  [copy(177),flip(a)].
           179 g0 != g6.  [assumption].
kept:      180 g6 != g0.  [copy(179),flip(a)].
           181 g0 != g7.  [assumption].
kept:      182 g7 != g0.  [copy(181),flip(a)].
           183 g0 != g8.  [assumption].
kept:      184 g8 != g0.  [copy(183),flip(a)].
           185 g0 != g9.  [assumption].
kept:      186 g9 != g0.  [copy(185),flip(a)].
           187 g1 != g2.  [assumption].
kept:      188 g2 != g1.  [copy(187),flip(a)].
           189 g1 != g3.  [assumption].
kept:      190 g3 != g1.  [copy(189),flip(a)].
           191 g1 != g4.  [assumption].
kept:      192 g4 != g1.  [copy(191),flip(a)].
           193 g1 != g5.  [assumption].
kept:      194 g5 != g1.  [copy(193),flip(a)].
           195 g1 != g6.  [assumption].
kept:      196 g6 != g1.  [copy(195),flip(a)].
           197 g1 != g7.  [assumption].
kept:      198 g7 != g1.  [copy(197),flip(a)].
           199 g1 != g8.  [assumption].
kept:      200 g8 != g1.  [copy(199),flip(a)].
           201 g1 != g9.  [assumption].
kept:      202 g9 != g1.  [copy(201),flip(a)].
           203 g2 != g3.  [assumption].
kept:      204 g3 != g2.  [copy(203),flip(a)].
           205 g2 != g4.  [assumption].
kept:      206 g4 != g2.  [copy(205),flip(a)].
           207 g2 != g5.  [assumption].
kept:      208 g5 != g2.  [copy(207),flip(a)].
           209 g2 != g6.  [assumption].
kept:      210 g6 != g2.  [copy(209),flip(a)].
           211 g2 != g7.  [assumption].
kept:      212 g7 != g2.  [copy(211),flip(a)].
           213 g2 != g8.  [assumption].
kept:      214 g8 != g2.  [copy(213),flip(a)].
           215 g2 != g9.  [assumption].
kept:      216 g9 != g2.  [copy(215),flip(a)].
           217 g3 != g4.  [assumption].
kept:      218 g4 != g3.  [copy(217),flip(a)].
           219 g3 != g5.  [assumption].
kept:      220 g5 != g3.  [copy(219),flip(a)].
           221 g3 != g6.  [assumption].
kept:      222 g6 != g3.  [copy(221),flip(a)].
           223 g3 != g7.  [assumption].
kept:      224 g7 != g3.  [copy(223),flip(a)].
           225 g3 != g8.  [assumption].
kept:      226 g8 != g3.  [copy(225),flip(a)].
           227 g3 != g9.  [assumption].
kept:      228 g9 != g3.  [copy(227),flip(a)].
           229 g4 != g5.  [assumption].
kept:      230 g5 != g4.  [copy(229),flip(a)].
           231 g4 != g6.  [assumption].
kept:      232 g6 != g4.  [copy(231),flip(a)].
           233 g4 != g7.  [assumption].
kept:      234 g7 != g4.  [copy(233),flip(a)].
           235 g4 != g8.  [assumption].
kept:      236 g8 != g4.  [copy(235),flip(a)].
           237 g4 != g9.  [assumption].
kept:      238 g9 != g4.  [copy(237),flip(a)].
           239 g5 != g6.  [assumption].
kept:      240 g6 != g5.  [copy(239),flip(a)].
           241 g5 != g7.  [assumption].
kept:      242 g7 != g5.  [copy(241),flip(a)].
           243 g5 != g8.  [assumption].
kept:      244 g8 != g5.  [copy(243),flip(a)].
           245 g5 != g9.  [assumption].
kept:      246 g9 != g5.  [copy(245),flip(a)].
           247 g6 != g7.  [assumption].
kept:      248 g7 != g6.  [copy(247),flip(a)].
           249 g6 != g8.  [assumption].
kept:      250 g8 != g6.  [copy(249),flip(a)].
           251 g6 != g9.  [assumption].
kept:      252 g9 != g6.  [copy(251),flip(a)].
           253 g7 != g8.  [assumption].
kept:      254 g8 != g7.  [copy(253),flip(a)].
           255 g7 != g9.  [assumption].
kept:      256 g9 != g7.  [copy(255),flip(a)].
           257 g8 != g9.  [assumption].
kept:      258 g9 != g8.  [copy(257),flip(a)].
           259 g0 != g10.  [assumption].
kept:      260 g10 != g0.  [copy(259),flip(a)].
           261 g0 != g11.  [assumption].
kept:      262 g11 != g0.  [copy(261),flip(a)].
           263 g0 != g12.  [assumption].
kept:      264 g12 != g0.  [copy(263),flip(a)].
           265 g0 != g13.  [assumption].
kept:      266 g13 != g0.  [copy(265),flip(a)].
           267 g0 != g14.  [assumption].
kept:      268 g14 != g0.  [copy(267),flip(a)].
           269 g1 != g10.  [assumption].
kept:      270 g10 != g1.  [copy(269),flip(a)].
           271 g1 != g11.  [assumption].
kept:      272 g11 != g1.  [copy(271),flip(a)].
           273 g1 != g12.  [assumption].
kept:      274 g12 != g1.  [copy(273),flip(a)].
           275 g1 != g13.  [assumption].
kept:      276 g13 != g1.  [copy(275),flip(a)].
           277 g1 != g14.  [assumption].
kept:      278 g14 != g1.  [copy(277),flip(a)].
kept:      279 g2 != g10.  [assumption].
kept:      280 g2 != g11.  [assumption].
kept:      281 g2 != g12.  [assumption].
kept:      282 g2 != g13.  [assumption].
kept:      283 g2 != g14.  [assumption].
kept:      284 g3 != g10.  [assumption].
kept:      285 g3 != g11.  [assumption].
kept:      286 g3 != g12.  [assumption].
kept:      287 g3 != g13.  [assumption].
kept:      288 g3 != g14.  [assumption].
kept:      289 g4 != g10.  [assumption].
kept:      290 g4 != g11.  [assumption].
kept:      291 g4 != g12.  [assumption].
kept:      292 g4 != g13.  [assumption].
kept:      293 g4 != g14.  [assumption].
kept:      294 g5 != g10.  [assumption].
kept:      295 g5 != g11.  [assumption].
kept:      296 g5 != g12.  [assumption].
kept:      297 g5 != g13.  [assumption].
kept:      298 g5 != g14.  [assumption].
kept:      299 g6 != g10.  [assumption].
kept:      300 g6 != g11.  [assumption].
kept:      301 g6 != g12.  [assumption].
kept:      302 g6 != g13.  [assumption].
kept:      303 g6 != g14.  [assumption].
kept:      304 g7 != g10.  [assumption].
kept:      305 g7 != g11.  [assumption].
kept:      306 g7 != g12.  [assumption].
kept:      307 g7 != g13.  [assumption].
kept:      308 g7 != g14.  [assumption].
kept:      309 g8 != g10.  [assumption].
kept:      310 g8 != g11.  [assumption].
kept:      311 g8 != g12.  [assumption].
kept:      312 g8 != g13.  [assumption].
kept:      313 g8 != g14.  [assumption].
kept:      314 g9 != g10.  [assumption].
kept:      315 g9 != g11.  [assumption].
kept:      316 g9 != g12.  [assumption].
kept:      317 g9 != g13.  [assumption].
kept:      318 g9 != g14.  [assumption].
           319 g10 != g11.  [assumption].
kept:      320 g11 != g10.  [copy(319),flip(a)].
           321 g10 != g12.  [assumption].
kept:      322 g12 != g10.  [copy(321),flip(a)].
           323 g10 != g13.  [assumption].
kept:      324 g13 != g10.  [copy(323),flip(a)].
           325 g10 != g14.  [assumption].
kept:      326 g14 != g10.  [copy(325),flip(a)].
           327 g11 != g12.  [assumption].
kept:      328 g12 != g11.  [copy(327),flip(a)].
           329 g11 != g13.  [assumption].
kept:      330 g13 != g11.  [copy(329),flip(a)].
           331 g11 != g14.  [assumption].
kept:      332 g14 != g11.  [copy(331),flip(a)].
           333 g12 != g13.  [assumption].
kept:      334 g13 != g12.  [copy(333),flip(a)].
           335 g12 != g14.  [assumption].
kept:      336 g14 != g12.  [copy(335),flip(a)].
           337 g13 != g14.  [assumption].
kept:      338 g14 != g13.  [copy(337),flip(a)].
kept:      339 car(c1).  [deny(13)].
           340 cen(qa) != cen(c1).  [deny(13)].
kept:      341 cen(c1) != cen(ca).  [copy(340),rewrite([111(2)]),flip(a)].
kept:      342 mem(c1,c2).  [deny(13)].
kept:      343 mem(qa,c2).  [deny(13)].
kept:      344 mem(c1,c3).  [deny(13)].
kept:      345 mem(qa,c3).  [deny(13)].
kept:      346 mem(c1,c4).  [deny(13)].
kept:      347 mem(qa,c4).  [deny(13)].
kept:      348 c3 != c2.  [deny(13)].
kept:      349 c4 != c2.  [deny(13)].
kept:      350 c4 != c3.  [deny(13)].
kept:      351 -car(x) | -car(y) | cen(y) = cen(x) | -mem(x,cen(x)) | -mem(y,cen(x)) | -mem(x,cen(y)) | -mem(y,cen(y)) | -mem(x,z) | -mem(y,z) | cen(x) = z | cen(y) = z.  [factor(33,c,j),flip(j),flip(k)].
kept:      352 cen(qb) = cen(ca).  [back_rewrite(109),rewrite([111(4)])].
kept:      353 cen(ra) != cen(ca).  [back_rewrite(107),rewrite([111(4)])].
kept:      354 cen(pa) != cen(ca).  [back_rewrite(105),rewrite([111(4)])].

============================== end of process initial clauses ========

============================== CLAUSES FOR SEARCH ====================

% Clauses after input processing:

formulas(usable).
end_of_list.

formulas(sos).
14 -car(x) | car(cen(x)).  [clausify(1)].
15 -car(x) | cen(x) != x.  [clausify(2)].
16 -mem(x,y) | car(x).  [clausify(3)].
17 -mem(x,y) | car(y).  [clausify(3)].
18 -car(x) | mem(x,x).  [clausify(4)].
19 -car(x) | mem(x,f1(x)).  [clausify(5)].
20 -car(x) | mem(x,f2(x)).  [clausify(5)].
21 -car(x) | mem(x,f3(x)).  [clausify(5)].
22 -car(x) | mem(x,f4(x)).  [clausify(5)].
23 -car(x) | f2(x) != f1(x).  [clausify(5)].
24 -car(x) | f3(x) != f1(x).  [clausify(5)].
25 -car(x) | f4(x) != f1(x).  [clausify(5)].
26 -car(x) | f3(x) != f2(x).  [clausify(5)].
27 -car(x) | f4(x) != f2(x).  [clausify(5)].
28 -car(x) | f4(x) != f3(x).  [clausify(5)].
30 -car(x) | -mem(x,y) | f1(x) = y | f2(x) = y | f3(x) = y | f4(x) = y.  [copy(29),flip(c),flip(d),flip(e),flip(f)].
31 -car(x) | -car(y) | cen(y) != cen(x) | -mem(x,z) | mem(y,z).  [clausify(6)].
32 -car(x) | -car(y) | cen(y) != cen(x) | mem(x,z) | -mem(y,z).  [clausify(6)].
33 -car(x) | -car(y) | cen(y) = cen(x) | -mem(x,z) | -mem(y,z) | -mem(x,u) | -mem(y,u) | -mem(x,w) | -mem(y,w) | u = z | w = z | w = u.  [clausify(7)].
34 -car(x) | -car(y) | -blocked(y,cen(x)) | mem(x,y).  [clausify(8)].
35 -car(x) | blocked(x,cen(x)).  [clausify(9)].
36 -car(x) | -car(y) | -car(z) | -car(u) | -car(w) | cen(y) != cen(x) | cen(z) != cen(x) | cen(u) != cen(x) | cen(w) != cen(x) | y = x | z = x | u = x | w = x | z = y | u = y | w = y | u = z | w = z | w = u.  [clausify(10)].
37 car(pa).  [assumption].
38 car(pb).  [assumption].
39 car(ra).  [assumption].
40 car(rb).  [assumption].
41 car(qa).  [assumption].
42 car(qb).  [assumption].
43 car(ca).  [assumption].
44 car(cb).  [assumption].
45 car(oa).  [assumption].
47 pb != pa.  [copy(46),flip(a)].
49 rb != ra.  [copy(48),flip(a)].
51 ra != pa.  [copy(50),flip(a)].
53 rb != pa.  [copy(52),flip(a)].
55 ra != pb.  [copy(54),flip(a)].
57 rb != pb.  [copy(56),flip(a)].
59 qb != qa.  [copy(58),flip(a)].
61 cb != ca.  [copy(60),flip(a)].
63 pa != qa.  [copy(62),flip(a)].
65 pb != qa.  [copy(64),flip(a)].
67 ra != qa.  [copy(66),flip(a)].
69 rb != qa.  [copy(68),flip(a)].
70 qb != pa.  [assumption].
71 qb != pb.  [assumption].
72 qb != ra.  [assumption].
73 qb != rb.  [assumption].
75 pa != ca.  [copy(74),flip(a)].
77 pb != ca.  [copy(76),flip(a)].
79 ra != ca.  [copy(78),flip(a)].
81 rb != ca.  [copy(80),flip(a)].
83 pa != cb.  [copy(82),flip(a)].
85 pb != cb.  [copy(84),flip(a)].
87 ra != cb.  [copy(86),flip(a)].
89 rb != cb.  [copy(88),flip(a)].
91 oa != ca.  [copy(90),flip(a)].
93 oa != cb.  [copy(92),flip(a)].
95 oa != pa.  [copy(94),flip(a)].
97 oa != pb.  [copy(96),flip(a)].
99 oa != ra.  [copy(98),flip(a)].
101 oa != rb.  [copy(100),flip(a)].
102 mem(qa,qb).  [assumption].
103 mem(qb,qa).  [assumption].
111 cen(qa) = cen(ca).  [copy(110),flip(a)].
113 cen(cb) = cen(ca).  [copy(112),rewrite([111(4)])].
114 cen(ca) != oa.  [assumption].
116 -mem(ca,pa) | -mem(ca,pb).  [assumption].
117 -mem(ca,ra) | -mem(ca,rb).  [assumption].
118 -mem(cb,pa) | -mem(cb,pb).  [assumption].
119 -mem(cb,ra) | -mem(cb,rb).  [assumption].
120 co = pa | co = pb | co = ra | co = rb.  [assumption].
121 -mem(ca,co).  [assumption].
122 -mem(cb,co).  [assumption].
123 pa != x | mem(ca,x) | -blocked(x,cen(ca)).  [clausify(11)].
124 pa != x | -mem(ca,x) | blocked(x,cen(ca)).  [clausify(11)].
125 pb != x | mem(ca,x) | -blocked(x,cen(ca)).  [clausify(11)].
126 pb != x | -mem(ca,x) | blocked(x,cen(ca)).  [clausify(11)].
127 ra != x | mem(ca,x) | -blocked(x,cen(ca)).  [clausify(11)].
128 ra != x | -mem(ca,x) | blocked(x,cen(ca)).  [clausify(11)].
129 rb != x | mem(ca,x) | -blocked(x,cen(ca)).  [clausify(11)].
130 rb != x | -mem(ca,x) | blocked(x,cen(ca)).  [clausify(11)].
132 pa != x | mem(cb,x) | -blocked(x,cen(ca)).  [copy(131),rewrite([113(6)])].
134 pa != x | -mem(cb,x) | blocked(x,cen(ca)).  [copy(133),rewrite([113(6)])].
136 pb != x | mem(cb,x) | -blocked(x,cen(ca)).  [copy(135),rewrite([113(6)])].
138 pb != x | -mem(cb,x) | blocked(x,cen(ca)).  [copy(137),rewrite([113(6)])].
140 ra != x | mem(cb,x) | -blocked(x,cen(ca)).  [copy(139),rewrite([113(6)])].
142 ra != x | -mem(cb,x) | blocked(x,cen(ca)).  [copy(141),rewrite([113(6)])].
144 rb != x | mem(cb,x) | -blocked(x,cen(ca)).  [copy(143),rewrite([113(6)])].
146 rb != x | -mem(cb,x) | blocked(x,cen(ca)).  [copy(145),rewrite([113(6)])].
147 -blocked(pa,oa).  [assumption].
148 -blocked(ra,oa).  [assumption].
150 cen(pb) = cen(pa).  [copy(149),flip(a)].
152 cen(rb) = cen(ra).  [copy(151),flip(a)].
153 cen(ra) != cen(pa).  [assumption].
154 car(g0).  [assumption].
155 car(g1).  [assumption].
156 car(g2).  [assumption].
157 car(g3).  [assumption].
158 car(g4).  [assumption].
159 car(g5).  [assumption].
160 car(g6).  [assumption].
161 car(g7).  [assumption].
162 car(g8).  [assumption].
163 car(g9).  [assumption].
164 car(g10).  [assumption].
165 car(g11).  [assumption].
166 car(g12).  [assumption].
167 car(g13).  [assumption].
168 car(g14).  [assumption].
170 g1 != g0.  [copy(169),flip(a)].
172 g2 != g0.  [copy(171),flip(a)].
174 g3 != g0.  [copy(173),flip(a)].
176 g4 != g0.  [copy(175),flip(a)].
178 g5 != g0.  [copy(177),flip(a)].
180 g6 != g0.  [copy(179),flip(a)].
182 g7 != g0.  [copy(181),flip(a)].
184 g8 != g0.  [copy(183),flip(a)].
186 g9 != g0.  [copy(185),flip(a)].
188 g2 != g1.  [copy(187),flip(a)].
190 g3 != g1.  [copy(189),flip(a)].
192 g4 != g1.  [copy(191),flip(a)].
194 g5 != g1.  [copy(193),flip(a)].
196 g6 != g1.  [copy(195),flip(a)].
198 g7 != g1.  [copy(197),flip(a)].
200 g8 != g1.  [copy(199),flip(a)].
202 g9 != g1.  [copy(201),flip(a)].
204 g3 != g2.  [copy(203),flip(a)].
206 g4 != g2.  [copy(205),flip(a)].
208 g5 != g2.  [copy(207),flip(a)].
210 g6 != g2.  [copy(209),flip(a)].
212 g7 != g2.  [copy(211),flip(a)].
214 g8 != g2.  [copy(213),flip(a)].
216 g9 != g2.  [copy(215),flip(a)].
218 g4 != g3.  [copy(217),flip(a)].
220 g5 != g3.  [copy(219),flip(a)].
222 g6 != g3.  [copy(221),flip(a)].
224 g7 != g3.  [copy(223),flip(a)].
226 g8 != g3.  [copy(225),flip(a)].
228 g9 != g3.  [copy(227),flip(a)].
230 g5 != g4.  [copy(229),flip(a)].
232 g6 != g4.  [copy(231),flip(a)].
234 g7 != g4.  [copy(233),flip(a)].
236 g8 != g4.  [copy(235),flip(a)].
238 g9 != g4.  [copy(237),flip(a)].
240 g6 != g5.  [copy(239),flip(a)].
242 g7 != g5.  [copy(241),flip(a)].
244 g8 != g5.  [copy(243),flip(a)].
246 g9 != g5.  [copy(245),flip(a)].
248 g7 != g6.  [copy(247),flip(a)].
250 g8 != g6.  [copy(249),flip(a)].
252 g9 != g6.  [copy(251),flip(a)].
254 g8 != g7.  [copy(253),flip(a)].
256 g9 != g7.  [copy(255),flip(a)].
258 g9 != g8.  [copy(257),flip(a)].
260 g10 != g0.  [copy(259),flip(a)].
262 g11 != g0.  [copy(261),flip(a)].
264 g12 != g0.  [copy(263),flip(a)].
266 g13 != g0.  [copy(265),flip(a)].
268 g14 != g0.  [copy(267),flip(a)].
270 g10 != g1.  [copy(269),flip(a)].
272 g11 != g1.  [copy(271),flip(a)].
274 g12 != g1.  [copy(273),flip(a)].
276 g13 != g1.  [copy(275),flip(a)].
278 g14 != g1.  [copy(277),flip(a)].
279 g2 != g10.  [assumption].
280 g2 != g11.  [assumption].
281 g2 != g12.  [assumption].
282 g2 != g13.  [assumption].
283 g2 != g14.  [assumption].
284 g3 != g10.  [assumption].
285 g3 != g11.  [assumption].
286 g3 != g12.  [assumption].
287 g3 != g13.  [assumption].
288 g3 != g14.  [assumption].
289 g4 != g10.  [assumption].
290 g4 != g11.  [assumption].
291 g4 != g12.  [assumption].
292 g4 != g13.  [assumption].
293 g4 != g14.  [assumption].
294 g5 != g10.  [assumption].
295 g5 != g11.  [assumption].
296 g5 != g12.  [assumption].
297 g5 != g13.  [assumption].
298 g5 != g14.  [assumption].
299 g6 != g10.  [assumption].
300 g6 != g11.  [assumption].
301 g6 != g12.  [assumption].
302 g6 != g13.  [assumption].
303 g6 != g14.  [assumption].
304 g7 != g10.  [assumption].
305 g7 != g11.  [assumption].
306 g7 != g12.  [assumption].
307 g7 != g13.  [assumption].
308 g7 != g14.  [assumption].
309 g8 != g10.  [assumption].
310 g8 != g11.  [assumption].
311 g8 != g12.  [assumption].
312 g8 != g13.  [assumption].
313 g8 != g14.  [assumption].
314 g9 != g10.  [assumption].
315 g9 != g11.  [assumption].
316 g9 != g12.  [assumption].
317 g9 != g13.  [assumption].
318 g9 != g14.  [assumption].
320 g11 != g10.  [copy(319),flip(a)].
322 g12 != g10.  [copy(321),flip(a)].
324 g13 != g10.  [copy(323),flip(a)].
326 g14 != g10.  [copy(325),flip(a)].
328 g12 != g11.  [copy(327),flip(a)].
330 g13 != g11.  [copy(329),flip(a)].
332 g14 != g11.  [copy(331),flip(a)].
334 g13 != g12.  [copy(333),flip(a)].
336 g14 != g12.  [copy(335),flip(a)].
338 g14 != g13.  [copy(337),flip(a)].
339 car(c1).  [deny(13)].
341 cen(c1) != cen(ca).  [copy(340),rewrite([111(2)]),flip(a)].
342 mem(c1,c2).  [deny(13)].
343 mem(qa,c2).  [deny(13)].
344 mem(c1,c3).  [deny(13)].
345 mem(qa,c3).  [deny(13)].
346 mem(c1,c4).  [deny(13)].
347 mem(qa,c4).  [deny(13)].
348 c3 != c2.  [deny(13)].
349 c4 != c2.  [deny(13)].
350 c4 != c3.  [deny(13)].
351 -car(x) | -car(y) | cen(y) = cen(x) | -mem(x,cen(x)) | -mem(y,cen(x)) | -mem(x,cen(y)) | -mem(y,cen(y)) | -mem(x,z) | -mem(y,z) | cen(x) = z | cen(y) = z.  [factor(33,c,j),flip(j),flip(k)].
352 cen(qb) = cen(ca).  [back_rewrite(109),rewrite([111(4)])].
353 cen(ra) != cen(ca).  [back_rewrite(107),rewrite([111(4)])].
354 cen(pa) != cen(ca).  [back_rewrite(105),rewrite([111(4)])].
end_of_list.

formulas(demodulators).
111 cen(qa) = cen(ca).  [copy(110),flip(a)].
113 cen(cb) = cen(ca).  [copy(112),rewrite([111(4)])].
150 cen(pb) = cen(pa).  [copy(149),flip(a)].
152 cen(rb) = cen(ra).  [copy(151),flip(a)].
352 cen(qb) = cen(ca).  [back_rewrite(109),rewrite([111(4)])].
end_of_list.

============================== end of clauses for search =============

============================== SEARCH ================================

% Starting search at 0.01 seconds.

given #1 (I,wt=5): 14 -car(x) | car(cen(x)).  [clausify(1)].

given #2 (I,wt=6): 15 -car(x) | cen(x) != x.  [clausify(2)].

given #3 (I,wt=5): 16 -mem(x,y) | car(x).  [clausify(3)].

given #4 (I,wt=5): 17 -mem(x,y) | car(y).  [clausify(3)].

given #5 (I,wt=5): 18 -car(x) | mem(x,x).  [clausify(4)].

given #6 (I,wt=6): 19 -car(x) | mem(x,f1(x)).  [clausify(5)].

given #7 (I,wt=6): 20 -car(x) | mem(x,f2(x)).  [clausify(5)].

given #8 (I,wt=6): 21 -car(x) | mem(x,f3(x)).  [clausify(5)].

given #9 (I,wt=6): 22 -car(x) | mem(x,f4(x)).  [clausify(5)].

given #10 (I,wt=7): 23 -car(x) | f2(x) != f1(x).  [clausify(5)].

given #11 (I,wt=7): 24 -car(x) | f3(x) != f1(x).  [clausify(5)].

given #12 (I,wt=7): 25 -car(x) | f4(x) != f1(x).  [clausify(5)].

given #13 (I,wt=7): 26 -car(x) | f3(x) != f2(x).  [clausify(5)].

given #14 (I,wt=7): 27 -car(x) | f4(x) != f2(x).  [clausify(5)].

given #15 (I,wt=7): 28 -car(x) | f4(x) != f3(x).  [clausify(5)].

given #16 (I,wt=21): 30 -car(x) | -mem(x,y) | f1(x) = y | f2(x) = y | f3(x) = y | f4(x) = y.  [copy(29),flip(c),flip(d),flip(e),flip(f)].

given #17 (I,wt=15): 31 -car(x) | -car(y) | cen(y) != cen(x) | -mem(x,z) | mem(y,z).  [clausify(6)].

given #18 (I,wt=15): 32 -car(x) | -car(y) | cen(y) != cen(x) | mem(x,z) | -mem(y,z).  [clausify(6)].

given #19 (I,wt=36): 33 -car(x) | -car(y) | cen(y) = cen(x) | -mem(x,z) | -mem(y,z) | -mem(x,u) | -mem(y,u) | -mem(x,w) | -mem(y,w) | u = z | w = z | w = u.  [clausify(7)].

given #20 (I,wt=11): 34 -car(x) | -car(y) | -blocked(y,cen(x)) | mem(x,y).  [clausify(8)].

given #21 (I,wt=6): 35 -car(x) | blocked(x,cen(x)).  [clausify(9)].

given #22 (I,wt=60): 36 -car(x) | -car(y) | -car(z) | -car(u) | -car(w) | cen(y) != cen(x) | cen(z) != cen(x) | cen(u) != cen(x) | cen(w) != cen(x) | y = x | z = x | u = x | w = x | z = y | u = y | w = y | u = z | w = z | w = u.  [clausify(10)].

given #23 (I,wt=2): 37 car(pa).  [assumption].

given #24 (I,wt=2): 38 car(pb).  [assumption].

given #25 (I,wt=2): 39 car(ra).  [assumption].

given #26 (I,wt=2): 40 car(rb).  [assumption].

given #27 (I,wt=2): 41 car(qa).  [assumption].

given #28 (I,wt=2): 42 car(qb).  [assumption].

given #29 (I,wt=2): 43 car(ca).  [assumption].

given #30 (I,wt=2): 44 car(cb).  [assumption].

given #31 (I,wt=2): 45 car(oa).  [assumption].

given #32 (I,wt=3): 47 pb != pa.  [copy(46),flip(a)].

given #33 (I,wt=3): 49 rb != ra.  [copy(48),flip(a)].

given #34 (I,wt=3): 51 ra != pa.  [copy(50),flip(a)].

given #35 (I,wt=3): 53 rb != pa.  [copy(52),flip(a)].

given #36 (I,wt=3): 55 ra != pb.  [copy(54),flip(a)].

given #37 (I,wt=3): 57 rb != pb.  [copy(56),flip(a)].

given #38 (I,wt=3): 59 qb != qa.  [copy(58),flip(a)].

given #39 (I,wt=3): 61 cb != ca.  [copy(60),flip(a)].

given #40 (I,wt=3): 63 pa != qa.  [copy(62),flip(a)].

given #41 (I,wt=3): 65 pb != qa.  [copy(64),flip(a)].

given #42 (I,wt=3): 67 ra != qa.  [copy(66),flip(a)].

given #43 (I,wt=3): 69 rb != qa.  [copy(68),flip(a)].

given #44 (I,wt=3): 70 qb != pa.  [assumption].

given #45 (I,wt=3): 71 qb != pb.  [assumption].

given #46 (I,wt=3): 72 qb != ra.  [assumption].

given #47 (I,wt=3): 73 qb != rb.  [assumption].

given #48 (I,wt=3): 75 pa != ca.  [copy(74),flip(a)].

given #49 (I,wt=3): 77 pb != ca.  [copy(76),flip(a)].

given #50 (I,wt=3): 79 ra != ca.  [copy(78),flip(a)].

given #51 (I,wt=3): 81 rb != ca.  [copy(80),flip(a)].

given #52 (I,wt=3): 83 pa != cb.  [copy(82),flip(a)].

given #53 (I,wt=3): 85 pb != cb.  [copy(84),flip(a)].

given #54 (I,wt=3): 87 ra != cb.  [copy(86),flip(a)].

given #55 (I,wt=3): 89 rb != cb.  [copy(88),flip(a)].

given #56 (I,wt=3): 91 oa != ca.  [copy(90),flip(a)].

given #57 (I,wt=3): 93 oa != cb.  [copy(92),flip(a)].

given #58 (I,wt=3): 95 oa != pa.  [copy(94),flip(a)].

given #59 (I,wt=3): 97 oa != pb.  [copy(96),flip(a)].

given #60 (I,wt=3): 99 oa != ra.  [copy(98),flip(a)].

given #61 (I,wt=3): 101 oa != rb.  [copy(100),flip(a)].

given #62 (I,wt=3): 102 mem(qa,qb).  [assumption].

given #63 (I,wt=3): 103 mem(qb,qa).  [assumption].

given #64 (I,wt=5): 111 cen(qa) = cen(ca).  [copy(110),flip(a)].

given #65 (I,wt=5): 113 cen(cb) = cen(ca).  [copy(112),rewrite([111(4)])].

given #66 (I,wt=4): 114 cen(ca) != oa.  [assumption].

given #67 (I,wt=6): 116 -mem(ca,pa) | -mem(ca,pb).  [assumption].

given #68 (I,wt=6): 117 -mem(ca,ra) | -mem(ca,rb).  [assumption].

given #69 (I,wt=6): 118 -mem(cb,pa) | -mem(cb,pb).  [assumption].

given #70 (I,wt=6): 119 -mem(cb,ra) | -mem(cb,rb).  [assumption].

given #71 (I,wt=12): 120 co = pa | co = pb | co = ra | co = rb.  [assumption].

given #72 (I,wt=3): 121 -mem(ca,co).  [assumption].

given #73 (I,wt=3): 122 -mem(cb,co).  [assumption].

given #74 (I,wt=10): 123 pa != x | mem(ca,x) | -blocked(x,cen(ca)).  [clausify(11)].

given #75 (I,wt=10): 124 pa != x | -mem(ca,x) | blocked(x,cen(ca)).  [clausify(11)].

given #76 (I,wt=10): 125 pb != x | mem(ca,x) | -blocked(x,cen(ca)).  [clausify(11)].

given #77 (I,wt=10): 126 pb != x | -mem(ca,x) | blocked(x,cen(ca)).  [clausify(11)].

given #78 (I,wt=10): 127 ra != x | mem(ca,x) | -blocked(x,cen(ca)).  [clausify(11)].

given #79 (I,wt=10): 128 ra != x | -mem(ca,x) | blocked(x,cen(ca)).  [clausify(11)].

given #80 (I,wt=10): 129 rb != x | mem(ca,x) | -blocked(x,cen(ca)).  [clausify(11)].

given #81 (I,wt=10): 130 rb != x | -mem(ca,x) | blocked(x,cen(ca)).  [clausify(11)].

given #82 (I,wt=10): 132 pa != x | mem(cb,x) | -blocked(x,cen(ca)).  [copy(131),rewrite([113(6)])].

given #83 (I,wt=10): 134 pa != x | -mem(cb,x) | blocked(x,cen(ca)).  [copy(133),rewrite([113(6)])].

given #84 (I,wt=10): 136 pb != x | mem(cb,x) | -blocked(x,cen(ca)).  [copy(135),rewrite([113(6)])].

given #85 (I,wt=10): 138 pb != x | -mem(cb,x) | blocked(x,cen(ca)).  [copy(137),rewrite([113(6)])].

given #86 (I,wt=10): 140 ra != x | mem(cb,x) | -blocked(x,cen(ca)).  [copy(139),rewrite([113(6)])].

given #87 (I,wt=10): 142 ra != x | -mem(cb,x) | blocked(x,cen(ca)).  [copy(141),rewrite([113(6)])].

given #88 (I,wt=10): 144 rb != x | mem(cb,x) | -blocked(x,cen(ca)).  [copy(143),rewrite([113(6)])].

given #89 (I,wt=10): 146 rb != x | -mem(cb,x) | blocked(x,cen(ca)).  [copy(145),rewrite([113(6)])].

given #90 (I,wt=3): 147 -blocked(pa,oa).  [assumption].

given #91 (I,wt=3): 148 -blocked(ra,oa).  [assumption].

given #92 (I,wt=5): 150 cen(pb) = cen(pa).  [copy(149),flip(a)].

given #93 (I,wt=5): 152 cen(rb) = cen(ra).  [copy(151),flip(a)].

given #94 (I,wt=5): 153 cen(ra) != cen(pa).  [assumption].

given #95 (I,wt=2): 154 car(g0).  [assumption].

given #96 (I,wt=2): 155 car(g1).  [assumption].

given #97 (I,wt=2): 156 car(g2).  [assumption].

given #98 (I,wt=2): 157 car(g3).  [assumption].

given #99 (I,wt=2): 158 car(g4).  [assumption].

given #100 (I,wt=2): 159 car(g5).  [assumption].

given #101 (I,wt=2): 160 car(g6).  [assumption].

given #102 (I,wt=2): 161 car(g7).  [assumption].

given #103 (I,wt=2): 162 car(g8).  [assumption].

given #104 (I,wt=2): 163 car(g9).  [assumption].

given #105 (I,wt=2): 164 car(g10).  [assumption].

given #106 (I,wt=2): 165 car(g11).  [assumption].

given #107 (I,wt=2): 166 car(g12).  [assumption].

given #108 (I,wt=2): 167 car(g13).  [assumption].

given #109 (I,wt=2): 168 car(g14).  [assumption].

given #110 (I,wt=3): 170 g1 != g0.  [copy(169),flip(a)].

given #111 (I,wt=3): 172 g2 != g0.  [copy(171),flip(a)].

given #112 (I,wt=3): 174 g3 != g0.  [copy(173),flip(a)].

given #113 (I,wt=3): 176 g4 != g0.  [copy(175),flip(a)].

given #114 (I,wt=3): 178 g5 != g0.  [copy(177),flip(a)].

given #115 (I,wt=3): 180 g6 != g0.  [copy(179),flip(a)].

given #116 (I,wt=3): 182 g7 != g0.  [copy(181),flip(a)].

given #117 (I,wt=3): 184 g8 != g0.  [copy(183),flip(a)].

given #118 (I,wt=3): 186 g9 != g0.  [copy(185),flip(a)].

given #119 (I,wt=3): 188 g2 != g1.  [copy(187),flip(a)].

given #120 (I,wt=3): 190 g3 != g1.  [copy(189),flip(a)].

given #121 (I,wt=3): 192 g4 != g1.  [copy(191),flip(a)].

given #122 (I,wt=3): 194 g5 != g1.  [copy(193),flip(a)].

given #123 (I,wt=3): 196 g6 != g1.  [copy(195),flip(a)].

given #124 (I,wt=3): 198 g7 != g1.  [copy(197),flip(a)].

given #125 (I,wt=3): 200 g8 != g1.  [copy(199),flip(a)].

given #126 (I,wt=3): 202 g9 != g1.  [copy(201),flip(a)].

given #127 (I,wt=3): 204 g3 != g2.  [copy(203),flip(a)].

given #128 (I,wt=3): 206 g4 != g2.  [copy(205),flip(a)].

given #129 (I,wt=3): 208 g5 != g2.  [copy(207),flip(a)].

given #130 (I,wt=3): 210 g6 != g2.  [copy(209),flip(a)].

given #131 (I,wt=3): 212 g7 != g2.  [copy(211),flip(a)].

given #132 (I,wt=3): 214 g8 != g2.  [copy(213),flip(a)].

given #133 (I,wt=3): 216 g9 != g2.  [copy(215),flip(a)].

given #134 (I,wt=3): 218 g4 != g3.  [copy(217),flip(a)].

given #135 (I,wt=3): 220 g5 != g3.  [copy(219),flip(a)].

given #136 (I,wt=3): 222 g6 != g3.  [copy(221),flip(a)].

given #137 (I,wt=3): 224 g7 != g3.  [copy(223),flip(a)].

given #138 (I,wt=3): 226 g8 != g3.  [copy(225),flip(a)].

given #139 (I,wt=3): 228 g9 != g3.  [copy(227),flip(a)].

given #140 (I,wt=3): 230 g5 != g4.  [copy(229),flip(a)].

given #141 (I,wt=3): 232 g6 != g4.  [copy(231),flip(a)].

given #142 (I,wt=3): 234 g7 != g4.  [copy(233),flip(a)].

given #143 (I,wt=3): 236 g8 != g4.  [copy(235),flip(a)].

given #144 (I,wt=3): 238 g9 != g4.  [copy(237),flip(a)].

given #145 (I,wt=3): 240 g6 != g5.  [copy(239),flip(a)].

given #146 (I,wt=3): 242 g7 != g5.  [copy(241),flip(a)].

given #147 (I,wt=3): 244 g8 != g5.  [copy(243),flip(a)].

given #148 (I,wt=3): 246 g9 != g5.  [copy(245),flip(a)].

given #149 (I,wt=3): 248 g7 != g6.  [copy(247),flip(a)].

given #150 (I,wt=3): 250 g8 != g6.  [copy(249),flip(a)].

given #151 (I,wt=3): 252 g9 != g6.  [copy(251),flip(a)].

given #152 (I,wt=3): 254 g8 != g7.  [copy(253),flip(a)].

given #153 (I,wt=3): 256 g9 != g7.  [copy(255),flip(a)].

given #154 (I,wt=3): 258 g9 != g8.  [copy(257),flip(a)].

given #155 (I,wt=3): 260 g10 != g0.  [copy(259),flip(a)].

given #156 (I,wt=3): 262 g11 != g0.  [copy(261),flip(a)].

given #157 (I,wt=3): 264 g12 != g0.  [copy(263),flip(a)].

given #158 (I,wt=3): 266 g13 != g0.  [copy(265),flip(a)].

given #159 (I,wt=3): 268 g14 != g0.  [copy(267),flip(a)].

given #160 (I,wt=3): 270 g10 != g1.  [copy(269),flip(a)].

given #161 (I,wt=3): 272 g11 != g1.  [copy(271),flip(a)].

given #162 (I,wt=3): 274 g12 != g1.  [copy(273),flip(a)].

given #163 (I,wt=3): 276 g13 != g1.  [copy(275),flip(a)].

given #164 (I,wt=3): 278 g14 != g1.  [copy(277),flip(a)].

given #165 (I,wt=3): 279 g2 != g10.  [assumption].

given #166 (I,wt=3): 280 g2 != g11.  [assumption].

given #167 (I,wt=3): 281 g2 != g12.  [assumption].

given #168 (I,wt=3): 282 g2 != g13.  [assumption].

given #169 (I,wt=3): 283 g2 != g14.  [assumption].

given #170 (I,wt=3): 284 g3 != g10.  [assumption].

given #171 (I,wt=3): 285 g3 != g11.  [assumption].

given #172 (I,wt=3): 286 g3 != g12.  [assumption].

given #173 (I,wt=3): 287 g3 != g13.  [assumption].

given #174 (I,wt=3): 288 g3 != g14.  [assumption].

given #175 (I,wt=3): 289 g4 != g10.  [assumption].

given #176 (I,wt=3): 290 g4 != g11.  [assumption].

given #177 (I,wt=3): 291 g4 != g12.  [assumption].

given #178 (I,wt=3): 292 g4 != g13.  [assumption].

given #179 (I,wt=3): 293 g4 != g14.  [assumption].

given #180 (I,wt=3): 294 g5 != g10.  [assumption].

given #181 (I,wt=3): 295 g5 != g11.  [assumption].

given #182 (I,wt=3): 296 g5 != g12.  [assumption].

given #183 (I,wt=3): 297 g5 != g13.  [assumption].

given #184 (I,wt=3): 298 g5 != g14.  [assumption].

given #185 (I,wt=3): 299 g6 != g10.  [assumption].

given #186 (I,wt=3): 300 g6 != g11.  [assumption].

given #187 (I,wt=3): 301 g6 != g12.  [assumption].

given #188 (I,wt=3): 302 g6 != g13.  [assumption].

given #189 (I,wt=3): 303 g6 != g14.  [assumption].

given #190 (I,wt=3): 304 g7 != g10.  [assumption].

given #191 (I,wt=3): 305 g7 != g11.  [assumption].

given #192 (I,wt=3): 306 g7 != g12.  [assumption].

given #193 (I,wt=3): 307 g7 != g13.  [assumption].

given #194 (I,wt=3): 308 g7 != g14.  [assumption].

given #195 (I,wt=3): 309 g8 != g10.  [assumption].

given #196 (I,wt=3): 310 g8 != g11.  [assumption].

given #197 (I,wt=3): 311 g8 != g12.  [assumption].

given #198 (I,wt=3): 312 g8 != g13.  [assumption].

given #199 (I,wt=3): 313 g8 != g14.  [assumption].

given #200 (I,wt=3): 314 g9 != g10.  [assumption].

given #201 (I,wt=3): 315 g9 != g11.  [assumption].

given #202 (I,wt=3): 316 g9 != g12.  [assumption].

given #203 (I,wt=3): 317 g9 != g13.  [assumption].

given #204 (I,wt=3): 318 g9 != g14.  [assumption].

given #205 (I,wt=3): 320 g11 != g10.  [copy(319),flip(a)].

given #206 (I,wt=3): 322 g12 != g10.  [copy(321),flip(a)].

given #207 (I,wt=3): 324 g13 != g10.  [copy(323),flip(a)].

given #208 (I,wt=3): 326 g14 != g10.  [copy(325),flip(a)].

given #209 (I,wt=3): 328 g12 != g11.  [copy(327),flip(a)].

given #210 (I,wt=3): 330 g13 != g11.  [copy(329),flip(a)].

given #211 (I,wt=3): 332 g14 != g11.  [copy(331),flip(a)].

given #212 (I,wt=3): 334 g13 != g12.  [copy(333),flip(a)].

given #213 (I,wt=3): 336 g14 != g12.  [copy(335),flip(a)].

given #214 (I,wt=3): 338 g14 != g13.  [copy(337),flip(a)].

given #215 (I,wt=2): 339 car(c1).  [deny(13)].

given #216 (I,wt=5): 341 cen(c1) != cen(ca).  [copy(340),rewrite([111(2)]),flip(a)].

given #217 (I,wt=3): 342 mem(c1,c2).  [deny(13)].

given #218 (I,wt=3): 343 mem(qa,c2).  [deny(13)].

given #219 (I,wt=3): 344 mem(c1,c3).  [deny(13)].

given #220 (I,wt=3): 345 mem(qa,c3).  [deny(13)].

given #221 (I,wt=3): 346 mem(c1,c4).  [deny(13)].

given #222 (I,wt=3): 347 mem(qa,c4).  [deny(13)].

given #223 (I,wt=3): 348 c3 != c2.  [deny(13)].

given #224 (I,wt=3): 349 c4 != c2.  [deny(13)].

given #225 (I,wt=3): 350 c4 != c3.  [deny(13)].

given #226 (I,wt=39): 351 -car(x) | -car(y) | cen(y) = cen(x) | -mem(x,cen(x)) | -mem(y,cen(x)) | -mem(x,cen(y)) | -mem(y,cen(y)) | -mem(x,z) | -mem(y,z) | cen(x) = z | cen(y) = z.  [factor(33,c,j),flip(j),flip(k)].

given #227 (I,wt=5): 352 cen(qb) = cen(ca).  [back_rewrite(109),rewrite([111(4)])].

given #228 (I,wt=5): 353 cen(ra) != cen(ca).  [back_rewrite(107),rewrite([111(4)])].

given #229 (I,wt=5): 354 cen(pa) != cen(ca).  [back_rewrite(105),rewrite([111(4)])].

given #230 (A,wt=58): 355 -car(x) | -car(y) | -car(z) | -car(u) | cen(y) != cen(x) | cen(z) != cen(x) | cen(u) != cen(x) | cen(pa) != cen(x) | y = x | z = x | u = x | pa = x | z = y | u = y | pa = y | u = z | pa = z | pa = u.  [resolve(37,a,36,e)].

given #231 (F,wt=4): 369 cen(pa) != pa.  [resolve(37,a,15,a)].

given #232 (F,wt=4): 385 cen(pa) != pb.  [resolve(38,a,15,a),rewrite([150(2)])].

given #233 (F,wt=4): 401 cen(ra) != ra.  [resolve(39,a,15,a)].

given #234 (F,wt=4): 417 cen(ra) != rb.  [resolve(40,a,15,a),rewrite([152(2)])].

given #235 (T,wt=2): 772 car(c2).  [resolve(342,a,17,a)].

given #236 (T,wt=2): 781 car(c3).  [resolve(344,a,17,a)].

given #237 (T,wt=2): 790 car(c4).  [resolve(346,a,17,a)].

given #238 (T,wt=3): 368 mem(pa,pa).  [resolve(37,a,18,a)].

given #239 (A,wt=58): 356 -car(x) | -car(y) | -car(z) | -car(u) | cen(pa) != cen(x) | cen(pa) != cen(y) | cen(pa) != cen(z) | cen(pa) != cen(u) | pa = x | pa = y | pa = z | pa = u | y = x | z = x | u = x | z = y | u = y | u = z.  [resolve(37,a,36,a),flip(e),flip(f),flip(g),flip(h),flip(i),flip(j),flip(k),flip(l)].

given #240 (F,wt=4): 433 cen(ca) != qa.  [resolve(41,a,15,a),rewrite([111(2)])].

given #241 (F,wt=4): 450 cen(ca) != qb.  [resolve(42,a,15,a),rewrite([352(2)])].

given #242 (F,wt=4): 466 cen(ca) != ca.  [resolve(43,a,15,a)].

given #243 (F,wt=4): 481 cen(ca) != cb.  [resolve(44,a,15,a),rewrite([113(2)])].

given #244 (T,wt=3): 370 car(cen(pa)).  [resolve(37,a,14,a)].

given #245 (T,wt=3): 384 mem(pb,pb).  [resolve(38,a,18,a)].

given #246 (T,wt=3): 400 mem(ra,ra).  [resolve(39,a,18,a)].

given #247 (T,wt=3): 402 car(cen(ra)).  [resolve(39,a,14,a)].

given #248 (A,wt=4): 357 blocked(pa,cen(pa)).  [resolve(37,a,35,a)].

given #249 (F,wt=4): 497 cen(oa) != oa.  [resolve(45,a,15,a)].

given #250 (F,wt=4): 527 cen(g0) != g0.  [resolve(154,a,15,a)].

given #251 (F,wt=4): 543 cen(g1) != g1.  [resolve(155,a,15,a)].

given #252 (F,wt=4): 559 cen(g2) != g2.  [resolve(156,a,15,a)].

given #253 (T,wt=3): 416 mem(rb,rb).  [resolve(40,a,18,a)].

given #254 (T,wt=3): 432 mem(qa,qa).  [resolve(41,a,18,a)].

given #255 (T,wt=3): 434 car(cen(ca)).  [resolve(41,a,14,a),rewrite([111(2)])].

given #256 (T,wt=3): 449 mem(qb,qb).  [resolve(42,a,18,a)].

given #257 (A,wt=5): 358 f4(pa) != f3(pa).  [resolve(37,a,28,a)].

given #258 (F,wt=4): 575 cen(g3) != g3.  [resolve(157,a,15,a)].

given #259 (F,wt=4): 591 cen(g4) != g4.  [resolve(158,a,15,a)].

given #260 (F,wt=4): 607 cen(g5) != g5.  [resolve(159,a,15,a)].

given #261 (F,wt=4): 623 cen(g6) != g6.  [resolve(160,a,15,a)].

given #262 (T,wt=3): 465 mem(ca,ca).  [resolve(43,a,18,a)].

given #263 (T,wt=3): 480 mem(cb,cb).  [resolve(44,a,18,a)].

given #264 (T,wt=3): 496 mem(oa,oa).  [resolve(45,a,18,a)].

given #265 (T,wt=3): 498 car(cen(oa)).  [resolve(45,a,14,a)].

given #266 (A,wt=5): 359 f4(pa) != f2(pa).  [resolve(37,a,27,a)].

given #267 (F,wt=4): 639 cen(g7) != g7.  [resolve(161,a,15,a)].

given #268 (F,wt=4): 655 cen(g8) != g8.  [resolve(162,a,15,a)].

given #269 (F,wt=4): 671 cen(g9) != g9.  [resolve(163,a,15,a)].

given #270 (F,wt=4): 687 cen(g10) != g10.  [resolve(164,a,15,a)].

given #271 (T,wt=3): 526 mem(g0,g0).  [resolve(154,a,18,a)].

given #272 (T,wt=3): 528 car(cen(g0)).  [resolve(154,a,14,a)].

given #273 (T,wt=3): 542 mem(g1,g1).  [resolve(155,a,18,a)].

given #274 (T,wt=3): 544 car(cen(g1)).  [resolve(155,a,14,a)].

given #275 (A,wt=5): 360 f3(pa) != f2(pa).  [resolve(37,a,26,a)].

given #276 (F,wt=4): 703 cen(g11) != g11.  [resolve(165,a,15,a)].

given #277 (F,wt=4): 719 cen(g12) != g12.  [resolve(166,a,15,a)].

given #278 (F,wt=4): 735 cen(g13) != g13.  [resolve(167,a,15,a)].

given #279 (F,wt=4): 751 cen(g14) != g14.  [resolve(168,a,15,a)].

given #280 (T,wt=3): 558 mem(g2,g2).  [resolve(156,a,18,a)].

given #281 (T,wt=3): 560 car(cen(g2)).  [resolve(156,a,14,a)].

given #282 (T,wt=3): 574 mem(g3,g3).  [resolve(157,a,18,a)].

given #283 (T,wt=3): 576 car(cen(g3)).  [resolve(157,a,14,a)].

given #284 (A,wt=5): 361 f4(pa) != f1(pa).  [resolve(37,a,25,a)].

given #285 (F,wt=4): 767 cen(c1) != c1.  [resolve(339,a,15,a)].

given #286 (F,wt=4): 863 cen(c2) != c2.  [resolve(772,a,15,a)].

given #287 (F,wt=4): 881 cen(c3) != c3.  [resolve(781,a,15,a)].

given #288 (F,wt=4): 899 cen(c4) != c4.  [resolve(790,a,15,a)].

given #289 (T,wt=3): 590 mem(g4,g4).  [resolve(158,a,18,a)].

given #290 (T,wt=3): 592 car(cen(g4)).  [resolve(158,a,14,a)].

given #291 (T,wt=3): 606 mem(g5,g5).  [resolve(159,a,18,a)].

given #292 (T,wt=3): 608 car(cen(g5)).  [resolve(159,a,14,a)].

given #293 (A,wt=5): 362 f3(pa) != f1(pa).  [resolve(37,a,24,a)].

given #294 (F,wt=5): 363 f2(pa) != f1(pa).  [resolve(37,a,23,a)].

given #295 (F,wt=5): 374 f4(pb) != f3(pb).  [resolve(38,a,28,a)].

given #296 (F,wt=5): 375 f4(pb) != f2(pb).  [resolve(38,a,27,a)].

given #297 (F,wt=5): 376 f3(pb) != f2(pb).  [resolve(38,a,26,a)].

given #298 (T,wt=3): 622 mem(g6,g6).  [resolve(160,a,18,a)].

given #299 (T,wt=3): 624 car(cen(g6)).  [resolve(160,a,14,a)].

given #300 (T,wt=3): 638 mem(g7,g7).  [resolve(161,a,18,a)].

given #301 (T,wt=3): 640 car(cen(g7)).  [resolve(161,a,14,a)].

given #302 (A,wt=4): 364 mem(pa,f4(pa)).  [resolve(37,a,22,a)].

given #303 (F,wt=5): 377 f4(pb) != f1(pb).  [resolve(38,a,25,a)].

given #304 (F,wt=5): 378 f3(pb) != f1(pb).  [resolve(38,a,24,a)].

given #305 (F,wt=5): 379 f2(pb) != f1(pb).  [resolve(38,a,23,a)].

given #306 (F,wt=5): 390 f4(ra) != f3(ra).  [resolve(39,a,28,a)].

given #307 (T,wt=3): 654 mem(g8,g8).  [resolve(162,a,18,a)].

given #308 (T,wt=3): 656 car(cen(g8)).  [resolve(162,a,14,a)].

given #309 (T,wt=3): 670 mem(g9,g9).  [resolve(163,a,18,a)].

given #310 (T,wt=3): 672 car(cen(g9)).  [resolve(163,a,14,a)].

given #311 (A,wt=4): 365 mem(pa,f3(pa)).  [resolve(37,a,21,a)].

given #312 (F,wt=5): 391 f4(ra) != f2(ra).  [resolve(39,a,27,a)].

given #313 (F,wt=5): 392 f3(ra) != f2(ra).  [resolve(39,a,26,a)].

given #314 (F,wt=5): 393 f4(ra) != f1(ra).  [resolve(39,a,25,a)].

given #315 (F,wt=5): 394 f3(ra) != f1(ra).  [resolve(39,a,24,a)].

given #316 (T,wt=3): 686 mem(g10,g10).  [resolve(164,a,18,a)].

given #317 (T,wt=3): 688 car(cen(g10)).  [resolve(164,a,14,a)].

given #318 (T,wt=3): 702 mem(g11,g11).  [resolve(165,a,18,a)].

given #319 (T,wt=3): 704 car(cen(g11)).  [resolve(165,a,14,a)].

given #320 (A,wt=4): 366 mem(pa,f2(pa)).  [resolve(37,a,20,a)].

given #321 (F,wt=5): 395 f2(ra) != f1(ra).  [resolve(39,a,23,a)].

given #322 (F,wt=5): 406 f4(rb) != f3(rb).  [resolve(40,a,28,a)].

given #323 (F,wt=5): 407 f4(rb) != f2(rb).  [resolve(40,a,27,a)].

given #324 (F,wt=5): 408 f3(rb) != f2(rb).  [resolve(40,a,26,a)].

given #325 (T,wt=3): 718 mem(g12,g12).  [resolve(166,a,18,a)].

given #326 (T,wt=3): 720 car(cen(g12)).  [resolve(166,a,14,a)].

given #327 (T,wt=3): 734 mem(g13,g13).  [resolve(167,a,18,a)].

given #328 (T,wt=3): 736 car(cen(g13)).  [resolve(167,a,14,a)].

given #329 (A,wt=4): 367 mem(pa,f1(pa)).  [resolve(37,a,19,a)].

given #330 (F,wt=5): 409 f4(rb) != f1(rb).  [resolve(40,a,25,a)].

given #331 (F,wt=5): 410 f3(rb) != f1(rb).  [resolve(40,a,24,a)].

given #332 (F,wt=5): 411 f2(rb) != f1(rb).  [resolve(40,a,23,a)].

given #333 (F,wt=5): 422 f4(qa) != f3(qa).  [resolve(41,a,28,a)].

given #334 (T,wt=3): 750 mem(g14,g14).  [resolve(168,a,18,a)].

given #335 (T,wt=3): 752 car(cen(g14)).  [resolve(168,a,14,a)].

given #336 (T,wt=3): 766 mem(c1,c1).  [resolve(339,a,18,a)].

given #337 (T,wt=3): 768 car(cen(c1)).  [resolve(339,a,14,a)].

given #338 (A,wt=58): 371 -car(x) | -car(y) | -car(z) | -car(u) | cen(y) != cen(x) | cen(z) != cen(x) | cen(u) != cen(x) | cen(pa) != cen(x) | y = x | z = x | u = x | pb = x | z = y | u = y | pb = y | u = z | pb = z | pb = u.  [resolve(38,a,36,e),rewrite([150(15)])].

given #339 (F,wt=5): 423 f4(qa) != f2(qa).  [resolve(41,a,27,a)].

given #340 (F,wt=5): 424 f3(qa) != f2(qa).  [resolve(41,a,26,a)].

given #341 (F,wt=5): 425 f4(qa) != f1(qa).  [resolve(41,a,25,a)].

given #342 (F,wt=5): 426 f3(qa) != f1(qa).  [resolve(41,a,24,a)].

given #343 (T,wt=3): 862 mem(c2,c2).  [resolve(772,a,18,a)].

given #344 (T,wt=3): 864 car(cen(c2)).  [resolve(772,a,14,a)].

given #345 (T,wt=3): 880 mem(c3,c3).  [resolve(781,a,18,a)].

given #346 (T,wt=3): 882 car(cen(c3)).  [resolve(781,a,14,a)].

given #347 (A,wt=58): 372 -car(x) | -car(y) | -car(z) | -car(u) | cen(pa) != cen(x) | cen(pa) != cen(y) | cen(pa) != cen(z) | cen(pa) != cen(u) | pb = x | pb = y | pb = z | pb = u | y = x | z = x | u = x | z = y | u = y | u = z.  [resolve(38,a,36,a),rewrite([150(7),150(11),150(15),150(19)]),flip(e),flip(f),flip(g),flip(h),flip(i),flip(j),flip(k),flip(l)].

given #348 (F,wt=5): 427 f2(qa) != f1(qa).  [resolve(41,a,23,a)].

given #349 (F,wt=5): 439 f4(qb) != f3(qb).  [resolve(42,a,28,a)].

given #350 (F,wt=5): 440 f4(qb) != f2(qb).  [resolve(42,a,27,a)].

given #351 (F,wt=5): 441 f3(qb) != f2(qb).  [resolve(42,a,26,a)].

given #352 (T,wt=3): 898 mem(c4,c4).  [resolve(790,a,18,a)].

given #353 (T,wt=3): 900 car(cen(c4)).  [resolve(790,a,14,a)].

given #354 (T,wt=3): 1218 car(f4(pa)).  [resolve(364,a,17,a)].

given #355 (T,wt=3): 1268 car(f3(pa)).  [resolve(365,a,17,a)].

given #356 (A,wt=4): 373 blocked(pb,cen(pa)).  [resolve(38,a,35,a),rewrite([150(3)])].

given #357 (F,wt=5): 442 f4(qb) != f1(qb).  [resolve(42,a,25,a)].

given #358 (F,wt=5): 443 f3(qb) != f1(qb).  [resolve(42,a,24,a)].

given #359 (F,wt=5): 444 f2(qb) != f1(qb).  [resolve(42,a,23,a)].

given #360 (F,wt=5): 455 f4(ca) != f3(ca).  [resolve(43,a,28,a)].

given #361 (T,wt=3): 1318 car(f2(pa)).  [resolve(366,a,17,a)].

given #362 (T,wt=3): 1368 car(f1(pa)).  [resolve(367,a,17,a)].

given #363 (T,wt=3): 1764 mem(pa,pb).  [resolve(373,a,34,c),unit_del(a,37),unit_del(b,38)].

given #364 (T,wt=4): 380 mem(pb,f4(pb)).  [resolve(38,a,22,a)].

given #365 (A,wt=4): 381 mem(pb,f3(pb)).  [resolve(38,a,21,a)].

given #366 (F,wt=5): 456 f4(ca) != f2(ca).  [resolve(43,a,27,a)].

given #367 (F,wt=5): 457 f3(ca) != f2(ca).  [resolve(43,a,26,a)].

given #368 (F,wt=5): 458 f4(ca) != f1(ca).  [resolve(43,a,25,a)].

given #369 (F,wt=5): 459 f3(ca) != f1(ca).  [resolve(43,a,24,a)].

given #370 (T,wt=3): 1819 car(f4(pb)).  [resolve(380,a,17,a)].

given #371 (T,wt=3): 1823 car(f3(pb)).  [resolve(381,a,17,a)].

given #372 (T,wt=4): 382 mem(pb,f2(pb)).  [resolve(38,a,20,a)].

given #373 (T,wt=3): 1875 car(f2(pb)).  [resolve(382,a,17,a)].

given #374 (A,wt=4): 383 mem(pb,f1(pb)).  [resolve(38,a,19,a)].

given #375 (F,wt=5): 460 f2(ca) != f1(ca).  [resolve(43,a,23,a)].

given #376 (F,wt=5): 470 f4(cb) != f3(cb).  [resolve(44,a,28,a)].

given #377 (F,wt=5): 471 f4(cb) != f2(cb).  [resolve(44,a,27,a)].

given #378 (F,wt=5): 472 f3(cb) != f2(cb).  [resolve(44,a,26,a)].

given #379 (T,wt=3): 1903 car(f1(pb)).  [resolve(383,a,17,a)].

given #380 (T,wt=4): 389 blocked(ra,cen(ra)).  [resolve(39,a,35,a)].

given #381 (T,wt=4): 396 mem(ra,f4(ra)).  [resolve(39,a,22,a)].

given #382 (T,wt=3): 1931 car(f4(ra)).  [resolve(396,a,17,a)].

given #383 (A,wt=48): 386 -car(x) | -car(y) | -car(z) | cen(pa) != cen(x) | cen(y) != cen(x) | cen(z) != cen(x) | pa = x | y = x | z = x | pb = x | pa = y | pa = z | z = y | pb = y | pb = z.  [factor(371,e,h),flip(l),flip(m),unit_del(b,37),unit_del(n,47)].

given #384 (F,wt=5): 473 f4(cb) != f1(cb).  [resolve(44,a,25,a)].

given #385 (F,wt=5): 474 f3(cb) != f1(cb).  [resolve(44,a,24,a)].

given #386 (F,wt=5): 475 f2(cb) != f1(cb).  [resolve(44,a,23,a)].

given #387 (F,wt=5): 486 f4(oa) != f3(oa).  [resolve(45,a,28,a)].

given #388 (T,wt=4): 397 mem(ra,f3(ra)).  [resolve(39,a,21,a)].

given #389 (T,wt=3): 1959 car(f3(ra)).  [resolve(397,a,17,a)].

given #390 (T,wt=4): 398 mem(ra,f2(ra)).  [resolve(39,a,20,a)].

given #391 (T,wt=3): 1987 car(f2(ra)).  [resolve(398,a,17,a)].

given #392 (A,wt=58): 387 -car(x) | -car(y) | -car(z) | -car(u) | cen(y) != cen(x) | cen(z) != cen(x) | cen(u) != cen(x) | cen(ra) != cen(x) | y = x | z = x | u = x | ra = x | z = y | u = y | ra = y | u = z | ra = z | ra = u.  [resolve(39,a,36,e)].

given #393 (F,wt=5): 487 f4(oa) != f2(oa).  [resolve(45,a,27,a)].

given #394 (F,wt=5): 488 f3(oa) != f2(oa).  [resolve(45,a,26,a)].

given #395 (F,wt=5): 489 f4(oa) != f1(oa).  [resolve(45,a,25,a)].

given #396 (F,wt=5): 490 f3(oa) != f1(oa).  [resolve(45,a,24,a)].

given #397 (T,wt=4): 399 mem(ra,f1(ra)).  [resolve(39,a,19,a)].

given #398 (T,wt=3): 2130 car(f1(ra)).  [resolve(399,a,17,a)].

given #399 (T,wt=4): 405 blocked(rb,cen(ra)).  [resolve(40,a,35,a),rewrite([152(3)])].

given #400 (T,wt=3): 2157 mem(ra,rb).  [resolve(405,a,34,c),unit_del(a,39),unit_del(b,40)].

given #401 (A,wt=58): 388 -car(x) | -car(y) | -car(z) | -car(u) | cen(ra) != cen(x) | cen(ra) != cen(y) | cen(ra) != cen(z) | cen(ra) != cen(u) | ra = x | ra = y | ra = z | ra = u | y = x | z = x | u = x | z = y | u = y | u = z.  [resolve(39,a,36,a),flip(e),flip(f),flip(g),flip(h),flip(i),flip(j),flip(k),flip(l)].

given #402 (F,wt=5): 491 f2(oa) != f1(oa).  [resolve(45,a,23,a)].

given #403 (F,wt=5): 516 f4(g0) != f3(g0).  [resolve(154,a,28,a)].

given #404 (F,wt=5): 517 f4(g0) != f2(g0).  [resolve(154,a,27,a)].

given #405 (F,wt=5): 518 f3(g0) != f2(g0).  [resolve(154,a,26,a)].

given #406 (T,wt=4): 412 mem(rb,f4(rb)).  [resolve(40,a,22,a)].

given #407 (T,wt=3): 2218 car(f4(rb)).  [resolve(412,a,17,a)].

given #408 (T,wt=4): 413 mem(rb,f3(rb)).  [resolve(40,a,21,a)].

given #409 (T,wt=3): 2249 car(f3(rb)).  [resolve(413,a,17,a)].

given #410 (A,wt=58): 403 -car(x) | -car(y) | -car(z) | -car(u) | cen(y) != cen(x) | cen(z) != cen(x) | cen(u) != cen(x) | cen(ra) != cen(x) | y = x | z = x | u = x | rb = x | z = y | u = y | rb = y | u = z | rb = z | rb = u.  [resolve(40,a,36,e),rewrite([152(15)])].

given #411 (F,wt=5): 519 f4(g0) != f1(g0).  [resolve(154,a,25,a)].

given #412 (F,wt=5): 520 f3(g0) != f1(g0).  [resolve(154,a,24,a)].

given #413 (F,wt=5): 521 f2(g0) != f1(g0).  [resolve(154,a,23,a)].

given #414 (F,wt=5): 532 f4(g1) != f3(g1).  [resolve(155,a,28,a)].

given #415 (T,wt=4): 414 mem(rb,f2(rb)).  [resolve(40,a,20,a)].

given #416 (T,wt=3): 2520 car(f2(rb)).  [resolve(414,a,17,a)].

given #417 (T,wt=4): 415 mem(rb,f1(rb)).  [resolve(40,a,19,a)].

given #418 (T,wt=3): 2555 car(f1(rb)).  [resolve(415,a,17,a)].

given #419 (A,wt=58): 404 -car(x) | -car(y) | -car(z) | -car(u) | cen(ra) != cen(x) | cen(ra) != cen(y) | cen(ra) != cen(z) | cen(ra) != cen(u) | rb = x | rb = y | rb = z | rb = u | y = x | z = x | u = x | z = y | u = y | u = z.  [resolve(40,a,36,a),rewrite([152(7),152(11),152(15),152(19)]),flip(e),flip(f),flip(g),flip(h),flip(i),flip(j),flip(k),flip(l)].

given #420 (F,wt=5): 533 f4(g1) != f2(g1).  [resolve(155,a,27,a)].

given #421 (F,wt=5): 534 f3(g1) != f2(g1).  [resolve(155,a,26,a)].

given #422 (F,wt=5): 535 f4(g1) != f1(g1).  [resolve(155,a,25,a)].

given #423 (F,wt=5): 536 f3(g1) != f1(g1).  [resolve(155,a,24,a)].

given #424 (T,wt=4): 421 blocked(qa,cen(ca)).  [resolve(41,a,35,a),rewrite([111(3)])].

given #425 (T,wt=3): 2645 mem(ca,qa).  [resolve(421,a,34,c),unit_del(a,43),unit_del(b,41)].

given #426 (T,wt=4): 428 mem(qa,f4(qa)).  [resolve(41,a,22,a)].

given #427 (T,wt=3): 2652 car(f4(qa)).  [resolve(428,a,17,a)].

given #428 (A,wt=48): 418 -car(x) | -car(y) | -car(z) | cen(ra) != cen(x) | cen(y) != cen(x) | cen(z) != cen(x) | ra = x | y = x | z = x | rb = x | ra = y | ra = z | z = y | rb = y | rb = z.  [factor(403,e,h),flip(l),flip(m),unit_del(b,39),unit_del(n,49)].

given #429 (F,wt=5): 537 f2(g1) != f1(g1).  [resolve(155,a,23,a)].

given #430 (F,wt=5): 548 f4(g2) != f3(g2).  [resolve(156,a,28,a)].

given #431 (F,wt=5): 549 f4(g2) != f2(g2).  [resolve(156,a,27,a)].

given #432 (F,wt=5): 550 f3(g2) != f2(g2).  [resolve(156,a,26,a)].

given #433 (T,wt=4): 429 mem(qa,f3(qa)).  [resolve(41,a,21,a)].

given #434 (T,wt=3): 2688 car(f3(qa)).  [resolve(429,a,17,a)].

given #435 (T,wt=4): 430 mem(qa,f2(qa)).  [resolve(41,a,20,a)].

given #436 (T,wt=3): 2724 car(f2(qa)).  [resolve(430,a,17,a)].

given #437 (A,wt=58): 419 -car(x) | -car(y) | -car(z) | -car(u) | cen(y) != cen(x) | cen(z) != cen(x) | cen(u) != cen(x) | cen(ca) != cen(x) | y = x | z = x | u = x | qa = x | z = y | u = y | qa = y | u = z | qa = z | qa = u.  [resolve(41,a,36,e),rewrite([111(15)])].

given #438 (F,wt=5): 551 f4(g2) != f1(g2).  [resolve(156,a,25,a)].

given #439 (F,wt=5): 552 f3(g2) != f1(g2).  [resolve(156,a,24,a)].

given #440 (F,wt=5): 553 f2(g2) != f1(g2).  [resolve(156,a,23,a)].

given #441 (F,wt=5): 564 f4(g3) != f3(g3).  [resolve(157,a,28,a)].

given #442 (T,wt=4): 431 mem(qa,f1(qa)).  [resolve(41,a,19,a)].

given #443 (T,wt=3): 3011 car(f1(qa)).  [resolve(431,a,17,a)].

given #444 (T,wt=4): 438 blocked(qb,cen(ca)).  [resolve(42,a,35,a),rewrite([352(3)])].

given #445 (T,wt=3): 3048 mem(ca,qb).  [resolve(438,a,34,c),unit_del(a,43),unit_del(b,42)].

given #446 (A,wt=58): 420 -car(x) | -car(y) | -car(z) | -car(u) | cen(ca) != cen(x) | cen(ca) != cen(y) | cen(ca) != cen(z) | cen(ca) != cen(u) | qa = x | qa = y | qa = z | qa = u | y = x | z = x | u = x | z = y | u = y | u = z.  [resolve(41,a,36,a),rewrite([111(7),111(11),111(15),111(19)]),flip(e),flip(f),flip(g),flip(h),flip(i),flip(j),flip(k),flip(l)].

given #447 (F,wt=5): 565 f4(g3) != f2(g3).  [resolve(157,a,27,a)].

given #448 (F,wt=5): 566 f3(g3) != f2(g3).  [resolve(157,a,26,a)].

given #449 (F,wt=5): 567 f4(g3) != f1(g3).  [resolve(157,a,25,a)].

given #450 (F,wt=5): 568 f3(g3) != f1(g3).  [resolve(157,a,24,a)].

given #451 (T,wt=4): 445 mem(qb,f4(qb)).  [resolve(42,a,22,a)].

given #452 (T,wt=3): 3116 car(f4(qb)).  [resolve(445,a,17,a)].

given #453 (T,wt=4): 446 mem(qb,f3(qb)).  [resolve(42,a,21,a)].

given #454 (T,wt=3): 3157 car(f3(qb)).  [resolve(446,a,17,a)].

given #455 (A,wt=51): 435 -car(x) | -car(y) | -car(z) | cen(ca) != cen(x) | cen(y) != cen(x) | cen(z) != cen(x) | ca = x | y = x | z = x | qa = x | ca = y | ca = z | qa = ca | z = y | qa = y | qa = z.  [factor(419,e,h),flip(l),flip(m),unit_del(b,43)].

given #456 (F,wt=5): 569 f2(g3) != f1(g3).  [resolve(157,a,23,a)].

given #457 (F,wt=5): 580 f4(g4) != f3(g4).  [resolve(158,a,28,a)].

given #458 (F,wt=5): 581 f4(g4) != f2(g4).  [resolve(158,a,27,a)].

given #459 (F,wt=5): 582 f3(g4) != f2(g4).  [resolve(158,a,26,a)].

given #460 (T,wt=4): 447 mem(qb,f2(qb)).  [resolve(42,a,20,a)].

given #461 (T,wt=3): 3200 car(f2(qb)).  [resolve(447,a,17,a)].

given #462 (T,wt=4): 448 mem(qb,f1(qb)).  [resolve(42,a,19,a)].

given #463 (T,wt=3): 3241 car(f1(qb)).  [resolve(448,a,17,a)].

given #464 (A,wt=58): 436 -car(x) | -car(y) | -car(z) | -car(u) | cen(y) != cen(x) | cen(z) != cen(x) | cen(u) != cen(x) | cen(ca) != cen(x) | y = x | z = x | u = x | qb = x | z = y | u = y | qb = y | u = z | qb = z | qb = u.  [resolve(42,a,36,e),rewrite([352(15)])].

given #465 (F,wt=5): 583 f4(g4) != f1(g4).  [resolve(158,a,25,a)].

given #466 (F,wt=5): 584 f3(g4) != f1(g4).  [resolve(158,a,24,a)].

given #467 (F,wt=5): 585 f2(g4) != f1(g4).  [resolve(158,a,23,a)].

given #468 (F,wt=5): 596 f4(g5) != f3(g5).  [resolve(159,a,28,a)].

given #469 (T,wt=4): 454 blocked(ca,cen(ca)).  [resolve(43,a,35,a)].

given #470 (T,wt=4): 461 mem(ca,f4(ca)).  [resolve(43,a,22,a)].

given #471 (T,wt=3): 3554 car(f4(ca)).  [resolve(461,a,17,a)].

given #472 (T,wt=4): 462 mem(ca,f3(ca)).  [resolve(43,a,21,a)].

given #473 (A,wt=58): 437 -car(x) | -car(y) | -car(z) | -car(u) | cen(ca) != cen(x) | cen(ca) != cen(y) | cen(ca) != cen(z) | cen(ca) != cen(u) | qb = x | qb = y | qb = z | qb = u | y = x | z = x | u = x | z = y | u = y | u = z.  [resolve(42,a,36,a),rewrite([352(7),352(11),352(15),352(19)]),flip(e),flip(f),flip(g),flip(h),flip(i),flip(j),flip(k),flip(l)].

given #474 (F,wt=5): 597 f4(g5) != f2(g5).  [resolve(159,a,27,a)].

given #475 (F,wt=5): 598 f3(g5) != f2(g5).  [resolve(159,a,26,a)].

given #476 (F,wt=5): 599 f4(g5) != f1(g5).  [resolve(159,a,25,a)].

given #477 (F,wt=5): 600 f3(g5) != f1(g5).  [resolve(159,a,24,a)].

given #478 (T,wt=3): 3603 car(f3(ca)).  [resolve(462,a,17,a)].

given #479 (T,wt=4): 463 mem(ca,f2(ca)).  [resolve(43,a,20,a)].

given #480 (T,wt=3): 3719 car(f2(ca)).  [resolve(463,a,17,a)].

given #481 (T,wt=4): 464 mem(ca,f1(ca)).  [resolve(43,a,19,a)].

given #482 (A,wt=51): 451 -car(x) | -car(y) | -car(z) | cen(ca) != cen(x) | cen(y) != cen(x) | cen(z) != cen(x) | ca = x | y = x | z = x | qb = x | ca = y | ca = z | qb = ca | z = y | qb = y | qb = z.  [factor(436,e,h),flip(l),flip(m),unit_del(b,43)].

given #483 (F,wt=5): 601 f2(g5) != f1(g5).  [resolve(159,a,23,a)].

given #484 (F,wt=5): 612 f4(g6) != f3(g6).  [resolve(160,a,28,a)].

given #485 (F,wt=5): 613 f4(g6) != f2(g6).  [resolve(160,a,27,a)].

given #486 (F,wt=5): 614 f3(g6) != f2(g6).  [resolve(160,a,26,a)].

given #487 (T,wt=3): 3769 car(f1(ca)).  [resolve(464,a,17,a)].

given #488 (T,wt=4): 469 blocked(cb,cen(ca)).  [resolve(44,a,35,a),rewrite([113(3)])].

given #489 (T,wt=3): 3813 mem(ca,cb).  [resolve(469,a,34,c),unit_del(a,43),unit_del(b,44)].

given #490 (T,wt=4): 476 mem(cb,f4(cb)).  [resolve(44,a,22,a)].

given #491 (A,wt=58): 452 -car(x) | -car(y) | -car(z) | -car(u) | cen(y) != cen(x) | cen(z) != cen(x) | cen(u) != cen(x) | cen(ca) != cen(x) | y = x | z = x | u = x | ca = x | z = y | u = y | ca = y | u = z | ca = z | ca = u.  [resolve(43,a,36,e)].

given #492 (F,wt=5): 615 f4(g6) != f1(g6).  [resolve(160,a,25,a)].

given #493 (F,wt=5): 616 f3(g6) != f1(g6).  [resolve(160,a,24,a)].

given #494 (F,wt=5): 617 f2(g6) != f1(g6).  [resolve(160,a,23,a)].

given #495 (F,wt=5): 628 f4(g7) != f3(g7).  [resolve(161,a,28,a)].

given #496 (T,wt=3): 3824 car(f4(cb)).  [resolve(476,a,17,a)].

given #497 (T,wt=4): 477 mem(cb,f3(cb)).  [resolve(44,a,21,a)].

given #498 (T,wt=3): 4017 car(f3(cb)).  [resolve(477,a,17,a)].

given #499 (T,wt=4): 478 mem(cb,f2(cb)).  [resolve(44,a,20,a)].

NOTE: Back_subsumption disabled, ratio of kept to back_subsumed is 1973 (0.00 of 0.55 sec).

given #500 (A,wt=58): 453 -car(x) | -car(y) | -car(z) | -car(u) | cen(ca) != cen(x) | cen(ca) != cen(y) | cen(ca) != cen(z) | cen(ca) != cen(u) | ca = x | ca = y | ca = z | ca = u | y = x | z = x | u = x | z = y | u = y | u = z.  [resolve(43,a,36,a),flip(e),flip(f),flip(g),flip(h),flip(i),flip(j),flip(k),flip(l)].

given #501 (F,wt=5): 629 f4(g7) != f2(g7).  [resolve(161,a,27,a)].

given #502 (F,wt=5): 630 f3(g7) != f2(g7).  [resolve(161,a,26,a)].

given #503 (F,wt=5): 631 f4(g7) != f1(g7).  [resolve(161,a,25,a)].

given #504 (F,wt=5): 632 f3(g7) != f1(g7).  [resolve(161,a,24,a)].

given #505 (T,wt=3): 4069 car(f2(cb)).  [resolve(478,a,17,a)].

given #506 (T,wt=4): 479 mem(cb,f1(cb)).  [resolve(44,a,19,a)].

given #507 (T,wt=3): 4193 car(f1(cb)).  [resolve(479,a,17,a)].

given #508 (T,wt=4): 485 blocked(oa,cen(oa)).  [resolve(45,a,35,a)].

given #509 (A,wt=58): 467 -car(x) | -car(y) | -car(z) | -car(u) | cen(y) != cen(x) | cen(z) != cen(x) | cen(u) != cen(x) | cen(ca) != cen(x) | y = x | z = x | u = x | cb = x | z = y | u = y | cb = y | u = z | cb = z | cb = u.  [resolve(44,a,36,e),rewrite([113(15)])].

given #510 (F,wt=5): 633 f2(g7) != f1(g7).  [resolve(161,a,23,a)].

given #511 (F,wt=5): 644 f4(g8) != f3(g8).  [resolve(162,a,28,a)].

given #512 (F,wt=5): 645 f4(g8) != f2(g8).  [resolve(162,a,27,a)].

given #513 (F,wt=5): 646 f3(g8) != f2(g8).  [resolve(162,a,26,a)].

given #514 (T,wt=4): 492 mem(oa,f4(oa)).  [resolve(45,a,22,a)].

given #515 (T,wt=3): 4538 car(f4(oa)).  [resolve(492,a,17,a)].

given #516 (T,wt=4): 493 mem(oa,f3(oa)).  [resolve(45,a,21,a)].

given #517 (T,wt=3): 4591 car(f3(oa)).  [resolve(493,a,17,a)].

given #518 (A,wt=58): 468 -car(x) | -car(y) | -car(z) | -car(u) | cen(ca) != cen(x) | cen(ca) != cen(y) | cen(ca) != cen(z) | cen(ca) != cen(u) | cb = x | cb = y | cb = z | cb = u | y = x | z = x | u = x | z = y | u = y | u = z.  [resolve(44,a,36,a),rewrite([113(7),113(11),113(15),113(19)]),flip(e),flip(f),flip(g),flip(h),flip(i),flip(j),flip(k),flip(l)].

given #519 (F,wt=5): 647 f4(g8) != f1(g8).  [resolve(162,a,25,a)].

given #520 (F,wt=5): 648 f3(g8) != f1(g8).  [resolve(162,a,24,a)].

given #521 (F,wt=5): 649 f2(g8) != f1(g8).  [resolve(162,a,23,a)].

given #522 (F,wt=5): 660 f4(g9) != f3(g9).  [resolve(163,a,28,a)].

given #523 (T,wt=4): 494 mem(oa,f2(oa)).  [resolve(45,a,20,a)].

given #524 (T,wt=3): 4719 car(f2(oa)).  [resolve(494,a,17,a)].

given #525 (T,wt=4): 495 mem(oa,f1(oa)).  [resolve(45,a,19,a)].

given #526 (T,wt=3): 4773 car(f1(oa)).  [resolve(495,a,17,a)].

given #527 (A,wt=48): 482 -car(x) | -car(y) | -car(z) | cen(ca) != cen(x) | cen(y) != cen(x) | cen(z) != cen(x) | ca = x | y = x | z = x | cb = x | ca = y | ca = z | z = y | cb = y | cb = z.  [factor(467,e,h),flip(l),flip(m),unit_del(b,43),unit_del(n,61)].

given #528 (F,wt=5): 661 f4(g9) != f2(g9).  [resolve(163,a,27,a)].

given #529 (F,wt=5): 662 f3(g9) != f2(g9).  [resolve(163,a,26,a)].

given #530 (F,wt=5): 663 f4(g9) != f1(g9).  [resolve(163,a,25,a)].

given #531 (F,wt=5): 664 f3(g9) != f1(g9).  [resolve(163,a,24,a)].

given #532 (T,wt=4): 515 blocked(g0,cen(g0)).  [resolve(154,a,35,a)].

given #533 (T,wt=4): 522 mem(g0,f4(g0)).  [resolve(154,a,22,a)].

given #534 (T,wt=3): 4827 car(f4(g0)).  [resolve(522,a,17,a)].

given #535 (T,wt=4): 523 mem(g0,f3(g0)).  [resolve(154,a,21,a)].

given #536 (A,wt=58): 483 -car(x) | -car(y) | -car(z) | -car(u) | cen(y) != cen(x) | cen(z) != cen(x) | cen(u) != cen(x) | cen(oa) != cen(x) | y = x | z = x | u = x | oa = x | z = y | u = y | oa = y | u = z | oa = z | oa = u.  [resolve(45,a,36,e)].

given #537 (F,wt=5): 665 f2(g9) != f1(g9).  [resolve(163,a,23,a)].

given #538 (F,wt=5): 676 f4(g10) != f3(g10).  [resolve(164,a,28,a)].

given #539 (F,wt=5): 677 f4(g10) != f2(g10).  [resolve(164,a,27,a)].

given #540 (F,wt=5): 678 f3(g10) != f2(g10).  [resolve(164,a,26,a)].

given #541 (T,wt=3): 4881 car(f3(g0)).  [resolve(523,a,17,a)].

given #542 (T,wt=4): 524 mem(g0,f2(g0)).  [resolve(154,a,20,a)].

given #543 (T,wt=3): 5094 car(f2(g0)).  [resolve(524,a,17,a)].

given #544 (T,wt=4): 525 mem(g0,f1(g0)).  [resolve(154,a,19,a)].

given #545 (A,wt=58): 484 -car(x) | -car(y) | -car(z) | -car(u) | cen(oa) != cen(x) | cen(oa) != cen(y) | cen(oa) != cen(z) | cen(oa) != cen(u) | oa = x | oa = y | oa = z | oa = u | y = x | z = x | u = x | z = y | u = y | u = z.  [resolve(45,a,36,a),flip(e),flip(f),flip(g),flip(h),flip(i),flip(j),flip(k),flip(l)].

given #546 (F,wt=5): 679 f4(g10) != f1(g10).  [resolve(164,a,25,a)].

given #547 (F,wt=5): 680 f3(g10) != f1(g10).  [resolve(164,a,24,a)].

given #548 (F,wt=5): 681 f2(g10) != f1(g10).  [resolve(164,a,23,a)].

given #549 (F,wt=5): 692 f4(g11) != f3(g11).  [resolve(165,a,28,a)].

given #550 (T,wt=3): 5150 car(f1(g0)).  [resolve(525,a,17,a)].

given #551 (T,wt=4): 531 blocked(g1,cen(g1)).  [resolve(155,a,35,a)].

given #552 (T,wt=4): 538 mem(g1,f4(g1)).  [resolve(155,a,22,a)].

given #553 (T,wt=3): 5287 car(f4(g1)).  [resolve(538,a,17,a)].

given #554 (A,wt=31): 499 -car(x) | cen(ca) = cen(x) | -mem(x,y) | -mem(qa,y) | -mem(x,z) | -mem(qa,z) | -mem(x,qb) | z = y | qb = y | qb = z.  [resolve(102,a,33,i),rewrite([111(5)]),unit_del(b,41)].

given #555 (F,wt=5): 693 f4(g11) != f2(g11).  [resolve(165,a,27,a)].

given #556 (F,wt=5): 694 f3(g11) != f2(g11).  [resolve(165,a,26,a)].

given #557 (F,wt=5): 695 f4(g11) != f1(g11).  [resolve(165,a,25,a)].

given #558 (F,wt=5): 696 f3(g11) != f1(g11).  [resolve(165,a,24,a)].

given #559 (T,wt=4): 539 mem(g1,f3(g1)).  [resolve(155,a,21,a)].

given #560 (T,wt=3): 5407 car(f3(g1)).  [resolve(539,a,17,a)].

given #561 (T,wt=4): 540 mem(g1,f2(g1)).  [resolve(155,a,20,a)].

given #562 (T,wt=3): 5465 car(f2(g1)).  [resolve(540,a,17,a)].

given #563 (A,wt=10): 500 -car(x) | cen(ca) != cen(x) | mem(x,qb).  [resolve(102,a,32,e),rewrite([111(5)]),unit_del(b,41)].

given #564 (F,wt=5): 697 f2(g11) != f1(g11).  [resolve(165,a,23,a)].

given #565 (F,wt=5): 708 f4(g12) != f3(g12).  [resolve(166,a,28,a)].

given #566 (F,wt=5): 709 f4(g12) != f2(g12).  [resolve(166,a,27,a)].

given #567 (F,wt=5): 710 f3(g12) != f2(g12).  [resolve(166,a,26,a)].

given #568 (T,wt=3): 5603 mem(cb,qb).  [resolve(500,a,44,a),rewrite([113(4)]),xx(a)].

given #569 (T,wt=4): 541 mem(g1,f1(g1)).  [resolve(155,a,19,a)].

given #570 (T,wt=3): 5611 car(f1(g1)).  [resolve(541,a,17,a)].

given #571 (T,wt=4): 547 blocked(g2,cen(g2)).  [resolve(156,a,35,a)].

given #572 (A,wt=16): 501 f1(qa) = qb | f2(qa) = qb | f3(qa) = qb | f4(qa) = qb.  [resolve(102,a,30,b),unit_del(a,41)].

given #573 (F,wt=5): 711 f4(g12) != f1(g12).  [resolve(166,a,25,a)].

given #574 (F,wt=5): 712 f3(g12) != f1(g12).  [resolve(166,a,24,a)].

given #575 (F,wt=5): 713 f2(g12) != f1(g12).  [resolve(166,a,23,a)].

given #576 (F,wt=5): 724 f4(g13) != f3(g13).  [resolve(167,a,28,a)].

given #577 (T,wt=4): 554 mem(g2,f4(g2)).  [resolve(156,a,22,a)].

given #578 (T,wt=3): 5670 car(f4(g2)).  [resolve(554,a,17,a)].

given #579 (T,wt=4): 555 mem(g2,f3(g2)).  [resolve(156,a,21,a)].

given #580 (T,wt=3): 5729 car(f3(g2)).  [resolve(555,a,17,a)].

given #581 (A,wt=30): 502 -car(x) | cen(ca) = cen(x) | -mem(x,cen(x)) | -mem(qa,cen(x)) | -mem(x,cen(ca)) | -mem(qa,cen(ca)) | -mem(x,qb) | cen(x) = qb.  [factor(499,b,h),flip(h),flip(i),unit_del(i,450)].

given #582 (F,wt=5): 725 f4(g13) != f2(g13).  [resolve(167,a,27,a)].

given #583 (F,wt=5): 726 f3(g13) != f2(g13).  [resolve(167,a,26,a)].

given #584 (F,wt=5): 727 f4(g13) != f1(g13).  [resolve(167,a,25,a)].

given #585 (F,wt=5): 728 f3(g13) != f1(g13).  [resolve(167,a,24,a)].

given #586 (T,wt=4): 556 mem(g2,f2(g2)).  [resolve(156,a,20,a)].

given #587 (T,wt=3): 5790 car(f2(g2)).  [resolve(556,a,17,a)].

given #588 (T,wt=4): 557 mem(g2,f1(g2)).  [resolve(156,a,19,a)].

given #589 (T,wt=3): 5849 car(f1(g2)).  [resolve(557,a,17,a)].

given #590 (A,wt=31): 503 -car(x) | cen(ca) = cen(x) | -mem(x,y) | -mem(qb,y) | -mem(x,z) | -mem(qb,z) | -mem(x,qa) | z = y | qa = y | qa = z.  [resolve(103,a,33,i),rewrite([352(5)]),unit_del(b,42)].

given #591 (F,wt=5): 729 f2(g13) != f1(g13).  [resolve(167,a,23,a)].

given #592 (F,wt=5): 740 f4(g14) != f3(g14).  [resolve(168,a,28,a)].

given #593 (F,wt=5): 741 f4(g14) != f2(g14).  [resolve(168,a,27,a)].

given #594 (F,wt=5): 742 f3(g14) != f2(g14).  [resolve(168,a,26,a)].

given #595 (T,wt=4): 563 blocked(g3,cen(g3)).  [resolve(157,a,35,a)].

given #596 (T,wt=4): 570 mem(g3,f4(g3)).  [resolve(157,a,22,a)].

given #597 (T,wt=3): 5975 car(f4(g3)).  [resolve(570,a,17,a)].

given #598 (T,wt=4): 571 mem(g3,f3(g3)).  [resolve(157,a,21,a)].

given #599 (A,wt=10): 504 -car(x) | cen(ca) != cen(x) | mem(x,qa).  [resolve(103,a,32,e),rewrite([352(5)]),unit_del(b,42)].

given #600 (F,wt=5): 743 f4(g14) != f1(g14).  [resolve(168,a,25,a)].

given #601 (F,wt=5): 744 f3(g14) != f1(g14).  [resolve(168,a,24,a)].

given #602 (F,wt=5): 745 f2(g14) != f1(g14).  [resolve(168,a,23,a)].

given #603 (F,wt=5): 756 f4(c1) != f3(c1).  [resolve(339,a,28,a)].

given #604 (T,wt=3): 6035 car(f3(g3)).  [resolve(571,a,17,a)].

given #605 (T,wt=3): 6126 mem(cb,qa).  [resolve(504,a,44,a),rewrite([113(4)]),xx(a)].

given #606 (T,wt=4): 572 mem(g3,f2(g3)).  [resolve(157,a,20,a)].

given #607 (T,wt=3): 6190 car(f2(g3)).  [resolve(572,a,17,a)].

given #608 (A,wt=16): 505 f1(qb) = qa | f2(qb) = qa | f3(qb) = qa | f4(qb) = qa.  [resolve(103,a,30,b),unit_del(a,42)].

given #609 (F,wt=5): 757 f4(c1) != f2(c1).  [resolve(339,a,27,a)].

given #610 (F,wt=5): 758 f3(c1) != f2(c1).  [resolve(339,a,26,a)].

given #611 (F,wt=5): 759 f4(c1) != f1(c1).  [resolve(339,a,25,a)].

given #612 (F,wt=5): 760 f3(c1) != f1(c1).  [resolve(339,a,24,a)].

given #613 (T,wt=4): 573 mem(g3,f1(g3)).  [resolve(157,a,19,a)].

given #614 (T,wt=3): 6251 car(f1(g3)).  [resolve(573,a,17,a)].

given #615 (T,wt=4): 579 blocked(g4,cen(g4)).  [resolve(158,a,35,a)].

given #616 (T,wt=4): 586 mem(g4,f4(g4)).  [resolve(158,a,22,a)].

given #617 (A,wt=30): 506 -car(x) | cen(ca) = cen(x) | -mem(x,cen(x)) | -mem(qb,cen(x)) | -mem(x,cen(ca)) | -mem(qb,cen(ca)) | -mem(x,qa) | cen(x) = qa.  [factor(503,b,h),flip(h),flip(i),unit_del(i,433)].

given #618 (F,wt=5): 761 f2(c1) != f1(c1).  [resolve(339,a,23,a)].

given #619 (F,wt=5): 852 f4(c2) != f3(c2).  [resolve(772,a,28,a)].

given #620 (F,wt=5): 853 f4(c2) != f2(c2).  [resolve(772,a,27,a)].

given #621 (F,wt=5): 854 f3(c2) != f2(c2).  [resolve(772,a,26,a)].

given #622 (T,wt=3): 6312 car(f4(g4)).  [resolve(586,a,17,a)].

given #623 (T,wt=4): 587 mem(g4,f3(g4)).  [resolve(158,a,21,a)].

given #624 (T,wt=3): 6375 car(f3(g4)).  [resolve(587,a,17,a)].

given #625 (T,wt=4): 588 mem(g4,f2(g4)).  [resolve(158,a,20,a)].

given #626 (A,wt=9): 507 -car(x) | -blocked(x,cen(ca)) | mem(qa,x).  [para(111(a,1),34(c,2)),unit_del(a,41)].

given #627 (F,wt=5): 855 f4(c2) != f1(c2).  [resolve(772,a,25,a)].

given #628 (F,wt=5): 856 f3(c2) != f1(c2).  [resolve(772,a,24,a)].

given #629 (F,wt=5): 857 f2(c2) != f1(c2).  [resolve(772,a,23,a)].

given #630 (F,wt=5): 870 f4(c3) != f3(c3).  [resolve(781,a,28,a)].

given #631 (T,wt=3): 6436 car(f2(g4)).  [resolve(588,a,17,a)].

given #632 (T,wt=3): 6437 mem(qa,cb).  [resolve(507,b,469,a),unit_del(a,44)].

given #633 (T,wt=3): 6438 mem(qa,ca).  [resolve(507,b,454,a),unit_del(a,43)].

given #634 (T,wt=4): 589 mem(g4,f1(g4)).  [resolve(158,a,19,a)].

given #635 (A,wt=9): 508 -car(x) | -blocked(x,cen(ca)) | mem(cb,x).  [para(113(a,1),34(c,2)),unit_del(a,44)].

given #636 (F,wt=5): 871 f4(c3) != f2(c3).  [resolve(781,a,27,a)].

given #637 (F,wt=5): 872 f3(c3) != f2(c3).  [resolve(781,a,26,a)].

given #638 (F,wt=5): 873 f4(c3) != f1(c3).  [resolve(781,a,25,a)].

given #639 (F,wt=5): 874 f3(c3) != f1(c3).  [resolve(781,a,24,a)].

given #640 (T,wt=3): 6507 car(f1(g4)).  [resolve(589,a,17,a)].

given #641 (T,wt=3): 6508 mem(cb,ca).  [resolve(508,b,454,a),unit_del(a,43)].

given #642 (T,wt=4): 595 blocked(g5,cen(g5)).  [resolve(159,a,35,a)].

given #643 (T,wt=4): 602 mem(g5,f4(g5)).  [resolve(159,a,22,a)].

given #644 (A,wt=12): 509 co = pa | co = pb | co = ra | -mem(ca,rb).  [para(120(d,1),121(a,2))].

given #645 (F,wt=5): 875 f2(c3) != f1(c3).  [resolve(781,a,23,a)].

given #646 (F,wt=5): 888 f4(c4) != f3(c4).  [resolve(790,a,28,a)].

given #647 (F,wt=5): 889 f4(c4) != f2(c4).  [resolve(790,a,27,a)].

given #648 (F,wt=5): 890 f3(c4) != f2(c4).  [resolve(790,a,26,a)].

given #649 (T,wt=3): 6572 car(f4(g5)).  [resolve(602,a,17,a)].

given #650 (T,wt=4): 603 mem(g5,f3(g5)).  [resolve(159,a,21,a)].

given #651 (T,wt=3): 6633 car(f3(g5)).  [resolve(603,a,17,a)].

given #652 (T,wt=4): 604 mem(g5,f2(g5)).  [resolve(159,a,20,a)].

given #653 (A,wt=12): 510 co = pa | co = pb | co = ra | -mem(cb,rb).  [para(120(d,1),122(a,2))].

given #654 (F,wt=5): 891 f4(c4) != f1(c4).  [resolve(790,a,25,a)].

given #655 (F,wt=5): 892 f3(c4) != f1(c4).  [resolve(790,a,24,a)].

given #656 (F,wt=5): 893 f2(c4) != f1(c4).  [resolve(790,a,23,a)].

given #657 (F,wt=6): 942 cen(cen(pa)) != cen(pa).  [resolve(370,a,15,a)].

given #658 (T,wt=3): 6694 car(f2(g5)).  [resolve(604,a,17,a)].

given #659 (T,wt=4): 605 mem(g5,f1(g5)).  [resolve(159,a,19,a)].

given #660 (T,wt=3): 6755 car(f1(g5)).  [resolve(605,a,17,a)].

given #661 (T,wt=4): 611 blocked(g6,cen(g6)).  [resolve(160,a,35,a)].

given #662 (A,wt=9): 511 -car(x) | -blocked(x,cen(pa)) | mem(pb,x).  [para(150(a,1),34(c,2)),unit_del(a,38)].

given #663 (F,wt=6): 969 cen(cen(ra)) != cen(ra).  [resolve(402,a,15,a)].

given #664 (F,wt=6): 995 cen(cen(ca)) != cen(ca).  [resolve(434,a,15,a)].

given #665 (F,wt=6): 1029 cen(cen(oa)) != cen(oa).  [resolve(498,a,15,a)].

given #666 (F,wt=6): 1052 cen(cen(g0)) != cen(g0).  [resolve(528,a,15,a)].

given #667 (T,wt=3): 6811 mem(pb,pa).  [resolve(511,b,357,a),unit_del(a,37)].

given #668 (T,wt=4): 618 mem(g6,f4(g6)).  [resolve(160,a,22,a)].

given #669 (T,wt=3): 6822 car(f4(g6)).  [resolve(618,a,17,a)].

given #670 (T,wt=4): 619 mem(g6,f3(g6)).  [resolve(160,a,21,a)].

given #671 (A,wt=9): 512 -car(x) | -blocked(x,cen(ra)) | mem(rb,x).  [para(152(a,1),34(c,2)),unit_del(a,40)].

given #672 (F,wt=6): 1075 cen(cen(g1)) != cen(g1).  [resolve(544,a,15,a)].

given #673 (F,wt=6): 1098 cen(cen(g2)) != cen(g2).  [resolve(560,a,15,a)].

given #674 (F,wt=6): 1121 cen(cen(g3)) != cen(g3).  [resolve(576,a,15,a)].

given #675 (F,wt=6): 1144 cen(cen(g4)) != cen(g4).  [resolve(592,a,15,a)].

given #676 (T,wt=3): 6883 car(f3(g6)).  [resolve(619,a,17,a)].

given #677 (T,wt=3): 6884 mem(rb,ra).  [resolve(512,b,389,a),unit_del(a,39)].

given #678 (T,wt=4): 620 mem(g6,f2(g6)).  [resolve(160,a,20,a)].

given #679 (T,wt=3): 6950 car(f2(g6)).  [resolve(620,a,17,a)].

given #680 (A,wt=58): 513 -car(x) | -car(y) | -car(z) | -car(u) | cen(y) != cen(x) | cen(z) != cen(x) | cen(u) != cen(x) | cen(g0) != cen(x) | y = x | z = x | u = x | g0 = x | z = y | u = y | g0 = y | u = z | g0 = z | g0 = u.  [resolve(154,a,36,e)].

given #681 (F,wt=6): 1167 cen(cen(g5)) != cen(g5).  [resolve(608,a,15,a)].

given #682 (F,wt=6): 1190 cen(cen(g6)) != cen(g6).  [resolve(624,a,15,a)].

given #683 (F,wt=6): 1213 cen(cen(g7)) != cen(g7).  [resolve(640,a,15,a)].

given #684 (F,wt=6): 1240 cen(cen(g8)) != cen(g8).  [resolve(656,a,15,a)].

given #685 (T,wt=4): 621 mem(g6,f1(g6)).  [resolve(160,a,19,a)].

given #686 (T,wt=3): 7218 car(f1(g6)).  [resolve(621,a,17,a)].

given #687 (T,wt=4): 627 blocked(g7,cen(g7)).  [resolve(161,a,35,a)].

given #688 (T,wt=4): 634 mem(g7,f4(g7)).  [resolve(161,a,22,a)].

given #689 (A,wt=58): 514 -car(x) | -car(y) | -car(z) | -car(u) | cen(g0) != cen(x) | cen(g0) != cen(y) | cen(g0) != cen(z) | cen(g0) != cen(u) | g0 = x | g0 = y | g0 = z | g0 = u | y = x | z = x | u = x | z = y | u = y | u = z.  [resolve(154,a,36,a),flip(e),flip(f),flip(g),flip(h),flip(i),flip(j),flip(k),flip(l)].

given #690 (F,wt=6): 1263 cen(cen(g9)) != cen(g9).  [resolve(672,a,15,a)].

given #691 (F,wt=6): 1290 cen(cen(g10)) != cen(g10).  [resolve(688,a,15,a)].

given #692 (F,wt=6): 1313 cen(cen(g11)) != cen(g11).  [resolve(704,a,15,a)].

given #693 (F,wt=6): 1340 cen(cen(g12)) != cen(g12).  [resolve(720,a,15,a)].

given #694 (T,wt=3): 7281 car(f4(g7)).  [resolve(634,a,17,a)].

given #695 (T,wt=4): 635 mem(g7,f3(g7)).  [resolve(161,a,21,a)].

given #696 (T,wt=3): 7449 car(f3(g7)).  [resolve(635,a,17,a)].

given #697 (T,wt=4): 636 mem(g7,f2(g7)).  [resolve(161,a,20,a)].

given #698 (A,wt=58): 529 -car(x) | -car(y) | -car(z) | -car(u) | cen(y) != cen(x) | cen(z) != cen(x) | cen(u) != cen(x) | cen(g1) != cen(x) | y = x | z = x | u = x | g1 = x | z = y | u = y | g1 = y | u = z | g1 = z | g1 = u.  [resolve(155,a,36,e)].

Low Water (keep): wt=64.000, iters=6743

given #699 (F,wt=6): 1363 cen(cen(g13)) != cen(g13).  [resolve(736,a,15,a)].

given #700 (F,wt=6): 1390 cen(cen(g14)) != cen(g14).  [resolve(752,a,15,a)].

given #701 (F,wt=6): 1413 cen(cen(c1)) != cen(c1).  [resolve(768,a,15,a)].

given #702 (F,wt=6): 1616 cen(cen(c2)) != cen(c2).  [resolve(864,a,15,a)].

given #703 (T,wt=3): 7513 car(f2(g7)).  [resolve(636,a,17,a)].

given #704 (T,wt=4): 637 mem(g7,f1(g7)).  [resolve(161,a,19,a)].

given #705 (T,wt=3): 7690 car(f1(g7)).  [resolve(637,a,17,a)].

given #706 (T,wt=4): 643 blocked(g8,cen(g8)).  [resolve(162,a,35,a)].

given #707 (A,wt=58): 530 -car(x) | -car(y) | -car(z) | -car(u) | cen(g1) != cen(x) | cen(g1) != cen(y) | cen(g1) != cen(z) | cen(g1) != cen(u) | g1 = x | g1 = y | g1 = z | g1 = u | y = x | z = x | u = x | z = y | u = y | u = z.  [resolve(155,a,36,a),flip(e),flip(f),flip(g),flip(h),flip(i),flip(j),flip(k),flip(l)].

given #708 (F,wt=6): 1643 cen(cen(c3)) != cen(c3).  [resolve(882,a,15,a)].

given #709 (F,wt=6): 1712 cen(cen(c4)) != cen(c4).  [resolve(900,a,15,a)].

given #710 (F,wt=6): 1736 cen(f4(pa)) != f4(pa).  [resolve(1218,a,15,a)].

given #711 (F,wt=6): 1760 cen(f3(pa)) != f3(pa).  [resolve(1268,a,15,a)].

given #712 (T,wt=4): 650 mem(g8,f4(g8)).  [resolve(162,a,22,a)].

given #713 (T,wt=3): 7851 car(f4(g8)).  [resolve(650,a,17,a)].

given #714 (T,wt=4): 651 mem(g8,f3(g8)).  [resolve(162,a,21,a)].

given #715 (T,wt=3): 7906 car(f3(g8)).  [resolve(651,a,17,a)].

given #716 (A,wt=58): 545 -car(x) | -car(y) | -car(z) | -car(u) | cen(y) != cen(x) | cen(z) != cen(x) | cen(u) != cen(x) | cen(g2) != cen(x) | y = x | z = x | u = x | g2 = x | z = y | u = y | g2 = y | u = z | g2 = z | g2 = u.  [resolve(156,a,36,e)].

given #717 (F,wt=6): 1785 cen(f2(pa)) != f2(pa).  [resolve(1318,a,15,a)].

given #718 (F,wt=6): 1809 cen(f1(pa)) != f1(pa).  [resolve(1368,a,15,a)].

given #719 (F,wt=6): 1844 cen(f4(pb)) != f4(pb).  [resolve(1819,a,15,a)].

given #720 (F,wt=6): 1868 cen(f3(pb)) != f3(pb).  [resolve(1823,a,15,a)].

given #721 (T,wt=4): 652 mem(g8,f2(g8)).  [resolve(162,a,20,a)].

given #722 (T,wt=3): 8086 car(f2(g8)).  [resolve(652,a,17,a)].

given #723 (T,wt=4): 653 mem(g8,f1(g8)).  [resolve(162,a,19,a)].

given #724 (T,wt=3): 8142 car(f1(g8)).  [resolve(653,a,17,a)].

given #725 (A,wt=58): 546 -car(x) | -car(y) | -car(z) | -car(u) | cen(g2) != cen(x) | cen(g2) != cen(y) | cen(g2) != cen(z) | cen(g2) != cen(u) | g2 = x | g2 = y | g2 = z | g2 = u | y = x | z = x | u = x | z = y | u = y | u = z.  [resolve(156,a,36,a),flip(e),flip(f),flip(g),flip(h),flip(i),flip(j),flip(k),flip(l)].

given #726 (F,wt=6): 1896 cen(f2(pb)) != f2(pb).  [resolve(1875,a,15,a)].

given #727 (F,wt=6): 1924 cen(f1(pb)) != f1(pb).  [resolve(1903,a,15,a)].

given #728 (F,wt=6): 1952 cen(f4(ra)) != f4(ra).  [resolve(1931,a,15,a)].

given #729 (F,wt=6): 1982 cen(f3(ra)) != f3(ra).  [resolve(1959,a,15,a)].

given #730 (T,wt=4): 659 blocked(g9,cen(g9)).  [resolve(163,a,35,a)].

given #731 (T,wt=4): 666 mem(g9,f4(g9)).  [resolve(163,a,22,a)].

given #732 (T,wt=3): 8308 car(f4(g9)).  [resolve(666,a,17,a)].

given #733 (T,wt=4): 667 mem(g9,f3(g9)).  [resolve(163,a,21,a)].

given #734 (A,wt=58): 561 -car(x) | -car(y) | -car(z) | -car(u) | cen(y) != cen(x) | cen(z) != cen(x) | cen(u) != cen(x) | cen(g3) != cen(x) | y = x | z = x | u = x | g3 = x | z = y | u = y | g3 = y | u = z | g3 = z | g3 = u.  [resolve(157,a,36,e)].

given #735 (F,wt=6): 2010 cen(f2(ra)) != f2(ra).  [resolve(1987,a,15,a)].

given #736 (F,wt=6): 2155 cen(f1(ra)) != f1(ra).  [resolve(2130,a,15,a)].

given #737 (F,wt=6): 2244 cen(f4(rb)) != f4(rb).  [resolve(2218,a,15,a)].

given #738 (F,wt=6): 2275 cen(f3(rb)) != f3(rb).  [resolve(2249,a,15,a)].

given #739 (T,wt=3): 8365 car(f3(g9)).  [resolve(667,a,17,a)].

Low Water (keep): wt=61.000, iters=6667

given #740 (T,wt=4): 668 mem(g9,f2(g9)).  [resolve(163,a,20,a)].

given #741 (T,wt=3): 8523 car(f2(g9)).  [resolve(668,a,17,a)].

given #742 (T,wt=4): 669 mem(g9,f1(g9)).  [resolve(163,a,19,a)].

given #743 (A,wt=58): 562 -car(x) | -car(y) | -car(z) | -car(u) | cen(g3) != cen(x) | cen(g3) != cen(y) | cen(g3) != cen(z) | cen(g3) != cen(u) | g3 = x | g3 = y | g3 = z | g3 = u | y = x | z = x | u = x | z = y | u = y | u = z.  [resolve(157,a,36,a),flip(e),flip(f),flip(g),flip(h),flip(i),flip(j),flip(k),flip(l)].

given #744 (F,wt=6): 2548 cen(f2(rb)) != f2(rb).  [resolve(2520,a,15,a)].

given #745 (F,wt=6): 2583 cen(f1(rb)) != f1(rb).  [resolve(2555,a,15,a)].

given #746 (F,wt=6): 2681 cen(f4(qa)) != f4(qa).  [resolve(2652,a,15,a)].

given #747 (F,wt=6): 2719 cen(f3(qa)) != f3(qa).  [resolve(2688,a,15,a)].

given #748 (T,wt=3): 8555 car(f1(g9)).  [resolve(669,a,17,a)].

given #749 (T,wt=4): 675 blocked(g10,cen(g10)).  [resolve(164,a,35,a)].

given #750 (T,wt=4): 682 mem(g10,f4(g10)).  [resolve(164,a,22,a)].

given #751 (T,wt=3): 8604 car(f4(g10)).  [resolve(682,a,17,a)].

given #752 (A,wt=58): 577 -car(x) | -car(y) | -car(z) | -car(u) | cen(y) != cen(x) | cen(z) != cen(x) | cen(u) != cen(x) | cen(g4) != cen(x) | y = x | z = x | u = x | g4 = x | z = y | u = y | g4 = y | u = z | g4 = z | g4 = u.  [resolve(158,a,36,e)].

given #753 (F,wt=6): 2755 cen(f2(qa)) != f2(qa).  [resolve(2724,a,15,a)].

given #754 (F,wt=6): 3044 cen(f1(qa)) != f1(qa).  [resolve(3011,a,15,a)].

given #755 (F,wt=6): 3150 cen(f4(qb)) != f4(qb).  [resolve(3116,a,15,a)].

given #756 (F,wt=6): 3191 cen(f3(qb)) != f3(qb).  [resolve(3157,a,15,a)].

given #757 (T,wt=4): 683 mem(g10,f3(g10)).  [resolve(164,a,21,a)].

given #758 (T,wt=3): 8667 car(f3(g10)).  [resolve(683,a,17,a)].

given #759 (T,wt=4): 684 mem(g10,f2(g10)).  [resolve(164,a,20,a)].

given #760 (T,wt=3): 8699 car(f2(g10)).  [resolve(684,a,17,a)].

given #761 (A,wt=58): 578 -car(x) | -car(y) | -car(z) | -car(u) | cen(g4) != cen(x) | cen(g4) != cen(y) | cen(g4) != cen(z) | cen(g4) != cen(u) | g4 = x | g4 = y | g4 = z | g4 = u | y = x | z = x | u = x | z = y | u = y | u = z.  [resolve(158,a,36,a),flip(e),flip(f),flip(g),flip(h),flip(i),flip(j),flip(k),flip(l)].

given #762 (F,wt=6): 3236 cen(f2(qb)) != f2(qb).  [resolve(3200,a,15,a)].

given #763 (F,wt=6): 3277 cen(f1(qb)) != f1(qb).  [resolve(3241,a,15,a)].

given #764 (F,wt=6): 3592 cen(f4(ca)) != f4(ca).  [resolve(3554,a,15,a)].

given #765 (F,wt=6): 3708 cen(f3(ca)) != f3(ca).  [resolve(3603,a,15,a)].

given #766 (T,wt=4): 685 mem(g10,f1(g10)).  [resolve(164,a,19,a)].

given #767 (T,wt=3): 8745 car(f1(g10)).  [resolve(685,a,17,a)].

given #768 (T,wt=4): 691 blocked(g11,cen(g11)).  [resolve(165,a,35,a)].

given #769 (T,wt=4): 698 mem(g11,f4(g11)).  [resolve(165,a,22,a)].

given #770 (A,wt=58): 593 -car(x) | -car(y) | -car(z) | -car(u) | cen(y) != cen(x) | cen(z) != cen(x) | cen(u) != cen(x) | cen(g5) != cen(x) | y = x | z = x | u = x | g5 = x | z = y | u = y | g5 = y | u = z | g5 = z | g5 = u.  [resolve(159,a,36,e)].

given #771 (F,wt=6): 3758 cen(f2(ca)) != f2(ca).  [resolve(3719,a,15,a)].

given #772 (F,wt=6): 3811 cen(f1(ca)) != f1(ca).  [resolve(3769,a,15,a)].

given #773 (F,wt=6): 4008 cen(f4(cb)) != f4(cb).  [resolve(3824,a,15,a)].

given #774 (F,wt=6): 4060 cen(f3(cb)) != f3(cb).  [resolve(4017,a,15,a)].

given #775 (T,wt=3): 8777 car(f4(g11)).  [resolve(698,a,17,a)].

given #776 (T,wt=4): 699 mem(g11,f3(g11)).  [resolve(165,a,21,a)].

given #777 (T,wt=3): 8836 car(f3(g11)).  [resolve(699,a,17,a)].

given #778 (T,wt=4): 700 mem(g11,f2(g11)).  [resolve(165,a,20,a)].

given #779 (A,wt=58): 594 -car(x) | -car(y) | -car(z) | -car(u) | cen(g5) != cen(x) | cen(g5) != cen(y) | cen(g5) != cen(z) | cen(g5) != cen(u) | g5 = x | g5 = y | g5 = z | g5 = u | y = x | z = x | u = x | z = y | u = y | u = z.  [resolve(159,a,36,a),flip(e),flip(f),flip(g),flip(h),flip(i),flip(j),flip(k),flip(l)].

given #780 (F,wt=6): 4184 cen(f2(cb)) != f2(cb).  [resolve(4069,a,15,a)].

given #781 (F,wt=6): 4237 cen(f1(cb)) != f1(cb).  [resolve(4193,a,15,a)].

given #782 (F,wt=6): 4584 cen(f4(oa)) != f4(oa).  [resolve(4538,a,15,a)].

given #783 (F,wt=6): 4637 cen(f3(oa)) != f3(oa).  [resolve(4591,a,15,a)].

given #784 (T,wt=3): 8868 car(f2(g11)).  [resolve(700,a,17,a)].

given #785 (T,wt=4): 701 mem(g11,f1(g11)).  [resolve(165,a,19,a)].

given #786 (T,wt=3): 8913 car(f1(g11)).  [resolve(701,a,17,a)].

given #787 (T,wt=4): 707 blocked(g12,cen(g12)).  [resolve(166,a,35,a)].

given #788 (A,wt=58): 609 -car(x) | -car(y) | -car(z) | -car(u) | cen(y) != cen(x) | cen(z) != cen(x) | cen(u) != cen(x) | cen(g6) != cen(x) | y = x | z = x | u = x | g6 = x | z = y | u = y | g6 = y | u = z | g6 = z | g6 = u.  [resolve(160,a,36,e)].

given #789 (F,wt=6): 4766 cen(f2(oa)) != f2(oa).  [resolve(4719,a,15,a)].

given #790 (F,wt=6): 4820 cen(f1(oa)) != f1(oa).  [resolve(4773,a,15,a)].

given #791 (F,wt=6): 4876 cen(f4(g0)) != f4(g0).  [resolve(4827,a,15,a)].

given #792 (F,wt=6): 5089 cen(f3(g0)) != f3(g0).  [resolve(4881,a,15,a)].

given #793 (T,wt=4): 714 mem(g12,f4(g12)).  [resolve(166,a,22,a)].

given #794 (T,wt=3): 8970 car(f4(g12)).  [resolve(714,a,17,a)].

given #795 (T,wt=4): 715 mem(g12,f3(g12)).  [resolve(166,a,21,a)].

given #796 (T,wt=3): 9002 car(f3(g12)).  [resolve(715,a,17,a)].

given #797 (A,wt=58): 610 -car(x) | -car(y) | -car(z) | -car(u) | cen(g6) != cen(x) | cen(g6) != cen(y) | cen(g6) != cen(z) | cen(g6) != cen(u) | g6 = x | g6 = y | g6 = z | g6 = u | y = x | z = x | u = x | z = y | u = y | u = z.  [resolve(160,a,36,a),flip(e),flip(f),flip(g),flip(h),flip(i),flip(j),flip(k),flip(l)].

given #798 (F,wt=6): 5145 cen(f2(g0)) != f2(g0).  [resolve(5094,a,15,a)].

given #799 (F,wt=6): 5282 cen(f1(g0)) != f1(g0).  [resolve(5150,a,15,a)].

given #800 (F,wt=6): 5339 cen(f4(g1)) != f4(g1).  [resolve(5287,a,15,a)].

given #801 (F,wt=6): 5459 cen(f3(g1)) != f3(g1).  [resolve(5407,a,15,a)].

given #802 (T,wt=4): 716 mem(g12,f2(g12)).  [resolve(166,a,20,a)].

given #803 (T,wt=3): 9046 car(f2(g12)).  [resolve(716,a,17,a)].

given #804 (T,wt=4): 717 mem(g12,f1(g12)).  [resolve(166,a,19,a)].

given #805 (T,wt=3): 9078 car(f1(g12)).  [resolve(717,a,17,a)].

given #806 (A,wt=58): 625 -car(x) | -car(y) | -car(z) | -car(u) | cen(y) != cen(x) | cen(z) != cen(x) | cen(u) != cen(x) | cen(g7) != cen(x) | y = x | z = x | u = x | g7 = x | z = y | u = y | g7 = y | u = z | g7 = z | g7 = u.  [resolve(161,a,36,e)].

given #807 (F,wt=6): 5517 cen(f2(g1)) != f2(g1).  [resolve(5465,a,15,a)].

given #808 (F,wt=6): 5664 cen(f1(g1)) != f1(g1).  [resolve(5611,a,15,a)].

given #809 (F,wt=6): 5723 cen(f4(g2)) != f4(g2).  [resolve(5670,a,15,a)].

given #810 (F,wt=6): 5782 cen(f3(g2)) != f3(g2).  [resolve(5729,a,15,a)].

given #811 (T,wt=4): 723 blocked(g13,cen(g13)).  [resolve(167,a,35,a)].

given #812 (T,wt=4): 730 mem(g13,f4(g13)).  [resolve(167,a,22,a)].

given #813 (T,wt=3): 9133 car(f4(g13)).  [resolve(730,a,17,a)].

given #814 (T,wt=4): 731 mem(g13,f3(g13)).  [resolve(167,a,21,a)].

given #815 (A,wt=58): 626 -car(x) | -car(y) | -car(z) | -car(u) | cen(g7) != cen(x) | cen(g7) != cen(y) | cen(g7) != cen(z) | cen(g7) != cen(u) | g7 = x | g7 = y | g7 = z | g7 = u | y = x | z = x | u = x | z = y | u = y | u = z.  [resolve(161,a,36,a),flip(e),flip(f),flip(g),flip(h),flip(i),flip(j),flip(k),flip(l)].

given #816 (F,wt=6): 5843 cen(f2(g2)) != f2(g2).  [resolve(5790,a,15,a)].

given #817 (F,wt=6): 5902 cen(f1(g2)) != f1(g2).  [resolve(5849,a,15,a)].

given #818 (F,wt=6): 6028 cen(f4(g3)) != f4(g3).  [resolve(5975,a,15,a)].

given #819 (F,wt=6): 6180 cen(f3(g3)) != f3(g3).  [resolve(6035,a,15,a)].

given #820 (T,wt=3): 9165 car(f3(g13)).  [resolve(731,a,17,a)].

given #821 (T,wt=4): 732 mem(g13,f2(g13)).  [resolve(167,a,20,a)].

given #822 (T,wt=3): 9208 car(f2(g13)).  [resolve(732,a,17,a)].

given #823 (T,wt=4): 733 mem(g13,f1(g13)).  [resolve(167,a,19,a)].

given #824 (A,wt=58): 641 -car(x) | -car(y) | -car(z) | -car(u) | cen(y) != cen(x) | cen(z) != cen(x) | cen(u) != cen(x) | cen(g8) != cen(x) | y = x | z = x | u = x | g8 = x | z = y | u = y | g8 = y | u = z | g8 = z | g8 = u.  [resolve(162,a,36,e)].

given #825 (F,wt=6): 6244 cen(f2(g3)) != f2(g3).  [resolve(6190,a,15,a)].

given #826 (F,wt=6): 6305 cen(f1(g3)) != f1(g3).  [resolve(6251,a,15,a)].

given #827 (F,wt=6): 6368 cen(f4(g4)) != f4(g4).  [resolve(6312,a,15,a)].

given #828 (F,wt=6): 6429 cen(f3(g4)) != f3(g4).  [resolve(6375,a,15,a)].

given #829 (T,wt=3): 9240 car(f1(g13)).  [resolve(733,a,17,a)].

given #830 (T,wt=4): 739 blocked(g14,cen(g14)).  [resolve(168,a,35,a)].

given #831 (T,wt=4): 746 mem(g14,f4(g14)).  [resolve(168,a,22,a)].

given #832 (T,wt=3): 9293 car(f4(g14)).  [resolve(746,a,17,a)].

given #833 (A,wt=58): 642 -car(x) | -car(y) | -car(z) | -car(u) | cen(g8) != cen(x) | cen(g8) != cen(y) | cen(g8) != cen(z) | cen(g8) != cen(u) | g8 = x | g8 = y | g8 = z | g8 = u | y = x | z = x | u = x | z = y | u = y | u = z.  [resolve(162,a,36,a),flip(e),flip(f),flip(g),flip(h),flip(i),flip(j),flip(k),flip(l)].

given #834 (F,wt=6): 6492 cen(f2(g4)) != f2(g4).  [resolve(6436,a,15,a)].

given #835 (F,wt=6): 6562 cen(f1(g4)) != f1(g4).  [resolve(6507,a,15,a)].

given #836 (F,wt=6): 6626 cen(f4(g5)) != f4(g5).  [resolve(6572,a,15,a)].

given #837 (F,wt=6): 6687 cen(f3(g5)) != f3(g5).  [resolve(6633,a,15,a)].

given #838 (T,wt=4): 747 mem(g14,f3(g14)).  [resolve(168,a,21,a)].

given #839 (T,wt=3): 9335 car(f3(g14)).  [resolve(747,a,17,a)].

given #840 (T,wt=4): 748 mem(g14,f2(g14)).  [resolve(168,a,20,a)].

given #841 (T,wt=3): 9367 car(f2(g14)).  [resolve(748,a,17,a)].

given #842 (A,wt=58): 657 -car(x) | -car(y) | -car(z) | -car(u) | cen(y) != cen(x) | cen(z) != cen(x) | cen(u) != cen(x) | cen(g9) != cen(x) | y = x | z = x | u = x | g9 = x | z = y | u = y | g9 = y | u = z | g9 = z | g9 = u.  [resolve(163,a,36,e)].

given #843 (F,wt=6): 6748 cen(f2(g5)) != f2(g5).  [resolve(6694,a,15,a)].

given #844 (F,wt=6): 6809 cen(f1(g5)) != f1(g5).  [resolve(6755,a,15,a)].

given #845 (F,wt=6): 6876 cen(f4(g6)) != f4(g6).  [resolve(6822,a,15,a)].

given #846 (F,wt=6): 6938 cen(f3(g6)) != f3(g6).  [resolve(6883,a,15,a)].

given #847 (T,wt=4): 749 mem(g14,f1(g14)).  [resolve(168,a,19,a)].

given #848 (T,wt=3): 9418 car(f1(g14)).  [resolve(749,a,17,a)].

given #849 (T,wt=4): 755 blocked(c1,cen(c1)).  [resolve(339,a,35,a)].

given #850 (T,wt=4): 762 mem(c1,f4(c1)).  [resolve(339,a,22,a)].

given #851 (A,wt=58): 658 -car(x) | -car(y) | -car(z) | -car(u) | cen(g9) != cen(x) | cen(g9) != cen(y) | cen(g9) != cen(z) | cen(g9) != cen(u) | g9 = x | g9 = y | g9 = z | g9 = u | y = x | z = x | u = x | z = y | u = y | u = z.  [resolve(163,a,36,a),flip(e),flip(f),flip(g),flip(h),flip(i),flip(j),flip(k),flip(l)].

given #852 (F,wt=6): 7004 cen(f2(g6)) != f2(g6).  [resolve(6950,a,15,a)].

given #853 (F,wt=6): 7274 cen(f1(g6)) != f1(g6).  [resolve(7218,a,15,a)].

given #854 (F,wt=6): 7442 cen(f4(g7)) != f4(g7).  [resolve(7281,a,15,a)].

given #855 (F,wt=6): 7506 cen(f3(g7)) != f3(g7).  [resolve(7449,a,15,a)].

given #856 (T,wt=3): 9450 car(f4(c1)).  [resolve(762,a,17,a)].

given #857 (T,wt=4): 763 mem(c1,f3(c1)).  [resolve(339,a,21,a)].

given #858 (T,wt=3): 9491 car(f3(c1)).  [resolve(763,a,17,a)].

given #859 (T,wt=4): 764 mem(c1,f2(c1)).  [resolve(339,a,20,a)].

given #860 (A,wt=58): 673 -car(x) | -car(y) | -car(z) | -car(u) | cen(y) != cen(x) | cen(z) != cen(x) | cen(u) != cen(x) | cen(g10) != cen(x) | y = x | z = x | u = x | g10 = x | z = y | u = y | g10 = y | u = z | g10 = z | g10 = u.  [resolve(164,a,36,e)].

given #861 (F,wt=6): 7683 cen(f2(g7)) != f2(g7).  [resolve(7513,a,15,a)].

given #862 (F,wt=6): 7737 cen(f1(g7)) != f1(g7).  [resolve(7690,a,15,a)].

given #863 (F,wt=6): 7899 cen(f4(g8)) != f4(g8).  [resolve(7851,a,15,a)].

given #864 (F,wt=6): 7954 cen(f3(g8)) != f3(g8).  [resolve(7906,a,15,a)].

given #865 (T,wt=3): 9523 car(f2(c1)).  [resolve(764,a,17,a)].

given #866 (T,wt=4): 765 mem(c1,f1(c1)).  [resolve(339,a,19,a)].

given #867 (T,wt=3): 9572 car(f1(c1)).  [resolve(765,a,17,a)].

given #868 (T,wt=4): 851 blocked(c2,cen(c2)).  [resolve(772,a,35,a)].

given #869 (A,wt=58): 674 -car(x) | -car(y) | -car(z) | -car(u) | cen(g10) != cen(x) | cen(g10) != cen(y) | cen(g10) != cen(z) | cen(g10) != cen(u) | g10 = x | g10 = y | g10 = z | g10 = u | y = x | z = x | u = x | z = y | u = y | u = z.  [resolve(164,a,36,a),flip(e),flip(f),flip(g),flip(h),flip(i),flip(j),flip(k),flip(l)].

given #870 (F,wt=6): 8135 cen(f2(g8)) != f2(g8).  [resolve(8086,a,15,a)].

given #871 (F,wt=6): 8191 cen(f1(g8)) != f1(g8).  [resolve(8142,a,15,a)].

given #872 (F,wt=6): 8358 cen(f4(g9)) != f4(g9).  [resolve(8308,a,15,a)].

given #873 (F,wt=6): 8516 cen(f3(g9)) != f3(g9).  [resolve(8365,a,15,a)].

given #874 (T,wt=4): 858 mem(c2,f4(c2)).  [resolve(772,a,22,a)].

given #875 (T,wt=3): 9612 car(f4(c2)).  [resolve(858,a,17,a)].

given #876 (T,wt=4): 859 mem(c2,f3(c2)).  [resolve(772,a,21,a)].

given #877 (T,wt=3): 9644 car(f3(c2)).  [resolve(859,a,17,a)].

given #878 (A,wt=58): 689 -car(x) | -car(y) | -car(z) | -car(u) | cen(y) != cen(x) | cen(z) != cen(x) | cen(u) != cen(x) | cen(g11) != cen(x) | y = x | z = x | u = x | g11 = x | z = y | u = y | g11 = y | u = z | g11 = z | g11 = u.  [resolve(165,a,36,e)].

given #879 (F,wt=6): 8548 cen(f2(g9)) != f2(g9).  [resolve(8523,a,15,a)].

given #880 (F,wt=6): 8597 cen(f1(g9)) != f1(g9).  [resolve(8555,a,15,a)].

given #881 (F,wt=6): 8629 cen(f4(g10)) != f4(g10).  [resolve(8604,a,15,a)].

given #882 (F,wt=6): 8692 cen(f3(g10)) != f3(g10).  [resolve(8667,a,15,a)].

given #883 (T,wt=4): 860 mem(c2,f2(c2)).  [resolve(772,a,20,a)].

given #884 (T,wt=3): 9691 car(f2(c2)).  [resolve(860,a,17,a)].

given #885 (T,wt=4): 861 mem(c2,f1(c2)).  [resolve(772,a,19,a)].

given #886 (T,wt=3): 9723 car(f1(c2)).  [resolve(861,a,17,a)].

given #887 (A,wt=58): 690 -car(x) | -car(y) | -car(z) | -car(u) | cen(g11) != cen(x) | cen(g11) != cen(y) | cen(g11) != cen(z) | cen(g11) != cen(u) | g11 = x | g11 = y | g11 = z | g11 = u | y = x | z = x | u = x | z = y | u = y | u = z.  [resolve(165,a,36,a),flip(e),flip(f),flip(g),flip(h),flip(i),flip(j),flip(k),flip(l)].

given #888 (F,wt=6): 8724 cen(f2(g10)) != f2(g10).  [resolve(8699,a,15,a)].

given #889 (F,wt=6): 8770 cen(f1(g10)) != f1(g10).  [resolve(8745,a,15,a)].

given #890 (F,wt=6): 8829 cen(f4(g11)) != f4(g11).  [resolve(8777,a,15,a)].

given #891 (F,wt=6): 8861 cen(f3(g11)) != f3(g11).  [resolve(8836,a,15,a)].

given #892 (T,wt=4): 869 blocked(c3,cen(c3)).  [resolve(781,a,35,a)].

given #893 (T,wt=4): 876 mem(c3,f4(c3)).  [resolve(781,a,22,a)].

given #894 (T,wt=3): 9762 car(f4(c3)).  [resolve(876,a,17,a)].

given #895 (T,wt=4): 877 mem(c3,f3(c3)).  [resolve(781,a,21,a)].

given #896 (A,wt=58): 705 -car(x) | -car(y) | -car(z) | -car(u) | cen(y) != cen(x) | cen(z) != cen(x) | cen(u) != cen(x) | cen(g12) != cen(x) | y = x | z = x | u = x | g12 = x | z = y | u = y | g12 = y | u = z | g12 = z | g12 = u.  [resolve(166,a,36,e)].

given #897 (F,wt=6): 8906 cen(f2(g11)) != f2(g11).  [resolve(8868,a,15,a)].

given #898 (F,wt=6): 8938 cen(f1(g11)) != f1(g11).  [resolve(8913,a,15,a)].

given #899 (F,wt=6): 8995 cen(f4(g12)) != f4(g12).  [resolve(8970,a,15,a)].

given #900 (F,wt=6): 9027 cen(f3(g12)) != f3(g12).  [resolve(9002,a,15,a)].

given #901 (T,wt=3): 9794 car(f3(c3)).  [resolve(877,a,17,a)].

given #902 (T,wt=4): 878 mem(c3,f2(c3)).  [resolve(781,a,20,a)].

given #903 (T,wt=3): 9839 car(f2(c3)).  [resolve(878,a,17,a)].

given #904 (T,wt=4): 879 mem(c3,f1(c3)).  [resolve(781,a,19,a)].

given #905 (A,wt=58): 706 -car(x) | -car(y) | -car(z) | -car(u) | cen(g12) != cen(x) | cen(g12) != cen(y) | cen(g12) != cen(z) | cen(g12) != cen(u) | g12 = x | g12 = y | g12 = z | g12 = u | y = x | z = x | u = x | z = y | u = y | u = z.  [resolve(166,a,36,a),flip(e),flip(f),flip(g),flip(h),flip(i),flip(j),flip(k),flip(l)].

given #906 (F,wt=6): 9071 cen(f2(g12)) != f2(g12).  [resolve(9046,a,15,a)].

given #907 (F,wt=6): 9103 cen(f1(g12)) != f1(g12).  [resolve(9078,a,15,a)].

given #908 (F,wt=6): 9158 cen(f4(g13)) != f4(g13).  [resolve(9133,a,15,a)].

given #909 (F,wt=6): 9201 cen(f3(g13)) != f3(g13).  [resolve(9165,a,15,a)].

given #910 (T,wt=3): 9871 car(f1(c3)).  [resolve(879,a,17,a)].

given #911 (T,wt=4): 887 blocked(c4,cen(c4)).  [resolve(790,a,35,a)].

given #912 (T,wt=4): 894 mem(c4,f4(c4)).  [resolve(790,a,22,a)].

given #913 (T,wt=3): 9909 car(f4(c4)).  [resolve(894,a,17,a)].

given #914 (A,wt=58): 721 -car(x) | -car(y) | -car(z) | -car(u) | cen(y) != cen(x) | cen(z) != cen(x) | cen(u) != cen(x) | cen(g13) != cen(x) | y = x | z = x | u = x | g13 = x | z = y | u = y | g13 = y | u = z | g13 = z | g13 = u.  [resolve(167,a,36,e)].

given #915 (F,wt=6): 9233 cen(f2(g13)) != f2(g13).  [resolve(9208,a,15,a)].

given #916 (F,wt=6): 9286 cen(f1(g13)) != f1(g13).  [resolve(9240,a,15,a)].

given #917 (F,wt=6): 9318 cen(f4(g14)) != f4(g14).  [resolve(9293,a,15,a)].

given #918 (F,wt=6): 9360 cen(f3(g14)) != f3(g14).  [resolve(9335,a,15,a)].

given #919 (T,wt=4): 895 mem(c4,f3(c4)).  [resolve(790,a,21,a)].

given #920 (T,wt=3): 9952 car(f3(c4)).  [resolve(895,a,17,a)].

given #921 (T,wt=4): 896 mem(c4,f2(c4)).  [resolve(790,a,20,a)].

given #922 (T,wt=3): 9984 car(f2(c4)).  [resolve(896,a,17,a)].

given #923 (A,wt=58): 722 -car(x) | -car(y) | -car(z) | -car(u) | cen(g13) != cen(x) | cen(g13) != cen(y) | cen(g13) != cen(z) | cen(g13) != cen(u) | g13 = x | g13 = y | g13 = z | g13 = u | y = x | z = x | u = x | z = y | u = y | u = z.  [resolve(167,a,36,a),flip(e),flip(f),flip(g),flip(h),flip(i),flip(j),flip(k),flip(l)].

given #924 (F,wt=6): 9392 cen(f2(g14)) != f2(g14).  [resolve(9367,a,15,a)].

given #925 (F,wt=6): 9443 cen(f1(g14)) != f1(g14).  [resolve(9418,a,15,a)].

given #926 (F,wt=6): 9484 cen(f4(c1)) != f4(c1).  [resolve(9450,a,15,a)].

given #927 (F,wt=6): 9516 cen(f3(c1)) != f3(c1).  [resolve(9491,a,15,a)].

given #928 (T,wt=4): 897 mem(c4,f1(c4)).  [resolve(790,a,19,a)].

given #929 (T,wt=3): 10021 car(f1(c4)).  [resolve(897,a,17,a)].

given #930 (T,wt=4): 943 car(cen(cen(pa))).  [resolve(370,a,14,a)].

given #931 (T,wt=4): 970 car(cen(cen(ra))).  [resolve(402,a,14,a)].

given #932 (A,wt=58): 737 -car(x) | -car(y) | -car(z) | -car(u) | cen(y) != cen(x) | cen(z) != cen(x) | cen(u) != cen(x) | cen(g14) != cen(x) | y = x | z = x | u = x | g14 = x | z = y | u = y | g14 = y | u = z | g14 = z | g14 = u.  [resolve(168,a,36,e)].

given #933 (F,wt=6): 9565 cen(f2(c1)) != f2(c1).  [resolve(9523,a,15,a)].

given #934 (F,wt=6): 9597 cen(f1(c1)) != f1(c1).  [resolve(9572,a,15,a)].

given #935 (F,wt=6): 9637 cen(f4(c2)) != f4(c2).  [resolve(9612,a,15,a)].

given #936 (F,wt=6): 9669 cen(f3(c2)) != f3(c2).  [resolve(9644,a,15,a)].

given #937 (T,wt=4): 996 car(cen(cen(ca))).  [resolve(434,a,14,a)].

given #938 (T,wt=4): 1030 car(cen(cen(oa))).  [resolve(498,a,14,a)].

given #939 (T,wt=4): 1053 car(cen(cen(g0))).  [resolve(528,a,14,a)].

given #940 (T,wt=4): 1076 car(cen(cen(g1))).  [resolve(544,a,14,a)].

given #941 (A,wt=58): 738 -car(x) | -car(y) | -car(z) | -car(u) | cen(g14) != cen(x) | cen(g14) != cen(y) | cen(g14) != cen(z) | cen(g14) != cen(u) | g14 = x | g14 = y | g14 = z | g14 = u | y = x | z = x | u = x | z = y | u = y | u = z.  [resolve(168,a,36,a),flip(e),flip(f),flip(g),flip(h),flip(i),flip(j),flip(k),flip(l)].

given #942 (F,wt=6): 9716 cen(f2(c2)) != f2(c2).  [resolve(9691,a,15,a)].

given #943 (F,wt=6): 9748 cen(f1(c2)) != f1(c2).  [resolve(9723,a,15,a)].

given #944 (F,wt=6): 9787 cen(f4(c3)) != f4(c3).  [resolve(9762,a,15,a)].

given #945 (F,wt=6): 9832 cen(f3(c3)) != f3(c3).  [resolve(9794,a,15,a)].

given #946 (T,wt=4): 1099 car(cen(cen(g2))).  [resolve(560,a,14,a)].

given #947 (T,wt=4): 1122 car(cen(cen(g3))).  [resolve(576,a,14,a)].

given #948 (T,wt=4): 1145 car(cen(cen(g4))).  [resolve(592,a,14,a)].

given #949 (T,wt=4): 1168 car(cen(cen(g5))).  [resolve(608,a,14,a)].

given #950 (A,wt=58): 753 -car(x) | -car(y) | -car(z) | -car(u) | cen(y) != cen(x) | cen(z) != cen(x) | cen(u) != cen(x) | cen(c1) != cen(x) | y = x | z = x | u = x | c1 = x | z = y | u = y | c1 = y | u = z | c1 = z | c1 = u.  [resolve(339,a,36,e)].

given #951 (F,wt=6): 9864 cen(f2(c3)) != f2(c3).  [resolve(9839,a,15,a)].

given #952 (F,wt=6): 9902 cen(f1(c3)) != f1(c3).  [resolve(9871,a,15,a)].

given #953 (F,wt=6): 9934 cen(f4(c4)) != f4(c4).  [resolve(9909,a,15,a)].

given #954 (F,wt=6): 9977 cen(f3(c4)) != f3(c4).  [resolve(9952,a,15,a)].

given #955 (T,wt=4): 1191 car(cen(cen(g6))).  [resolve(624,a,14,a)].

given #956 (T,wt=4): 1214 car(cen(cen(g7))).  [resolve(640,a,14,a)].

given #957 (T,wt=4): 1241 car(cen(cen(g8))).  [resolve(656,a,14,a)].

given #958 (T,wt=4): 1264 car(cen(cen(g9))).  [resolve(672,a,14,a)].

given #959 (A,wt=58): 754 -car(x) | -car(y) | -car(z) | -car(u) | cen(c1) != cen(x) | cen(c1) != cen(y) | cen(c1) != cen(z) | cen(c1) != cen(u) | c1 = x | c1 = y | c1 = z | c1 = u | y = x | z = x | u = x | z = y | u = y | u = z.  [resolve(339,a,36,a),flip(e),flip(f),flip(g),flip(h),flip(i),flip(j),flip(k),flip(l)].

given #960 (F,wt=6): 10009 cen(f2(c4)) != f2(c4).  [resolve(9984,a,15,a)].

given #961 (F,wt=6): 10046 cen(f1(c4)) != f1(c4).  [resolve(10021,a,15,a)].

given #962 (F,wt=7): 931 f4(cen(pa)) != f3(cen(pa)).  [resolve(370,a,28,a)].

given #963 (F,wt=7): 932 f4(cen(pa)) != f2(cen(pa)).  [resolve(370,a,27,a)].

given #964 (T,wt=4): 1291 car(cen(cen(g10))).  [resolve(688,a,14,a)].

given #965 (T,wt=4): 1314 car(cen(cen(g11))).  [resolve(704,a,14,a)].

given #966 (T,wt=4): 1341 car(cen(cen(g12))).  [resolve(720,a,14,a)].

given #967 (T,wt=4): 1364 car(cen(cen(g13))).  [resolve(736,a,14,a)].

given #968 (A,wt=31): 769 -car(x) | cen(c1) = cen(x) | -mem(x,y) | -mem(c1,y) | -mem(x,z) | -mem(c1,z) | -mem(x,c2) | z = y | c2 = y | c2 = z.  [resolve(342,a,33,i),unit_del(b,339)].

given #969 (F,wt=7): 933 f3(cen(pa)) != f2(cen(pa)).  [resolve(370,a,26,a)].

given #970 (F,wt=7): 934 f4(cen(pa)) != f1(cen(pa)).  [resolve(370,a,25,a)].

given #971 (F,wt=7): 935 f3(cen(pa)) != f1(cen(pa)).  [resolve(370,a,24,a)].

given #972 (F,wt=7): 936 f2(cen(pa)) != f1(cen(pa)).  [resolve(370,a,23,a)].

given #973 (T,wt=4): 1391 car(cen(cen(g14))).  [resolve(752,a,14,a)].

given #974 (T,wt=4): 1414 car(cen(cen(c1))).  [resolve(768,a,14,a)].

given #975 (T,wt=4): 1617 car(cen(cen(c2))).  [resolve(864,a,14,a)].

given #976 (T,wt=4): 1644 car(cen(cen(c3))).  [resolve(882,a,14,a)].

given #977 (A,wt=10): 770 -car(x) | cen(c1) != cen(x) | mem(x,c2).  [resolve(342,a,32,e),unit_del(b,339)].

given #978 (F,wt=7): 958 f4(cen(ra)) != f3(cen(ra)).  [resolve(402,a,28,a)].

given #979 (F,wt=7): 959 f4(cen(ra)) != f2(cen(ra)).  [resolve(402,a,27,a)].

given #980 (F,wt=7): 960 f3(cen(ra)) != f2(cen(ra)).  [resolve(402,a,26,a)].

given #981 (F,wt=7): 961 f4(cen(ra)) != f1(cen(ra)).  [resolve(402,a,25,a)].

given #982 (T,wt=4): 1713 car(cen(cen(c4))).  [resolve(900,a,14,a)].

given #983 (T,wt=4): 1737 car(cen(f4(pa))).  [resolve(1218,a,14,a)].

given #984 (T,wt=4): 1761 car(cen(f3(pa))).  [resolve(1268,a,14,a)].

given #985 (T,wt=4): 1786 car(cen(f2(pa))).  [resolve(1318,a,14,a)].

given #986 (A,wt=16): 771 f1(c1) = c2 | f2(c1) = c2 | f3(c1) = c2 | f4(c1) = c2.  [resolve(342,a,30,b),unit_del(a,339)].

given #987 (F,wt=7): 962 f3(cen(ra)) != f1(cen(ra)).  [resolve(402,a,24,a)].

given #988 (F,wt=7): 963 f2(cen(ra)) != f1(cen(ra)).  [resolve(402,a,23,a)].

given #989 (F,wt=7): 984 f4(cen(ca)) != f3(cen(ca)).  [resolve(434,a,28,a)].

given #990 (F,wt=7): 985 f4(cen(ca)) != f2(cen(ca)).  [resolve(434,a,27,a)].

given #991 (T,wt=4): 1810 car(cen(f1(pa))).  [resolve(1368,a,14,a)].

given #992 (T,wt=4): 1845 car(cen(f4(pb))).  [resolve(1819,a,14,a)].

given #993 (T,wt=4): 1869 car(cen(f3(pb))).  [resolve(1823,a,14,a)].

given #994 (T,wt=4): 1897 car(cen(f2(pb))).  [resolve(1875,a,14,a)].

given #995 (A,wt=34): 773 -car(x) | cen(c1) = cen(x) | -mem(x,cen(x)) | -mem(c1,cen(x)) | -mem(x,cen(c1)) | -mem(c1,cen(c1)) | -mem(x,c2) | cen(x) = c2 | cen(c1) = c2.  [factor(769,b,h),flip(h),flip(i)].

given #996 (F,wt=7): 986 f3(cen(ca)) != f2(cen(ca)).  [resolve(434,a,26,a)].

given #997 (F,wt=7): 987 f4(cen(ca)) != f1(cen(ca)).  [resolve(434,a,25,a)].

given #998 (F,wt=7): 988 f3(cen(ca)) != f1(cen(ca)).  [resolve(434,a,24,a)].

given #999 (F,wt=7): 989 f2(cen(ca)) != f1(cen(ca)).  [resolve(434,a,23,a)].

given #1000 (T,wt=4): 1925 car(cen(f1(pb))).  [resolve(1903,a,14,a)].

given #1001 (T,wt=4): 1953 car(cen(f4(ra))).  [resolve(1931,a,14,a)].

given #1002 (T,wt=4): 1983 car(cen(f3(ra))).  [resolve(1959,a,14,a)].

given #1003 (T,wt=4): 2011 car(cen(f2(ra))).  [resolve(1987,a,14,a)].

given #1004 (A,wt=31): 774 -car(x) | cen(ca) = cen(x) | -mem(x,y) | -mem(qa,y) | -mem(x,z) | -mem(qa,z) | -mem(x,c2) | z = y | c2 = y | c2 = z.  [resolve(343,a,33,i),rewrite([111(5)]),unit_del(b,41)].

given #1005 (F,wt=7): 1018 f4(cen(oa)) != f3(cen(oa)).  [resolve(498,a,28,a)].

given #1006 (F,wt=7): 1019 f4(cen(oa)) != f2(cen(oa)).  [resolve(498,a,27,a)].

given #1007 (F,wt=7): 1020 f3(cen(oa)) != f2(cen(oa)).  [resolve(498,a,26,a)].

given #1008 (F,wt=7): 1021 f4(cen(oa)) != f1(cen(oa)).  [resolve(498,a,25,a)].

given #1009 (T,wt=4): 2156 car(cen(f1(ra))).  [resolve(2130,a,14,a)].

given #1010 (T,wt=4): 2245 car(cen(f4(rb))).  [resolve(2218,a,14,a)].

given #1011 (T,wt=4): 2276 car(cen(f3(rb))).  [resolve(2249,a,14,a)].

given #1012 (T,wt=4): 2549 car(cen(f2(rb))).  [resolve(2520,a,14,a)].

given #1013 (A,wt=10): 775 -car(x) | cen(ca) != cen(x) | mem(x,c2).  [resolve(343,a,32,e),rewrite([111(5)]),unit_del(b,41)].

given #1014 (F,wt=7): 1022 f3(cen(oa)) != f1(cen(oa)).  [resolve(498,a,24,a)].

given #1015 (F,wt=7): 1023 f2(cen(oa)) != f1(cen(oa)).  [resolve(498,a,23,a)].

given #1016 (F,wt=7): 1041 f4(cen(g0)) != f3(cen(g0)).  [resolve(528,a,28,a)].

given #1017 (F,wt=7): 1042 f4(cen(g0)) != f2(cen(g0)).  [resolve(528,a,27,a)].

given #1018 (T,wt=3): 11666 mem(cb,c2).  [resolve(775,a,44,a),rewrite([113(4)]),xx(a)].

given #1019 (T,wt=3): 11667 mem(ca,c2).  [resolve(775,a,43,a),xx(a)].

given #1020 (T,wt=3): 11668 mem(qb,c2).  [resolve(775,a,42,a),rewrite([352(4)]),xx(a)].

given #1021 (T,wt=4): 2584 car(cen(f1(rb))).  [resolve(2555,a,14,a)].

Low Water (keep): wt=60.000, iters=6807

Low Water (keep): wt=59.000, iters=6678

given #1022 (A,wt=16): 776 f1(qa) = c2 | f2(qa) = c2 | f3(qa) = c2 | f4(qa) = c2.  [resolve(343,a,30,b),unit_del(a,41)].

given #1023 (F,wt=7): 1043 f3(cen(g0)) != f2(cen(g0)).  [resolve(528,a,26,a)].

given #1024 (F,wt=7): 1044 f4(cen(g0)) != f1(cen(g0)).  [resolve(528,a,25,a)].

given #1025 (F,wt=7): 1045 f3(cen(g0)) != f1(cen(g0)).  [resolve(528,a,24,a)].

given #1026 (F,wt=7): 1046 f2(cen(g0)) != f1(cen(g0)).  [resolve(528,a,23,a)].

given #1027 (T,wt=4): 2682 car(cen(f4(qa))).  [resolve(2652,a,14,a)].

given #1028 (T,wt=4): 2720 car(cen(f3(qa))).  [resolve(2688,a,14,a)].

given #1029 (T,wt=4): 2756 car(cen(f2(qa))).  [resolve(2724,a,14,a)].

given #1030 (T,wt=4): 3045 car(cen(f1(qa))).  [resolve(3011,a,14,a)].

given #1031 (A,wt=34): 777 -car(x) | cen(ca) = cen(x) | -mem(x,cen(x)) | -mem(qa,cen(x)) | -mem(x,cen(ca)) | -mem(qa,cen(ca)) | -mem(x,c2) | cen(x) = c2 | cen(ca) = c2.  [factor(774,b,h),flip(h),flip(i)].

given #1032 (F,wt=7): 1064 f4(cen(g1)) != f3(cen(g1)).  [resolve(544,a,28,a)].

given #1033 (F,wt=7): 1065 f4(cen(g1)) != f2(cen(g1)).  [resolve(544,a,27,a)].

given #1034 (F,wt=7): 1066 f3(cen(g1)) != f2(cen(g1)).  [resolve(544,a,26,a)].

given #1035 (F,wt=7): 1067 f4(cen(g1)) != f1(cen(g1)).  [resolve(544,a,25,a)].

given #1036 (T,wt=4): 3151 car(cen(f4(qb))).  [resolve(3116,a,14,a)].

given #1037 (T,wt=4): 3192 car(cen(f3(qb))).  [resolve(3157,a,14,a)].

given #1038 (T,wt=4): 3237 car(cen(f2(qb))).  [resolve(3200,a,14,a)].

given #1039 (T,wt=4): 3278 car(cen(f1(qb))).  [resolve(3241,a,14,a)].

Low Water (keep): wt=56.000, iters=6675

given #1040 (A,wt=31): 778 -car(x) | cen(c1) = cen(x) | -mem(x,y) | -mem(c1,y) | -mem(x,z) | -mem(c1,z) | -mem(x,c3) | z = y | c3 = y | c3 = z.  [resolve(344,a,33,i),unit_del(b,339)].

given #1041 (F,wt=7): 1068 f3(cen(g1)) != f1(cen(g1)).  [resolve(544,a,24,a)].

given #1042 (F,wt=7): 1069 f2(cen(g1)) != f1(cen(g1)).  [resolve(544,a,23,a)].

given #1043 (F,wt=7): 1087 f4(cen(g2)) != f3(cen(g2)).  [resolve(560,a,28,a)].

given #1044 (F,wt=7): 1088 f4(cen(g2)) != f2(cen(g2)).  [resolve(560,a,27,a)].

given #1045 (T,wt=4): 3593 car(cen(f4(ca))).  [resolve(3554,a,14,a)].

given #1046 (T,wt=4): 3709 car(cen(f3(ca))).  [resolve(3603,a,14,a)].

given #1047 (T,wt=4): 3759 car(cen(f2(ca))).  [resolve(3719,a,14,a)].

given #1048 (T,wt=4): 3812 car(cen(f1(ca))).  [resolve(3769,a,14,a)].

given #1049 (A,wt=10): 779 -car(x) | cen(c1) != cen(x) | mem(x,c3).  [resolve(344,a,32,e),unit_del(b,339)].

given #1050 (F,wt=7): 1089 f3(cen(g2)) != f2(cen(g2)).  [resolve(560,a,26,a)].

given #1051 (F,wt=7): 1090 f4(cen(g2)) != f1(cen(g2)).  [resolve(560,a,25,a)].

given #1052 (F,wt=7): 1091 f3(cen(g2)) != f1(cen(g2)).  [resolve(560,a,24,a)].

given #1053 (F,wt=7): 1092 f2(cen(g2)) != f1(cen(g2)).  [resolve(560,a,23,a)].

given #1054 (T,wt=4): 4009 car(cen(f4(cb))).  [resolve(3824,a,14,a)].

given #1055 (T,wt=4): 4061 car(cen(f3(cb))).  [resolve(4017,a,14,a)].

given #1056 (T,wt=4): 4185 car(cen(f2(cb))).  [resolve(4069,a,14,a)].

given #1057 (T,wt=4): 4238 car(cen(f1(cb))).  [resolve(4193,a,14,a)].

given #1058 (A,wt=16): 780 f1(c1) = c3 | f2(c1) = c3 | f3(c1) = c3 | f4(c1) = c3.  [resolve(344,a,30,b),unit_del(a,339)].

given #1059 (F,wt=7): 1110 f4(cen(g3)) != f3(cen(g3)).  [resolve(576,a,28,a)].

given #1060 (F,wt=7): 1111 f4(cen(g3)) != f2(cen(g3)).  [resolve(576,a,27,a)].

given #1061 (F,wt=7): 1112 f3(cen(g3)) != f2(cen(g3)).  [resolve(576,a,26,a)].

given #1062 (F,wt=7): 1113 f4(cen(g3)) != f1(cen(g3)).  [resolve(576,a,25,a)].

given #1063 (T,wt=4): 4585 car(cen(f4(oa))).  [resolve(4538,a,14,a)].

given #1064 (T,wt=4): 4638 car(cen(f3(oa))).  [resolve(4591,a,14,a)].

given #1065 (T,wt=4): 4767 car(cen(f2(oa))).  [resolve(4719,a,14,a)].

given #1066 (T,wt=4): 4821 car(cen(f1(oa))).  [resolve(4773,a,14,a)].

given #1067 (A,wt=34): 782 -car(x) | cen(c1) = cen(x) | -mem(x,cen(x)) | -mem(c1,cen(x)) | -mem(x,cen(c1)) | -mem(c1,cen(c1)) | -mem(x,c3) | cen(x) = c3 | cen(c1) = c3.  [factor(778,b,h),flip(h),flip(i)].

given #1068 (F,wt=7): 1114 f3(cen(g3)) != f1(cen(g3)).  [resolve(576,a,24,a)].

given #1069 (F,wt=7): 1115 f2(cen(g3)) != f1(cen(g3)).  [resolve(576,a,23,a)].

given #1070 (F,wt=7): 1133 f4(cen(g4)) != f3(cen(g4)).  [resolve(592,a,28,a)].

given #1071 (F,wt=7): 1134 f4(cen(g4)) != f2(cen(g4)).  [resolve(592,a,27,a)].

given #1072 (T,wt=4): 4877 car(cen(f4(g0))).  [resolve(4827,a,14,a)].

given #1073 (T,wt=4): 5090 car(cen(f3(g0))).  [resolve(4881,a,14,a)].

given #1074 (T,wt=4): 5146 car(cen(f2(g0))).  [resolve(5094,a,14,a)].

given #1075 (T,wt=4): 5283 car(cen(f1(g0))).  [resolve(5150,a,14,a)].

given #1076 (A,wt=31): 783 -car(x) | cen(ca) = cen(x) | -mem(x,y) | -mem(qa,y) | -mem(x,z) | -mem(qa,z) | -mem(x,c3) | z = y | c3 = y | c3 = z.  [resolve(345,a,33,i),rewrite([111(5)]),unit_del(b,41)].

given #1077 (F,wt=7): 1135 f3(cen(g4)) != f2(cen(g4)).  [resolve(592,a,26,a)].

given #1078 (F,wt=7): 1136 f4(cen(g4)) != f1(cen(g4)).  [resolve(592,a,25,a)].

given #1079 (F,wt=7): 1137 f3(cen(g4)) != f1(cen(g4)).  [resolve(592,a,24,a)].

given #1080 (F,wt=7): 1138 f2(cen(g4)) != f1(cen(g4)).  [resolve(592,a,23,a)].

given #1081 (T,wt=4): 5340 car(cen(f4(g1))).  [resolve(5287,a,14,a)].

given #1082 (T,wt=4): 5460 car(cen(f3(g1))).  [resolve(5407,a,14,a)].

given #1083 (T,wt=4): 5518 car(cen(f2(g1))).  [resolve(5465,a,14,a)].

given #1084 (T,wt=4): 5665 car(cen(f1(g1))).  [resolve(5611,a,14,a)].

given #1085 (A,wt=10): 784 -car(x) | cen(ca) != cen(x) | mem(x,c3).  [resolve(345,a,32,e),rewrite([111(5)]),unit_del(b,41)].

given #1086 (F,wt=7): 1156 f4(cen(g5)) != f3(cen(g5)).  [resolve(608,a,28,a)].

given #1087 (F,wt=7): 1157 f4(cen(g5)) != f2(cen(g5)).  [resolve(608,a,27,a)].

given #1088 (F,wt=7): 1158 f3(cen(g5)) != f2(cen(g5)).  [resolve(608,a,26,a)].

given #1089 (F,wt=7): 1159 f4(cen(g5)) != f1(cen(g5)).  [resolve(608,a,25,a)].

given #1090 (T,wt=3): 13004 mem(cb,c3).  [resolve(784,a,44,a),rewrite([113(4)]),xx(a)].

given #1091 (T,wt=3): 13005 mem(ca,c3).  [resolve(784,a,43,a),xx(a)].

given #1092 (T,wt=3): 13006 mem(qb,c3).  [resolve(784,a,42,a),rewrite([352(4)]),xx(a)].

given #1093 (T,wt=4): 5724 car(cen(f4(g2))).  [resolve(5670,a,14,a)].

given #1094 (A,wt=16): 785 f1(qa) = c3 | f2(qa) = c3 | f3(qa) = c3 | f4(qa) = c3.  [resolve(345,a,30,b),unit_del(a,41)].

given #1095 (F,wt=7): 1160 f3(cen(g5)) != f1(cen(g5)).  [resolve(608,a,24,a)].

given #1096 (F,wt=7): 1161 f2(cen(g5)) != f1(cen(g5)).  [resolve(608,a,23,a)].

given #1097 (F,wt=7): 1179 f4(cen(g6)) != f3(cen(g6)).  [resolve(624,a,28,a)].

given #1098 (F,wt=7): 1180 f4(cen(g6)) != f2(cen(g6)).  [resolve(624,a,27,a)].

given #1099 (T,wt=4): 5783 car(cen(f3(g2))).  [resolve(5729,a,14,a)].

given #1100 (T,wt=4): 5844 car(cen(f2(g2))).  [resolve(5790,a,14,a)].

given #1101 (T,wt=4): 5903 car(cen(f1(g2))).  [resolve(5849,a,14,a)].

given #1102 (T,wt=4): 6029 car(cen(f4(g3))).  [resolve(5975,a,14,a)].

given #1103 (A,wt=34): 786 -car(x) | cen(ca) = cen(x) | -mem(x,cen(x)) | -mem(qa,cen(x)) | -mem(x,cen(ca)) | -mem(qa,cen(ca)) | -mem(x,c3) | cen(x) = c3 | cen(ca) = c3.  [factor(783,b,h),flip(h),flip(i)].

given #1104 (F,wt=7): 1181 f3(cen(g6)) != f2(cen(g6)).  [resolve(624,a,26,a)].

given #1105 (F,wt=7): 1182 f4(cen(g6)) != f1(cen(g6)).  [resolve(624,a,25,a)].

given #1106 (F,wt=7): 1183 f3(cen(g6)) != f1(cen(g6)).  [resolve(624,a,24,a)].

given #1107 (F,wt=7): 1184 f2(cen(g6)) != f1(cen(g6)).  [resolve(624,a,23,a)].

given #1108 (T,wt=4): 6181 car(cen(f3(g3))).  [resolve(6035,a,14,a)].

given #1109 (T,wt=4): 6245 car(cen(f2(g3))).  [resolve(6190,a,14,a)].

given #1110 (T,wt=4): 6306 car(cen(f1(g3))).  [resolve(6251,a,14,a)].

given #1111 (T,wt=4): 6369 car(cen(f4(g4))).  [resolve(6312,a,14,a)].

given #1112 (A,wt=31): 787 -car(x) | cen(c1) = cen(x) | -mem(x,y) | -mem(c1,y) | -mem(x,z) | -mem(c1,z) | -mem(x,c4) | z = y | c4 = y | c4 = z.  [resolve(346,a,33,i),unit_del(b,339)].

given #1113 (F,wt=7): 1202 f4(cen(g7)) != f3(cen(g7)).  [resolve(640,a,28,a)].

given #1114 (F,wt=7): 1203 f4(cen(g7)) != f2(cen(g7)).  [resolve(640,a,27,a)].

given #1115 (F,wt=7): 1204 f3(cen(g7)) != f2(cen(g7)).  [resolve(640,a,26,a)].

given #1116 (F,wt=7): 1205 f4(cen(g7)) != f1(cen(g7)).  [resolve(640,a,25,a)].

given #1117 (T,wt=4): 6430 car(cen(f3(g4))).  [resolve(6375,a,14,a)].

given #1118 (T,wt=4): 6493 car(cen(f2(g4))).  [resolve(6436,a,14,a)].

given #1119 (T,wt=4): 6563 car(cen(f1(g4))).  [resolve(6507,a,14,a)].

given #1120 (T,wt=4): 6627 car(cen(f4(g5))).  [resolve(6572,a,14,a)].

given #1121 (A,wt=10): 788 -car(x) | cen(c1) != cen(x) | mem(x,c4).  [resolve(346,a,32,e),unit_del(b,339)].

given #1122 (F,wt=7): 1206 f3(cen(g7)) != f1(cen(g7)).  [resolve(640,a,24,a)].

given #1123 (F,wt=7): 1207 f2(cen(g7)) != f1(cen(g7)).  [resolve(640,a,23,a)].

given #1124 (F,wt=7): 1229 f4(cen(g8)) != f3(cen(g8)).  [resolve(656,a,28,a)].

given #1125 (F,wt=7): 1230 f4(cen(g8)) != f2(cen(g8)).  [resolve(656,a,27,a)].

given #1126 (T,wt=4): 6688 car(cen(f3(g5))).  [resolve(6633,a,14,a)].

given #1127 (T,wt=4): 6749 car(cen(f2(g5))).  [resolve(6694,a,14,a)].

given #1128 (T,wt=4): 6810 car(cen(f1(g5))).  [resolve(6755,a,14,a)].

given #1129 (T,wt=4): 6877 car(cen(f4(g6))).  [resolve(6822,a,14,a)].

given #1130 (A,wt=16): 789 f1(c1) = c4 | f2(c1) = c4 | f3(c1) = c4 | f4(c1) = c4.  [resolve(346,a,30,b),unit_del(a,339)].

given #1131 (F,wt=7): 1231 f3(cen(g8)) != f2(cen(g8)).  [resolve(656,a,26,a)].

given #1132 (F,wt=7): 1232 f4(cen(g8)) != f1(cen(g8)).  [resolve(656,a,25,a)].

given #1133 (F,wt=7): 1233 f3(cen(g8)) != f1(cen(g8)).  [resolve(656,a,24,a)].

given #1134 (F,wt=7): 1234 f2(cen(g8)) != f1(cen(g8)).  [resolve(656,a,23,a)].

given #1135 (T,wt=4): 6939 car(cen(f3(g6))).  [resolve(6883,a,14,a)].

given #1136 (T,wt=4): 7005 car(cen(f2(g6))).  [resolve(6950,a,14,a)].

given #1137 (T,wt=4): 7275 car(cen(f1(g6))).  [resolve(7218,a,14,a)].

given #1138 (T,wt=4): 7443 car(cen(f4(g7))).  [resolve(7281,a,14,a)].

given #1139 (A,wt=34): 791 -car(x) | cen(c1) = cen(x) | -mem(x,cen(x)) | -mem(c1,cen(x)) | -mem(x,cen(c1)) | -mem(c1,cen(c1)) | -mem(x,c4) | cen(x) = c4 | cen(c1) = c4.  [factor(787,b,h),flip(h),flip(i)].

given #1140 (F,wt=7): 1252 f4(cen(g9)) != f3(cen(g9)).  [resolve(672,a,28,a)].

given #1141 (F,wt=7): 1253 f4(cen(g9)) != f2(cen(g9)).  [resolve(672,a,27,a)].

given #1142 (F,wt=7): 1254 f3(cen(g9)) != f2(cen(g9)).  [resolve(672,a,26,a)].

given #1143 (F,wt=7): 1255 f4(cen(g9)) != f1(cen(g9)).  [resolve(672,a,25,a)].

given #1144 (T,wt=4): 7507 car(cen(f3(g7))).  [resolve(7449,a,14,a)].

given #1145 (T,wt=4): 7684 car(cen(f2(g7))).  [resolve(7513,a,14,a)].

given #1146 (T,wt=4): 7738 car(cen(f1(g7))).  [resolve(7690,a,14,a)].

given #1147 (T,wt=4): 7900 car(cen(f4(g8))).  [resolve(7851,a,14,a)].

given #1148 (A,wt=31): 792 -car(x) | cen(ca) = cen(x) | -mem(x,y) | -mem(qa,y) | -mem(x,z) | -mem(qa,z) | -mem(x,c4) | z = y | c4 = y | c4 = z.  [resolve(347,a,33,i),rewrite([111(5)]),unit_del(b,41)].

given #1149 (F,wt=7): 1256 f3(cen(g9)) != f1(cen(g9)).  [resolve(672,a,24,a)].

given #1150 (F,wt=7): 1257 f2(cen(g9)) != f1(cen(g9)).  [resolve(672,a,23,a)].

given #1151 (F,wt=7): 1279 f4(cen(g10)) != f3(cen(g10)).  [resolve(688,a,28,a)].

given #1152 (F,wt=7): 1280 f4(cen(g10)) != f2(cen(g10)).  [resolve(688,a,27,a)].

given #1153 (T,wt=4): 7955 car(cen(f3(g8))).  [resolve(7906,a,14,a)].

given #1154 (T,wt=4): 8136 car(cen(f2(g8))).  [resolve(8086,a,14,a)].

given #1155 (T,wt=4): 8192 car(cen(f1(g8))).  [resolve(8142,a,14,a)].

given #1156 (T,wt=4): 8359 car(cen(f4(g9))).  [resolve(8308,a,14,a)].

given #1157 (A,wt=10): 793 -car(x) | cen(ca) != cen(x) | mem(x,c4).  [resolve(347,a,32,e),rewrite([111(5)]),unit_del(b,41)].

given #1158 (F,wt=7): 1281 f3(cen(g10)) != f2(cen(g10)).  [resolve(688,a,26,a)].

given #1159 (F,wt=7): 1282 f4(cen(g10)) != f1(cen(g10)).  [resolve(688,a,25,a)].

given #1160 (F,wt=7): 1283 f3(cen(g10)) != f1(cen(g10)).  [resolve(688,a,24,a)].

given #1161 (F,wt=7): 1284 f2(cen(g10)) != f1(cen(g10)).  [resolve(688,a,23,a)].

given #1162 (T,wt=3): 14439 mem(cb,c4).  [resolve(793,a,44,a),rewrite([113(4)]),xx(a)].

given #1163 (T,wt=3): 14440 mem(ca,c4).  [resolve(793,a,43,a),xx(a)].

given #1164 (T,wt=3): 14441 mem(qb,c4).  [resolve(793,a,42,a),rewrite([352(4)]),xx(a)].

given #1165 (T,wt=4): 8517 car(cen(f3(g9))).  [resolve(8365,a,14,a)].

given #1166 (A,wt=16): 794 f1(qa) = c4 | f2(qa) = c4 | f3(qa) = c4 | f4(qa) = c4.  [resolve(347,a,30,b),unit_del(a,41)].

given #1167 (F,wt=7): 1302 f4(cen(g11)) != f3(cen(g11)).  [resolve(704,a,28,a)].

given #1168 (F,wt=7): 1303 f4(cen(g11)) != f2(cen(g11)).  [resolve(704,a,27,a)].

given #1169 (F,wt=7): 1304 f3(cen(g11)) != f2(cen(g11)).  [resolve(704,a,26,a)].

given #1170 (F,wt=7): 1305 f4(cen(g11)) != f1(cen(g11)).  [resolve(704,a,25,a)].

given #1171 (T,wt=4): 8549 car(cen(f2(g9))).  [resolve(8523,a,14,a)].

given #1172 (T,wt=4): 8598 car(cen(f1(g9))).  [resolve(8555,a,14,a)].

given #1173 (T,wt=4): 8630 car(cen(f4(g10))).  [resolve(8604,a,14,a)].

given #1174 (T,wt=4): 8693 car(cen(f3(g10))).  [resolve(8667,a,14,a)].

given #1175 (A,wt=34): 795 -car(x) | cen(ca) = cen(x) | -mem(x,cen(x)) | -mem(qa,cen(x)) | -mem(x,cen(ca)) | -mem(qa,cen(ca)) | -mem(x,c4) | cen(x) = c4 | cen(ca) = c4.  [factor(792,b,h),flip(h),flip(i)].

given #1176 (F,wt=7): 1306 f3(cen(g11)) != f1(cen(g11)).  [resolve(704,a,24,a)].

given #1177 (F,wt=7): 1307 f2(cen(g11)) != f1(cen(g11)).  [resolve(704,a,23,a)].

given #1178 (F,wt=7): 1329 f4(cen(g12)) != f3(cen(g12)).  [resolve(720,a,28,a)].

given #1179 (F,wt=7): 1330 f4(cen(g12)) != f2(cen(g12)).  [resolve(720,a,27,a)].

given #1180 (T,wt=4): 8725 car(cen(f2(g10))).  [resolve(8699,a,14,a)].

given #1181 (T,wt=4): 8771 car(cen(f1(g10))).  [resolve(8745,a,14,a)].

given #1182 (T,wt=4): 8830 car(cen(f4(g11))).  [resolve(8777,a,14,a)].

given #1183 (T,wt=4): 8862 car(cen(f3(g11))).  [resolve(8836,a,14,a)].

given #1184 (A,wt=37): 796 -car(x) | cen(ca) = cen(x) | -mem(qa,cen(ca)) | -mem(x,cen(ca)) | -mem(qa,cen(x)) | -mem(x,cen(x)) | -mem(qa,y) | -mem(x,y) | cen(ca) = y | cen(x) = y.  [para(111(a,1),351(d,2)),rewrite([111(6),111(13),111(24)]),flip(c),unit_del(a,41)].

given #1185 (F,wt=7): 1331 f3(cen(g12)) != f2(cen(g12)).  [resolve(720,a,26,a)].

given #1186 (F,wt=7): 1332 f4(cen(g12)) != f1(cen(g12)).  [resolve(720,a,25,a)].

given #1187 (F,wt=7): 1333 f3(cen(g12)) != f1(cen(g12)).  [resolve(720,a,24,a)].

given #1188 (F,wt=7): 1334 f2(cen(g12)) != f1(cen(g12)).  [resolve(720,a,23,a)].

given #1189 (T,wt=4): 8907 car(cen(f2(g11))).  [resolve(8868,a,14,a)].

given #1190 (T,wt=4): 8939 car(cen(f1(g11))).  [resolve(8913,a,14,a)].

given #1191 (T,wt=4): 8996 car(cen(f4(g12))).  [resolve(8970,a,14,a)].

given #1192 (T,wt=4): 9028 car(cen(f3(g12))).  [resolve(9002,a,14,a)].

given #1193 (A,wt=37): 797 -car(x) | cen(ca) = cen(x) | -mem(cb,cen(ca)) | -mem(x,cen(ca)) | -mem(cb,cen(x)) | -mem(x,cen(x)) | -mem(cb,y) | -mem(x,y) | cen(ca) = y | cen(x) = y.  [para(113(a,1),351(d,2)),rewrite([113(6),113(13),113(24)]),flip(c),unit_del(a,44)].

given #1194 (F,wt=7): 1352 f4(cen(g13)) != f3(cen(g13)).  [resolve(736,a,28,a)].

given #1195 (F,wt=7): 1353 f4(cen(g13)) != f2(cen(g13)).  [resolve(736,a,27,a)].

given #1196 (F,wt=7): 1354 f3(cen(g13)) != f2(cen(g13)).  [resolve(736,a,26,a)].

given #1197 (F,wt=7): 1355 f4(cen(g13)) != f1(cen(g13)).  [resolve(736,a,25,a)].

given #1198 (T,wt=4): 9072 car(cen(f2(g12))).  [resolve(9046,a,14,a)].

given #1199 (T,wt=4): 9104 car(cen(f1(g12))).  [resolve(9078,a,14,a)].

given #1200 (T,wt=4): 9159 car(cen(f4(g13))).  [resolve(9133,a,14,a)].

given #1201 (T,wt=4): 9202 car(cen(f3(g13))).  [resolve(9165,a,14,a)].

given #1202 (A,wt=37): 798 -car(x) | cen(pa) = cen(x) | -mem(pb,cen(pa)) | -mem(x,cen(pa)) | -mem(pb,cen(x)) | -mem(x,cen(x)) | -mem(pb,y) | -mem(x,y) | cen(pa) = y | cen(x) = y.  [para(150(a,1),351(d,2)),rewrite([150(6),150(13),150(24)]),flip(c),unit_del(a,38)].

given #1203 (F,wt=7): 1356 f3(cen(g13)) != f1(cen(g13)).  [resolve(736,a,24,a)].

given #1204 (F,wt=7): 1357 f2(cen(g13)) != f1(cen(g13)).  [resolve(736,a,23,a)].

given #1205 (F,wt=7): 1379 f4(cen(g14)) != f3(cen(g14)).  [resolve(752,a,28,a)].

given #1206 (F,wt=7): 1380 f4(cen(g14)) != f2(cen(g14)).  [resolve(752,a,27,a)].

given #1207 (T,wt=4): 9234 car(cen(f2(g13))).  [resolve(9208,a,14,a)].

given #1208 (T,wt=4): 9287 car(cen(f1(g13))).  [resolve(9240,a,14,a)].

given #1209 (T,wt=4): 9319 car(cen(f4(g14))).  [resolve(9293,a,14,a)].

given #1210 (T,wt=4): 9361 car(cen(f3(g14))).  [resolve(9335,a,14,a)].

given #1211 (A,wt=37): 799 -car(x) | cen(ra) = cen(x) | -mem(rb,cen(ra)) | -mem(x,cen(ra)) | -mem(rb,cen(x)) | -mem(x,cen(x)) | -mem(rb,y) | -mem(x,y) | cen(ra) = y | cen(x) = y.  [para(152(a,1),351(d,2)),rewrite([152(6),152(13),152(24)]),flip(c),unit_del(a,40)].

Low Water (keep): wt=37.000, iters=6730

given #1212 (F,wt=7): 1381 f3(cen(g14)) != f2(cen(g14)).  [resolve(752,a,26,a)].

given #1213 (F,wt=7): 1382 f4(cen(g14)) != f1(cen(g14)).  [resolve(752,a,25,a)].

given #1214 (F,wt=7): 1383 f3(cen(g14)) != f1(cen(g14)).  [resolve(752,a,24,a)].

given #1215 (F,wt=7): 1384 f2(cen(g14)) != f1(cen(g14)).  [resolve(752,a,23,a)].

given #1216 (T,wt=4): 9393 car(cen(f2(g14))).  [resolve(9367,a,14,a)].

given #1217 (T,wt=4): 9444 car(cen(f1(g14))).  [resolve(9418,a,14,a)].

given #1218 (T,wt=4): 9485 car(cen(f4(c1))).  [resolve(9450,a,14,a)].

given #1219 (T,wt=4): 9517 car(cen(f3(c1))).  [resolve(9491,a,14,a)].

given #1220 (A,wt=9): 800 -car(x) | -blocked(x,cen(ca)) | mem(qb,x).  [para(352(a,1),34(c,2)),unit_del(a,42)].

given #1221 (F,wt=7): 1402 f4(cen(c1)) != f3(cen(c1)).  [resolve(768,a,28,a)].

given #1222 (F,wt=7): 1403 f4(cen(c1)) != f2(cen(c1)).  [resolve(768,a,27,a)].

given #1223 (F,wt=7): 1404 f3(cen(c1)) != f2(cen(c1)).  [resolve(768,a,26,a)].

given #1224 (F,wt=7): 1405 f4(cen(c1)) != f1(cen(c1)).  [resolve(768,a,25,a)].

given #1225 (T,wt=3): 15597 mem(qb,cb).  [resolve(800,b,469,a),unit_del(a,44)].

given #1226 (T,wt=3): 15598 mem(qb,ca).  [resolve(800,b,454,a),unit_del(a,43)].

given #1227 (T,wt=4): 9566 car(cen(f2(c1))).  [resolve(9523,a,14,a)].

given #1228 (T,wt=4): 9598 car(cen(f1(c1))).  [resolve(9572,a,14,a)].

given #1229 (A,wt=37): 801 -car(x) | cen(ca) = cen(x) | -mem(qb,cen(ca)) | -mem(x,cen(ca)) | -mem(qb,cen(x)) | -mem(x,cen(x)) | -mem(qb,y) | -mem(x,y) | cen(ca) = y | cen(x) = y.  [para(352(a,1),351(d,2)),rewrite([352(6),352(13),352(24)]),flip(c),unit_del(a,42)].

Low Water (keep): wt=35.000, iters=6886

given #1230 (F,wt=7): 1406 f3(cen(c1)) != f1(cen(c1)).  [resolve(768,a,24,a)].

given #1231 (F,wt=7): 1407 f2(cen(c1)) != f1(cen(c1)).  [resolve(768,a,23,a)].

given #1232 (F,wt=7): 1605 f4(cen(c2)) != f3(cen(c2)).  [resolve(864,a,28,a)].

given #1233 (F,wt=7): 1606 f4(cen(c2)) != f2(cen(c2)).  [resolve(864,a,27,a)].

given #1234 (T,wt=4): 9638 car(cen(f4(c2))).  [resolve(9612,a,14,a)].

given #1235 (T,wt=4): 9670 car(cen(f3(c2))).  [resolve(9644,a,14,a)].

given #1236 (T,wt=4): 9717 car(cen(f2(c2))).  [resolve(9691,a,14,a)].

given #1237 (T,wt=4): 9749 car(cen(f1(c2))).  [resolve(9723,a,14,a)].

given #1238 (A,wt=56): 802 -car(x) | -car(y) | -car(z) | cen(c1) != cen(x) | cen(c1) != cen(y) | cen(c1) != cen(z) | cen(c1) != cen(pa) | c1 = x | c1 = y | c1 = z | c1 = pa | y = x | z = x | pa = x | z = y | pa = y | pa = z.  [resolve(355,a,339,a),flip(d),flip(e),flip(f),flip(g),flip(h),flip(i),flip(j),flip(k)].

given #1239 (F,wt=7): 1607 f3(cen(c2)) != f2(cen(c2)).  [resolve(864,a,26,a)].

given #1240 (F,wt=7): 1608 f4(cen(c2)) != f1(cen(c2)).  [resolve(864,a,25,a)].

given #1241 (F,wt=7): 1609 f3(cen(c2)) != f1(cen(c2)).  [resolve(864,a,24,a)].

given #1242 (F,wt=7): 1610 f2(cen(c2)) != f1(cen(c2)).  [resolve(864,a,23,a)].

given #1243 (T,wt=4): 9788 car(cen(f4(c3))).  [resolve(9762,a,14,a)].

given #1244 (T,wt=4): 9833 car(cen(f3(c3))).  [resolve(9794,a,14,a)].

given #1245 (T,wt=4): 9865 car(cen(f2(c3))).  [resolve(9839,a,14,a)].

given #1246 (T,wt=4): 9903 car(cen(f1(c3))).  [resolve(9871,a,14,a)].

given #1247 (A,wt=56): 803 -car(x) | -car(y) | -car(z) | cen(g14) != cen(x) | cen(g14) != cen(y) | cen(g14) != cen(z) | cen(g14) != cen(pa) | g14 = x | g14 = y | g14 = z | g14 = pa | y = x | z = x | pa = x | z = y | pa = y | pa = z.  [resolve(355,a,168,a),flip(d),flip(e),flip(f),flip(g),flip(h),flip(i),flip(j),flip(k)].

given #1248 (F,wt=7): 1632 f4(cen(c3)) != f3(cen(c3)).  [resolve(882,a,28,a)].

given #1249 (F,wt=7): 1633 f4(cen(c3)) != f2(cen(c3)).  [resolve(882,a,27,a)].

given #1250 (F,wt=7): 1634 f3(cen(c3)) != f2(cen(c3)).  [resolve(882,a,26,a)].

given #1251 (F,wt=7): 1635 f4(cen(c3)) != f1(cen(c3)).  [resolve(882,a,25,a)].

given #1252 (T,wt=4): 9935 car(cen(f4(c4))).  [resolve(9909,a,14,a)].

given #1253 (T,wt=4): 9978 car(cen(f3(c4))).  [resolve(9952,a,14,a)].

given #1254 (T,wt=4): 10010 car(cen(f2(c4))).  [resolve(9984,a,14,a)].

given #1255 (T,wt=4): 10047 car(cen(f1(c4))).  [resolve(10021,a,14,a)].

given #1256 (A,wt=56): 804 -car(x) | -car(y) | -car(z) | cen(g13) != cen(x) | cen(g13) != cen(y) | cen(g13) != cen(z) | cen(g13) != cen(pa) | g13 = x | g13 = y | g13 = z | g13 = pa | y = x | z = x | pa = x | z = y | pa = y | pa = z.  [resolve(355,a,167,a),flip(d),flip(e),flip(f),flip(g),flip(h),flip(i),flip(j),flip(k)].

given #1257 (F,wt=7): 1636 f3(cen(c3)) != f1(cen(c3)).  [resolve(882,a,24,a)].

given #1258 (F,wt=7): 1637 f2(cen(c3)) != f1(cen(c3)).  [resolve(882,a,23,a)].

given #1259 (F,wt=7): 1701 f4(cen(c4)) != f3(cen(c4)).  [resolve(900,a,28,a)].

given #1260 (F,wt=7): 1702 f4(cen(c4)) != f2(cen(c4)).  [resolve(900,a,27,a)].

given #1261 (T,wt=5): 941 mem(cen(pa),cen(pa)).  [resolve(370,a,18,a)].

given #1262 (T,wt=5): 968 mem(cen(ra),cen(ra)).  [resolve(402,a,18,a)].

given #1263 (T,wt=5): 994 mem(cen(ca),cen(ca)).  [resolve(434,a,18,a)].

Low Water (keep): wt=32.000, iters=6674

given #1264 (T,wt=5): 1028 mem(cen(oa),cen(oa)).  [resolve(498,a,18,a)].

Low Water (keep): wt=31.000, iters=6669

given #1265 (A,wt=56): 805 -car(x) | -car(y) | -car(z) | cen(g12) != cen(x) | cen(g12) != cen(y) | cen(g12) != cen(z) | cen(g12) != cen(pa) | g12 = x | g12 = y | g12 = z | g12 = pa | y = x | z = x | pa = x | z = y | pa = y | pa = z.  [resolve(355,a,166,a),flip(d),flip(e),flip(f),flip(g),flip(h),flip(i),flip(j),flip(k)].

given #1266 (F,wt=7): 1703 f3(cen(c4)) != f2(cen(c4)).  [resolve(900,a,26,a)].

given #1267 (F,wt=7): 1704 f4(cen(c4)) != f1(cen(c4)).  [resolve(900,a,25,a)].

given #1268 (F,wt=7): 1705 f3(cen(c4)) != f1(cen(c4)).  [resolve(900,a,24,a)].

given #1269 (F,wt=7): 1706 f2(cen(c4)) != f1(cen(c4)).  [resolve(900,a,23,a)].

given #1270 (T,wt=5): 1051 mem(cen(g0),cen(g0)).  [resolve(528,a,18,a)].

given #1271 (T,wt=5): 1074 mem(cen(g1),cen(g1)).  [resolve(544,a,18,a)].

given #1272 (T,wt=5): 1097 mem(cen(g2),cen(g2)).  [resolve(560,a,18,a)].

given #1273 (T,wt=5): 1120 mem(cen(g3),cen(g3)).  [resolve(576,a,18,a)].

given #1274 (A,wt=56): 806 -car(x) | -car(y) | -car(z) | cen(g11) != cen(x) | cen(g11) != cen(y) | cen(g11) != cen(z) | cen(g11) != cen(pa) | g11 = x | g11 = y | g11 = z | g11 = pa | y = x | z = x | pa = x | z = y | pa = y | pa = z.  [resolve(355,a,165,a),flip(d),flip(e),flip(f),flip(g),flip(h),flip(i),flip(j),flip(k)].

given #1275 (F,wt=7): 1725 f4(f4(pa)) != f3(f4(pa)).  [resolve(1218,a,28,a)].

given #1276 (F,wt=7): 1726 f4(f4(pa)) != f2(f4(pa)).  [resolve(1218,a,27,a)].

given #1277 (F,wt=7): 1727 f3(f4(pa)) != f2(f4(pa)).  [resolve(1218,a,26,a)].

given #1278 (F,wt=7): 1728 f4(f4(pa)) != f1(f4(pa)).  [resolve(1218,a,25,a)].

given #1279 (T,wt=5): 1143 mem(cen(g4),cen(g4)).  [resolve(592,a,18,a)].

given #1280 (T,wt=5): 1166 mem(cen(g5),cen(g5)).  [resolve(608,a,18,a)].

given #1281 (T,wt=5): 1189 mem(cen(g6),cen(g6)).  [resolve(624,a,18,a)].

given #1282 (T,wt=5): 1212 mem(cen(g7),cen(g7)).  [resolve(640,a,18,a)].

given #1283 (A,wt=56): 807 -car(x) | -car(y) | -car(z) | cen(g10) != cen(x) | cen(g10) != cen(y) | cen(g10) != cen(z) | cen(g10) != cen(pa) | g10 = x | g10 = y | g10 = z | g10 = pa | y = x | z = x | pa = x | z = y | pa = y | pa = z.  [resolve(355,a,164,a),flip(d),flip(e),flip(f),flip(g),flip(h),flip(i),flip(j),flip(k)].

given #1284 (F,wt=7): 1729 f3(f4(pa)) != f1(f4(pa)).  [resolve(1218,a,24,a)].

given #1285 (F,wt=7): 1730 f2(f4(pa)) != f1(f4(pa)).  [resolve(1218,a,23,a)].

given #1286 (F,wt=7): 1749 f4(f3(pa)) != f3(f3(pa)).  [resolve(1268,a,28,a)].

given #1287 (F,wt=7): 1750 f4(f3(pa)) != f2(f3(pa)).  [resolve(1268,a,27,a)].

given #1288 (T,wt=5): 1239 mem(cen(g8),cen(g8)).  [resolve(656,a,18,a)].

given #1289 (T,wt=5): 1262 mem(cen(g9),cen(g9)).  [resolve(672,a,18,a)].

given #1290 (T,wt=5): 1289 mem(cen(g10),cen(g10)).  [resolve(688,a,18,a)].

given #1291 (T,wt=5): 1312 mem(cen(g11),cen(g11)).  [resolve(704,a,18,a)].

given #1292 (A,wt=56): 808 -car(x) | -car(y) | -car(z) | cen(g9) != cen(x) | cen(g9) != cen(y) | cen(g9) != cen(z) | cen(g9) != cen(pa) | g9 = x | g9 = y | g9 = z | g9 = pa | y = x | z = x | pa = x | z = y | pa = y | pa = z.  [resolve(355,a,163,a),flip(d),flip(e),flip(f),flip(g),flip(h),flip(i),flip(j),flip(k)].

given #1293 (F,wt=7): 1751 f3(f3(pa)) != f2(f3(pa)).  [resolve(1268,a,26,a)].

given #1294 (F,wt=7): 1752 f4(f3(pa)) != f1(f3(pa)).  [resolve(1268,a,25,a)].

given #1295 (F,wt=7): 1753 f3(f3(pa)) != f1(f3(pa)).  [resolve(1268,a,24,a)].

given #1296 (F,wt=7): 1754 f2(f3(pa)) != f1(f3(pa)).  [resolve(1268,a,23,a)].

given #1297 (T,wt=5): 1339 mem(cen(g12),cen(g12)).  [resolve(720,a,18,a)].

given #1298 (T,wt=5): 1362 mem(cen(g13),cen(g13)).  [resolve(736,a,18,a)].

given #1299 (T,wt=5): 1389 mem(cen(g14),cen(g14)).  [resolve(752,a,18,a)].

given #1300 (T,wt=5): 1412 mem(cen(c1),cen(c1)).  [resolve(768,a,18,a)].

given #1301 (A,wt=56): 809 -car(x) | -car(y) | -car(z) | cen(g8) != cen(x) | cen(g8) != cen(y) | cen(g8) != cen(z) | cen(g8) != cen(pa) | g8 = x | g8 = y | g8 = z | g8 = pa | y = x | z = x | pa = x | z = y | pa = y | pa = z.  [resolve(355,a,162,a),flip(d),flip(e),flip(f),flip(g),flip(h),flip(i),flip(j),flip(k)].

given #1302 (F,wt=7): 1774 f4(f2(pa)) != f3(f2(pa)).  [resolve(1318,a,28,a)].

given #1303 (F,wt=7): 1775 f4(f2(pa)) != f2(f2(pa)).  [resolve(1318,a,27,a)].

given #1304 (F,wt=7): 1776 f3(f2(pa)) != f2(f2(pa)).  [resolve(1318,a,26,a)].

given #1305 (F,wt=7): 1777 f4(f2(pa)) != f1(f2(pa)).  [resolve(1318,a,25,a)].

given #1306 (T,wt=5): 1615 mem(cen(c2),cen(c2)).  [resolve(864,a,18,a)].

given #1307 (T,wt=5): 1642 mem(cen(c3),cen(c3)).  [resolve(882,a,18,a)].

given #1308 (T,wt=5): 1711 mem(cen(c4),cen(c4)).  [resolve(900,a,18,a)].

given #1309 (T,wt=5): 1735 mem(f4(pa),f4(pa)).  [resolve(1218,a,18,a)].

given #1310 (A,wt=56): 810 -car(x) | -car(y) | -car(z) | cen(g7) != cen(x) | cen(g7) != cen(y) | cen(g7) != cen(z) | cen(g7) != cen(pa) | g7 = x | g7 = y | g7 = z | g7 = pa | y = x | z = x | pa = x | z = y | pa = y | pa = z.  [resolve(355,a,161,a),flip(d),flip(e),flip(f),flip(g),flip(h),flip(i),flip(j),flip(k)].

given #1311 (F,wt=7): 1778 f3(f2(pa)) != f1(f2(pa)).  [resolve(1318,a,24,a)].

given #1312 (F,wt=7): 1779 f2(f2(pa)) != f1(f2(pa)).  [resolve(1318,a,23,a)].

given #1313 (F,wt=7): 1798 f4(f1(pa)) != f3(f1(pa)).  [resolve(1368,a,28,a)].

given #1314 (F,wt=7): 1799 f4(f1(pa)) != f2(f1(pa)).  [resolve(1368,a,27,a)].

given #1315 (T,wt=5): 1759 mem(f3(pa),f3(pa)).  [resolve(1268,a,18,a)].

given #1316 (T,wt=5): 1784 mem(f2(pa),f2(pa)).  [resolve(1318,a,18,a)].

given #1317 (T,wt=5): 1808 mem(f1(pa),f1(pa)).  [resolve(1368,a,18,a)].

given #1318 (T,wt=5): 1843 mem(f4(pb),f4(pb)).  [resolve(1819,a,18,a)].

given #1319 (A,wt=56): 811 -car(x) | -car(y) | -car(z) | cen(g6) != cen(x) | cen(g6) != cen(y) | cen(g6) != cen(z) | cen(g6) != cen(pa) | g6 = x | g6 = y | g6 = z | g6 = pa | y = x | z = x | pa = x | z = y | pa = y | pa = z.  [resolve(355,a,160,a),flip(d),flip(e),flip(f),flip(g),flip(h),flip(i),flip(j),flip(k)].

given #1320 (F,wt=7): 1800 f3(f1(pa)) != f2(f1(pa)).  [resolve(1368,a,26,a)].

given #1321 (F,wt=7): 1801 f4(f1(pa)) != f1(f1(pa)).  [resolve(1368,a,25,a)].

given #1322 (F,wt=7): 1802 f3(f1(pa)) != f1(f1(pa)).  [resolve(1368,a,24,a)].

given #1323 (F,wt=7): 1803 f2(f1(pa)) != f1(f1(pa)).  [resolve(1368,a,23,a)].

given #1324 (T,wt=5): 1867 mem(f3(pb),f3(pb)).  [resolve(1823,a,18,a)].

given #1325 (T,wt=5): 1895 mem(f2(pb),f2(pb)).  [resolve(1875,a,18,a)].

given #1326 (T,wt=5): 1923 mem(f1(pb),f1(pb)).  [resolve(1903,a,18,a)].

given #1327 (T,wt=5): 1951 mem(f4(ra),f4(ra)).  [resolve(1931,a,18,a)].

given #1328 (A,wt=56): 812 -car(x) | -car(y) | -car(z) | cen(g5) != cen(x) | cen(g5) != cen(y) | cen(g5) != cen(z) | cen(g5) != cen(pa) | g5 = x | g5 = y | g5 = z | g5 = pa | y = x | z = x | pa = x | z = y | pa = y | pa = z.  [resolve(355,a,159,a),flip(d),flip(e),flip(f),flip(g),flip(h),flip(i),flip(j),flip(k)].

given #1329 (F,wt=7): 1833 f4(f4(pb)) != f3(f4(pb)).  [resolve(1819,a,28,a)].

given #1330 (F,wt=7): 1834 f4(f4(pb)) != f2(f4(pb)).  [resolve(1819,a,27,a)].

given #1331 (F,wt=7): 1835 f3(f4(pb)) != f2(f4(pb)).  [resolve(1819,a,26,a)].

given #1332 (F,wt=7): 1836 f4(f4(pb)) != f1(f4(pb)).  [resolve(1819,a,25,a)].

given #1333 (T,wt=5): 1981 mem(f3(ra),f3(ra)).  [resolve(1959,a,18,a)].

given #1334 (T,wt=5): 2009 mem(f2(ra),f2(ra)).  [resolve(1987,a,18,a)].

given #1335 (T,wt=5): 2154 mem(f1(ra),f1(ra)).  [resolve(2130,a,18,a)].

given #1336 (T,wt=5): 2243 mem(f4(rb),f4(rb)).  [resolve(2218,a,18,a)].

given #1337 (A,wt=56): 813 -car(x) | -car(y) | -car(z) | cen(g4) != cen(x) | cen(g4) != cen(y) | cen(g4) != cen(z) | cen(g4) != cen(pa) | g4 = x | g4 = y | g4 = z | g4 = pa | y = x | z = x | pa = x | z = y | pa = y | pa = z.  [resolve(355,a,158,a),flip(d),flip(e),flip(f),flip(g),flip(h),flip(i),flip(j),flip(k)].

given #1338 (F,wt=7): 1837 f3(f4(pb)) != f1(f4(pb)).  [resolve(1819,a,24,a)].

given #1339 (F,wt=7): 1838 f2(f4(pb)) != f1(f4(pb)).  [resolve(1819,a,23,a)].

given #1340 (F,wt=7): 1857 f4(f3(pb)) != f3(f3(pb)).  [resolve(1823,a,28,a)].

given #1341 (F,wt=7): 1858 f4(f3(pb)) != f2(f3(pb)).  [resolve(1823,a,27,a)].

given #1342 (T,wt=5): 2274 mem(f3(rb),f3(rb)).  [resolve(2249,a,18,a)].

given #1343 (T,wt=5): 2547 mem(f2(rb),f2(rb)).  [resolve(2520,a,18,a)].

given #1344 (T,wt=5): 2582 mem(f1(rb),f1(rb)).  [resolve(2555,a,18,a)].

given #1345 (T,wt=5): 2680 mem(f4(qa),f4(qa)).  [resolve(2652,a,18,a)].

given #1346 (A,wt=56): 814 -car(x) | -car(y) | -car(z) | cen(g3) != cen(x) | cen(g3) != cen(y) | cen(g3) != cen(z) | cen(g3) != cen(pa) | g3 = x | g3 = y | g3 = z | g3 = pa | y = x | z = x | pa = x | z = y | pa = y | pa = z.  [resolve(355,a,157,a),flip(d),flip(e),flip(f),flip(g),flip(h),flip(i),flip(j),flip(k)].

given #1347 (F,wt=7): 1859 f3(f3(pb)) != f2(f3(pb)).  [resolve(1823,a,26,a)].

given #1348 (F,wt=7): 1860 f4(f3(pb)) != f1(f3(pb)).  [resolve(1823,a,25,a)].

given #1349 (F,wt=7): 1861 f3(f3(pb)) != f1(f3(pb)).  [resolve(1823,a,24,a)].

given #1350 (F,wt=7): 1862 f2(f3(pb)) != f1(f3(pb)).  [resolve(1823,a,23,a)].

given #1351 (T,wt=5): 2718 mem(f3(qa),f3(qa)).  [resolve(2688,a,18,a)].

given #1352 (T,wt=5): 2754 mem(f2(qa),f2(qa)).  [resolve(2724,a,18,a)].

given #1353 (T,wt=5): 3043 mem(f1(qa),f1(qa)).  [resolve(3011,a,18,a)].

given #1354 (T,wt=5): 3149 mem(f4(qb),f4(qb)).  [resolve(3116,a,18,a)].

given #1355 (A,wt=56): 815 -car(x) | -car(y) | -car(z) | cen(g2) != cen(x) | cen(g2) != cen(y) | cen(g2) != cen(z) | cen(g2) != cen(pa) | g2 = x | g2 = y | g2 = z | g2 = pa | y = x | z = x | pa = x | z = y | pa = y | pa = z.  [resolve(355,a,156,a),flip(d),flip(e),flip(f),flip(g),flip(h),flip(i),flip(j),flip(k)].

given #1356 (F,wt=7): 1885 f4(f2(pb)) != f3(f2(pb)).  [resolve(1875,a,28,a)].

given #1357 (F,wt=7): 1886 f4(f2(pb)) != f2(f2(pb)).  [resolve(1875,a,27,a)].

given #1358 (F,wt=7): 1887 f3(f2(pb)) != f2(f2(pb)).  [resolve(1875,a,26,a)].

given #1359 (F,wt=7): 1888 f4(f2(pb)) != f1(f2(pb)).  [resolve(1875,a,25,a)].

given #1360 (T,wt=5): 3190 mem(f3(qb),f3(qb)).  [resolve(3157,a,18,a)].

given #1361 (T,wt=5): 3235 mem(f2(qb),f2(qb)).  [resolve(3200,a,18,a)].

given #1362 (T,wt=5): 3276 mem(f1(qb),f1(qb)).  [resolve(3241,a,18,a)].

given #1363 (T,wt=5): 3591 mem(f4(ca),f4(ca)).  [resolve(3554,a,18,a)].

given #1364 (A,wt=56): 816 -car(x) | -car(y) | -car(z) | cen(g1) != cen(x) | cen(g1) != cen(y) | cen(g1) != cen(z) | cen(g1) != cen(pa) | g1 = x | g1 = y | g1 = z | g1 = pa | y = x | z = x | pa = x | z = y | pa = y | pa = z.  [resolve(355,a,155,a),flip(d),flip(e),flip(f),flip(g),flip(h),flip(i),flip(j),flip(k)].

given #1365 (F,wt=7): 1889 f3(f2(pb)) != f1(f2(pb)).  [resolve(1875,a,24,a)].

given #1366 (F,wt=7): 1890 f2(f2(pb)) != f1(f2(pb)).  [resolve(1875,a,23,a)].

given #1367 (F,wt=7): 1913 f4(f1(pb)) != f3(f1(pb)).  [resolve(1903,a,28,a)].

given #1368 (F,wt=7): 1914 f4(f1(pb)) != f2(f1(pb)).  [resolve(1903,a,27,a)].

given #1369 (T,wt=5): 3707 mem(f3(ca),f3(ca)).  [resolve(3603,a,18,a)].

given #1370 (T,wt=5): 3757 mem(f2(ca),f2(ca)).  [resolve(3719,a,18,a)].

given #1371 (T,wt=5): 3810 mem(f1(ca),f1(ca)).  [resolve(3769,a,18,a)].

given #1372 (T,wt=5): 4007 mem(f4(cb),f4(cb)).  [resolve(3824,a,18,a)].

given #1373 (A,wt=56): 817 -car(x) | -car(y) | -car(z) | cen(g0) != cen(x) | cen(g0) != cen(y) | cen(g0) != cen(z) | cen(g0) != cen(pa) | g0 = x | g0 = y | g0 = z | g0 = pa | y = x | z = x | pa = x | z = y | pa = y | pa = z.  [resolve(355,a,154,a),flip(d),flip(e),flip(f),flip(g),flip(h),flip(i),flip(j),flip(k)].

given #1374 (F,wt=7): 1915 f3(f1(pb)) != f2(f1(pb)).  [resolve(1903,a,26,a)].

given #1375 (F,wt=7): 1916 f4(f1(pb)) != f1(f1(pb)).  [resolve(1903,a,25,a)].

given #1376 (F,wt=7): 1917 f3(f1(pb)) != f1(f1(pb)).  [resolve(1903,a,24,a)].

given #1377 (F,wt=7): 1918 f2(f1(pb)) != f1(f1(pb)).  [resolve(1903,a,23,a)].

given #1378 (T,wt=5): 4059 mem(f3(cb),f3(cb)).  [resolve(4017,a,18,a)].

given #1379 (T,wt=5): 4183 mem(f2(cb),f2(cb)).  [resolve(4069,a,18,a)].

given #1380 (T,wt=5): 4236 mem(f1(cb),f1(cb)).  [resolve(4193,a,18,a)].

given #1381 (T,wt=5): 4583 mem(f4(oa),f4(oa)).  [resolve(4538,a,18,a)].

given #1382 (A,wt=53): 818 -car(x) | -car(y) | -car(z) | cen(oa) != cen(x) | cen(oa) != cen(y) | cen(oa) != cen(z) | cen(oa) != cen(pa) | oa = x | oa = y | oa = z | y = x | z = x | pa = x | z = y | pa = y | pa = z.  [resolve(355,a,45,a),flip(d),flip(e),flip(f),flip(g),flip(h),flip(i),flip(j),flip(k),unit_del(k,95)].

given #1383 (F,wt=7): 1941 f4(f4(ra)) != f3(f4(ra)).  [resolve(1931,a,28,a)].

given #1384 (F,wt=7): 1942 f4(f4(ra)) != f2(f4(ra)).  [resolve(1931,a,27,a)].

given #1385 (F,wt=7): 1943 f3(f4(ra)) != f2(f4(ra)).  [resolve(1931,a,26,a)].

given #1386 (F,wt=7): 1944 f4(f4(ra)) != f1(f4(ra)).  [resolve(1931,a,25,a)].

given #1387 (T,wt=5): 4636 mem(f3(oa),f3(oa)).  [resolve(4591,a,18,a)].

given #1388 (T,wt=5): 4765 mem(f2(oa),f2(oa)).  [resolve(4719,a,18,a)].

given #1389 (T,wt=5): 4819 mem(f1(oa),f1(oa)).  [resolve(4773,a,18,a)].

given #1390 (T,wt=5): 4875 mem(f4(g0),f4(g0)).  [resolve(4827,a,18,a)].

given #1391 (A,wt=48): 819 -car(x) | -car(y) | -car(z) | cen(pa) != cen(x) | cen(pa) != cen(y) | cen(pa) != cen(z) | pb = x | pb = y | pb = z | y = x | z = x | pa = x | z = y | pa = y | pa = z.  [resolve(355,a,38,a),rewrite([150(6),150(10),150(14),150(19)]),flip(d),flip(e),flip(f),flip(h),flip(i),flip(j),flip(k),xx(g),unit_del(j,47)].

given #1392 (F,wt=7): 1945 f3(f4(ra)) != f1(f4(ra)).  [resolve(1931,a,24,a)].

given #1393 (F,wt=7): 1946 f2(f4(ra)) != f1(f4(ra)).  [resolve(1931,a,23,a)].

given #1394 (F,wt=7): 1971 f4(f3(ra)) != f3(f3(ra)).  [resolve(1959,a,28,a)].

given #1395 (F,wt=7): 1972 f4(f3(ra)) != f2(f3(ra)).  [resolve(1959,a,27,a)].

given #1396 (T,wt=5): 5088 mem(f3(g0),f3(g0)).  [resolve(4881,a,18,a)].

given #1397 (T,wt=5): 5144 mem(f2(g0),f2(g0)).  [resolve(5094,a,18,a)].

given #1398 (T,wt=5): 5281 mem(f1(g0),f1(g0)).  [resolve(5150,a,18,a)].

given #1399 (T,wt=5): 5338 mem(f4(g1),f4(g1)).  [resolve(5287,a,18,a)].

given #1400 (A,wt=56): 820 -car(x) | -car(y) | -car(z) | cen(c1) != cen(x) | cen(y) != cen(x) | cen(z) != cen(x) | cen(pa) != cen(x) | c1 = x | y = x | z = x | pa = x | c1 = y | c1 = z | c1 = pa | z = y | pa = y | pa = z.  [resolve(355,b,339,a),flip(l),flip(m),flip(n)].

given #1401 (F,wt=7): 1973 f3(f3(ra)) != f2(f3(ra)).  [resolve(1959,a,26,a)].

given #1402 (F,wt=7): 1974 f4(f3(ra)) != f1(f3(ra)).  [resolve(1959,a,25,a)].

given #1403 (F,wt=7): 1975 f3(f3(ra)) != f1(f3(ra)).  [resolve(1959,a,24,a)].

given #1404 (F,wt=7): 1976 f2(f3(ra)) != f1(f3(ra)).  [resolve(1959,a,23,a)].

given #1405 (T,wt=5): 5458 mem(f3(g1),f3(g1)).  [resolve(5407,a,18,a)].

given #1406 (T,wt=5): 5516 mem(f2(g1),f2(g1)).  [resolve(5465,a,18,a)].

given #1407 (T,wt=5): 5663 mem(f1(g1),f1(g1)).  [resolve(5611,a,18,a)].

given #1408 (T,wt=5): 5722 mem(f4(g2),f4(g2)).  [resolve(5670,a,18,a)].

given #1409 (A,wt=56): 821 -car(x) | -car(y) | -car(z) | cen(g14) != cen(x) | cen(y) != cen(x) | cen(z) != cen(x) | cen(pa) != cen(x) | g14 = x | y = x | z = x | pa = x | g14 = y | g14 = z | g14 = pa | z = y | pa = y | pa = z.  [resolve(355,b,168,a),flip(l),flip(m),flip(n)].

given #1410 (F,wt=7): 1999 f4(f2(ra)) != f3(f2(ra)).  [resolve(1987,a,28,a)].

given #1411 (F,wt=7): 2000 f4(f2(ra)) != f2(f2(ra)).  [resolve(1987,a,27,a)].

given #1412 (F,wt=7): 2001 f3(f2(ra)) != f2(f2(ra)).  [resolve(1987,a,26,a)].

given #1413 (F,wt=7): 2002 f4(f2(ra)) != f1(f2(ra)).  [resolve(1987,a,25,a)].

given #1414 (T,wt=5): 5781 mem(f3(g2),f3(g2)).  [resolve(5729,a,18,a)].

given #1415 (T,wt=5): 5842 mem(f2(g2),f2(g2)).  [resolve(5790,a,18,a)].

given #1416 (T,wt=5): 5901 mem(f1(g2),f1(g2)).  [resolve(5849,a,18,a)].

given #1417 (T,wt=5): 6027 mem(f4(g3),f4(g3)).  [resolve(5975,a,18,a)].

given #1418 (A,wt=56): 822 -car(x) | -car(y) | -car(z) | cen(g13) != cen(x) | cen(y) != cen(x) | cen(z) != cen(x) | cen(pa) != cen(x) | g13 = x | y = x | z = x | pa = x | g13 = y | g13 = z | g13 = pa | z = y | pa = y | pa = z.  [resolve(355,b,167,a),flip(l),flip(m),flip(n)].

given #1419 (F,wt=7): 2003 f3(f2(ra)) != f1(f2(ra)).  [resolve(1987,a,24,a)].

given #1420 (F,wt=7): 2004 f2(f2(ra)) != f1(f2(ra)).  [resolve(1987,a,23,a)].

given #1421 (F,wt=7): 2144 f4(f1(ra)) != f3(f1(ra)).  [resolve(2130,a,28,a)].

given #1422 (F,wt=7): 2145 f4(f1(ra)) != f2(f1(ra)).  [resolve(2130,a,27,a)].

given #1423 (T,wt=5): 6179 mem(f3(g3),f3(g3)).  [resolve(6035,a,18,a)].

given #1424 (T,wt=5): 6243 mem(f2(g3),f2(g3)).  [resolve(6190,a,18,a)].

given #1425 (T,wt=5): 6304 mem(f1(g3),f1(g3)).  [resolve(6251,a,18,a)].

given #1426 (T,wt=5): 6367 mem(f4(g4),f4(g4)).  [resolve(6312,a,18,a)].

given #1427 (A,wt=56): 823 -car(x) | -car(y) | -car(z) | cen(g12) != cen(x) | cen(y) != cen(x) | cen(z) != cen(x) | cen(pa) != cen(x) | g12 = x | y = x | z = x | pa = x | g12 = y | g12 = z | g12 = pa | z = y | pa = y | pa = z.  [resolve(355,b,166,a),flip(l),flip(m),flip(n)].

given #1428 (F,wt=7): 2146 f3(f1(ra)) != f2(f1(ra)).  [resolve(2130,a,26,a)].

given #1429 (F,wt=7): 2147 f4(f1(ra)) != f1(f1(ra)).  [resolve(2130,a,25,a)].

given #1430 (F,wt=7): 2148 f3(f1(ra)) != f1(f1(ra)).  [resolve(2130,a,24,a)].

given #1431 (F,wt=7): 2149 f2(f1(ra)) != f1(f1(ra)).  [resolve(2130,a,23,a)].

given #1432 (T,wt=5): 6428 mem(f3(g4),f3(g4)).  [resolve(6375,a,18,a)].

given #1433 (T,wt=5): 6491 mem(f2(g4),f2(g4)).  [resolve(6436,a,18,a)].

given #1434 (T,wt=5): 6561 mem(f1(g4),f1(g4)).  [resolve(6507,a,18,a)].

given #1435 (T,wt=5): 6625 mem(f4(g5),f4(g5)).  [resolve(6572,a,18,a)].

given #1436 (A,wt=56): 824 -car(x) | -car(y) | -car(z) | cen(g11) != cen(x) | cen(y) != cen(x) | cen(z) != cen(x) | cen(pa) != cen(x) | g11 = x | y = x | z = x | pa = x | g11 = y | g11 = z | g11 = pa | z = y | pa = y | pa = z.  [resolve(355,b,165,a),flip(l),flip(m),flip(n)].

given #1437 (F,wt=7): 2233 f4(f4(rb)) != f3(f4(rb)).  [resolve(2218,a,28,a)].

given #1438 (F,wt=7): 2234 f4(f4(rb)) != f2(f4(rb)).  [resolve(2218,a,27,a)].

given #1439 (F,wt=7): 2235 f3(f4(rb)) != f2(f4(rb)).  [resolve(2218,a,26,a)].

given #1440 (F,wt=7): 2236 f4(f4(rb)) != f1(f4(rb)).  [resolve(2218,a,25,a)].

given #1441 (T,wt=5): 6686 mem(f3(g5),f3(g5)).  [resolve(6633,a,18,a)].

given #1442 (T,wt=5): 6747 mem(f2(g5),f2(g5)).  [resolve(6694,a,18,a)].

given #1443 (T,wt=5): 6808 mem(f1(g5),f1(g5)).  [resolve(6755,a,18,a)].

given #1444 (T,wt=5): 6875 mem(f4(g6),f4(g6)).  [resolve(6822,a,18,a)].

given #1445 (A,wt=56): 825 -car(x) | -car(y) | -car(z) | cen(g10) != cen(x) | cen(y) != cen(x) | cen(z) != cen(x) | cen(pa) != cen(x) | g10 = x | y = x | z = x | pa = x | g10 = y | g10 = z | g10 = pa | z = y | pa = y | pa = z.  [resolve(355,b,164,a),flip(l),flip(m),flip(n)].

given #1446 (F,wt=7): 2237 f3(f4(rb)) != f1(f4(rb)).  [resolve(2218,a,24,a)].

given #1447 (F,wt=7): 2238 f2(f4(rb)) != f1(f4(rb)).  [resolve(2218,a,23,a)].

given #1448 (F,wt=7): 2264 f4(f3(rb)) != f3(f3(rb)).  [resolve(2249,a,28,a)].

given #1449 (F,wt=7): 2265 f4(f3(rb)) != f2(f3(rb)).  [resolve(2249,a,27,a)].

given #1450 (T,wt=5): 6937 mem(f3(g6),f3(g6)).  [resolve(6883,a,18,a)].

given #1451 (T,wt=5): 7003 mem(f2(g6),f2(g6)).  [resolve(6950,a,18,a)].

given #1452 (T,wt=5): 7273 mem(f1(g6),f1(g6)).  [resolve(7218,a,18,a)].

given #1453 (T,wt=5): 7441 mem(f4(g7),f4(g7)).  [resolve(7281,a,18,a)].

given #1454 (A,wt=56): 826 -car(x) | -car(y) | -car(z) | cen(g9) != cen(x) | cen(y) != cen(x) | cen(z) != cen(x) | cen(pa) != cen(x) | g9 = x | y = x | z = x | pa = x | g9 = y | g9 = z | g9 = pa | z = y | pa = y | pa = z.  [resolve(355,b,163,a),flip(l),flip(m),flip(n)].

given #1455 (F,wt=7): 2266 f3(f3(rb)) != f2(f3(rb)).  [resolve(2249,a,26,a)].

given #1456 (F,wt=7): 2267 f4(f3(rb)) != f1(f3(rb)).  [resolve(2249,a,25,a)].

given #1457 (F,wt=7): 2268 f3(f3(rb)) != f1(f3(rb)).  [resolve(2249,a,24,a)].

given #1458 (F,wt=7): 2269 f2(f3(rb)) != f1(f3(rb)).  [resolve(2249,a,23,a)].

given #1459 (T,wt=5): 7505 mem(f3(g7),f3(g7)).  [resolve(7449,a,18,a)].

given #1460 (T,wt=5): 7682 mem(f2(g7),f2(g7)).  [resolve(7513,a,18,a)].

given #1461 (T,wt=5): 7736 mem(f1(g7),f1(g7)).  [resolve(7690,a,18,a)].

given #1462 (T,wt=5): 7898 mem(f4(g8),f4(g8)).  [resolve(7851,a,18,a)].

given #1463 (A,wt=56): 827 -car(x) | -car(y) | -car(z) | cen(g8) != cen(x) | cen(y) != cen(x) | cen(z) != cen(x) | cen(pa) != cen(x) | g8 = x | y = x | z = x | pa = x | g8 = y | g8 = z | g8 = pa | z = y | pa = y | pa = z.  [resolve(355,b,162,a),flip(l),flip(m),flip(n)].

given #1464 (F,wt=7): 2537 f4(f2(rb)) != f3(f2(rb)).  [resolve(2520,a,28,a)].

given #1465 (F,wt=7): 2538 f4(f2(rb)) != f2(f2(rb)).  [resolve(2520,a,27,a)].

given #1466 (F,wt=7): 2539 f3(f2(rb)) != f2(f2(rb)).  [resolve(2520,a,26,a)].

given #1467 (F,wt=7): 2540 f4(f2(rb)) != f1(f2(rb)).  [resolve(2520,a,25,a)].

given #1468 (T,wt=5): 7953 mem(f3(g8),f3(g8)).  [resolve(7906,a,18,a)].

given #1469 (T,wt=5): 8134 mem(f2(g8),f2(g8)).  [resolve(8086,a,18,a)].

given #1470 (T,wt=5): 8190 mem(f1(g8),f1(g8)).  [resolve(8142,a,18,a)].

given #1471 (T,wt=5): 8357 mem(f4(g9),f4(g9)).  [resolve(8308,a,18,a)].

given #1472 (A,wt=56): 828 -car(x) | -car(y) | -car(z) | cen(g7) != cen(x) | cen(y) != cen(x) | cen(z) != cen(x) | cen(pa) != cen(x) | g7 = x | y = x | z = x | pa = x | g7 = y | g7 = z | g7 = pa | z = y | pa = y | pa = z.  [resolve(355,b,161,a),flip(l),flip(m),flip(n)].

given #1473 (F,wt=7): 2541 f3(f2(rb)) != f1(f2(rb)).  [resolve(2520,a,24,a)].

given #1474 (F,wt=7): 2542 f2(f2(rb)) != f1(f2(rb)).  [resolve(2520,a,23,a)].

given #1475 (F,wt=7): 2572 f4(f1(rb)) != f3(f1(rb)).  [resolve(2555,a,28,a)].

given #1476 (F,wt=7): 2573 f4(f1(rb)) != f2(f1(rb)).  [resolve(2555,a,27,a)].

given #1477 (T,wt=5): 8515 mem(f3(g9),f3(g9)).  [resolve(8365,a,18,a)].

given #1478 (T,wt=5): 8547 mem(f2(g9),f2(g9)).  [resolve(8523,a,18,a)].

given #1479 (T,wt=5): 8596 mem(f1(g9),f1(g9)).  [resolve(8555,a,18,a)].

given #1480 (T,wt=5): 8628 mem(f4(g10),f4(g10)).  [resolve(8604,a,18,a)].

given #1481 (A,wt=56): 829 -car(x) | -car(y) | -car(z) | cen(g6) != cen(x) | cen(y) != cen(x) | cen(z) != cen(x) | cen(pa) != cen(x) | g6 = x | y = x | z = x | pa = x | g6 = y | g6 = z | g6 = pa | z = y | pa = y | pa = z.  [resolve(355,b,160,a),flip(l),flip(m),flip(n)].

given #1482 (F,wt=7): 2574 f3(f1(rb)) != f2(f1(rb)).  [resolve(2555,a,26,a)].

given #1483 (F,wt=7): 2575 f4(f1(rb)) != f1(f1(rb)).  [resolve(2555,a,25,a)].

given #1484 (F,wt=7): 2576 f3(f1(rb)) != f1(f1(rb)).  [resolve(2555,a,24,a)].

given #1485 (F,wt=7): 2577 f2(f1(rb)) != f1(f1(rb)).  [resolve(2555,a,23,a)].

given #1486 (T,wt=5): 8691 mem(f3(g10),f3(g10)).  [resolve(8667,a,18,a)].

given #1487 (T,wt=5): 8723 mem(f2(g10),f2(g10)).  [resolve(8699,a,18,a)].

given #1488 (T,wt=5): 8769 mem(f1(g10),f1(g10)).  [resolve(8745,a,18,a)].

given #1489 (T,wt=5): 8828 mem(f4(g11),f4(g11)).  [resolve(8777,a,18,a)].

given #1490 (A,wt=56): 830 -car(x) | -car(y) | -car(z) | cen(g5) != cen(x) | cen(y) != cen(x) | cen(z) != cen(x) | cen(pa) != cen(x) | g5 = x | y = x | z = x | pa = x | g5 = y | g5 = z | g5 = pa | z = y | pa = y | pa = z.  [resolve(355,b,159,a),flip(l),flip(m),flip(n)].

given #1491 (F,wt=7): 2670 f4(f4(qa)) != f3(f4(qa)).  [resolve(2652,a,28,a)].

given #1492 (F,wt=7): 2671 f4(f4(qa)) != f2(f4(qa)).  [resolve(2652,a,27,a)].

given #1493 (F,wt=7): 2672 f3(f4(qa)) != f2(f4(qa)).  [resolve(2652,a,26,a)].

given #1494 (F,wt=7): 2673 f4(f4(qa)) != f1(f4(qa)).  [resolve(2652,a,25,a)].

given #1495 (T,wt=5): 8860 mem(f3(g11),f3(g11)).  [resolve(8836,a,18,a)].

given #1496 (T,wt=5): 8905 mem(f2(g11),f2(g11)).  [resolve(8868,a,18,a)].

given #1497 (T,wt=5): 8937 mem(f1(g11),f1(g11)).  [resolve(8913,a,18,a)].

given #1498 (T,wt=5): 8994 mem(f4(g12),f4(g12)).  [resolve(8970,a,18,a)].

given #1499 (A,wt=56): 831 -car(x) | -car(y) | -car(z) | cen(g4) != cen(x) | cen(y) != cen(x) | cen(z) != cen(x) | cen(pa) != cen(x) | g4 = x | y = x | z = x | pa = x | g4 = y | g4 = z | g4 = pa | z = y | pa = y | pa = z.  [resolve(355,b,158,a),flip(l),flip(m),flip(n)].

given #1500 (F,wt=7): 2674 f3(f4(qa)) != f1(f4(qa)).  [resolve(2652,a,24,a)].

given #1501 (F,wt=7): 2675 f2(f4(qa)) != f1(f4(qa)).  [resolve(2652,a,23,a)].

given #1502 (F,wt=7): 2708 f4(f3(qa)) != f3(f3(qa)).  [resolve(2688,a,28,a)].

given #1503 (F,wt=7): 2709 f4(f3(qa)) != f2(f3(qa)).  [resolve(2688,a,27,a)].

given #1504 (T,wt=5): 9026 mem(f3(g12),f3(g12)).  [resolve(9002,a,18,a)].

given #1505 (T,wt=5): 9070 mem(f2(g12),f2(g12)).  [resolve(9046,a,18,a)].

given #1506 (T,wt=5): 9102 mem(f1(g12),f1(g12)).  [resolve(9078,a,18,a)].

given #1507 (T,wt=5): 9157 mem(f4(g13),f4(g13)).  [resolve(9133,a,18,a)].

given #1508 (A,wt=56): 832 -car(x) | -car(y) | -car(z) | cen(g3) != cen(x) | cen(y) != cen(x) | cen(z) != cen(x) | cen(pa) != cen(x) | g3 = x | y = x | z = x | pa = x | g3 = y | g3 = z | g3 = pa | z = y | pa = y | pa = z.  [resolve(355,b,157,a),flip(l),flip(m),flip(n)].

given #1509 (F,wt=7): 2710 f3(f3(qa)) != f2(f3(qa)).  [resolve(2688,a,26,a)].

given #1510 (F,wt=7): 2711 f4(f3(qa)) != f1(f3(qa)).  [resolve(2688,a,25,a)].

given #1511 (F,wt=7): 2712 f3(f3(qa)) != f1(f3(qa)).  [resolve(2688,a,24,a)].

given #1512 (F,wt=7): 2713 f2(f3(qa)) != f1(f3(qa)).  [resolve(2688,a,23,a)].

given #1513 (T,wt=5): 9200 mem(f3(g13),f3(g13)).  [resolve(9165,a,18,a)].

given #1514 (T,wt=5): 9232 mem(f2(g13),f2(g13)).  [resolve(9208,a,18,a)].

given #1515 (T,wt=5): 9285 mem(f1(g13),f1(g13)).  [resolve(9240,a,18,a)].

given #1516 (T,wt=5): 9317 mem(f4(g14),f4(g14)).  [resolve(9293,a,18,a)].

given #1517 (A,wt=56): 833 -car(x) | -car(y) | -car(z) | cen(g2) != cen(x) | cen(y) != cen(x) | cen(z) != cen(x) | cen(pa) != cen(x) | g2 = x | y = x | z = x | pa = x | g2 = y | g2 = z | g2 = pa | z = y | pa = y | pa = z.  [resolve(355,b,156,a),flip(l),flip(m),flip(n)].

given #1518 (F,wt=7): 2744 f4(f2(qa)) != f3(f2(qa)).  [resolve(2724,a,28,a)].

given #1519 (F,wt=7): 2745 f4(f2(qa)) != f2(f2(qa)).  [resolve(2724,a,27,a)].

given #1520 (F,wt=7): 2746 f3(f2(qa)) != f2(f2(qa)).  [resolve(2724,a,26,a)].

given #1521 (F,wt=7): 2747 f4(f2(qa)) != f1(f2(qa)).  [resolve(2724,a,25,a)].

given #1522 (T,wt=5): 9359 mem(f3(g14),f3(g14)).  [resolve(9335,a,18,a)].

given #1523 (T,wt=5): 9391 mem(f2(g14),f2(g14)).  [resolve(9367,a,18,a)].

given #1524 (T,wt=5): 9442 mem(f1(g14),f1(g14)).  [resolve(9418,a,18,a)].

given #1525 (T,wt=5): 9483 mem(f4(c1),f4(c1)).  [resolve(9450,a,18,a)].

given #1526 (A,wt=56): 834 -car(x) | -car(y) | -car(z) | cen(g1) != cen(x) | cen(y) != cen(x) | cen(z) != cen(x) | cen(pa) != cen(x) | g1 = x | y = x | z = x | pa = x | g1 = y | g1 = z | g1 = pa | z = y | pa = y | pa = z.  [resolve(355,b,155,a),flip(l),flip(m),flip(n)].

given #1527 (F,wt=7): 2748 f3(f2(qa)) != f1(f2(qa)).  [resolve(2724,a,24,a)].

given #1528 (F,wt=7): 2749 f2(f2(qa)) != f1(f2(qa)).  [resolve(2724,a,23,a)].

given #1529 (F,wt=7): 3033 f4(f1(qa)) != f3(f1(qa)).  [resolve(3011,a,28,a)].

given #1530 (F,wt=7): 3034 f4(f1(qa)) != f2(f1(qa)).  [resolve(3011,a,27,a)].

given #1531 (T,wt=5): 9515 mem(f3(c1),f3(c1)).  [resolve(9491,a,18,a)].

given #1532 (T,wt=5): 9564 mem(f2(c1),f2(c1)).  [resolve(9523,a,18,a)].

given #1533 (T,wt=5): 9596 mem(f1(c1),f1(c1)).  [resolve(9572,a,18,a)].

given #1534 (T,wt=5): 9636 mem(f4(c2),f4(c2)).  [resolve(9612,a,18,a)].

given #1535 (A,wt=56): 835 -car(x) | -car(y) | -car(z) | cen(g0) != cen(x) | cen(y) != cen(x) | cen(z) != cen(x) | cen(pa) != cen(x) | g0 = x | y = x | z = x | pa = x | g0 = y | g0 = z | g0 = pa | z = y | pa = y | pa = z.  [resolve(355,b,154,a),flip(l),flip(m),flip(n)].

given #1536 (F,wt=7): 3035 f3(f1(qa)) != f2(f1(qa)).  [resolve(3011,a,26,a)].

given #1537 (F,wt=7): 3036 f4(f1(qa)) != f1(f1(qa)).  [resolve(3011,a,25,a)].

given #1538 (F,wt=7): 3037 f3(f1(qa)) != f1(f1(qa)).  [resolve(3011,a,24,a)].

given #1539 (F,wt=7): 3038 f2(f1(qa)) != f1(f1(qa)).  [resolve(3011,a,23,a)].

given #1540 (T,wt=5): 9668 mem(f3(c2),f3(c2)).  [resolve(9644,a,18,a)].

given #1541 (T,wt=5): 9715 mem(f2(c2),f2(c2)).  [resolve(9691,a,18,a)].

given #1542 (T,wt=5): 9747 mem(f1(c2),f1(c2)).  [resolve(9723,a,18,a)].

given #1543 (T,wt=5): 9786 mem(f4(c3),f4(c3)).  [resolve(9762,a,18,a)].

given #1544 (A,wt=53): 836 -car(x) | -car(y) | -car(z) | cen(oa) != cen(x) | cen(y) != cen(x) | cen(z) != cen(x) | cen(pa) != cen(x) | oa = x | y = x | z = x | pa = x | oa = y | oa = z | z = y | pa = y | pa = z.  [resolve(355,b,45,a),flip(l),flip(m),flip(n),unit_del(n,95)].

given #1545 (F,wt=7): 3139 f4(f4(qb)) != f3(f4(qb)).  [resolve(3116,a,28,a)].

given #1546 (F,wt=7): 3140 f4(f4(qb)) != f2(f4(qb)).  [resolve(3116,a,27,a)].

given #1547 (F,wt=7): 3141 f3(f4(qb)) != f2(f4(qb)).  [resolve(3116,a,26,a)].

given #1548 (F,wt=7): 3142 f4(f4(qb)) != f1(f4(qb)).  [resolve(3116,a,25,a)].

given #1549 (T,wt=5): 9831 mem(f3(c3),f3(c3)).  [resolve(9794,a,18,a)].

given #1550 (T,wt=5): 9863 mem(f2(c3),f2(c3)).  [resolve(9839,a,18,a)].

given #1551 (T,wt=5): 9901 mem(f1(c3),f1(c3)).  [resolve(9871,a,18,a)].

given #1552 (T,wt=5): 9933 mem(f4(c4),f4(c4)).  [resolve(9909,a,18,a)].

given #1553 (A,wt=53): 837 -car(x) | -car(y) | -car(z) | cen(ca) != cen(x) | cen(y) != cen(x) | cen(z) != cen(x) | cen(pa) != cen(x) | cb = x | y = x | z = x | pa = x | cb = y | cb = z | z = y | pa = y | pa = z.  [resolve(355,b,44,a),rewrite([113(5)]),flip(l),flip(m),unit_del(n,83)].

given #1554 (F,wt=7): 3143 f3(f4(qb)) != f1(f4(qb)).  [resolve(3116,a,24,a)].

given #1555 (F,wt=7): 3144 f2(f4(qb)) != f1(f4(qb)).  [resolve(3116,a,23,a)].

given #1556 (F,wt=7): 3180 f4(f3(qb)) != f3(f3(qb)).  [resolve(3157,a,28,a)].

given #1557 (F,wt=7): 3181 f4(f3(qb)) != f2(f3(qb)).  [resolve(3157,a,27,a)].

given #1558 (T,wt=5): 9976 mem(f3(c4),f3(c4)).  [resolve(9952,a,18,a)].

given #1559 (T,wt=5): 10008 mem(f2(c4),f2(c4)).  [resolve(9984,a,18,a)].

given #1560 (T,wt=5): 10045 mem(f1(c4),f1(c4)).  [resolve(10021,a,18,a)].

given #1561 (T,wt=5): 10071 car(cen(cen(cen(pa)))).  [resolve(943,a,14,a)].

given #1562 (A,wt=53): 838 -car(x) | -car(y) | -car(z) | cen(ca) != cen(x) | cen(y) != cen(x) | cen(z) != cen(x) | cen(pa) != cen(x) | ca = x | y = x | z = x | pa = x | ca = y | ca = z | z = y | pa = y | pa = z.  [resolve(355,b,43,a),flip(l),flip(m),unit_del(n,75)].

given #1563 (F,wt=7): 3182 f3(f3(qb)) != f2(f3(qb)).  [resolve(3157,a,26,a)].

given #1564 (F,wt=7): 3183 f4(f3(qb)) != f1(f3(qb)).  [resolve(3157,a,25,a)].

given #1565 (F,wt=7): 3184 f3(f3(qb)) != f1(f3(qb)).  [resolve(3157,a,24,a)].

given #1566 (F,wt=7): 3185 f2(f3(qb)) != f1(f3(qb)).  [resolve(3157,a,23,a)].

given #1567 (T,wt=5): 10095 car(cen(cen(cen(ra)))).  [resolve(970,a,14,a)].

given #1568 (T,wt=5): 10128 car(cen(cen(cen(ca)))).  [resolve(996,a,14,a)].

given #1569 (T,wt=5): 10152 car(cen(cen(cen(oa)))).  [resolve(1030,a,14,a)].

given #1570 (T,wt=5): 10176 car(cen(cen(cen(g0)))).  [resolve(1053,a,14,a)].

given #1571 (A,wt=53): 839 -car(x) | -car(y) | -car(z) | cen(ca) != cen(x) | cen(y) != cen(x) | cen(z) != cen(x) | cen(pa) != cen(x) | qb = x | y = x | z = x | pa = x | qb = y | qb = z | z = y | pa = y | pa = z.  [resolve(355,b,42,a),rewrite([352(5)]),flip(l),flip(m),flip(n),unit_del(n,70)].

given #1572 (F,wt=7): 3225 f4(f2(qb)) != f3(f2(qb)).  [resolve(3200,a,28,a)].

given #1573 (F,wt=7): 3226 f4(f2(qb)) != f2(f2(qb)).  [resolve(3200,a,27,a)].

given #1574 (F,wt=7): 3227 f3(f2(qb)) != f2(f2(qb)).  [resolve(3200,a,26,a)].

given #1575 (F,wt=7): 3228 f4(f2(qb)) != f1(f2(qb)).  [resolve(3200,a,25,a)].

given #1576 (T,wt=5): 10200 car(cen(cen(cen(g1)))).  [resolve(1076,a,14,a)].

given #1577 (T,wt=5): 10228 car(cen(cen(cen(g2)))).  [resolve(1099,a,14,a)].

given #1578 (T,wt=5): 10252 car(cen(cen(cen(g3)))).  [resolve(1122,a,14,a)].

given #1579 (T,wt=5): 10276 car(cen(cen(cen(g4)))).  [resolve(1145,a,14,a)].

given #1580 (A,wt=53): 840 -car(x) | -car(y) | -car(z) | cen(ca) != cen(x) | cen(y) != cen(x) | cen(z) != cen(x) | cen(pa) != cen(x) | qa = x | y = x | z = x | pa = x | qa = y | qa = z | z = y | pa = y | pa = z.  [resolve(355,b,41,a),rewrite([111(5)]),flip(l),flip(m),unit_del(n,63)].

given #1581 (F,wt=7): 3229 f3(f2(qb)) != f1(f2(qb)).  [resolve(3200,a,24,a)].

given #1582 (F,wt=7): 3230 f2(f2(qb)) != f1(f2(qb)).  [resolve(3200,a,23,a)].

given #1583 (F,wt=7): 3266 f4(f1(qb)) != f3(f1(qb)).  [resolve(3241,a,28,a)].

given #1584 (F,wt=7): 3267 f4(f1(qb)) != f2(f1(qb)).  [resolve(3241,a,27,a)].

given #1585 (T,wt=5): 10300 car(cen(cen(cen(g5)))).  [resolve(1168,a,14,a)].

given #1586 (T,wt=5): 10331 car(cen(cen(cen(g6)))).  [resolve(1191,a,14,a)].

given #1587 (T,wt=5): 10355 car(cen(cen(cen(g7)))).  [resolve(1214,a,14,a)].

given #1588 (T,wt=5): 10379 car(cen(cen(cen(g8)))).  [resolve(1241,a,14,a)].

given #1589 (A,wt=53): 841 -car(x) | -car(y) | -car(z) | cen(ra) != cen(x) | cen(y) != cen(x) | cen(z) != cen(x) | cen(pa) != cen(x) | rb = x | y = x | z = x | pa = x | rb = y | rb = z | z = y | pa = y | pa = z.  [resolve(355,b,40,a),rewrite([152(5)]),flip(l),flip(m),flip(n),unit_del(n,53)].

given #1590 (F,wt=7): 3268 f3(f1(qb)) != f2(f1(qb)).  [resolve(3241,a,26,a)].

given #1591 (F,wt=7): 3269 f4(f1(qb)) != f1(f1(qb)).  [resolve(3241,a,25,a)].

given #1592 (F,wt=7): 3270 f3(f1(qb)) != f1(f1(qb)).  [resolve(3241,a,24,a)].

given #1593 (F,wt=7): 3271 f2(f1(qb)) != f1(f1(qb)).  [resolve(3241,a,23,a)].

given #1594 (T,wt=5): 10403 car(cen(cen(cen(g9)))).  [resolve(1264,a,14,a)].

given #1595 (T,wt=5): 10430 car(cen(cen(cen(g10)))).  [resolve(1291,a,14,a)].

given #1596 (T,wt=5): 10454 car(cen(cen(cen(g11)))).  [resolve(1314,a,14,a)].

given #1597 (T,wt=5): 10478 car(cen(cen(cen(g12)))).  [resolve(1341,a,14,a)].

given #1598 (A,wt=53): 842 -car(x) | -car(y) | -car(z) | cen(ra) != cen(x) | cen(y) != cen(x) | cen(z) != cen(x) | cen(pa) != cen(x) | ra = x | y = x | z = x | pa = x | ra = y | ra = z | z = y | pa = y | pa = z.  [resolve(355,b,39,a),flip(l),flip(m),flip(n),unit_del(n,51)].

given #1599 (F,wt=7): 3581 f4(f4(ca)) != f3(f4(ca)).  [resolve(3554,a,28,a)].

given #1600 (F,wt=7): 3582 f4(f4(ca)) != f2(f4(ca)).  [resolve(3554,a,27,a)].

given #1601 (F,wt=7): 3583 f3(f4(ca)) != f2(f4(ca)).  [resolve(3554,a,26,a)].

given #1602 (F,wt=7): 3584 f4(f4(ca)) != f1(f4(ca)).  [resolve(3554,a,25,a)].

given #1603 (T,wt=5): 10502 car(cen(cen(cen(g13)))).  [resolve(1364,a,14,a)].

given #1604 (T,wt=5): 10684 car(cen(cen(cen(g14)))).  [resolve(1391,a,14,a)].

given #1605 (T,wt=5): 10708 car(cen(cen(cen(c1)))).  [resolve(1414,a,14,a)].

given #1606 (T,wt=5): 10732 car(cen(cen(cen(c2)))).  [resolve(1617,a,14,a)].

given #1607 (A,wt=40): 843 -car(x) | -car(y) | cen(ca) != cen(x) | cen(y) != cen(x) | cen(pa) != cen(x) | cb = x | ca = x | y = x | pa = x | cb = y | ca = y | pa = y.  [factor(837,d,e),flip(m),unit_del(b,43),unit_del(k,61),unit_del(n,75)].

Low Water (keep): wt=29.000, iters=6994

given #1608 (F,wt=7): 3585 f3(f4(ca)) != f1(f4(ca)).  [resolve(3554,a,24,a)].

given #1609 (F,wt=7): 3586 f2(f4(ca)) != f1(f4(ca)).  [resolve(3554,a,23,a)].

given #1610 (F,wt=7): 3697 f4(f3(ca)) != f3(f3(ca)).  [resolve(3603,a,28,a)].

given #1611 (F,wt=7): 3698 f4(f3(ca)) != f2(f3(ca)).  [resolve(3603,a,27,a)].

given #1612 (T,wt=5): 10756 car(cen(cen(cen(c3)))).  [resolve(1644,a,14,a)].

given #1613 (T,wt=5): 10959 car(cen(cen(cen(c4)))).  [resolve(1713,a,14,a)].

given #1614 (T,wt=5): 10984 car(cen(cen(f4(pa)))).  [resolve(1737,a,14,a)].

given #1615 (T,wt=5): 11009 car(cen(cen(f3(pa)))).  [resolve(1761,a,14,a)].

given #1616 (A,wt=43): 844 -car(x) | -car(y) | cen(ca) != cen(x) | cen(y) != cen(x) | cen(pa) != cen(x) | qb = x | ca = x | y = x | pa = x | qb = ca | qb = y | ca = y | pa = y.  [factor(839,d,e),flip(m),unit_del(b,43),unit_del(n,75)].

given #1617 (F,wt=7): 3699 f3(f3(ca)) != f2(f3(ca)).  [resolve(3603,a,26,a)].

given #1618 (F,wt=7): 3700 f4(f3(ca)) != f1(f3(ca)).  [resolve(3603,a,25,a)].

given #1619 (F,wt=7): 3701 f3(f3(ca)) != f1(f3(ca)).  [resolve(3603,a,24,a)].

given #1620 (F,wt=7): 3702 f2(f3(ca)) != f1(f3(ca)).  [resolve(3603,a,23,a)].

given #1621 (T,wt=5): 11034 car(cen(cen(f2(pa)))).  [resolve(1786,a,14,a)].

given #1622 (T,wt=5): 11061 car(cen(cen(f1(pa)))).  [resolve(1810,a,14,a)].

given #1623 (T,wt=5): 11086 car(cen(cen(f4(pb)))).  [resolve(1845,a,14,a)].

given #1624 (T,wt=5): 11111 car(cen(cen(f3(pb)))).  [resolve(1869,a,14,a)].

given #1625 (A,wt=43): 845 -car(x) | -car(y) | cen(ca) != cen(x) | cen(y) != cen(x) | cen(pa) != cen(x) | qa = x | ca = x | y = x | pa = x | qa = ca | qa = y | ca = y | pa = y.  [factor(840,d,e),flip(m),unit_del(b,43),unit_del(n,75)].

given #1626 (F,wt=7): 3747 f4(f2(ca)) != f3(f2(ca)).  [resolve(3719,a,28,a)].

given #1627 (F,wt=7): 3748 f4(f2(ca)) != f2(f2(ca)).  [resolve(3719,a,27,a)].

given #1628 (F,wt=7): 3749 f3(f2(ca)) != f2(f2(ca)).  [resolve(3719,a,26,a)].

given #1629 (F,wt=7): 3750 f4(f2(ca)) != f1(f2(ca)).  [resolve(3719,a,25,a)].

given #1630 (T,wt=5): 11136 car(cen(cen(f2(pb)))).  [resolve(1897,a,14,a)].

given #1631 (T,wt=5): 11166 car(cen(cen(f1(pb)))).  [resolve(1925,a,14,a)].

given #1632 (T,wt=5): 11191 car(cen(cen(f4(ra)))).  [resolve(1953,a,14,a)].

given #1633 (T,wt=5): 11216 car(cen(cen(f3(ra)))).  [resolve(1983,a,14,a)].

given #1634 (A,wt=40): 846 -car(x) | -car(y) | cen(ra) != cen(x) | cen(y) != cen(x) | cen(pa) != cen(x) | rb = x | ra = x | y = x | pa = x | rb = y | ra = y | pa = y.  [factor(841,d,e),flip(m),flip(n),unit_del(b,39),unit_del(k,49),unit_del(n,51)].

given #1635 (F,wt=7): 3751 f3(f2(ca)) != f1(f2(ca)).  [resolve(3719,a,24,a)].

given #1636 (F,wt=7): 3752 f2(f2(ca)) != f1(f2(ca)).  [resolve(3719,a,23,a)].

given #1637 (F,wt=7): 3800 f4(f1(ca)) != f3(f1(ca)).  [resolve(3769,a,28,a)].

given #1638 (F,wt=7): 3801 f4(f1(ca)) != f2(f1(ca)).  [resolve(3769,a,27,a)].

given #1639 (T,wt=5): 11241 car(cen(cen(f2(ra)))).  [resolve(2011,a,14,a)].

given #1640 (T,wt=5): 11400 car(cen(cen(f1(ra)))).  [resolve(2156,a,14,a)].

given #1641 (T,wt=5): 11425 car(cen(cen(f4(rb)))).  [resolve(2245,a,14,a)].

given #1642 (T,wt=5): 11450 car(cen(cen(f3(rb)))).  [resolve(2276,a,14,a)].

given #1643 (A,wt=56): 847 -car(x) | -car(y) | -car(z) | cen(y) != cen(x) | cen(z) != cen(x) | cen(c2) != cen(x) | cen(pa) != cen(x) | y = x | z = x | c2 = x | pa = x | z = y | c2 = y | pa = y | c2 = z | pa = z | c2 = pa.  [resolve(772,a,355,d),flip(q)].

given #1644 (F,wt=7): 3802 f3(f1(ca)) != f2(f1(ca)).  [resolve(3769,a,26,a)].

given #1645 (F,wt=7): 3803 f4(f1(ca)) != f1(f1(ca)).  [resolve(3769,a,25,a)].

given #1646 (F,wt=7): 3804 f3(f1(ca)) != f1(f1(ca)).  [resolve(3769,a,24,a)].

given #1647 (F,wt=7): 3805 f2(f1(ca)) != f1(f1(ca)).  [resolve(3769,a,23,a)].

given #1648 (T,wt=5): 11475 car(cen(cen(f2(rb)))).  [resolve(2549,a,14,a)].

given #1649 (T,wt=5): 11731 car(cen(cen(f1(rb)))).  [resolve(2584,a,14,a)].

given #1650 (T,wt=5): 11755 car(cen(cen(f4(qa)))).  [resolve(2682,a,14,a)].

given #1651 (T,wt=5): 11776 car(cen(cen(f3(qa)))).  [resolve(2720,a,14,a)].

given #1652 (A,wt=56): 848 -car(x) | -car(y) | -car(z) | cen(c2) != cen(x) | cen(c2) != cen(y) | cen(c2) != cen(z) | cen(c2) != cen(pa) | c2 = x | c2 = y | c2 = z | c2 = pa | y = x | z = x | pa = x | z = y | pa = y | pa = z.  [resolve(772,a,355,a),flip(d),flip(e),flip(f),flip(g),flip(h),flip(i),flip(j),flip(k)].

given #1653 (F,wt=7): 3997 f4(f4(cb)) != f3(f4(cb)).  [resolve(3824,a,28,a)].

given #1654 (F,wt=7): 3998 f4(f4(cb)) != f2(f4(cb)).  [resolve(3824,a,27,a)].

given #1655 (F,wt=7): 3999 f3(f4(cb)) != f2(f4(cb)).  [resolve(3824,a,26,a)].

given #1656 (F,wt=7): 4000 f4(f4(cb)) != f1(f4(cb)).  [resolve(3824,a,25,a)].

given #1657 (T,wt=5): 11797 car(cen(cen(f2(qa)))).  [resolve(2756,a,14,a)].

given #1658 (T,wt=5): 11818 car(cen(cen(f1(qa)))).  [resolve(3045,a,14,a)].

given #1659 (T,wt=5): 11841 car(cen(cen(f4(qb)))).  [resolve(3151,a,14,a)].

given #1660 (T,wt=5): 11862 car(cen(cen(f3(qb)))).  [resolve(3192,a,14,a)].

given #1661 (A,wt=58): 849 -car(x) | -car(y) | -car(z) | -car(u) | cen(y) != cen(x) | cen(z) != cen(x) | cen(u) != cen(x) | cen(c2) != cen(x) | y = x | z = x | u = x | c2 = x | z = y | u = y | c2 = y | u = z | c2 = z | c2 = u.  [resolve(772,a,36,e)].

given #1662 (F,wt=7): 4001 f3(f4(cb)) != f1(f4(cb)).  [resolve(3824,a,24,a)].

given #1663 (F,wt=7): 4002 f2(f4(cb)) != f1(f4(cb)).  [resolve(3824,a,23,a)].

given #1664 (F,wt=7): 4049 f4(f3(cb)) != f3(f3(cb)).  [resolve(4017,a,28,a)].

given #1665 (F,wt=7): 4050 f4(f3(cb)) != f2(f3(cb)).  [resolve(4017,a,27,a)].

given #1666 (T,wt=5): 11883 car(cen(cen(f2(qb)))).  [resolve(3237,a,14,a)].

given #1667 (T,wt=5): 11901 car(cen(cen(f1(qb)))).  [resolve(3278,a,14,a)].

given #1668 (T,wt=5): 12078 car(cen(cen(f4(ca)))).  [resolve(3593,a,14,a)].

given #1669 (T,wt=5): 12096 car(cen(cen(f3(ca)))).  [resolve(3709,a,14,a)].

given #1670 (A,wt=58): 850 -car(x) | -car(y) | -car(z) | -car(u) | cen(c2) != cen(x) | cen(c2) != cen(y) | cen(c2) != cen(z) | cen(c2) != cen(u) | c2 = x | c2 = y | c2 = z | c2 = u | y = x | z = x | u = x | z = y | u = y | u = z.  [resolve(772,a,36,a),flip(e),flip(f),flip(g),flip(h),flip(i),flip(j),flip(k),flip(l)].

given #1671 (F,wt=7): 4051 f3(f3(cb)) != f2(f3(cb)).  [resolve(4017,a,26,a)].

given #1672 (F,wt=7): 4052 f4(f3(cb)) != f1(f3(cb)).  [resolve(4017,a,25,a)].

given #1673 (F,wt=7): 4053 f3(f3(cb)) != f1(f3(cb)).  [resolve(4017,a,24,a)].

given #1674 (F,wt=7): 4054 f2(f3(cb)) != f1(f3(cb)).  [resolve(4017,a,23,a)].

given #1675 (T,wt=5): 12114 car(cen(cen(f2(ca)))).  [resolve(3759,a,14,a)].

given #1676 (T,wt=5): 12132 car(cen(cen(f1(ca)))).  [resolve(3812,a,14,a)].

given #1677 (T,wt=5): 12358 car(cen(cen(f4(cb)))).  [resolve(4009,a,14,a)].

given #1678 (T,wt=5): 12377 car(cen(cen(f3(cb)))).  [resolve(4061,a,14,a)].

given #1679 (A,wt=56): 865 -car(x) | -car(y) | -car(z) | cen(y) != cen(x) | cen(z) != cen(x) | cen(c3) != cen(x) | cen(pa) != cen(x) | y = x | z = x | c3 = x | pa = x | z = y | c3 = y | pa = y | c3 = z | pa = z | c3 = pa.  [resolve(781,a,355,d),flip(q)].

given #1680 (F,wt=7): 4173 f4(f2(cb)) != f3(f2(cb)).  [resolve(4069,a,28,a)].

given #1681 (F,wt=7): 4174 f4(f2(cb)) != f2(f2(cb)).  [resolve(4069,a,27,a)].

given #1682 (F,wt=7): 4175 f3(f2(cb)) != f2(f2(cb)).  [resolve(4069,a,26,a)].

given #1683 (F,wt=7): 4176 f4(f2(cb)) != f1(f2(cb)).  [resolve(4069,a,25,a)].

given #1684 (T,wt=5): 12396 car(cen(cen(f2(cb)))).  [resolve(4185,a,14,a)].

given #1685 (T,wt=5): 12415 car(cen(cen(f1(cb)))).  [resolve(4238,a,14,a)].

given #1686 (T,wt=5): 12437 car(cen(cen(f4(oa)))).  [resolve(4585,a,14,a)].

given #1687 (T,wt=5): 12456 car(cen(cen(f3(oa)))).  [resolve(4638,a,14,a)].

given #1688 (A,wt=56): 866 -car(x) | -car(y) | -car(z) | cen(c3) != cen(x) | cen(c3) != cen(y) | cen(c3) != cen(z) | cen(c3) != cen(pa) | c3 = x | c3 = y | c3 = z | c3 = pa | y = x | z = x | pa = x | z = y | pa = y | pa = z.  [resolve(781,a,355,a),flip(d),flip(e),flip(f),flip(g),flip(h),flip(i),flip(j),flip(k)].

given #1689 (F,wt=7): 4177 f3(f2(cb)) != f1(f2(cb)).  [resolve(4069,a,24,a)].

given #1690 (F,wt=7): 4178 f2(f2(cb)) != f1(f2(cb)).  [resolve(4069,a,23,a)].

given #1691 (F,wt=7): 4226 f4(f1(cb)) != f3(f1(cb)).  [resolve(4193,a,28,a)].

given #1692 (F,wt=7): 4227 f4(f1(cb)) != f2(f1(cb)).  [resolve(4193,a,27,a)].

given #1693 (T,wt=5): 12475 car(cen(cen(f2(oa)))).  [resolve(4767,a,14,a)].

given #1694 (T,wt=5): 12494 car(cen(cen(f1(oa)))).  [resolve(4821,a,14,a)].

given #1695 (T,wt=5): 12518 car(cen(cen(f4(g0)))).  [resolve(4877,a,14,a)].

given #1696 (T,wt=5): 12537 car(cen(cen(f3(g0)))).  [resolve(5090,a,14,a)].

given #1697 (A,wt=58): 867 -car(x) | -car(y) | -car(z) | -car(u) | cen(y) != cen(x) | cen(z) != cen(x) | cen(u) != cen(x) | cen(c3) != cen(x) | y = x | z = x | u = x | c3 = x | z = y | u = y | c3 = y | u = z | c3 = z | c3 = u.  [resolve(781,a,36,e)].

given #1698 (F,wt=7): 4228 f3(f1(cb)) != f2(f1(cb)).  [resolve(4193,a,26,a)].

given #1699 (F,wt=7): 4229 f4(f1(cb)) != f1(f1(cb)).  [resolve(4193,a,25,a)].

given #1700 (F,wt=7): 4230 f3(f1(cb)) != f1(f1(cb)).  [resolve(4193,a,24,a)].

given #1701 (F,wt=7): 4231 f2(f1(cb)) != f1(f1(cb)).  [resolve(4193,a,23,a)].

given #1702 (T,wt=5): 12556 car(cen(cen(f2(g0)))).  [resolve(5146,a,14,a)].

given #1703 (T,wt=5): 12575 car(cen(cen(f1(g0)))).  [resolve(5283,a,14,a)].

given #1704 (T,wt=5): 12727 car(cen(cen(f4(g1)))).  [resolve(5340,a,14,a)].

given #1705 (T,wt=5): 12746 car(cen(cen(f3(g1)))).  [resolve(5460,a,14,a)].

given #1706 (A,wt=58): 868 -car(x) | -car(y) | -car(z) | -car(u) | cen(c3) != cen(x) | cen(c3) != cen(y) | cen(c3) != cen(z) | cen(c3) != cen(u) | c3 = x | c3 = y | c3 = z | c3 = u | y = x | z = x | u = x | z = y | u = y | u = z.  [resolve(781,a,36,a),flip(e),flip(f),flip(g),flip(h),flip(i),flip(j),flip(k),flip(l)].

given #1707 (F,wt=7): 4573 f4(f4(oa)) != f3(f4(oa)).  [resolve(4538,a,28,a)].

given #1708 (F,wt=7): 4574 f4(f4(oa)) != f2(f4(oa)).  [resolve(4538,a,27,a)].

given #1709 (F,wt=7): 4575 f3(f4(oa)) != f2(f4(oa)).  [resolve(4538,a,26,a)].

given #1710 (F,wt=7): 4576 f4(f4(oa)) != f1(f4(oa)).  [resolve(4538,a,25,a)].

given #1711 (T,wt=5): 12765 car(cen(cen(f2(g1)))).  [resolve(5518,a,14,a)].

given #1712 (T,wt=5): 12784 car(cen(cen(f1(g1)))).  [resolve(5665,a,14,a)].

given #1713 (T,wt=5): 13071 car(cen(cen(f4(g2)))).  [resolve(5724,a,14,a)].

given #1714 (T,wt=5): 13095 car(cen(cen(f3(g2)))).  [resolve(5783,a,14,a)].

given #1715 (A,wt=56): 883 -car(x) | -car(y) | -car(z) | cen(y) != cen(x) | cen(z) != cen(x) | cen(c4) != cen(x) | cen(pa) != cen(x) | y = x | z = x | c4 = x | pa = x | z = y | c4 = y | pa = y | c4 = z | pa = z | c4 = pa.  [resolve(790,a,355,d),flip(q)].

given #1716 (F,wt=7): 4577 f3(f4(oa)) != f1(f4(oa)).  [resolve(4538,a,24,a)].

given #1717 (F,wt=7): 4578 f2(f4(oa)) != f1(f4(oa)).  [resolve(4538,a,23,a)].

given #1718 (F,wt=7): 4626 f4(f3(oa)) != f3(f3(oa)).  [resolve(4591,a,28,a)].

given #1719 (F,wt=7): 4627 f4(f3(oa)) != f2(f3(oa)).  [resolve(4591,a,27,a)].

given #1720 (T,wt=5): 13115 car(cen(cen(f2(g2)))).  [resolve(5844,a,14,a)].

given #1721 (T,wt=5): 13135 car(cen(cen(f1(g2)))).  [resolve(5903,a,14,a)].

given #1722 (T,wt=5): 13155 car(cen(cen(f4(g3)))).  [resolve(6029,a,14,a)].

given #1723 (T,wt=5): 13177 car(cen(cen(f3(g3)))).  [resolve(6181,a,14,a)].

given #1724 (A,wt=56): 884 -car(x) | -car(y) | -car(z) | cen(c4) != cen(x) | cen(c4) != cen(y) | cen(c4) != cen(z) | cen(c4) != cen(pa) | c4 = x | c4 = y | c4 = z | c4 = pa | y = x | z = x | pa = x | z = y | pa = y | pa = z.  [resolve(790,a,355,a),flip(d),flip(e),flip(f),flip(g),flip(h),flip(i),flip(j),flip(k)].

given #1725 (F,wt=7): 4628 f3(f3(oa)) != f2(f3(oa)).  [resolve(4591,a,26,a)].

given #1726 (F,wt=7): 4629 f4(f3(oa)) != f1(f3(oa)).  [resolve(4591,a,25,a)].

given #1727 (F,wt=7): 4630 f3(f3(oa)) != f1(f3(oa)).  [resolve(4591,a,24,a)].

given #1728 (F,wt=7): 4631 f2(f3(oa)) != f1(f3(oa)).  [resolve(4591,a,23,a)].

given #1729 (T,wt=5): 13197 car(cen(cen(f2(g3)))).  [resolve(6245,a,14,a)].

given #1730 (T,wt=5): 13217 car(cen(cen(f1(g3)))).  [resolve(6306,a,14,a)].

given #1731 (T,wt=5): 13237 car(cen(cen(f4(g4)))).  [resolve(6369,a,14,a)].

given #1732 (T,wt=5): 13417 car(cen(cen(f3(g4)))).  [resolve(6430,a,14,a)].

given #1733 (A,wt=58): 885 -car(x) | -car(y) | -car(z) | -car(u) | cen(y) != cen(x) | cen(z) != cen(x) | cen(u) != cen(x) | cen(c4) != cen(x) | y = x | z = x | u = x | c4 = x | z = y | u = y | c4 = y | u = z | c4 = z | c4 = u.  [resolve(790,a,36,e)].

given #1734 (F,wt=7): 4755 f4(f2(oa)) != f3(f2(oa)).  [resolve(4719,a,28,a)].

given #1735 (F,wt=7): 4756 f4(f2(oa)) != f2(f2(oa)).  [resolve(4719,a,27,a)].

given #1736 (F,wt=7): 4757 f3(f2(oa)) != f2(f2(oa)).  [resolve(4719,a,26,a)].

given #1737 (F,wt=7): 4758 f4(f2(oa)) != f1(f2(oa)).  [resolve(4719,a,25,a)].

given #1738 (T,wt=5): 13437 car(cen(cen(f2(g4)))).  [resolve(6493,a,14,a)].

given #1739 (T,wt=5): 13457 car(cen(cen(f1(g4)))).  [resolve(6563,a,14,a)].

given #1740 (T,wt=5): 13477 car(cen(cen(f4(g5)))).  [resolve(6627,a,14,a)].

given #1741 (T,wt=5): 13734 car(cen(cen(f3(g5)))).  [resolve(6688,a,14,a)].

given #1742 (A,wt=58): 886 -car(x) | -car(y) | -car(z) | -car(u) | cen(c4) != cen(x) | cen(c4) != cen(y) | cen(c4) != cen(z) | cen(c4) != cen(u) | c4 = x | c4 = y | c4 = z | c4 = u | y = x | z = x | u = x | z = y | u = y | u = z.  [resolve(790,a,36,a),flip(e),flip(f),flip(g),flip(h),flip(i),flip(j),flip(k),flip(l)].

given #1743 (F,wt=7): 4759 f3(f2(oa)) != f1(f2(oa)).  [resolve(4719,a,24,a)].

given #1744 (F,wt=7): 4760 f2(f2(oa)) != f1(f2(oa)).  [resolve(4719,a,23,a)].

given #1745 (F,wt=7): 4809 f4(f1(oa)) != f3(f1(oa)).  [resolve(4773,a,28,a)].

given #1746 (F,wt=7): 4810 f4(f1(oa)) != f2(f1(oa)).  [resolve(4773,a,27,a)].

given #1747 (T,wt=5): 13755 car(cen(cen(f2(g5)))).  [resolve(6749,a,14,a)].

given #1748 (T,wt=5): 13776 car(cen(cen(f1(g5)))).  [resolve(6810,a,14,a)].

given #1749 (T,wt=5): 13797 car(cen(cen(f4(g6)))).  [resolve(6877,a,14,a)].

given #1750 (T,wt=5): 13822 car(cen(cen(f3(g6)))).  [resolve(6939,a,14,a)].

given #1751 (A,wt=30): 901 -car(x) | cen(pa) = cen(x) | -mem(x,cen(x)) | -mem(pa,cen(x)) | -mem(x,cen(pa)) | -mem(pa,cen(pa)) | -mem(x,pa) | cen(x) = pa.  [resolve(368,a,351,i),unit_del(b,37),unit_del(j,369)].

Low Water (keep): wt=24.000, iters=6852

given #1752 (F,wt=7): 4811 f3(f1(oa)) != f2(f1(oa)).  [resolve(4773,a,26,a)].

given #1753 (F,wt=7): 4812 f4(f1(oa)) != f1(f1(oa)).  [resolve(4773,a,25,a)].

given #1754 (F,wt=7): 4813 f3(f1(oa)) != f1(f1(oa)).  [resolve(4773,a,24,a)].

given #1755 (F,wt=7): 4814 f2(f1(oa)) != f1(f1(oa)).  [resolve(4773,a,23,a)].

given #1756 (T,wt=5): 13843 car(cen(cen(f2(g6)))).  [resolve(7005,a,14,a)].

given #1757 (T,wt=5): 13864 car(cen(cen(f1(g6)))).  [resolve(7275,a,14,a)].

given #1758 (T,wt=5): 13885 car(cen(cen(f4(g7)))).  [resolve(7443,a,14,a)].

given #1759 (T,wt=5): 13911 car(cen(cen(f3(g7)))).  [resolve(7507,a,14,a)].

given #1760 (A,wt=31): 902 -car(x) | cen(pa) = cen(x) | -mem(x,y) | -mem(pa,y) | -mem(x,z) | -mem(pa,z) | -mem(x,pa) | z = y | pa = y | pa = z.  [resolve(368,a,33,i),unit_del(b,37)].

given #1761 (F,wt=7): 4865 f4(f4(g0)) != f3(f4(g0)).  [resolve(4827,a,28,a)].

given #1762 (F,wt=7): 4866 f4(f4(g0)) != f2(f4(g0)).  [resolve(4827,a,27,a)].

given #1763 (F,wt=7): 4867 f3(f4(g0)) != f2(f4(g0)).  [resolve(4827,a,26,a)].

given #1764 (F,wt=7): 4868 f4(f4(g0)) != f1(f4(g0)).  [resolve(4827,a,25,a)].

given #1765 (T,wt=5): 13932 car(cen(cen(f2(g7)))).  [resolve(7684,a,14,a)].

given #1766 (T,wt=5): 13953 car(cen(cen(f1(g7)))).  [resolve(7738,a,14,a)].

given #1767 (T,wt=5): 13974 car(cen(cen(f4(g8)))).  [resolve(7900,a,14,a)].

given #1768 (T,wt=5): 14127 car(cen(cen(f3(g8)))).  [resolve(7955,a,14,a)].

given #1769 (A,wt=10): 903 -car(x) | cen(pa) != cen(x) | mem(x,pa).  [resolve(368,a,32,e),unit_del(b,37)].

given #1770 (F,wt=7): 4869 f3(f4(g0)) != f1(f4(g0)).  [resolve(4827,a,24,a)].

given #1771 (F,wt=7): 4870 f2(f4(g0)) != f1(f4(g0)).  [resolve(4827,a,23,a)].

given #1772 (F,wt=7): 5078 f4(f3(g0)) != f3(f3(g0)).  [resolve(4881,a,28,a)].

given #1773 (F,wt=7): 5079 f4(f3(g0)) != f2(f3(g0)).  [resolve(4881,a,27,a)].

given #1774 (T,wt=5): 14148 car(cen(cen(f2(g8)))).  [resolve(8136,a,14,a)].

Low Water (keep): wt=14.000, iters=6684

given #1775 (T,wt=5): 14169 car(cen(cen(f1(g8)))).  [resolve(8192,a,14,a)].

given #1776 (T,wt=5): 14190 car(cen(cen(f4(g9)))).  [resolve(8359,a,14,a)].

given #1777 (T,wt=5): 14511 car(cen(cen(f3(g9)))).  [resolve(8517,a,14,a)].

given #1778 (A,wt=16): 904 f1(pa) = pa | f2(pa) = pa | f3(pa) = pa | f4(pa) = pa.  [resolve(368,a,30,b),unit_del(a,37)].

given #1779 (F,wt=7): 5080 f3(f3(g0)) != f2(f3(g0)).  [resolve(4881,a,26,a)].

given #1780 (F,wt=7): 5081 f4(f3(g0)) != f1(f3(g0)).  [resolve(4881,a,25,a)].

given #1781 (F,wt=7): 5082 f3(f3(g0)) != f1(f3(g0)).  [resolve(4881,a,24,a)].

given #1782 (F,wt=7): 5083 f2(f3(g0)) != f1(f3(g0)).  [resolve(4881,a,23,a)].

given #1783 (T,wt=5): 14538 car(cen(cen(f2(g9)))).  [resolve(8549,a,14,a)].

given #1784 (T,wt=5): 14560 car(cen(cen(f1(g9)))).  [resolve(8598,a,14,a)].

given #1785 (T,wt=5): 14582 car(cen(cen(f4(g10)))).  [resolve(8630,a,14,a)].

given #1786 (T,wt=5): 14604 car(cen(cen(f3(g10)))).  [resolve(8693,a,14,a)].

given #1787 (A,wt=56): 905 -car(x) | -car(y) | -car(z) | cen(c4) != cen(pa) | cen(pa) != cen(x) | cen(pa) != cen(y) | cen(pa) != cen(z) | c4 = pa | pa = x | pa = y | pa = z | c4 = x | c4 = y | c4 = z | y = x | z = x | z = y.  [resolve(356,a,790,a),flip(d),flip(h),flip(l),flip(m),flip(n)].

given #1788 (F,wt=7): 5134 f4(f2(g0)) != f3(f2(g0)).  [resolve(5094,a,28,a)].

given #1789 (F,wt=7): 5135 f4(f2(g0)) != f2(f2(g0)).  [resolve(5094,a,27,a)].

given #1790 (F,wt=7): 5136 f3(f2(g0)) != f2(f2(g0)).  [resolve(5094,a,26,a)].

given #1791 (F,wt=7): 5137 f4(f2(g0)) != f1(f2(g0)).  [resolve(5094,a,25,a)].

given #1792 (T,wt=5): 14628 car(cen(cen(f2(g10)))).  [resolve(8725,a,14,a)].

given #1793 (T,wt=5): 14650 car(cen(cen(f1(g10)))).  [resolve(8771,a,14,a)].

given #1794 (T,wt=5): 14672 car(cen(cen(f4(g11)))).  [resolve(8830,a,14,a)].

given #1795 (T,wt=5): 14694 car(cen(cen(f3(g11)))).  [resolve(8862,a,14,a)].

given #1796 (A,wt=56): 906 -car(x) | -car(y) | -car(z) | cen(c3) != cen(pa) | cen(pa) != cen(x) | cen(pa) != cen(y) | cen(pa) != cen(z) | c3 = pa | pa = x | pa = y | pa = z | c3 = x | c3 = y | c3 = z | y = x | z = x | z = y.  [resolve(356,a,781,a),flip(d),flip(h),flip(l),flip(m),flip(n)].

given #1797 (F,wt=7): 5138 f3(f2(g0)) != f1(f2(g0)).  [resolve(5094,a,24,a)].

given #1798 (F,wt=7): 5139 f2(f2(g0)) != f1(f2(g0)).  [resolve(5094,a,23,a)].

given #1799 (F,wt=7): 5271 f4(f1(g0)) != f3(f1(g0)).  [resolve(5150,a,28,a)].

given #1800 (F,wt=7): 5272 f4(f1(g0)) != f2(f1(g0)).  [resolve(5150,a,27,a)].

given #1801 (T,wt=5): 14839 car(cen(cen(f2(g11)))).  [resolve(8907,a,14,a)].

given #1802 (T,wt=5): 14861 car(cen(cen(f1(g11)))).  [resolve(8939,a,14,a)].

given #1803 (T,wt=5): 14883 car(cen(cen(f4(g12)))).  [resolve(8996,a,14,a)].

given #1804 (T,wt=5): 14905 car(cen(cen(f3(g12)))).  [resolve(9028,a,14,a)].

given #1805 (A,wt=56): 907 -car(x) | -car(y) | -car(z) | cen(c2) != cen(pa) | cen(pa) != cen(x) | cen(pa) != cen(y) | cen(pa) != cen(z) | c2 = pa | pa = x | pa = y | pa = z | c2 = x | c2 = y | c2 = z | y = x | z = x | z = y.  [resolve(356,a,772,a),flip(d),flip(h),flip(l),flip(m),flip(n)].

given #1806 (F,wt=7): 5273 f3(f1(g0)) != f2(f1(g0)).  [resolve(5150,a,26,a)].

given #1807 (F,wt=7): 5274 f4(f1(g0)) != f1(f1(g0)).  [resolve(5150,a,25,a)].

given #1808 (F,wt=7): 5275 f3(f1(g0)) != f1(f1(g0)).  [resolve(5150,a,24,a)].

given #1809 (F,wt=7): 5276 f2(f1(g0)) != f1(f1(g0)).  [resolve(5150,a,23,a)].

given #1810 (T,wt=5): 15053 car(cen(cen(f2(g12)))).  [resolve(9072,a,14,a)].

given #1811 (T,wt=5): 15075 car(cen(cen(f1(g12)))).  [resolve(9104,a,14,a)].

given #1812 (T,wt=5): 15097 car(cen(cen(f4(g13)))).  [resolve(9159,a,14,a)].

given #1813 (T,wt=5): 15119 car(cen(cen(f3(g13)))).  [resolve(9202,a,14,a)].

given #1814 (A,wt=56): 908 -car(x) | -car(y) | -car(z) | cen(c1) != cen(pa) | cen(pa) != cen(x) | cen(pa) != cen(y) | cen(pa) != cen(z) | c1 = pa | pa = x | pa = y | pa = z | c1 = x | c1 = y | c1 = z | y = x | z = x | z = y.  [resolve(356,a,339,a),flip(d),flip(h),flip(l),flip(m),flip(n)].

given #1815 (F,wt=7): 5328 f4(f4(g1)) != f3(f4(g1)).  [resolve(5287,a,28,a)].

given #1816 (F,wt=7): 5329 f4(f4(g1)) != f2(f4(g1)).  [resolve(5287,a,27,a)].

given #1817 (F,wt=7): 5330 f3(f4(g1)) != f2(f4(g1)).  [resolve(5287,a,26,a)].

given #1818 (F,wt=7): 5331 f4(f4(g1)) != f1(f4(g1)).  [resolve(5287,a,25,a)].

given #1819 (T,wt=5): 15292 car(cen(cen(f2(g13)))).  [resolve(9234,a,14,a)].

given #1820 (T,wt=5): 15314 car(cen(cen(f1(g13)))).  [resolve(9287,a,14,a)].

given #1821 (T,wt=5): 15336 car(cen(cen(f4(g14)))).  [resolve(9319,a,14,a)].

given #1822 (T,wt=5): 15358 car(cen(cen(f3(g14)))).  [resolve(9361,a,14,a)].

given #1823 (A,wt=56): 909 -car(x) | -car(y) | -car(z) | cen(g14) != cen(pa) | cen(pa) != cen(x) | cen(pa) != cen(y) | cen(pa) != cen(z) | g14 = pa | pa = x | pa = y | pa = z | g14 = x | g14 = y | g14 = z | y = x | z = x | z = y.  [resolve(356,a,168,a),flip(d),flip(h),flip(l),flip(m),flip(n)].

given #1824 (F,wt=7): 5332 f3(f4(g1)) != f1(f4(g1)).  [resolve(5287,a,24,a)].

given #1825 (F,wt=7): 5333 f2(f4(g1)) != f1(f4(g1)).  [resolve(5287,a,23,a)].

given #1826 (F,wt=7): 5448 f4(f3(g1)) != f3(f3(g1)).  [resolve(5407,a,28,a)].

given #1827 (F,wt=7): 5449 f4(f3(g1)) != f2(f3(g1)).  [resolve(5407,a,27,a)].

given #1828 (T,wt=5): 15530 car(cen(cen(f2(g14)))).  [resolve(9393,a,14,a)].

given #1829 (T,wt=5): 15552 car(cen(cen(f1(g14)))).  [resolve(9444,a,14,a)].

given #1830 (T,wt=5): 15574 car(cen(cen(f4(c1)))).  [resolve(9485,a,14,a)].

given #1831 (T,wt=5): 15596 car(cen(cen(f3(c1)))).  [resolve(9517,a,14,a)].

given #1832 (A,wt=56): 910 -car(x) | -car(y) | -car(z) | cen(g13) != cen(pa) | cen(pa) != cen(x) | cen(pa) != cen(y) | cen(pa) != cen(z) | g13 = pa | pa = x | pa = y | pa = z | g13 = x | g13 = y | g13 = z | y = x | z = x | z = y.  [resolve(356,a,167,a),flip(d),flip(h),flip(l),flip(m),flip(n)].

given #1833 (F,wt=7): 5450 f3(f3(g1)) != f2(f3(g1)).  [resolve(5407,a,26,a)].

given #1834 (F,wt=7): 5451 f4(f3(g1)) != f1(f3(g1)).  [resolve(5407,a,25,a)].

given #1835 (F,wt=7): 5452 f3(f3(g1)) != f1(f3(g1)).  [resolve(5407,a,24,a)].

given #1836 (F,wt=7): 5453 f2(f3(g1)) != f1(f3(g1)).  [resolve(5407,a,23,a)].

given #1837 (T,wt=5): 15638 car(cen(cen(f2(c1)))).  [resolve(9566,a,14,a)].

given #1838 (T,wt=5): 15660 car(cen(cen(f1(c1)))).  [resolve(9598,a,14,a)].

given #1839 (T,wt=5): 15730 car(cen(cen(f4(c2)))).  [resolve(9638,a,14,a)].

given #1840 (T,wt=5): 15752 car(cen(cen(f3(c2)))).  [resolve(9670,a,14,a)].

given #1841 (A,wt=56): 911 -car(x) | -car(y) | -car(z) | cen(g12) != cen(pa) | cen(pa) != cen(x) | cen(pa) != cen(y) | cen(pa) != cen(z) | g12 = pa | pa = x | pa = y | pa = z | g12 = x | g12 = y | g12 = z | y = x | z = x | z = y.  [resolve(356,a,166,a),flip(d),flip(h),flip(l),flip(m),flip(n)].

given #1842 (F,wt=7): 5506 f4(f2(g1)) != f3(f2(g1)).  [resolve(5465,a,28,a)].

given #1843 (F,wt=7): 5507 f4(f2(g1)) != f2(f2(g1)).  [resolve(5465,a,27,a)].

given #1844 (F,wt=7): 5508 f3(f2(g1)) != f2(f2(g1)).  [resolve(5465,a,26,a)].

given #1845 (F,wt=7): 5509 f4(f2(g1)) != f1(f2(g1)).  [resolve(5465,a,25,a)].

given #1846 (T,wt=5): 15774 car(cen(cen(f2(c2)))).  [resolve(9717,a,14,a)].

given #1847 (T,wt=5): 15796 car(cen(cen(f1(c2)))).  [resolve(9749,a,14,a)].

given #1848 (T,wt=5): 15818 car(cen(cen(f4(c3)))).  [resolve(9788,a,14,a)].

given #1849 (T,wt=5): 15840 car(cen(cen(f3(c3)))).  [resolve(9833,a,14,a)].

given #1850 (A,wt=56): 912 -car(x) | -car(y) | -car(z) | cen(g11) != cen(pa) | cen(pa) != cen(x) | cen(pa) != cen(y) | cen(pa) != cen(z) | g11 = pa | pa = x | pa = y | pa = z | g11 = x | g11 = y | g11 = z | y = x | z = x | z = y.  [resolve(356,a,165,a),flip(d),flip(h),flip(l),flip(m),flip(n)].

given #1851 (F,wt=7): 5510 f3(f2(g1)) != f1(f2(g1)).  [resolve(5465,a,24,a)].

given #1852 (F,wt=7): 5511 f2(f2(g1)) != f1(f2(g1)).  [resolve(5465,a,23,a)].

given #1853 (F,wt=7): 5653 f4(f1(g1)) != f3(f1(g1)).  [resolve(5611,a,28,a)].

given #1854 (F,wt=7): 5654 f4(f1(g1)) != f2(f1(g1)).  [resolve(5611,a,27,a)].

given #1855 (T,wt=5): 15862 car(cen(cen(f2(c3)))).  [resolve(9865,a,14,a)].

given #1856 (T,wt=5): 15884 car(cen(cen(f1(c3)))).  [resolve(9903,a,14,a)].

given #1857 (T,wt=5): 15906 car(cen(cen(f4(c4)))).  [resolve(9935,a,14,a)].

given #1858 (T,wt=5): 15928 car(cen(cen(f3(c4)))).  [resolve(9978,a,14,a)].

given #1859 (A,wt=56): 913 -car(x) | -car(y) | -car(z) | cen(g10) != cen(pa) | cen(pa) != cen(x) | cen(pa) != cen(y) | cen(pa) != cen(z) | g10 = pa | pa = x | pa = y | pa = z | g10 = x | g10 = y | g10 = z | y = x | z = x | z = y.  [resolve(356,a,164,a),flip(d),flip(h),flip(l),flip(m),flip(n)].

given #1860 (F,wt=7): 5655 f3(f1(g1)) != f2(f1(g1)).  [resolve(5611,a,26,a)].

given #1861 (F,wt=7): 5656 f4(f1(g1)) != f1(f1(g1)).  [resolve(5611,a,25,a)].

given #1862 (F,wt=7): 5657 f3(f1(g1)) != f1(f1(g1)).  [resolve(5611,a,24,a)].

given #1863 (F,wt=7): 5658 f2(f1(g1)) != f1(f1(g1)).  [resolve(5611,a,23,a)].

given #1864 (T,wt=5): 15950 car(cen(cen(f2(c4)))).  [resolve(10010,a,14,a)].

given #1865 (T,wt=5): 15972 car(cen(cen(f1(c4)))).  [resolve(10047,a,14,a)].

given #1866 (T,wt=6): 930 blocked(cen(pa),cen(cen(pa))).  [resolve(370,a,35,a)].

given #1867 (T,wt=6): 937 mem(cen(pa),f4(cen(pa))).  [resolve(370,a,22,a)].

given #1868 (A,wt=56): 914 -car(x) | -car(y) | -car(z) | cen(g9) != cen(pa) | cen(pa) != cen(x) | cen(pa) != cen(y) | cen(pa) != cen(z) | g9 = pa | pa = x | pa = y | pa = z | g9 = x | g9 = y | g9 = z | y = x | z = x | z = y.  [resolve(356,a,163,a),flip(d),flip(h),flip(l),flip(m),flip(n)].

given #1869 (F,wt=7): 5712 f4(f4(g2)) != f3(f4(g2)).  [resolve(5670,a,28,a)].

given #1870 (F,wt=7): 5713 f4(f4(g2)) != f2(f4(g2)).  [resolve(5670,a,27,a)].

given #1871 (F,wt=7): 5714 f3(f4(g2)) != f2(f4(g2)).  [resolve(5670,a,26,a)].

given #1872 (F,wt=7): 5715 f4(f4(g2)) != f1(f4(g2)).  [resolve(5670,a,25,a)].

given #1873 (T,wt=4): 19456 car(f4(cen(pa))).  [resolve(937,a,17,a)].

given #1874 (T,wt=5): 19479 car(cen(f4(cen(pa)))).  [resolve(19456,a,14,a)].

given #1875 (T,wt=6): 938 mem(cen(pa),f3(cen(pa))).  [resolve(370,a,21,a)].

given #1876 (T,wt=4): 19495 car(f3(cen(pa))).  [resolve(938,a,17,a)].

given #1877 (A,wt=56): 915 -car(x) | -car(y) | -car(z) | cen(g8) != cen(pa) | cen(pa) != cen(x) | cen(pa) != cen(y) | cen(pa) != cen(z) | g8 = pa | pa = x | pa = y | pa = z | g8 = x | g8 = y | g8 = z | y = x | z = x | z = y.  [resolve(356,a,162,a),flip(d),flip(h),flip(l),flip(m),flip(n)].

given #1878 (F,wt=7): 5716 f3(f4(g2)) != f1(f4(g2)).  [resolve(5670,a,24,a)].

given #1879 (F,wt=7): 5717 f2(f4(g2)) != f1(f4(g2)).  [resolve(5670,a,23,a)].

given #1880 (F,wt=7): 5771 f4(f3(g2)) != f3(f3(g2)).  [resolve(5729,a,28,a)].

given #1881 (F,wt=7): 5772 f4(f3(g2)) != f2(f3(g2)).  [resolve(5729,a,27,a)].

given #1882 (T,wt=5): 19518 car(cen(f3(cen(pa)))).  [resolve(19495,a,14,a)].

given #1883 (T,wt=6): 939 mem(cen(pa),f2(cen(pa))).  [resolve(370,a,20,a)].

given #1884 (T,wt=4): 19534 car(f2(cen(pa))).  [resolve(939,a,17,a)].

given #1885 (T,wt=5): 19557 car(cen(f2(cen(pa)))).  [resolve(19534,a,14,a)].

given #1886 (A,wt=56): 916 -car(x) | -car(y) | -car(z) | cen(g7) != cen(pa) | cen(pa) != cen(x) | cen(pa) != cen(y) | cen(pa) != cen(z) | g7 = pa | pa = x | pa = y | pa = z | g7 = x | g7 = y | g7 = z | y = x | z = x | z = y.  [resolve(356,a,161,a),flip(d),flip(h),flip(l),flip(m),flip(n)].

given #1887 (F,wt=7): 5773 f3(f3(g2)) != f2(f3(g2)).  [resolve(5729,a,26,a)].

given #1888 (F,wt=7): 5774 f4(f3(g2)) != f1(f3(g2)).  [resolve(5729,a,25,a)].

given #1889 (F,wt=7): 5775 f3(f3(g2)) != f1(f3(g2)).  [resolve(5729,a,24,a)].

given #1890 (F,wt=7): 5776 f2(f3(g2)) != f1(f3(g2)).  [resolve(5729,a,23,a)].

given #1891 (T,wt=6): 940 mem(cen(pa),f1(cen(pa))).  [resolve(370,a,19,a)].

given #1892 (T,wt=4): 19573 car(f1(cen(pa))).  [resolve(940,a,17,a)].

given #1893 (T,wt=5): 19596 car(cen(f1(cen(pa)))).  [resolve(19573,a,14,a)].

given #1894 (T,wt=6): 957 blocked(cen(ra),cen(cen(ra))).  [resolve(402,a,35,a)].

given #1895 (A,wt=56): 917 -car(x) | -car(y) | -car(z) | cen(g6) != cen(pa) | cen(pa) != cen(x) | cen(pa) != cen(y) | cen(pa) != cen(z) | g6 = pa | pa = x | pa = y | pa = z | g6 = x | g6 = y | g6 = z | y = x | z = x | z = y.  [resolve(356,a,160,a),flip(d),flip(h),flip(l),flip(m),flip(n)].

given #1896 (F,wt=7): 5832 f4(f2(g2)) != f3(f2(g2)).  [resolve(5790,a,28,a)].

given #1897 (F,wt=7): 5833 f4(f2(g2)) != f2(f2(g2)).  [resolve(5790,a,27,a)].

given #1898 (F,wt=7): 5834 f3(f2(g2)) != f2(f2(g2)).  [resolve(5790,a,26,a)].

given #1899 (F,wt=7): 5835 f4(f2(g2)) != f1(f2(g2)).  [resolve(5790,a,25,a)].

given #1900 (T,wt=6): 964 mem(cen(ra),f4(cen(ra))).  [resolve(402,a,22,a)].

given #1901 (T,wt=4): 19612 car(f4(cen(ra))).  [resolve(964,a,17,a)].

given #1902 (T,wt=5): 19635 car(cen(f4(cen(ra)))).  [resolve(19612,a,14,a)].

given #1903 (T,wt=6): 965 mem(cen(ra),f3(cen(ra))).  [resolve(402,a,21,a)].

given #1904 (A,wt=56): 918 -car(x) | -car(y) | -car(z) | cen(g5) != cen(pa) | cen(pa) != cen(x) | cen(pa) != cen(y) | cen(pa) != cen(z) | g5 = pa | pa = x | pa = y | pa = z | g5 = x | g5 = y | g5 = z | y = x | z = x | z = y.  [resolve(356,a,159,a),flip(d),flip(h),flip(l),flip(m),flip(n)].

given #1905 (F,wt=7): 5836 f3(f2(g2)) != f1(f2(g2)).  [resolve(5790,a,24,a)].

given #1906 (F,wt=7): 5837 f2(f2(g2)) != f1(f2(g2)).  [resolve(5790,a,23,a)].

given #1907 (F,wt=7): 5891 f4(f1(g2)) != f3(f1(g2)).  [resolve(5849,a,28,a)].

given #1908 (F,wt=7): 5892 f4(f1(g2)) != f2(f1(g2)).  [resolve(5849,a,27,a)].

given #1909 (T,wt=4): 19651 car(f3(cen(ra))).  [resolve(965,a,17,a)].

given #1910 (T,wt=5): 19674 car(cen(f3(cen(ra)))).  [resolve(19651,a,14,a)].

given #1911 (T,wt=6): 966 mem(cen(ra),f2(cen(ra))).  [resolve(402,a,20,a)].

given #1912 (T,wt=4): 19690 car(f2(cen(ra))).  [resolve(966,a,17,a)].

given #1913 (A,wt=56): 919 -car(x) | -car(y) | -car(z) | cen(g4) != cen(pa) | cen(pa) != cen(x) | cen(pa) != cen(y) | cen(pa) != cen(z) | g4 = pa | pa = x | pa = y | pa = z | g4 = x | g4 = y | g4 = z | y = x | z = x | z = y.  [resolve(356,a,158,a),flip(d),flip(h),flip(l),flip(m),flip(n)].

given #1914 (F,wt=7): 5893 f3(f1(g2)) != f2(f1(g2)).  [resolve(5849,a,26,a)].

given #1915 (F,wt=7): 5894 f4(f1(g2)) != f1(f1(g2)).  [resolve(5849,a,25,a)].

given #1916 (F,wt=7): 5895 f3(f1(g2)) != f1(f1(g2)).  [resolve(5849,a,24,a)].

given #1917 (F,wt=7): 5896 f2(f1(g2)) != f1(f1(g2)).  [resolve(5849,a,23,a)].

given #1918 (T,wt=5): 19713 car(cen(f2(cen(ra)))).  [resolve(19690,a,14,a)].

given #1919 (T,wt=6): 967 mem(cen(ra),f1(cen(ra))).  [resolve(402,a,19,a)].

given #1920 (T,wt=4): 19729 car(f1(cen(ra))).  [resolve(967,a,17,a)].

given #1921 (T,wt=5): 19752 car(cen(f1(cen(ra)))).  [resolve(19729,a,14,a)].

given #1922 (A,wt=56): 920 -car(x) | -car(y) | -car(z) | cen(g3) != cen(pa) | cen(pa) != cen(x) | cen(pa) != cen(y) | cen(pa) != cen(z) | g3 = pa | pa = x | pa = y | pa = z | g3 = x | g3 = y | g3 = z | y = x | z = x | z = y.  [resolve(356,a,157,a),flip(d),flip(h),flip(l),flip(m),flip(n)].

given #1923 (F,wt=7): 6017 f4(f4(g3)) != f3(f4(g3)).  [resolve(5975,a,28,a)].

given #1924 (F,wt=7): 6018 f4(f4(g3)) != f2(f4(g3)).  [resolve(5975,a,27,a)].

given #1925 (F,wt=7): 6019 f3(f4(g3)) != f2(f4(g3)).  [resolve(5975,a,26,a)].

given #1926 (F,wt=7): 6020 f4(f4(g3)) != f1(f4(g3)).  [resolve(5975,a,25,a)].

given #1927 (T,wt=6): 983 blocked(cen(ca),cen(cen(ca))).  [resolve(434,a,35,a)].

given #1928 (T,wt=6): 990 mem(cen(ca),f4(cen(ca))).  [resolve(434,a,22,a)].

given #1929 (T,wt=4): 19768 car(f4(cen(ca))).  [resolve(990,a,17,a)].

given #1930 (T,wt=5): 19791 car(cen(f4(cen(ca)))).  [resolve(19768,a,14,a)].

given #1931 (A,wt=56): 921 -car(x) | -car(y) | -car(z) | cen(g2) != cen(pa) | cen(pa) != cen(x) | cen(pa) != cen(y) | cen(pa) != cen(z) | g2 = pa | pa = x | pa = y | pa = z | g2 = x | g2 = y | g2 = z | y = x | z = x | z = y.  [resolve(356,a,156,a),flip(d),flip(h),flip(l),flip(m),flip(n)].

given #1932 (F,wt=7): 6021 f3(f4(g3)) != f1(f4(g3)).  [resolve(5975,a,24,a)].

given #1933 (F,wt=7): 6022 f2(f4(g3)) != f1(f4(g3)).  [resolve(5975,a,23,a)].

given #1934 (F,wt=7): 6169 f4(f3(g3)) != f3(f3(g3)).  [resolve(6035,a,28,a)].

given #1935 (F,wt=7): 6170 f4(f3(g3)) != f2(f3(g3)).  [resolve(6035,a,27,a)].

given #1936 (T,wt=6): 991 mem(cen(ca),f3(cen(ca))).  [resolve(434,a,21,a)].

given #1937 (T,wt=4): 19807 car(f3(cen(ca))).  [resolve(991,a,17,a)].

given #1938 (T,wt=5): 19830 car(cen(f3(cen(ca)))).  [resolve(19807,a,14,a)].

given #1939 (T,wt=6): 992 mem(cen(ca),f2(cen(ca))).  [resolve(434,a,20,a)].

given #1940 (A,wt=56): 922 -car(x) | -car(y) | -car(z) | cen(g1) != cen(pa) | cen(pa) != cen(x) | cen(pa) != cen(y) | cen(pa) != cen(z) | g1 = pa | pa = x | pa = y | pa = z | g1 = x | g1 = y | g1 = z | y = x | z = x | z = y.  [resolve(356,a,155,a),flip(d),flip(h),flip(l),flip(m),flip(n)].

given #1941 (F,wt=7): 6171 f3(f3(g3)) != f2(f3(g3)).  [resolve(6035,a,26,a)].

given #1942 (F,wt=7): 6172 f4(f3(g3)) != f1(f3(g3)).  [resolve(6035,a,25,a)].

given #1943 (F,wt=7): 6173 f3(f3(g3)) != f1(f3(g3)).  [resolve(6035,a,24,a)].

given #1944 (F,wt=7): 6174 f2(f3(g3)) != f1(f3(g3)).  [resolve(6035,a,23,a)].

given #1945 (T,wt=4): 19846 car(f2(cen(ca))).  [resolve(992,a,17,a)].

given #1946 (T,wt=5): 19869 car(cen(f2(cen(ca)))).  [resolve(19846,a,14,a)].

given #1947 (T,wt=6): 993 mem(cen(ca),f1(cen(ca))).  [resolve(434,a,19,a)].

given #1948 (T,wt=4): 19885 car(f1(cen(ca))).  [resolve(993,a,17,a)].

given #1949 (A,wt=56): 923 -car(x) | -car(y) | -car(z) | cen(g0) != cen(pa) | cen(pa) != cen(x) | cen(pa) != cen(y) | cen(pa) != cen(z) | g0 = pa | pa = x | pa = y | pa = z | g0 = x | g0 = y | g0 = z | y = x | z = x | z = y.  [resolve(356,a,154,a),flip(d),flip(h),flip(l),flip(m),flip(n)].

given #1950 (F,wt=7): 6233 f4(f2(g3)) != f3(f2(g3)).  [resolve(6190,a,28,a)].

given #1951 (F,wt=7): 6234 f4(f2(g3)) != f2(f2(g3)).  [resolve(6190,a,27,a)].

given #1952 (F,wt=7): 6235 f3(f2(g3)) != f2(f2(g3)).  [resolve(6190,a,26,a)].

given #1953 (F,wt=7): 6236 f4(f2(g3)) != f1(f2(g3)).  [resolve(6190,a,25,a)].

given #1954 (T,wt=5): 19908 car(cen(f1(cen(ca)))).  [resolve(19885,a,14,a)].

given #1955 (T,wt=6): 1017 blocked(cen(oa),cen(cen(oa))).  [resolve(498,a,35,a)].

given #1956 (T,wt=6): 1024 mem(cen(oa),f4(cen(oa))).  [resolve(498,a,22,a)].

given #1957 (T,wt=4): 19924 car(f4(cen(oa))).  [resolve(1024,a,17,a)].

given #1958 (A,wt=53): 924 -car(x) | -car(y) | -car(z) | cen(oa) != cen(pa) | cen(pa) != cen(x) | cen(pa) != cen(y) | cen(pa) != cen(z) | pa = x | pa = y | pa = z | oa = x | oa = y | oa = z | y = x | z = x | z = y.  [resolve(356,a,45,a),flip(d),flip(h),flip(l),flip(m),flip(n),unit_del(h,95)].

given #1959 (F,wt=7): 6237 f3(f2(g3)) != f1(f2(g3)).  [resolve(6190,a,24,a)].

given #1960 (F,wt=7): 6238 f2(f2(g3)) != f1(f2(g3)).  [resolve(6190,a,23,a)].

given #1961 (F,wt=7): 6294 f4(f1(g3)) != f3(f1(g3)).  [resolve(6251,a,28,a)].

given #1962 (F,wt=7): 6295 f4(f1(g3)) != f2(f1(g3)).  [resolve(6251,a,27,a)].

given #1963 (T,wt=5): 19947 car(cen(f4(cen(oa)))).  [resolve(19924,a,14,a)].

given #1964 (T,wt=6): 1025 mem(cen(oa),f3(cen(oa))).  [resolve(498,a,21,a)].

given #1965 (T,wt=4): 19963 car(f3(cen(oa))).  [resolve(1025,a,17,a)].

given #1966 (T,wt=5): 19986 car(cen(f3(cen(oa)))).  [resolve(19963,a,14,a)].

given #1967 (A,wt=57): 926 -car(x) | -car(y) | -car(z) | cen(y) != cen(x) | cen(z) != cen(x) | cen(cen(pa)) != cen(x) | cen(pa) != cen(x) | y = x | z = x | cen(pa) = x | pa = x | z = y | cen(pa) = y | pa = y | cen(pa) = z | pa = z.  [resolve(370,a,355,d),flip(q),unit_del(q,369)].

given #1968 (F,wt=7): 6296 f3(f1(g3)) != f2(f1(g3)).  [resolve(6251,a,26,a)].

given #1969 (F,wt=7): 6297 f4(f1(g3)) != f1(f1(g3)).  [resolve(6251,a,25,a)].

given #1970 (F,wt=7): 6298 f3(f1(g3)) != f1(f1(g3)).  [resolve(6251,a,24,a)].

given #1971 (F,wt=7): 6299 f2(f1(g3)) != f1(f1(g3)).  [resolve(6251,a,23,a)].

given #1972 (T,wt=6): 1026 mem(cen(oa),f2(cen(oa))).  [resolve(498,a,20,a)].

given #1973 (T,wt=4): 20002 car(f2(cen(oa))).  [resolve(1026,a,17,a)].

given #1974 (T,wt=5): 20025 car(cen(f2(cen(oa)))).  [resolve(20002,a,14,a)].

given #1975 (T,wt=6): 1027 mem(cen(oa),f1(cen(oa))).  [resolve(498,a,19,a)].

given #1976 (A,wt=63): 928 -car(x) | -car(y) | -car(z) | -car(u) | cen(y) != cen(x) | cen(z) != cen(x) | cen(u) != cen(x) | cen(cen(pa)) != cen(x) | y = x | z = x | u = x | cen(pa) = x | z = y | u = y | cen(pa) = y | u = z | cen(pa) = z | cen(pa) = u.  [resolve(370,a,36,e)].

given #1977 (F,wt=7): 6357 f4(f4(g4)) != f3(f4(g4)).  [resolve(6312,a,28,a)].

given #1978 (F,wt=7): 6358 f4(f4(g4)) != f2(f4(g4)).  [resolve(6312,a,27,a)].

given #1979 (F,wt=7): 6359 f3(f4(g4)) != f2(f4(g4)).  [resolve(6312,a,26,a)].

given #1980 (F,wt=7): 6360 f4(f4(g4)) != f1(f4(g4)).  [resolve(6312,a,25,a)].

given #1981 (T,wt=4): 20041 car(f1(cen(oa))).  [resolve(1027,a,17,a)].

given #1982 (T,wt=5): 20064 car(cen(f1(cen(oa)))).  [resolve(20041,a,14,a)].

given #1983 (T,wt=6): 1040 blocked(cen(g0),cen(cen(g0))).  [resolve(528,a,35,a)].

given #1984 (T,wt=6): 1047 mem(cen(g0),f4(cen(g0))).  [resolve(528,a,22,a)].

given #1985 (A,wt=66): 929 -car(x) | -car(y) | -car(z) | -car(u) | cen(cen(pa)) != cen(x) | cen(cen(pa)) != cen(y) | cen(cen(pa)) != cen(z) | cen(cen(pa)) != cen(u) | cen(pa) = x | cen(pa) = y | cen(pa) = z | cen(pa) = u | y = x | z = x | u = x | z = y | u = y | u = z.  [resolve(370,a,36,a),flip(e),flip(f),flip(g),flip(h),flip(i),flip(j),flip(k),flip(l)].

given #1986 (F,wt=7): 6361 f3(f4(g4)) != f1(f4(g4)).  [resolve(6312,a,24,a)].

given #1987 (F,wt=7): 6362 f2(f4(g4)) != f1(f4(g4)).  [resolve(6312,a,23,a)].

given #1988 (F,wt=7): 6418 f4(f3(g4)) != f3(f3(g4)).  [resolve(6375,a,28,a)].

given #1989 (F,wt=7): 6419 f4(f3(g4)) != f2(f3(g4)).  [resolve(6375,a,27,a)].

given #1990 (T,wt=4): 20080 car(f4(cen(g0))).  [resolve(1047,a,17,a)].

given #1991 (T,wt=5): 20103 car(cen(f4(cen(g0)))).  [resolve(20080,a,14,a)].

given #1992 (T,wt=6): 1048 mem(cen(g0),f3(cen(g0))).  [resolve(528,a,21,a)].

given #1993 (T,wt=4): 20119 car(f3(cen(g0))).  [resolve(1048,a,17,a)].

given #1994 (A,wt=30): 944 -car(x) | cen(pa) = cen(x) | -mem(x,cen(x)) | -mem(pb,cen(x)) | -mem(x,cen(pa)) | -mem(pb,cen(pa)) | -mem(x,pb) | cen(x) = pb.  [resolve(384,a,351,i),rewrite([150(5),150(14),150(18),150(26)]),unit_del(b,38),unit_del(j,385)].

given #1995 (F,wt=7): 6420 f3(f3(g4)) != f2(f3(g4)).  [resolve(6375,a,26,a)].

given #1996 (F,wt=7): 6421 f4(f3(g4)) != f1(f3(g4)).  [resolve(6375,a,25,a)].

given #1997 (F,wt=7): 6422 f3(f3(g4)) != f1(f3(g4)).  [resolve(6375,a,24,a)].

given #1998 (F,wt=7): 6423 f2(f3(g4)) != f1(f3(g4)).  [resolve(6375,a,23,a)].

given #1999 (T,wt=5): 20142 car(cen(f3(cen(g0)))).  [resolve(20119,a,14,a)].

given #2000 (T,wt=6): 1049 mem(cen(g0),f2(cen(g0))).  [resolve(528,a,20,a)].

given #2001 (T,wt=4): 20158 car(f2(cen(g0))).  [resolve(1049,a,17,a)].

given #2002 (T,wt=5): 20181 car(cen(f2(cen(g0)))).  [resolve(20158,a,14,a)].

given #2003 (A,wt=31): 945 -car(x) | cen(pa) = cen(x) | -mem(x,y) | -mem(pb,y) | -mem(x,z) | -mem(pb,z) | -mem(x,pb) | z = y | pb = y | pb = z.  [resolve(384,a,33,i),rewrite([150(5)]),unit_del(b,38)].

given #2004 (F,wt=7): 6481 f4(f2(g4)) != f3(f2(g4)).  [resolve(6436,a,28,a)].

given #2005 (F,wt=7): 6482 f4(f2(g4)) != f2(f2(g4)).  [resolve(6436,a,27,a)].

given #2006 (F,wt=7): 6483 f3(f2(g4)) != f2(f2(g4)).  [resolve(6436,a,26,a)].

given #2007 (F,wt=7): 6484 f4(f2(g4)) != f1(f2(g4)).  [resolve(6436,a,25,a)].

given #2008 (T,wt=6): 1050 mem(cen(g0),f1(cen(g0))).  [resolve(528,a,19,a)].

given #2009 (T,wt=4): 20197 car(f1(cen(g0))).  [resolve(1050,a,17,a)].

given #2010 (T,wt=5): 20220 car(cen(f1(cen(g0)))).  [resolve(20197,a,14,a)].

given #2011 (T,wt=6): 1063 blocked(cen(g1),cen(cen(g1))).  [resolve(544,a,35,a)].

given #2012 (A,wt=10): 946 -car(x) | cen(pa) != cen(x) | mem(x,pb).  [resolve(384,a,32,e),rewrite([150(5)]),unit_del(b,38)].

given #2013 (F,wt=7): 6485 f3(f2(g4)) != f1(f2(g4)).  [resolve(6436,a,24,a)].

given #2014 (F,wt=7): 6486 f2(f2(g4)) != f1(f2(g4)).  [resolve(6436,a,23,a)].

given #2015 (F,wt=7): 6551 f4(f1(g4)) != f3(f1(g4)).  [resolve(6507,a,28,a)].

given #2016 (F,wt=7): 6552 f4(f1(g4)) != f2(f1(g4)).  [resolve(6507,a,27,a)].

given #2017 (T,wt=6): 1070 mem(cen(g1),f4(cen(g1))).  [resolve(544,a,22,a)].

Low Water (keep): wt=13.000, iters=6861

given #2018 (T,wt=4): 20544 car(f4(cen(g1))).  [resolve(1070,a,17,a)].

Low Water (keep): wt=12.000, iters=6838

given #2019 (T,wt=5): 20558 car(cen(f4(cen(g1)))).  [resolve(20544,a,14,a)].

given #2020 (T,wt=6): 1071 mem(cen(g1),f3(cen(g1))).  [resolve(544,a,21,a)].

given #2021 (A,wt=16): 947 f1(pb) = pb | f2(pb) = pb | f3(pb) = pb | f4(pb) = pb.  [resolve(384,a,30,b),unit_del(a,38)].

given #2022 (F,wt=7): 6553 f3(f1(g4)) != f2(f1(g4)).  [resolve(6507,a,26,a)].

given #2023 (F,wt=7): 6554 f4(f1(g4)) != f1(f1(g4)).  [resolve(6507,a,25,a)].

given #2024 (F,wt=7): 6555 f3(f1(g4)) != f1(f1(g4)).  [resolve(6507,a,24,a)].

given #2025 (F,wt=7): 6556 f2(f1(g4)) != f1(f1(g4)).  [resolve(6507,a,23,a)].

given #2026 (T,wt=4): 20573 car(f3(cen(g1))).  [resolve(1071,a,17,a)].

given #2027 (T,wt=5): 20587 car(cen(f3(cen(g1)))).  [resolve(20573,a,14,a)].

given #2028 (T,wt=6): 1072 mem(cen(g1),f2(cen(g1))).  [resolve(544,a,20,a)].

given #2029 (T,wt=4): 20602 car(f2(cen(g1))).  [resolve(1072,a,17,a)].

given #2030 (A,wt=30): 948 -car(x) | cen(ra) = cen(x) | -mem(x,cen(x)) | -mem(ra,cen(x)) | -mem(x,cen(ra)) | -mem(ra,cen(ra)) | -mem(x,ra) | cen(x) = ra.  [resolve(400,a,351,i),unit_del(b,39),unit_del(j,401)].

given #2031 (F,wt=7): 6615 f4(f4(g5)) != f3(f4(g5)).  [resolve(6572,a,28,a)].

given #2032 (F,wt=7): 6616 f4(f4(g5)) != f2(f4(g5)).  [resolve(6572,a,27,a)].

given #2033 (F,wt=7): 6617 f3(f4(g5)) != f2(f4(g5)).  [resolve(6572,a,26,a)].

given #2034 (F,wt=7): 6618 f4(f4(g5)) != f1(f4(g5)).  [resolve(6572,a,25,a)].

given #2035 (T,wt=5): 20616 car(cen(f2(cen(g1)))).  [resolve(20602,a,14,a)].

given #2036 (T,wt=6): 1073 mem(cen(g1),f1(cen(g1))).  [resolve(544,a,19,a)].

given #2037 (T,wt=4): 20631 car(f1(cen(g1))).  [resolve(1073,a,17,a)].

given #2038 (T,wt=5): 20645 car(cen(f1(cen(g1)))).  [resolve(20631,a,14,a)].

given #2039 (A,wt=31): 949 -car(x) | cen(ra) = cen(x) | -mem(x,y) | -mem(ra,y) | -mem(x,z) | -mem(ra,z) | -mem(x,ra) | z = y | ra = y | ra = z.  [resolve(400,a,33,i),unit_del(b,39)].

given #2040 (F,wt=7): 6619 f3(f4(g5)) != f1(f4(g5)).  [resolve(6572,a,24,a)].

given #2041 (F,wt=7): 6620 f2(f4(g5)) != f1(f4(g5)).  [resolve(6572,a,23,a)].

given #2042 (F,wt=7): 6676 f4(f3(g5)) != f3(f3(g5)).  [resolve(6633,a,28,a)].

given #2043 (F,wt=7): 6677 f4(f3(g5)) != f2(f3(g5)).  [resolve(6633,a,27,a)].

given #2044 (T,wt=6): 1086 blocked(cen(g2),cen(cen(g2))).  [resolve(560,a,35,a)].

given #2045 (T,wt=6): 1093 mem(cen(g2),f4(cen(g2))).  [resolve(560,a,22,a)].

given #2046 (T,wt=4): 20660 car(f4(cen(g2))).  [resolve(1093,a,17,a)].

given #2047 (T,wt=5): 20674 car(cen(f4(cen(g2)))).  [resolve(20660,a,14,a)].

given #2048 (A,wt=10): 950 -car(x) | cen(ra) != cen(x) | mem(x,ra).  [resolve(400,a,32,e),unit_del(b,39)].

given #2049 (F,wt=7): 6678 f3(f3(g5)) != f2(f3(g5)).  [resolve(6633,a,26,a)].

given #2050 (F,wt=7): 6679 f4(f3(g5)) != f1(f3(g5)).  [resolve(6633,a,25,a)].

given #2051 (F,wt=7): 6680 f3(f3(g5)) != f1(f3(g5)).  [resolve(6633,a,24,a)].

given #2052 (F,wt=7): 6681 f2(f3(g5)) != f1(f3(g5)).  [resolve(6633,a,23,a)].

given #2053 (T,wt=6): 1094 mem(cen(g2),f3(cen(g2))).  [resolve(560,a,21,a)].

given #2054 (T,wt=4): 20843 car(f3(cen(g2))).  [resolve(1094,a,17,a)].

given #2055 (T,wt=5): 20857 car(cen(f3(cen(g2)))).  [resolve(20843,a,14,a)].

given #2056 (T,wt=6): 1095 mem(cen(g2),f2(cen(g2))).  [resolve(560,a,20,a)].

given #2057 (A,wt=16): 951 f1(ra) = ra | f2(ra) = ra | f3(ra) = ra | f4(ra) = ra.  [resolve(400,a,30,b),unit_del(a,39)].

given #2058 (F,wt=7): 6737 f4(f2(g5)) != f3(f2(g5)).  [resolve(6694,a,28,a)].

given #2059 (F,wt=7): 6738 f4(f2(g5)) != f2(f2(g5)).  [resolve(6694,a,27,a)].

given #2060 (F,wt=7): 6739 f3(f2(g5)) != f2(f2(g5)).  [resolve(6694,a,26,a)].

given #2061 (F,wt=7): 6740 f4(f2(g5)) != f1(f2(g5)).  [resolve(6694,a,25,a)].

given #2062 (T,wt=4): 20872 car(f2(cen(g2))).  [resolve(1095,a,17,a)].

given #2063 (T,wt=5): 20886 car(cen(f2(cen(g2)))).  [resolve(20872,a,14,a)].

given #2064 (T,wt=6): 1096 mem(cen(g2),f1(cen(g2))).  [resolve(560,a,19,a)].

given #2065 (T,wt=4): 20901 car(f1(cen(g2))).  [resolve(1096,a,17,a)].

given #2066 (A,wt=61): 952 -car(x) | -car(y) | -car(z) | cen(pa) != cen(x) | cen(pa) != cen(y) | cen(pa) != cen(z) | cen(cen(ra)) != cen(pa) | pa = x | pa = y | pa = z | cen(ra) = pa | y = x | z = x | cen(ra) = x | z = y | cen(ra) = y | cen(ra) = z.  [resolve(402,a,356,d),flip(g),flip(k)].

given #2067 (F,wt=7): 6741 f3(f2(g5)) != f1(f2(g5)).  [resolve(6694,a,24,a)].

given #2068 (F,wt=7): 6742 f2(f2(g5)) != f1(f2(g5)).  [resolve(6694,a,23,a)].

given #2069 (F,wt=7): 6798 f4(f1(g5)) != f3(f1(g5)).  [resolve(6755,a,28,a)].

given #2070 (F,wt=7): 6799 f4(f1(g5)) != f2(f1(g5)).  [resolve(6755,a,27,a)].

given #2071 (T,wt=5): 20915 car(cen(f1(cen(g2)))).  [resolve(20901,a,14,a)].

given #2072 (T,wt=6): 1109 blocked(cen(g3),cen(cen(g3))).  [resolve(576,a,35,a)].

given #2073 (T,wt=6): 1116 mem(cen(g3),f4(cen(g3))).  [resolve(576,a,22,a)].

given #2074 (T,wt=4): 20930 car(f4(cen(g3))).  [resolve(1116,a,17,a)].

given #2075 (A,wt=61): 953 -car(x) | -car(y) | -car(z) | cen(y) != cen(x) | cen(z) != cen(x) | cen(cen(ra)) != cen(x) | cen(pa) != cen(x) | y = x | z = x | cen(ra) = x | pa = x | z = y | cen(ra) = y | pa = y | cen(ra) = z | pa = z | cen(ra) = pa.  [resolve(402,a,355,d),flip(q)].

given #2076 (F,wt=7): 6800 f3(f1(g5)) != f2(f1(g5)).  [resolve(6755,a,26,a)].

given #2077 (F,wt=7): 6801 f4(f1(g5)) != f1(f1(g5)).  [resolve(6755,a,25,a)].

given #2078 (F,wt=7): 6802 f3(f1(g5)) != f1(f1(g5)).  [resolve(6755,a,24,a)].

given #2079 (F,wt=7): 6803 f2(f1(g5)) != f1(f1(g5)).  [resolve(6755,a,23,a)].

given #2080 (T,wt=5): 20944 car(cen(f4(cen(g3)))).  [resolve(20930,a,14,a)].

given #2081 (T,wt=6): 1117 mem(cen(g3),f3(cen(g3))).  [resolve(576,a,21,a)].

given #2082 (T,wt=4): 20959 car(f3(cen(g3))).  [resolve(1117,a,17,a)].

given #2083 (T,wt=5): 20973 car(cen(f3(cen(g3)))).  [resolve(20959,a,14,a)].

given #2084 (A,wt=64): 954 -car(x) | -car(y) | -car(z) | cen(cen(ra)) != cen(x) | cen(cen(ra)) != cen(y) | cen(cen(ra)) != cen(z) | cen(cen(ra)) != cen(pa) | cen(ra) = x | cen(ra) = y | cen(ra) = z | cen(ra) = pa | y = x | z = x | pa = x | z = y | pa = y | pa = z.  [resolve(402,a,355,a),flip(d),flip(e),flip(f),flip(g),flip(h),flip(i),flip(j),flip(k)].

given #2085 (F,wt=7): 6865 f4(f4(g6)) != f3(f4(g6)).  [resolve(6822,a,28,a)].

given #2086 (F,wt=7): 6866 f4(f4(g6)) != f2(f4(g6)).  [resolve(6822,a,27,a)].

given #2087 (F,wt=7): 6867 f3(f4(g6)) != f2(f4(g6)).  [resolve(6822,a,26,a)].

given #2088 (F,wt=7): 6868 f4(f4(g6)) != f1(f4(g6)).  [resolve(6822,a,25,a)].

given #2089 (T,wt=6): 1118 mem(cen(g3),f2(cen(g3))).  [resolve(576,a,20,a)].

given #2090 (T,wt=4): 20988 car(f2(cen(g3))).  [resolve(1118,a,17,a)].

given #2091 (T,wt=5): 21002 car(cen(f2(cen(g3)))).  [resolve(20988,a,14,a)].

given #2092 (T,wt=6): 1119 mem(cen(g3),f1(cen(g3))).  [resolve(576,a,19,a)].

given #2093 (A,wt=63): 955 -car(x) | -car(y) | -car(z) | -car(u) | cen(y) != cen(x) | cen(z) != cen(x) | cen(u) != cen(x) | cen(cen(ra)) != cen(x) | y = x | z = x | u = x | cen(ra) = x | z = y | u = y | cen(ra) = y | u = z | cen(ra) = z | cen(ra) = u.  [resolve(402,a,36,e)].

given #2094 (F,wt=7): 6869 f3(f4(g6)) != f1(f4(g6)).  [resolve(6822,a,24,a)].

given #2095 (F,wt=7): 6870 f2(f4(g6)) != f1(f4(g6)).  [resolve(6822,a,23,a)].

given #2096 (F,wt=7): 6927 f4(f3(g6)) != f3(f3(g6)).  [resolve(6883,a,28,a)].

given #2097 (F,wt=7): 6928 f4(f3(g6)) != f2(f3(g6)).  [resolve(6883,a,27,a)].

given #2098 (T,wt=4): 21017 car(f1(cen(g3))).  [resolve(1119,a,17,a)].

given #2099 (T,wt=5): 21031 car(cen(f1(cen(g3)))).  [resolve(21017,a,14,a)].

given #2100 (T,wt=6): 1132 blocked(cen(g4),cen(cen(g4))).  [resolve(592,a,35,a)].

given #2101 (T,wt=6): 1139 mem(cen(g4),f4(cen(g4))).  [resolve(592,a,22,a)].

given #2102 (A,wt=66): 956 -car(x) | -car(y) | -car(z) | -car(u) | cen(cen(ra)) != cen(x) | cen(cen(ra)) != cen(y) | cen(cen(ra)) != cen(z) | cen(cen(ra)) != cen(u) | cen(ra) = x | cen(ra) = y | cen(ra) = z | cen(ra) = u | y = x | z = x | u = x | z = y | u = y | u = z.  [resolve(402,a,36,a),flip(e),flip(f),flip(g),flip(h),flip(i),flip(j),flip(k),flip(l)].

given #2103 (F,wt=7): 6929 f3(f3(g6)) != f2(f3(g6)).  [resolve(6883,a,26,a)].

given #2104 (F,wt=7): 6930 f4(f3(g6)) != f1(f3(g6)).  [resolve(6883,a,25,a)].

given #2105 (F,wt=7): 6931 f3(f3(g6)) != f1(f3(g6)).  [resolve(6883,a,24,a)].

given #2106 (F,wt=7): 6932 f2(f3(g6)) != f1(f3(g6)).  [resolve(6883,a,23,a)].

given #2107 (T,wt=4): 21046 car(f4(cen(g4))).  [resolve(1139,a,17,a)].

given #2108 (T,wt=5): 21060 car(cen(f4(cen(g4)))).  [resolve(21046,a,14,a)].

given #2109 (T,wt=6): 1140 mem(cen(g4),f3(cen(g4))).  [resolve(592,a,21,a)].

given #2110 (T,wt=4): 21075 car(f3(cen(g4))).  [resolve(1140,a,17,a)].

given #2111 (A,wt=30): 971 -car(x) | cen(ra) = cen(x) | -mem(x,cen(x)) | -mem(rb,cen(x)) | -mem(x,cen(ra)) | -mem(rb,cen(ra)) | -mem(x,rb) | cen(x) = rb.  [resolve(416,a,351,i),rewrite([152(5),152(14),152(18),152(26)]),unit_del(b,40),unit_del(j,417)].

given #2112 (F,wt=7): 6993 f4(f2(g6)) != f3(f2(g6)).  [resolve(6950,a,28,a)].

given #2113 (F,wt=7): 6994 f4(f2(g6)) != f2(f2(g6)).  [resolve(6950,a,27,a)].

given #2114 (F,wt=7): 6995 f3(f2(g6)) != f2(f2(g6)).  [resolve(6950,a,26,a)].

given #2115 (F,wt=7): 6996 f4(f2(g6)) != f1(f2(g6)).  [resolve(6950,a,25,a)].

given #2116 (T,wt=5): 21089 car(cen(f3(cen(g4)))).  [resolve(21075,a,14,a)].

given #2117 (T,wt=6): 1141 mem(cen(g4),f2(cen(g4))).  [resolve(592,a,20,a)].

given #2118 (T,wt=4): 21104 car(f2(cen(g4))).  [resolve(1141,a,17,a)].

given #2119 (T,wt=5): 21118 car(cen(f2(cen(g4)))).  [resolve(21104,a,14,a)].

given #2120 (A,wt=31): 972 -car(x) | cen(ra) = cen(x) | -mem(x,y) | -mem(rb,y) | -mem(x,z) | -mem(rb,z) | -mem(x,rb) | z = y | rb = y | rb = z.  [resolve(416,a,33,i),rewrite([152(5)]),unit_del(b,40)].

given #2121 (F,wt=7): 6997 f3(f2(g6)) != f1(f2(g6)).  [resolve(6950,a,24,a)].

given #2122 (F,wt=7): 6998 f2(f2(g6)) != f1(f2(g6)).  [resolve(6950,a,23,a)].

given #2123 (F,wt=7): 7263 f4(f1(g6)) != f3(f1(g6)).  [resolve(7218,a,28,a)].

given #2124 (F,wt=7): 7264 f4(f1(g6)) != f2(f1(g6)).  [resolve(7218,a,27,a)].

given #2125 (T,wt=6): 1142 mem(cen(g4),f1(cen(g4))).  [resolve(592,a,19,a)].

given #2126 (T,wt=4): 21133 car(f1(cen(g4))).  [resolve(1142,a,17,a)].

given #2127 (T,wt=5): 21147 car(cen(f1(cen(g4)))).  [resolve(21133,a,14,a)].

given #2128 (T,wt=6): 1155 blocked(cen(g5),cen(cen(g5))).  [resolve(608,a,35,a)].

given #2129 (A,wt=10): 973 -car(x) | cen(ra) != cen(x) | mem(x,rb).  [resolve(416,a,32,e),rewrite([152(5)]),unit_del(b,40)].

given #2130 (F,wt=7): 7265 f3(f1(g6)) != f2(f1(g6)).  [resolve(7218,a,26,a)].

given #2131 (F,wt=7): 7266 f4(f1(g6)) != f1(f1(g6)).  [resolve(7218,a,25,a)].

given #2132 (F,wt=7): 7267 f3(f1(g6)) != f1(f1(g6)).  [resolve(7218,a,24,a)].

given #2133 (F,wt=7): 7268 f2(f1(g6)) != f1(f1(g6)).  [resolve(7218,a,23,a)].

given #2134 (T,wt=6): 1162 mem(cen(g5),f4(cen(g5))).  [resolve(608,a,22,a)].

given #2135 (T,wt=4): 21316 car(f4(cen(g5))).  [resolve(1162,a,17,a)].

given #2136 (T,wt=5): 21330 car(cen(f4(cen(g5)))).  [resolve(21316,a,14,a)].

given #2137 (T,wt=6): 1163 mem(cen(g5),f3(cen(g5))).  [resolve(608,a,21,a)].

given #2138 (A,wt=16): 974 f1(rb) = rb | f2(rb) = rb | f3(rb) = rb | f4(rb) = rb.  [resolve(416,a,30,b),unit_del(a,40)].

given #2139 (F,wt=7): 7431 f4(f4(g7)) != f3(f4(g7)).  [resolve(7281,a,28,a)].

given #2140 (F,wt=7): 7432 f4(f4(g7)) != f2(f4(g7)).  [resolve(7281,a,27,a)].

given #2141 (F,wt=7): 7433 f3(f4(g7)) != f2(f4(g7)).  [resolve(7281,a,26,a)].

given #2142 (F,wt=7): 7434 f4(f4(g7)) != f1(f4(g7)).  [resolve(7281,a,25,a)].

given #2143 (T,wt=4): 21345 car(f3(cen(g5))).  [resolve(1163,a,17,a)].

given #2144 (T,wt=5): 21359 car(cen(f3(cen(g5)))).  [resolve(21345,a,14,a)].

given #2145 (T,wt=6): 1164 mem(cen(g5),f2(cen(g5))).  [resolve(608,a,20,a)].

given #2146 (T,wt=4): 21374 car(f2(cen(g5))).  [resolve(1164,a,17,a)].

given #2147 (A,wt=30): 975 -car(x) | cen(ca) = cen(x) | -mem(x,cen(x)) | -mem(qa,cen(x)) | -mem(x,cen(ca)) | -mem(qa,cen(ca)) | -mem(x,qa) | cen(x) = qa.  [resolve(432,a,351,i),rewrite([111(5),111(14),111(18),111(26)]),unit_del(b,41),unit_del(j,433)].

given #2148 (F,wt=7): 7435 f3(f4(g7)) != f1(f4(g7)).  [resolve(7281,a,24,a)].

given #2149 (F,wt=7): 7436 f2(f4(g7)) != f1(f4(g7)).  [resolve(7281,a,23,a)].

given #2150 (F,wt=7): 7495 f4(f3(g7)) != f3(f3(g7)).  [resolve(7449,a,28,a)].

given #2151 (F,wt=7): 7496 f4(f3(g7)) != f2(f3(g7)).  [resolve(7449,a,27,a)].

given #2152 (T,wt=5): 21388 car(cen(f2(cen(g5)))).  [resolve(21374,a,14,a)].

given #2153 (T,wt=6): 1165 mem(cen(g5),f1(cen(g5))).  [resolve(608,a,19,a)].

given #2154 (T,wt=4): 21403 car(f1(cen(g5))).  [resolve(1165,a,17,a)].

given #2155 (T,wt=5): 21417 car(cen(f1(cen(g5)))).  [resolve(21403,a,14,a)].

given #2156 (A,wt=31): 976 -car(x) | cen(ca) = cen(x) | -mem(x,y) | -mem(qa,y) | -mem(x,z) | -mem(qa,z) | -mem(x,qa) | z = y | qa = y | qa = z.  [resolve(432,a,33,i),rewrite([111(5)]),unit_del(b,41)].

given #2157 (F,wt=7): 7497 f3(f3(g7)) != f2(f3(g7)).  [resolve(7449,a,26,a)].

given #2158 (F,wt=7): 7498 f4(f3(g7)) != f1(f3(g7)).  [resolve(7449,a,25,a)].

given #2159 (F,wt=7): 7499 f3(f3(g7)) != f1(f3(g7)).  [resolve(7449,a,24,a)].

given #2160 (F,wt=7): 7500 f2(f3(g7)) != f1(f3(g7)).  [resolve(7449,a,23,a)].

given #2161 (T,wt=6): 1178 blocked(cen(g6),cen(cen(g6))).  [resolve(624,a,35,a)].

given #2162 (T,wt=6): 1185 mem(cen(g6),f4(cen(g6))).  [resolve(624,a,22,a)].

given #2163 (T,wt=4): 21432 car(f4(cen(g6))).  [resolve(1185,a,17,a)].

given #2164 (T,wt=5): 21446 car(cen(f4(cen(g6)))).  [resolve(21432,a,14,a)].

given #2165 (A,wt=16): 977 f1(qa) = qa | f2(qa) = qa | f3(qa) = qa | f4(qa) = qa.  [resolve(432,a,30,b),unit_del(a,41)].

given #2166 (F,wt=7): 7672 f4(f2(g7)) != f3(f2(g7)).  [resolve(7513,a,28,a)].

given #2167 (F,wt=7): 7673 f4(f2(g7)) != f2(f2(g7)).  [resolve(7513,a,27,a)].

given #2168 (F,wt=7): 7674 f3(f2(g7)) != f2(f2(g7)).  [resolve(7513,a,26,a)].

given #2169 (F,wt=7): 7675 f4(f2(g7)) != f1(f2(g7)).  [resolve(7513,a,25,a)].

given #2170 (T,wt=6): 1186 mem(cen(g6),f3(cen(g6))).  [resolve(624,a,21,a)].

given #2171 (T,wt=4): 21461 car(f3(cen(g6))).  [resolve(1186,a,17,a)].

given #2172 (T,wt=5): 21475 car(cen(f3(cen(g6)))).  [resolve(21461,a,14,a)].

given #2173 (T,wt=6): 1187 mem(cen(g6),f2(cen(g6))).  [resolve(624,a,20,a)].

given #2174 (A,wt=61): 978 -car(x) | -car(y) | -car(z) | cen(pa) != cen(x) | cen(pa) != cen(y) | cen(pa) != cen(z) | cen(cen(ca)) != cen(pa) | pa = x | pa = y | pa = z | cen(ca) = pa | y = x | z = x | cen(ca) = x | z = y | cen(ca) = y | cen(ca) = z.  [resolve(434,a,356,d),flip(g),flip(k)].

given #2175 (F,wt=7): 7676 f3(f2(g7)) != f1(f2(g7)).  [resolve(7513,a,24,a)].

given #2176 (F,wt=7): 7677 f2(f2(g7)) != f1(f2(g7)).  [resolve(7513,a,23,a)].

given #2177 (F,wt=7): 7726 f4(f1(g7)) != f3(f1(g7)).  [resolve(7690,a,28,a)].

given #2178 (F,wt=7): 7727 f4(f1(g7)) != f2(f1(g7)).  [resolve(7690,a,27,a)].

given #2179 (T,wt=4): 21490 car(f2(cen(g6))).  [resolve(1187,a,17,a)].

given #2180 (T,wt=5): 21504 car(cen(f2(cen(g6)))).  [resolve(21490,a,14,a)].

given #2181 (T,wt=6): 1188 mem(cen(g6),f1(cen(g6))).  [resolve(624,a,19,a)].

given #2182 (T,wt=4): 21519 car(f1(cen(g6))).  [resolve(1188,a,17,a)].

given #2183 (A,wt=61): 979 -car(x) | -car(y) | -car(z) | cen(y) != cen(x) | cen(z) != cen(x) | cen(cen(ca)) != cen(x) | cen(pa) != cen(x) | y = x | z = x | cen(ca) = x | pa = x | z = y | cen(ca) = y | pa = y | cen(ca) = z | pa = z | cen(ca) = pa.  [resolve(434,a,355,d),flip(q)].

given #2184 (F,wt=7): 7728 f3(f1(g7)) != f2(f1(g7)).  [resolve(7690,a,26,a)].

given #2185 (F,wt=7): 7729 f4(f1(g7)) != f1(f1(g7)).  [resolve(7690,a,25,a)].

given #2186 (F,wt=7): 7730 f3(f1(g7)) != f1(f1(g7)).  [resolve(7690,a,24,a)].

given #2187 (F,wt=7): 7731 f2(f1(g7)) != f1(f1(g7)).  [resolve(7690,a,23,a)].

given #2188 (T,wt=5): 21533 car(cen(f1(cen(g6)))).  [resolve(21519,a,14,a)].

given #2189 (T,wt=6): 1201 blocked(cen(g7),cen(cen(g7))).  [resolve(640,a,35,a)].

given #2190 (T,wt=6): 1208 mem(cen(g7),f4(cen(g7))).  [resolve(640,a,22,a)].

given #2191 (T,wt=4): 21548 car(f4(cen(g7))).  [resolve(1208,a,17,a)].

given #2192 (A,wt=64): 980 -car(x) | -car(y) | -car(z) | cen(cen(ca)) != cen(x) | cen(cen(ca)) != cen(y) | cen(cen(ca)) != cen(z) | cen(cen(ca)) != cen(pa) | cen(ca) = x | cen(ca) = y | cen(ca) = z | cen(ca) = pa | y = x | z = x | pa = x | z = y | pa = y | pa = z.  [resolve(434,a,355,a),flip(d),flip(e),flip(f),flip(g),flip(h),flip(i),flip(j),flip(k)].

given #2193 (F,wt=7): 7888 f4(f4(g8)) != f3(f4(g8)).  [resolve(7851,a,28,a)].

given #2194 (F,wt=7): 7889 f4(f4(g8)) != f2(f4(g8)).  [resolve(7851,a,27,a)].

given #2195 (F,wt=7): 7890 f3(f4(g8)) != f2(f4(g8)).  [resolve(7851,a,26,a)].

given #2196 (F,wt=7): 7891 f4(f4(g8)) != f1(f4(g8)).  [resolve(7851,a,25,a)].

given #2197 (T,wt=5): 21562 car(cen(f4(cen(g7)))).  [resolve(21548,a,14,a)].

given #2198 (T,wt=6): 1209 mem(cen(g7),f3(cen(g7))).  [resolve(640,a,21,a)].

given #2199 (T,wt=4): 21577 car(f3(cen(g7))).  [resolve(1209,a,17,a)].

given #2200 (T,wt=5): 21591 car(cen(f3(cen(g7)))).  [resolve(21577,a,14,a)].

given #2201 (A,wt=63): 981 -car(x) | -car(y) | -car(z) | -car(u) | cen(y) != cen(x) | cen(z) != cen(x) | cen(u) != cen(x) | cen(cen(ca)) != cen(x) | y = x | z = x | u = x | cen(ca) = x | z = y | u = y | cen(ca) = y | u = z | cen(ca) = z | cen(ca) = u.  [resolve(434,a,36,e)].

given #2202 (F,wt=7): 7892 f3(f4(g8)) != f1(f4(g8)).  [resolve(7851,a,24,a)].

given #2203 (F,wt=7): 7893 f2(f4(g8)) != f1(f4(g8)).  [resolve(7851,a,23,a)].

given #2204 (F,wt=7): 7943 f4(f3(g8)) != f3(f3(g8)).  [resolve(7906,a,28,a)].

given #2205 (F,wt=7): 7944 f4(f3(g8)) != f2(f3(g8)).  [resolve(7906,a,27,a)].

given #2206 (T,wt=6): 1210 mem(cen(g7),f2(cen(g7))).  [resolve(640,a,20,a)].

given #2207 (T,wt=4): 21606 car(f2(cen(g7))).  [resolve(1210,a,17,a)].

given #2208 (T,wt=5): 21620 car(cen(f2(cen(g7)))).  [resolve(21606,a,14,a)].

given #2209 (T,wt=6): 1211 mem(cen(g7),f1(cen(g7))).  [resolve(640,a,19,a)].

given #2210 (A,wt=66): 982 -car(x) | -car(y) | -car(z) | -car(u) | cen(cen(ca)) != cen(x) | cen(cen(ca)) != cen(y) | cen(cen(ca)) != cen(z) | cen(cen(ca)) != cen(u) | cen(ca) = x | cen(ca) = y | cen(ca) = z | cen(ca) = u | y = x | z = x | u = x | z = y | u = y | u = z.  [resolve(434,a,36,a),flip(e),flip(f),flip(g),flip(h),flip(i),flip(j),flip(k),flip(l)].

given #2211 (F,wt=7): 7945 f3(f3(g8)) != f2(f3(g8)).  [resolve(7906,a,26,a)].

given #2212 (F,wt=7): 7946 f4(f3(g8)) != f1(f3(g8)).  [resolve(7906,a,25,a)].

given #2213 (F,wt=7): 7947 f3(f3(g8)) != f1(f3(g8)).  [resolve(7906,a,24,a)].

given #2214 (F,wt=7): 7948 f2(f3(g8)) != f1(f3(g8)).  [resolve(7906,a,23,a)].

given #2215 (T,wt=4): 21635 car(f1(cen(g7))).  [resolve(1211,a,17,a)].

given #2216 (T,wt=5): 21649 car(cen(f1(cen(g7)))).  [resolve(21635,a,14,a)].

given #2217 (T,wt=6): 1228 blocked(cen(g8),cen(cen(g8))).  [resolve(656,a,35,a)].

given #2218 (T,wt=6): 1235 mem(cen(g8),f4(cen(g8))).  [resolve(656,a,22,a)].

given #2219 (A,wt=30): 997 -car(x) | cen(ca) = cen(x) | -mem(x,cen(x)) | -mem(qb,cen(x)) | -mem(x,cen(ca)) | -mem(qb,cen(ca)) | -mem(x,qb) | cen(x) = qb.  [resolve(449,a,351,i),rewrite([352(5),352(14),352(18),352(26)]),unit_del(b,42),unit_del(j,450)].

given #2220 (F,wt=7): 8124 f4(f2(g8)) != f3(f2(g8)).  [resolve(8086,a,28,a)].

given #2221 (F,wt=7): 8125 f4(f2(g8)) != f2(f2(g8)).  [resolve(8086,a,27,a)].

given #2222 (F,wt=7): 8126 f3(f2(g8)) != f2(f2(g8)).  [resolve(8086,a,26,a)].

given #2223 (F,wt=7): 8127 f4(f2(g8)) != f1(f2(g8)).  [resolve(8086,a,25,a)].

given #2224 (T,wt=4): 21664 car(f4(cen(g8))).  [resolve(1235,a,17,a)].

given #2225 (T,wt=5): 21678 car(cen(f4(cen(g8)))).  [resolve(21664,a,14,a)].

given #2226 (T,wt=6): 1236 mem(cen(g8),f3(cen(g8))).  [resolve(656,a,21,a)].

given #2227 (T,wt=4): 21693 car(f3(cen(g8))).  [resolve(1236,a,17,a)].

given #2228 (A,wt=31): 998 -car(x) | cen(ca) = cen(x) | -mem(x,y) | -mem(qb,y) | -mem(x,z) | -mem(qb,z) | -mem(x,qb) | z = y | qb = y | qb = z.  [resolve(449,a,33,i),rewrite([352(5)]),unit_del(b,42)].

given #2229 (F,wt=7): 8128 f3(f2(g8)) != f1(f2(g8)).  [resolve(8086,a,24,a)].

given #2230 (F,wt=7): 8129 f2(f2(g8)) != f1(f2(g8)).  [resolve(8086,a,23,a)].

given #2231 (F,wt=7): 8180 f4(f1(g8)) != f3(f1(g8)).  [resolve(8142,a,28,a)].

given #2232 (F,wt=7): 8181 f4(f1(g8)) != f2(f1(g8)).  [resolve(8142,a,27,a)].

given #2233 (T,wt=5): 21707 car(cen(f3(cen(g8)))).  [resolve(21693,a,14,a)].

given #2234 (T,wt=6): 1237 mem(cen(g8),f2(cen(g8))).  [resolve(656,a,20,a)].

given #2235 (T,wt=4): 21722 car(f2(cen(g8))).  [resolve(1237,a,17,a)].

given #2236 (T,wt=5): 21736 car(cen(f2(cen(g8)))).  [resolve(21722,a,14,a)].

given #2237 (A,wt=16): 999 f1(qb) = qb | f2(qb) = qb | f3(qb) = qb | f4(qb) = qb.  [resolve(449,a,30,b),unit_del(a,42)].

given #2238 (F,wt=7): 8182 f3(f1(g8)) != f2(f1(g8)).  [resolve(8142,a,26,a)].

given #2239 (F,wt=7): 8183 f4(f1(g8)) != f1(f1(g8)).  [resolve(8142,a,25,a)].

given #2240 (F,wt=7): 8184 f3(f1(g8)) != f1(f1(g8)).  [resolve(8142,a,24,a)].

given #2241 (F,wt=7): 8185 f2(f1(g8)) != f1(f1(g8)).  [resolve(8142,a,23,a)].

given #2242 (T,wt=6): 1238 mem(cen(g8),f1(cen(g8))).  [resolve(656,a,19,a)].

given #2243 (T,wt=4): 21751 car(f1(cen(g8))).  [resolve(1238,a,17,a)].

given #2244 (T,wt=5): 21765 car(cen(f1(cen(g8)))).  [resolve(21751,a,14,a)].

given #2245 (T,wt=6): 1251 blocked(cen(g9),cen(cen(g9))).  [resolve(672,a,35,a)].

given #2246 (A,wt=30): 1000 -car(x) | cen(ca) = cen(x) | -mem(x,cen(x)) | -mem(ca,cen(x)) | -mem(x,cen(ca)) | -mem(ca,cen(ca)) | -mem(x,ca) | cen(x) = ca.  [resolve(465,a,351,i),unit_del(b,43),unit_del(j,466)].

given #2247 (F,wt=7): 8347 f4(f4(g9)) != f3(f4(g9)).  [resolve(8308,a,28,a)].

given #2248 (F,wt=7): 8348 f4(f4(g9)) != f2(f4(g9)).  [resolve(8308,a,27,a)].

given #2249 (F,wt=7): 8349 f3(f4(g9)) != f2(f4(g9)).  [resolve(8308,a,26,a)].

given #2250 (F,wt=7): 8350 f4(f4(g9)) != f1(f4(g9)).  [resolve(8308,a,25,a)].

given #2251 (T,wt=6): 1258 mem(cen(g9),f4(cen(g9))).  [resolve(672,a,22,a)].

given #2252 (T,wt=4): 21780 car(f4(cen(g9))).  [resolve(1258,a,17,a)].

given #2253 (T,wt=5): 21794 car(cen(f4(cen(g9)))).  [resolve(21780,a,14,a)].

given #2254 (T,wt=6): 1259 mem(cen(g9),f3(cen(g9))).  [resolve(672,a,21,a)].

given #2255 (A,wt=31): 1001 -car(x) | cen(ca) = cen(x) | -mem(x,y) | -mem(ca,y) | -mem(x,z) | -mem(ca,z) | -mem(x,ca) | z = y | ca = y | ca = z.  [resolve(465,a,33,i),unit_del(b,43)].

given #2256 (F,wt=7): 8351 f3(f4(g9)) != f1(f4(g9)).  [resolve(8308,a,24,a)].

given #2257 (F,wt=7): 8352 f2(f4(g9)) != f1(f4(g9)).  [resolve(8308,a,23,a)].

given #2258 (F,wt=7): 8505 f4(f3(g9)) != f3(f3(g9)).  [resolve(8365,a,28,a)].

given #2259 (F,wt=7): 8506 f4(f3(g9)) != f2(f3(g9)).  [resolve(8365,a,27,a)].

given #2260 (T,wt=4): 21809 car(f3(cen(g9))).  [resolve(1259,a,17,a)].

given #2261 (T,wt=5): 21823 car(cen(f3(cen(g9)))).  [resolve(21809,a,14,a)].

given #2262 (T,wt=6): 1260 mem(cen(g9),f2(cen(g9))).  [resolve(672,a,20,a)].

given #2263 (T,wt=4): 21838 car(f2(cen(g9))).  [resolve(1260,a,17,a)].

given #2264 (A,wt=10): 1002 -car(x) | cen(ca) != cen(x) | mem(x,ca).  [resolve(465,a,32,e),unit_del(b,43)].

given #2265 (F,wt=7): 8507 f3(f3(g9)) != f2(f3(g9)).  [resolve(8365,a,26,a)].

given #2266 (F,wt=7): 8508 f4(f3(g9)) != f1(f3(g9)).  [resolve(8365,a,25,a)].

given #2267 (F,wt=7): 8509 f3(f3(g9)) != f1(f3(g9)).  [resolve(8365,a,24,a)].

given #2268 (F,wt=7): 8510 f2(f3(g9)) != f1(f3(g9)).  [resolve(8365,a,23,a)].

given #2269 (T,wt=5): 21852 car(cen(f2(cen(g9)))).  [resolve(21838,a,14,a)].

given #2270 (T,wt=6): 1261 mem(cen(g9),f1(cen(g9))).  [resolve(672,a,19,a)].

given #2271 (T,wt=4): 22020 car(f1(cen(g9))).  [resolve(1261,a,17,a)].

given #2272 (T,wt=5): 22034 car(cen(f1(cen(g9)))).  [resolve(22020,a,14,a)].

given #2273 (A,wt=16): 1003 f1(ca) = ca | f2(ca) = ca | f3(ca) = ca | f4(ca) = ca.  [resolve(465,a,30,b),unit_del(a,43)].

given #2274 (F,wt=7): 8537 f4(f2(g9)) != f3(f2(g9)).  [resolve(8523,a,28,a)].

given #2275 (F,wt=7): 8538 f4(f2(g9)) != f2(f2(g9)).  [resolve(8523,a,27,a)].

given #2276 (F,wt=7): 8539 f3(f2(g9)) != f2(f2(g9)).  [resolve(8523,a,26,a)].

given #2277 (F,wt=7): 8540 f4(f2(g9)) != f1(f2(g9)).  [resolve(8523,a,25,a)].

given #2278 (T,wt=6): 1278 blocked(cen(g10),cen(cen(g10))).  [resolve(688,a,35,a)].

given #2279 (T,wt=6): 1285 mem(cen(g10),f4(cen(g10))).  [resolve(688,a,22,a)].

given #2280 (T,wt=4): 22049 car(f4(cen(g10))).  [resolve(1285,a,17,a)].

given #2281 (T,wt=5): 22063 car(cen(f4(cen(g10)))).  [resolve(22049,a,14,a)].

given #2282 (A,wt=30): 1004 -car(x) | cen(ca) = cen(x) | -mem(x,cen(x)) | -mem(cb,cen(x)) | -mem(x,cen(ca)) | -mem(cb,cen(ca)) | -mem(x,cb) | cen(x) = cb.  [resolve(480,a,351,i),rewrite([113(5),113(14),113(18),113(26)]),unit_del(b,44),unit_del(j,481)].

given #2283 (F,wt=7): 8541 f3(f2(g9)) != f1(f2(g9)).  [resolve(8523,a,24,a)].

given #2284 (F,wt=7): 8542 f2(f2(g9)) != f1(f2(g9)).  [resolve(8523,a,23,a)].

given #2285 (F,wt=7): 8586 f4(f1(g9)) != f3(f1(g9)).  [resolve(8555,a,28,a)].

given #2286 (F,wt=7): 8587 f4(f1(g9)) != f2(f1(g9)).  [resolve(8555,a,27,a)].

given #2287 (T,wt=6): 1286 mem(cen(g10),f3(cen(g10))).  [resolve(688,a,21,a)].

given #2288 (T,wt=4): 22078 car(f3(cen(g10))).  [resolve(1286,a,17,a)].

given #2289 (T,wt=5): 22092 car(cen(f3(cen(g10)))).  [resolve(22078,a,14,a)].

given #2290 (T,wt=6): 1287 mem(cen(g10),f2(cen(g10))).  [resolve(688,a,20,a)].

given #2291 (A,wt=31): 1005 -car(x) | cen(ca) = cen(x) | -mem(x,y) | -mem(cb,y) | -mem(x,z) | -mem(cb,z) | -mem(x,cb) | z = y | cb = y | cb = z.  [resolve(480,a,33,i),rewrite([113(5)]),unit_del(b,44)].

given #2292 (F,wt=7): 8588 f3(f1(g9)) != f2(f1(g9)).  [resolve(8555,a,26,a)].

given #2293 (F,wt=7): 8589 f4(f1(g9)) != f1(f1(g9)).  [resolve(8555,a,25,a)].

given #2294 (F,wt=7): 8590 f3(f1(g9)) != f1(f1(g9)).  [resolve(8555,a,24,a)].

given #2295 (F,wt=7): 8591 f2(f1(g9)) != f1(f1(g9)).  [resolve(8555,a,23,a)].

given #2296 (T,wt=4): 22107 car(f2(cen(g10))).  [resolve(1287,a,17,a)].

given #2297 (T,wt=5): 22121 car(cen(f2(cen(g10)))).  [resolve(22107,a,14,a)].

given #2298 (T,wt=6): 1288 mem(cen(g10),f1(cen(g10))).  [resolve(688,a,19,a)].

given #2299 (T,wt=4): 22136 car(f1(cen(g10))).  [resolve(1288,a,17,a)].

given #2300 (A,wt=10): 1006 -car(x) | cen(ca) != cen(x) | mem(x,cb).  [resolve(480,a,32,e),rewrite([113(5)]),unit_del(b,44)].

given #2301 (F,wt=7): 8618 f4(f4(g10)) != f3(f4(g10)).  [resolve(8604,a,28,a)].

given #2302 (F,wt=7): 8619 f4(f4(g10)) != f2(f4(g10)).  [resolve(8604,a,27,a)].

given #2303 (F,wt=7): 8620 f3(f4(g10)) != f2(f4(g10)).  [resolve(8604,a,26,a)].

given #2304 (F,wt=7): 8621 f4(f4(g10)) != f1(f4(g10)).  [resolve(8604,a,25,a)].

given #2305 (T,wt=5): 22150 car(cen(f1(cen(g10)))).  [resolve(22136,a,14,a)].

given #2306 (T,wt=6): 1301 blocked(cen(g11),cen(cen(g11))).  [resolve(704,a,35,a)].

given #2307 (T,wt=6): 1308 mem(cen(g11),f4(cen(g11))).  [resolve(704,a,22,a)].

given #2308 (T,wt=4): 22318 car(f4(cen(g11))).  [resolve(1308,a,17,a)].

given #2309 (A,wt=16): 1007 f1(cb) = cb | f2(cb) = cb | f3(cb) = cb | f4(cb) = cb.  [resolve(480,a,30,b),unit_del(a,44)].

given #2310 (F,wt=7): 8622 f3(f4(g10)) != f1(f4(g10)).  [resolve(8604,a,24,a)].

given #2311 (F,wt=7): 8623 f2(f4(g10)) != f1(f4(g10)).  [resolve(8604,a,23,a)].

given #2312 (F,wt=7): 8681 f4(f3(g10)) != f3(f3(g10)).  [resolve(8667,a,28,a)].

given #2313 (F,wt=7): 8682 f4(f3(g10)) != f2(f3(g10)).  [resolve(8667,a,27,a)].

given #2314 (T,wt=5): 22332 car(cen(f4(cen(g11)))).  [resolve(22318,a,14,a)].

given #2315 (T,wt=6): 1309 mem(cen(g11),f3(cen(g11))).  [resolve(704,a,21,a)].

given #2316 (T,wt=4): 22347 car(f3(cen(g11))).  [resolve(1309,a,17,a)].

given #2317 (T,wt=5): 22361 car(cen(f3(cen(g11)))).  [resolve(22347,a,14,a)].

given #2318 (A,wt=30): 1008 -car(x) | cen(oa) = cen(x) | -mem(x,cen(x)) | -mem(oa,cen(x)) | -mem(x,cen(oa)) | -mem(oa,cen(oa)) | -mem(x,oa) | cen(x) = oa.  [resolve(496,a,351,i),unit_del(b,45),unit_del(j,497)].

given #2319 (F,wt=7): 8683 f3(f3(g10)) != f2(f3(g10)).  [resolve(8667,a,26,a)].

given #2320 (F,wt=7): 8684 f4(f3(g10)) != f1(f3(g10)).  [resolve(8667,a,25,a)].

given #2321 (F,wt=7): 8685 f3(f3(g10)) != f1(f3(g10)).  [resolve(8667,a,24,a)].

given #2322 (F,wt=7): 8686 f2(f3(g10)) != f1(f3(g10)).  [resolve(8667,a,23,a)].

given #2323 (T,wt=6): 1310 mem(cen(g11),f2(cen(g11))).  [resolve(704,a,20,a)].

given #2324 (T,wt=4): 22376 car(f2(cen(g11))).  [resolve(1310,a,17,a)].

given #2325 (T,wt=5): 22390 car(cen(f2(cen(g11)))).  [resolve(22376,a,14,a)].

given #2326 (T,wt=6): 1311 mem(cen(g11),f1(cen(g11))).  [resolve(704,a,19,a)].

given #2327 (A,wt=31): 1009 -car(x) | cen(oa) = cen(x) | -mem(x,y) | -mem(oa,y) | -mem(x,z) | -mem(oa,z) | -mem(x,oa) | z = y | oa = y | oa = z.  [resolve(496,a,33,i),unit_del(b,45)].

given #2328 (F,wt=7): 8713 f4(f2(g10)) != f3(f2(g10)).  [resolve(8699,a,28,a)].

given #2329 (F,wt=7): 8714 f4(f2(g10)) != f2(f2(g10)).  [resolve(8699,a,27,a)].

given #2330 (F,wt=7): 8715 f3(f2(g10)) != f2(f2(g10)).  [resolve(8699,a,26,a)].

given #2331 (F,wt=7): 8716 f4(f2(g10)) != f1(f2(g10)).  [resolve(8699,a,25,a)].

given #2332 (T,wt=4): 22405 car(f1(cen(g11))).  [resolve(1311,a,17,a)].

given #2333 (T,wt=5): 22419 car(cen(f1(cen(g11)))).  [resolve(22405,a,14,a)].

given #2334 (T,wt=6): 1328 blocked(cen(g12),cen(cen(g12))).  [resolve(720,a,35,a)].

given #2335 (T,wt=6): 1335 mem(cen(g12),f4(cen(g12))).  [resolve(720,a,22,a)].

given #2336 (A,wt=10): 1010 -car(x) | cen(oa) != cen(x) | mem(x,oa).  [resolve(496,a,32,e),unit_del(b,45)].

Low Water (displace): id=7493, wt=66.000

given #2337 (F,wt=7): 8717 f3(f2(g10)) != f1(f2(g10)).  [resolve(8699,a,24,a)].

given #2338 (F,wt=7): 8718 f2(f2(g10)) != f1(f2(g10)).  [resolve(8699,a,23,a)].

given #2339 (F,wt=7): 8759 f4(f1(g10)) != f3(f1(g10)).  [resolve(8745,a,28,a)].

given #2340 (F,wt=7): 8760 f4(f1(g10)) != f2(f1(g10)).  [resolve(8745,a,27,a)].

given #2341 (T,wt=4): 22434 car(f4(cen(g12))).  [resolve(1335,a,17,a)].

Low Water (displace): id=22426, wt=11.000

given #2342 (T,wt=5): 22609 car(cen(f4(cen(g12)))).  [resolve(22434,a,14,a)].

Low Water (displace): id=22610, wt=10.000

given #2343 (T,wt=6): 1336 mem(cen(g12),f3(cen(g12))).  [resolve(720,a,21,a)].

given #2344 (T,wt=4): 22624 car(f3(cen(g12))).  [resolve(1336,a,17,a)].

given #2345 (A,wt=16): 1011 f1(oa) = oa | f2(oa) = oa | f3(oa) = oa | f4(oa) = oa.  [resolve(496,a,30,b),unit_del(a,45)].

given #2346 (F,wt=7): 8761 f3(f1(g10)) != f2(f1(g10)).  [resolve(8745,a,26,a)].

given #2347 (F,wt=7): 8762 f4(f1(g10)) != f1(f1(g10)).  [resolve(8745,a,25,a)].

given #2348 (F,wt=7): 8763 f3(f1(g10)) != f1(f1(g10)).  [resolve(8745,a,24,a)].

given #2349 (F,wt=7): 8764 f2(f1(g10)) != f1(f1(g10)).  [resolve(8745,a,23,a)].

given #2350 (T,wt=5): 22638 car(cen(f3(cen(g12)))).  [resolve(22624,a,14,a)].

given #2351 (T,wt=6): 1337 mem(cen(g12),f2(cen(g12))).  [resolve(720,a,20,a)].

given #2352 (T,wt=4): 22653 car(f2(cen(g12))).  [resolve(1337,a,17,a)].

given #2353 (T,wt=5): 22667 car(cen(f2(cen(g12)))).  [resolve(22653,a,14,a)].

given #2354 (A,wt=61): 1012 -car(x) | -car(y) | -car(z) | cen(pa) != cen(x) | cen(pa) != cen(y) | cen(pa) != cen(z) | cen(cen(oa)) != cen(pa) | pa = x | pa = y | pa = z | cen(oa) = pa | y = x | z = x | cen(oa) = x | z = y | cen(oa) = y | cen(oa) = z.  [resolve(498,a,356,d),flip(g),flip(k)].

given #2355 (F,wt=7): 8818 f4(f4(g11)) != f3(f4(g11)).  [resolve(8777,a,28,a)].

given #2356 (F,wt=7): 8819 f4(f4(g11)) != f2(f4(g11)).  [resolve(8777,a,27,a)].

given #2357 (F,wt=7): 8820 f3(f4(g11)) != f2(f4(g11)).  [resolve(8777,a,26,a)].

given #2358 (F,wt=7): 8821 f4(f4(g11)) != f1(f4(g11)).  [resolve(8777,a,25,a)].

given #2359 (T,wt=6): 1338 mem(cen(g12),f1(cen(g12))).  [resolve(720,a,19,a)].

given #2360 (T,wt=4): 22682 car(f1(cen(g12))).  [resolve(1338,a,17,a)].

given #2361 (T,wt=5): 22696 car(cen(f1(cen(g12)))).  [resolve(22682,a,14,a)].

given #2362 (T,wt=6): 1351 blocked(cen(g13),cen(cen(g13))).  [resolve(736,a,35,a)].

given #2363 (A,wt=61): 1013 -car(x) | -car(y) | -car(z) | cen(y) != cen(x) | cen(z) != cen(x) | cen(cen(oa)) != cen(x) | cen(pa) != cen(x) | y = x | z = x | cen(oa) = x | pa = x | z = y | cen(oa) = y | pa = y | cen(oa) = z | pa = z | cen(oa) = pa.  [resolve(498,a,355,d),flip(q)].

given #2364 (F,wt=7): 8822 f3(f4(g11)) != f1(f4(g11)).  [resolve(8777,a,24,a)].

given #2365 (F,wt=7): 8823 f2(f4(g11)) != f1(f4(g11)).  [resolve(8777,a,23,a)].

given #2366 (F,wt=7): 8850 f4(f3(g11)) != f3(f3(g11)).  [resolve(8836,a,28,a)].

given #2367 (F,wt=7): 8851 f4(f3(g11)) != f2(f3(g11)).  [resolve(8836,a,27,a)].

given #2368 (T,wt=6): 1358 mem(cen(g13),f4(cen(g13))).  [resolve(736,a,22,a)].

given #2369 (T,wt=4): 22711 car(f4(cen(g13))).  [resolve(1358,a,17,a)].

given #2370 (T,wt=5): 22725 car(cen(f4(cen(g13)))).  [resolve(22711,a,14,a)].

given #2371 (T,wt=6): 1359 mem(cen(g13),f3(cen(g13))).  [resolve(736,a,21,a)].

given #2372 (A,wt=64): 1014 -car(x) | -car(y) | -car(z) | cen(cen(oa)) != cen(x) | cen(cen(oa)) != cen(y) | cen(cen(oa)) != cen(z) | cen(cen(oa)) != cen(pa) | cen(oa) = x | cen(oa) = y | cen(oa) = z | cen(oa) = pa | y = x | z = x | pa = x | z = y | pa = y | pa = z.  [resolve(498,a,355,a),flip(d),flip(e),flip(f),flip(g),flip(h),flip(i),flip(j),flip(k)].

given #2373 (F,wt=7): 8852 f3(f3(g11)) != f2(f3(g11)).  [resolve(8836,a,26,a)].

given #2374 (F,wt=7): 8853 f4(f3(g11)) != f1(f3(g11)).  [resolve(8836,a,25,a)].

given #2375 (F,wt=7): 8854 f3(f3(g11)) != f1(f3(g11)).  [resolve(8836,a,24,a)].

given #2376 (F,wt=7): 8855 f2(f3(g11)) != f1(f3(g11)).  [resolve(8836,a,23,a)].

given #2377 (T,wt=4): 22740 car(f3(cen(g13))).  [resolve(1359,a,17,a)].

given #2378 (T,wt=5): 22754 car(cen(f3(cen(g13)))).  [resolve(22740,a,14,a)].

given #2379 (T,wt=6): 1360 mem(cen(g13),f2(cen(g13))).  [resolve(736,a,20,a)].

given #2380 (T,wt=4): 22769 car(f2(cen(g13))).  [resolve(1360,a,17,a)].

given #2381 (A,wt=63): 1015 -car(x) | -car(y) | -car(z) | -car(u) | cen(y) != cen(x) | cen(z) != cen(x) | cen(u) != cen(x) | cen(cen(oa)) != cen(x) | y = x | z = x | u = x | cen(oa) = x | z = y | u = y | cen(oa) = y | u = z | cen(oa) = z | cen(oa) = u.  [resolve(498,a,36,e)].

given #2382 (F,wt=7): 8895 f4(f2(g11)) != f3(f2(g11)).  [resolve(8868,a,28,a)].

given #2383 (F,wt=7): 8896 f4(f2(g11)) != f2(f2(g11)).  [resolve(8868,a,27,a)].

given #2384 (F,wt=7): 8897 f3(f2(g11)) != f2(f2(g11)).  [resolve(8868,a,26,a)].

given #2385 (F,wt=7): 8898 f4(f2(g11)) != f1(f2(g11)).  [resolve(8868,a,25,a)].

given #2386 (T,wt=5): 22783 car(cen(f2(cen(g13)))).  [resolve(22769,a,14,a)].

given #2387 (T,wt=6): 1361 mem(cen(g13),f1(cen(g13))).  [resolve(736,a,19,a)].

given #2388 (T,wt=4): 22798 car(f1(cen(g13))).  [resolve(1361,a,17,a)].

given #2389 (T,wt=5): 22812 car(cen(f1(cen(g13)))).  [resolve(22798,a,14,a)].

given #2390 (A,wt=66): 1016 -car(x) | -car(y) | -car(z) | -car(u) | cen(cen(oa)) != cen(x) | cen(cen(oa)) != cen(y) | cen(cen(oa)) != cen(z) | cen(cen(oa)) != cen(u) | cen(oa) = x | cen(oa) = y | cen(oa) = z | cen(oa) = u | y = x | z = x | u = x | z = y | u = y | u = z.  [resolve(498,a,36,a),flip(e),flip(f),flip(g),flip(h),flip(i),flip(j),flip(k),flip(l)].

given #2391 (F,wt=7): 8899 f3(f2(g11)) != f1(f2(g11)).  [resolve(8868,a,24,a)].

given #2392 (F,wt=7): 8900 f2(f2(g11)) != f1(f2(g11)).  [resolve(8868,a,23,a)].

given #2393 (F,wt=7): 8927 f4(f1(g11)) != f3(f1(g11)).  [resolve(8913,a,28,a)].

given #2394 (F,wt=7): 8928 f4(f1(g11)) != f2(f1(g11)).  [resolve(8913,a,27,a)].

given #2395 (T,wt=6): 1378 blocked(cen(g14),cen(cen(g14))).  [resolve(752,a,35,a)].

given #2396 (T,wt=6): 1385 mem(cen(g14),f4(cen(g14))).  [resolve(752,a,22,a)].

given #2397 (T,wt=4): 22827 car(f4(cen(g14))).  [resolve(1385,a,17,a)].

given #2398 (T,wt=5): 22841 car(cen(f4(cen(g14)))).  [resolve(22827,a,14,a)].

given #2399 (A,wt=30): 1031 -car(x) | cen(g0) = cen(x) | -mem(x,cen(x)) | -mem(g0,cen(x)) | -mem(x,cen(g0)) | -mem(g0,cen(g0)) | -mem(x,g0) | cen(x) = g0.  [resolve(526,a,351,i),unit_del(b,154),unit_del(j,527)].

given #2400 (F,wt=7): 8929 f3(f1(g11)) != f2(f1(g11)).  [resolve(8913,a,26,a)].

given #2401 (F,wt=7): 8930 f4(f1(g11)) != f1(f1(g11)).  [resolve(8913,a,25,a)].

given #2402 (F,wt=7): 8931 f3(f1(g11)) != f1(f1(g11)).  [resolve(8913,a,24,a)].

given #2403 (F,wt=7): 8932 f2(f1(g11)) != f1(f1(g11)).  [resolve(8913,a,23,a)].

given #2404 (T,wt=6): 1386 mem(cen(g14),f3(cen(g14))).  [resolve(752,a,21,a)].

given #2405 (T,wt=4): 22856 car(f3(cen(g14))).  [resolve(1386,a,17,a)].

given #2406 (T,wt=5): 22870 car(cen(f3(cen(g14)))).  [resolve(22856,a,14,a)].

given #2407 (T,wt=6): 1387 mem(cen(g14),f2(cen(g14))).  [resolve(752,a,20,a)].

given #2408 (A,wt=31): 1032 -car(x) | cen(g0) = cen(x) | -mem(x,y) | -mem(g0,y) | -mem(x,z) | -mem(g0,z) | -mem(x,g0) | z = y | g0 = y | g0 = z.  [resolve(526,a,33,i),unit_del(b,154)].

given #2409 (F,wt=7): 8984 f4(f4(g12)) != f3(f4(g12)).  [resolve(8970,a,28,a)].

given #2410 (F,wt=7): 8985 f4(f4(g12)) != f2(f4(g12)).  [resolve(8970,a,27,a)].

given #2411 (F,wt=7): 8986 f3(f4(g12)) != f2(f4(g12)).  [resolve(8970,a,26,a)].

given #2412 (F,wt=7): 8987 f4(f4(g12)) != f1(f4(g12)).  [resolve(8970,a,25,a)].

given #2413 (T,wt=4): 22885 car(f2(cen(g14))).  [resolve(1387,a,17,a)].

given #2414 (T,wt=5): 22899 car(cen(f2(cen(g14)))).  [resolve(22885,a,14,a)].

given #2415 (T,wt=6): 1388 mem(cen(g14),f1(cen(g14))).  [resolve(752,a,19,a)].

given #2416 (T,wt=4): 22914 car(f1(cen(g14))).  [resolve(1388,a,17,a)].

given #2417 (A,wt=10): 1033 -car(x) | cen(g0) != cen(x) | mem(x,g0).  [resolve(526,a,32,e),unit_del(b,154)].

given #2418 (F,wt=7): 8988 f3(f4(g12)) != f1(f4(g12)).  [resolve(8970,a,24,a)].

given #2419 (F,wt=7): 8989 f2(f4(g12)) != f1(f4(g12)).  [resolve(8970,a,23,a)].

given #2420 (F,wt=7): 9016 f4(f3(g12)) != f3(f3(g12)).  [resolve(9002,a,28,a)].

given #2421 (F,wt=7): 9017 f4(f3(g12)) != f2(f3(g12)).  [resolve(9002,a,27,a)].

given #2422 (T,wt=5): 22928 car(cen(f1(cen(g14)))).  [resolve(22914,a,14,a)].

given #2423 (T,wt=6): 1401 blocked(cen(c1),cen(cen(c1))).  [resolve(768,a,35,a)].

given #2424 (T,wt=6): 1408 mem(cen(c1),f4(cen(c1))).  [resolve(768,a,22,a)].

given #2425 (T,wt=4): 23104 car(f4(cen(c1))).  [resolve(1408,a,17,a)].

given #2426 (A,wt=16): 1034 f1(g0) = g0 | f2(g0) = g0 | f3(g0) = g0 | f4(g0) = g0.  [resolve(526,a,30,b),unit_del(a,154)].

given #2427 (F,wt=7): 9018 f3(f3(g12)) != f2(f3(g12)).  [resolve(9002,a,26,a)].

given #2428 (F,wt=7): 9019 f4(f3(g12)) != f1(f3(g12)).  [resolve(9002,a,25,a)].

given #2429 (F,wt=7): 9020 f3(f3(g12)) != f1(f3(g12)).  [resolve(9002,a,24,a)].

given #2430 (F,wt=7): 9021 f2(f3(g12)) != f1(f3(g12)).  [resolve(9002,a,23,a)].

given #2431 (T,wt=5): 23118 car(cen(f4(cen(c1)))).  [resolve(23104,a,14,a)].

given #2432 (T,wt=6): 1409 mem(cen(c1),f3(cen(c1))).  [resolve(768,a,21,a)].

given #2433 (T,wt=4): 23133 car(f3(cen(c1))).  [resolve(1409,a,17,a)].

given #2434 (T,wt=5): 23147 car(cen(f3(cen(c1)))).  [resolve(23133,a,14,a)].

given #2435 (A,wt=61): 1035 -car(x) | -car(y) | -car(z) | cen(pa) != cen(x) | cen(pa) != cen(y) | cen(pa) != cen(z) | cen(cen(g0)) != cen(pa) | pa = x | pa = y | pa = z | cen(g0) = pa | y = x | z = x | cen(g0) = x | z = y | cen(g0) = y | cen(g0) = z.  [resolve(528,a,356,d),flip(g),flip(k)].

given #2436 (F,wt=7): 9060 f4(f2(g12)) != f3(f2(g12)).  [resolve(9046,a,28,a)].

given #2437 (F,wt=7): 9061 f4(f2(g12)) != f2(f2(g12)).  [resolve(9046,a,27,a)].

given #2438 (F,wt=7): 9062 f3(f2(g12)) != f2(f2(g12)).  [resolve(9046,a,26,a)].

given #2439 (F,wt=7): 9063 f4(f2(g12)) != f1(f2(g12)).  [resolve(9046,a,25,a)].

given #2440 (T,wt=6): 1410 mem(cen(c1),f2(cen(c1))).  [resolve(768,a,20,a)].

given #2441 (T,wt=4): 23162 car(f2(cen(c1))).  [resolve(1410,a,17,a)].

given #2442 (T,wt=5): 23176 car(cen(f2(cen(c1)))).  [resolve(23162,a,14,a)].

given #2443 (T,wt=6): 1411 mem(cen(c1),f1(cen(c1))).  [resolve(768,a,19,a)].

given #2444 (A,wt=61): 1036 -car(x) | -car(y) | -car(z) | cen(y) != cen(x) | cen(z) != cen(x) | cen(cen(g0)) != cen(x) | cen(pa) != cen(x) | y = x | z = x | cen(g0) = x | pa = x | z = y | cen(g0) = y | pa = y | cen(g0) = z | pa = z | cen(g0) = pa.  [resolve(528,a,355,d),flip(q)].

given #2445 (F,wt=7): 9064 f3(f2(g12)) != f1(f2(g12)).  [resolve(9046,a,24,a)].

given #2446 (F,wt=7): 9065 f2(f2(g12)) != f1(f2(g12)).  [resolve(9046,a,23,a)].

given #2447 (F,wt=7): 9092 f4(f1(g12)) != f3(f1(g12)).  [resolve(9078,a,28,a)].

given #2448 (F,wt=7): 9093 f4(f1(g12)) != f2(f1(g12)).  [resolve(9078,a,27,a)].

given #2449 (T,wt=4): 23191 car(f1(cen(c1))).  [resolve(1411,a,17,a)].

given #2450 (T,wt=5): 23205 car(cen(f1(cen(c1)))).  [resolve(23191,a,14,a)].

given #2451 (T,wt=6): 1604 blocked(cen(c2),cen(cen(c2))).  [resolve(864,a,35,a)].

given #2452 (T,wt=6): 1611 mem(cen(c2),f4(cen(c2))).  [resolve(864,a,22,a)].

given #2453 (A,wt=64): 1037 -car(x) | -car(y) | -car(z) | cen(cen(g0)) != cen(x) | cen(cen(g0)) != cen(y) | cen(cen(g0)) != cen(z) | cen(cen(g0)) != cen(pa) | cen(g0) = x | cen(g0) = y | cen(g0) = z | cen(g0) = pa | y = x | z = x | pa = x | z = y | pa = y | pa = z.  [resolve(528,a,355,a),flip(d),flip(e),flip(f),flip(g),flip(h),flip(i),flip(j),flip(k)].

given #2454 (F,wt=7): 9094 f3(f1(g12)) != f2(f1(g12)).  [resolve(9078,a,26,a)].

given #2455 (F,wt=7): 9095 f4(f1(g12)) != f1(f1(g12)).  [resolve(9078,a,25,a)].

given #2456 (F,wt=7): 9096 f3(f1(g12)) != f1(f1(g12)).  [resolve(9078,a,24,a)].

given #2457 (F,wt=7): 9097 f2(f1(g12)) != f1(f1(g12)).  [resolve(9078,a,23,a)].

given #2458 (T,wt=4): 23220 car(f4(cen(c2))).  [resolve(1611,a,17,a)].

given #2459 (T,wt=5): 23234 car(cen(f4(cen(c2)))).  [resolve(23220,a,14,a)].

given #2460 (T,wt=6): 1612 mem(cen(c2),f3(cen(c2))).  [resolve(864,a,21,a)].

given #2461 (T,wt=4): 23249 car(f3(cen(c2))).  [resolve(1612,a,17,a)].

given #2462 (A,wt=63): 1038 -car(x) | -car(y) | -car(z) | -car(u) | cen(y) != cen(x) | cen(z) != cen(x) | cen(u) != cen(x) | cen(cen(g0)) != cen(x) | y = x | z = x | u = x | cen(g0) = x | z = y | u = y | cen(g0) = y | u = z | cen(g0) = z | cen(g0) = u.  [resolve(528,a,36,e)].

given #2463 (F,wt=7): 9147 f4(f4(g13)) != f3(f4(g13)).  [resolve(9133,a,28,a)].

given #2464 (F,wt=7): 9148 f4(f4(g13)) != f2(f4(g13)).  [resolve(9133,a,27,a)].

given #2465 (F,wt=7): 9149 f3(f4(g13)) != f2(f4(g13)).  [resolve(9133,a,26,a)].

given #2466 (F,wt=7): 9150 f4(f4(g13)) != f1(f4(g13)).  [resolve(9133,a,25,a)].

given #2467 (T,wt=5): 23263 car(cen(f3(cen(c2)))).  [resolve(23249,a,14,a)].

given #2468 (T,wt=6): 1613 mem(cen(c2),f2(cen(c2))).  [resolve(864,a,20,a)].

given #2469 (T,wt=4): 23278 car(f2(cen(c2))).  [resolve(1613,a,17,a)].

given #2470 (T,wt=5): 23292 car(cen(f2(cen(c2)))).  [resolve(23278,a,14,a)].

given #2471 (A,wt=66): 1039 -car(x) | -car(y) | -car(z) | -car(u) | cen(cen(g0)) != cen(x) | cen(cen(g0)) != cen(y) | cen(cen(g0)) != cen(z) | cen(cen(g0)) != cen(u) | cen(g0) = x | cen(g0) = y | cen(g0) = z | cen(g0) = u | y = x | z = x | u = x | z = y | u = y | u = z.  [resolve(528,a,36,a),flip(e),flip(f),flip(g),flip(h),flip(i),flip(j),flip(k),flip(l)].

given #2472 (F,wt=7): 9151 f3(f4(g13)) != f1(f4(g13)).  [resolve(9133,a,24,a)].

given #2473 (F,wt=7): 9152 f2(f4(g13)) != f1(f4(g13)).  [resolve(9133,a,23,a)].

given #2474 (F,wt=7): 9190 f4(f3(g13)) != f3(f3(g13)).  [resolve(9165,a,28,a)].

given #2475 (F,wt=7): 9191 f4(f3(g13)) != f2(f3(g13)).  [resolve(9165,a,27,a)].

given #2476 (T,wt=6): 1614 mem(cen(c2),f1(cen(c2))).  [resolve(864,a,19,a)].

given #2477 (T,wt=4): 23307 car(f1(cen(c2))).  [resolve(1614,a,17,a)].

given #2478 (T,wt=5): 23321 car(cen(f1(cen(c2)))).  [resolve(23307,a,14,a)].

given #2479 (T,wt=6): 1631 blocked(cen(c3),cen(cen(c3))).  [resolve(882,a,35,a)].

given #2480 (A,wt=30): 1054 -car(x) | cen(g1) = cen(x) | -mem(x,cen(x)) | -mem(g1,cen(x)) | -mem(x,cen(g1)) | -mem(g1,cen(g1)) | -mem(x,g1) | cen(x) = g1.  [resolve(542,a,351,i),unit_del(b,155),unit_del(j,543)].

given #2481 (F,wt=7): 9192 f3(f3(g13)) != f2(f3(g13)).  [resolve(9165,a,26,a)].

given #2482 (F,wt=7): 9193 f4(f3(g13)) != f1(f3(g13)).  [resolve(9165,a,25,a)].

given #2483 (F,wt=7): 9194 f3(f3(g13)) != f1(f3(g13)).  [resolve(9165,a,24,a)].

given #2484 (F,wt=7): 9195 f2(f3(g13)) != f1(f3(g13)).  [resolve(9165,a,23,a)].

given #2485 (T,wt=6): 1638 mem(cen(c3),f4(cen(c3))).  [resolve(882,a,22,a)].

given #2486 (T,wt=4): 23336 car(f4(cen(c3))).  [resolve(1638,a,17,a)].

given #2487 (T,wt=5): 23350 car(cen(f4(cen(c3)))).  [resolve(23336,a,14,a)].

given #2488 (T,wt=6): 1639 mem(cen(c3),f3(cen(c3))).  [resolve(882,a,21,a)].

given #2489 (A,wt=31): 1055 -car(x) | cen(g1) = cen(x) | -mem(x,y) | -mem(g1,y) | -mem(x,z) | -mem(g1,z) | -mem(x,g1) | z = y | g1 = y | g1 = z.  [resolve(542,a,33,i),unit_del(b,155)].

given #2490 (F,wt=7): 9222 f4(f2(g13)) != f3(f2(g13)).  [resolve(9208,a,28,a)].

given #2491 (F,wt=7): 9223 f4(f2(g13)) != f2(f2(g13)).  [resolve(9208,a,27,a)].

given #2492 (F,wt=7): 9224 f3(f2(g13)) != f2(f2(g13)).  [resolve(9208,a,26,a)].

given #2493 (F,wt=7): 9225 f4(f2(g13)) != f1(f2(g13)).  [resolve(9208,a,25,a)].

given #2494 (T,wt=4): 23365 car(f3(cen(c3))).  [resolve(1639,a,17,a)].

given #2495 (T,wt=5): 23379 car(cen(f3(cen(c3)))).  [resolve(23365,a,14,a)].

given #2496 (T,wt=6): 1640 mem(cen(c3),f2(cen(c3))).  [resolve(882,a,20,a)].

given #2497 (T,wt=4): 23394 car(f2(cen(c3))).  [resolve(1640,a,17,a)].

given #2498 (A,wt=10): 1056 -car(x) | cen(g1) != cen(x) | mem(x,g1).  [resolve(542,a,32,e),unit_del(b,155)].

given #2499 (F,wt=7): 9226 f3(f2(g13)) != f1(f2(g13)).  [resolve(9208,a,24,a)].

given #2500 (F,wt=7): 9227 f2(f2(g13)) != f1(f2(g13)).  [resolve(9208,a,23,a)].

given #2501 (F,wt=7): 9275 f4(f1(g13)) != f3(f1(g13)).  [resolve(9240,a,28,a)].

given #2502 (F,wt=7): 9276 f4(f1(g13)) != f2(f1(g13)).  [resolve(9240,a,27,a)].

given #2503 (T,wt=5): 23408 car(cen(f2(cen(c3)))).  [resolve(23394,a,14,a)].

given #2504 (T,wt=6): 1641 mem(cen(c3),f1(cen(c3))).  [resolve(882,a,19,a)].

given #2505 (T,wt=4): 23584 car(f1(cen(c3))).  [resolve(1641,a,17,a)].

given #2506 (T,wt=5): 23598 car(cen(f1(cen(c3)))).  [resolve(23584,a,14,a)].

given #2507 (A,wt=16): 1057 f1(g1) = g1 | f2(g1) = g1 | f3(g1) = g1 | f4(g1) = g1.  [resolve(542,a,30,b),unit_del(a,155)].

given #2508 (F,wt=7): 9277 f3(f1(g13)) != f2(f1(g13)).  [resolve(9240,a,26,a)].

given #2509 (F,wt=7): 9278 f4(f1(g13)) != f1(f1(g13)).  [resolve(9240,a,25,a)].

given #2510 (F,wt=7): 9279 f3(f1(g13)) != f1(f1(g13)).  [resolve(9240,a,24,a)].

given #2511 (F,wt=7): 9280 f2(f1(g13)) != f1(f1(g13)).  [resolve(9240,a,23,a)].

given #2512 (T,wt=6): 1700 blocked(cen(c4),cen(cen(c4))).  [resolve(900,a,35,a)].

given #2513 (T,wt=6): 1707 mem(cen(c4),f4(cen(c4))).  [resolve(900,a,22,a)].

given #2514 (T,wt=4): 23613 car(f4(cen(c4))).  [resolve(1707,a,17,a)].

given #2515 (T,wt=5): 23627 car(cen(f4(cen(c4)))).  [resolve(23613,a,14,a)].

given #2516 (A,wt=61): 1058 -car(x) | -car(y) | -car(z) | cen(pa) != cen(x) | cen(pa) != cen(y) | cen(pa) != cen(z) | cen(cen(g1)) != cen(pa) | pa = x | pa = y | pa = z | cen(g1) = pa | y = x | z = x | cen(g1) = x | z = y | cen(g1) = y | cen(g1) = z.  [resolve(544,a,356,d),flip(g),flip(k)].

given #2517 (F,wt=7): 9307 f4(f4(g14)) != f3(f4(g14)).  [resolve(9293,a,28,a)].

given #2518 (F,wt=7): 9308 f4(f4(g14)) != f2(f4(g14)).  [resolve(9293,a,27,a)].

given #2519 (F,wt=7): 9309 f3(f4(g14)) != f2(f4(g14)).  [resolve(9293,a,26,a)].

given #2520 (F,wt=7): 9310 f4(f4(g14)) != f1(f4(g14)).  [resolve(9293,a,25,a)].

given #2521 (T,wt=6): 1708 mem(cen(c4),f3(cen(c4))).  [resolve(900,a,21,a)].

given #2522 (T,wt=4): 23642 car(f3(cen(c4))).  [resolve(1708,a,17,a)].

given #2523 (T,wt=5): 23656 car(cen(f3(cen(c4)))).  [resolve(23642,a,14,a)].

given #2524 (T,wt=6): 1709 mem(cen(c4),f2(cen(c4))).  [resolve(900,a,20,a)].

given #2525 (A,wt=61): 1059 -car(x) | -car(y) | -car(z) | cen(y) != cen(x) | cen(z) != cen(x) | cen(cen(g1)) != cen(x) | cen(pa) != cen(x) | y = x | z = x | cen(g1) = x | pa = x | z = y | cen(g1) = y | pa = y | cen(g1) = z | pa = z | cen(g1) = pa.  [resolve(544,a,355,d),flip(q)].

given #2526 (F,wt=7): 9311 f3(f4(g14)) != f1(f4(g14)).  [resolve(9293,a,24,a)].

given #2527 (F,wt=7): 9312 f2(f4(g14)) != f1(f4(g14)).  [resolve(9293,a,23,a)].

given #2528 (F,wt=7): 9349 f4(f3(g14)) != f3(f3(g14)).  [resolve(9335,a,28,a)].

given #2529 (F,wt=7): 9350 f4(f3(g14)) != f2(f3(g14)).  [resolve(9335,a,27,a)].

given #2530 (T,wt=4): 23671 car(f2(cen(c4))).  [resolve(1709,a,17,a)].

given #2531 (T,wt=5): 23685 car(cen(f2(cen(c4)))).  [resolve(23671,a,14,a)].

given #2532 (T,wt=6): 1710 mem(cen(c4),f1(cen(c4))).  [resolve(900,a,19,a)].

given #2533 (T,wt=4): 23700 car(f1(cen(c4))).  [resolve(1710,a,17,a)].

given #2534 (A,wt=64): 1060 -car(x) | -car(y) | -car(z) | cen(cen(g1)) != cen(x) | cen(cen(g1)) != cen(y) | cen(cen(g1)) != cen(z) | cen(cen(g1)) != cen(pa) | cen(g1) = x | cen(g1) = y | cen(g1) = z | cen(g1) = pa | y = x | z = x | pa = x | z = y | pa = y | pa = z.  [resolve(544,a,355,a),flip(d),flip(e),flip(f),flip(g),flip(h),flip(i),flip(j),flip(k)].

given #2535 (F,wt=7): 9351 f3(f3(g14)) != f2(f3(g14)).  [resolve(9335,a,26,a)].

given #2536 (F,wt=7): 9352 f4(f3(g14)) != f1(f3(g14)).  [resolve(9335,a,25,a)].

given #2537 (F,wt=7): 9353 f3(f3(g14)) != f1(f3(g14)).  [resolve(9335,a,24,a)].

given #2538 (F,wt=7): 9354 f2(f3(g14)) != f1(f3(g14)).  [resolve(9335,a,23,a)].

given #2539 (T,wt=5): 23714 car(cen(f1(cen(c4)))).  [resolve(23700,a,14,a)].

Low Water (displace): id=23726, wt=9.000

given #2540 (T,wt=6): 1724 blocked(f4(pa),cen(f4(pa))).  [resolve(1218,a,35,a)].

given #2541 (T,wt=6): 1731 mem(f4(pa),f4(f4(pa))).  [resolve(1218,a,22,a)].

given #2542 (T,wt=4): 23729 car(f4(f4(pa))).  [resolve(1731,a,17,a)].

given #2543 (A,wt=63): 1061 -car(x) | -car(y) | -car(z) | -car(u) | cen(y) != cen(x) | cen(z) != cen(x) | cen(u) != cen(x) | cen(cen(g1)) != cen(x) | y = x | z = x | u = x | cen(g1) = x | z = y | u = y | cen(g1) = y | u = z | cen(g1) = z | cen(g1) = u.  [resolve(544,a,36,e)].

given #2544 (F,wt=7): 9381 f4(f2(g14)) != f3(f2(g14)).  [resolve(9367,a,28,a)].

given #2545 (F,wt=7): 9382 f4(f2(g14)) != f2(f2(g14)).  [resolve(9367,a,27,a)].

given #2546 (F,wt=7): 9383 f3(f2(g14)) != f2(f2(g14)).  [resolve(9367,a,26,a)].

given #2547 (F,wt=7): 9384 f4(f2(g14)) != f1(f2(g14)).  [resolve(9367,a,25,a)].

given #2548 (T,wt=5): 23743 car(cen(f4(f4(pa)))).  [resolve(23729,a,14,a)].

given #2549 (T,wt=6): 1732 mem(f4(pa),f3(f4(pa))).  [resolve(1218,a,21,a)].

given #2550 (T,wt=4): 23758 car(f3(f4(pa))).  [resolve(1732,a,17,a)].

given #2551 (T,wt=5): 23772 car(cen(f3(f4(pa)))).  [resolve(23758,a,14,a)].

given #2552 (A,wt=66): 1062 -car(x) | -car(y) | -car(z) | -car(u) | cen(cen(g1)) != cen(x) | cen(cen(g1)) != cen(y) | cen(cen(g1)) != cen(z) | cen(cen(g1)) != cen(u) | cen(g1) = x | cen(g1) = y | cen(g1) = z | cen(g1) = u | y = x | z = x | u = x | z = y | u = y | u = z.  [resolve(544,a,36,a),flip(e),flip(f),flip(g),flip(h),flip(i),flip(j),flip(k),flip(l)].

given #2553 (F,wt=7): 9385 f3(f2(g14)) != f1(f2(g14)).  [resolve(9367,a,24,a)].

given #2554 (F,wt=7): 9386 f2(f2(g14)) != f1(f2(g14)).  [resolve(9367,a,23,a)].

given #2555 (F,wt=7): 9432 f4(f1(g14)) != f3(f1(g14)).  [resolve(9418,a,28,a)].

given #2556 (F,wt=7): 9433 f4(f1(g14)) != f2(f1(g14)).  [resolve(9418,a,27,a)].

given #2557 (T,wt=6): 1733 mem(f4(pa),f2(f4(pa))).  [resolve(1218,a,20,a)].

given #2558 (T,wt=4): 23787 car(f2(f4(pa))).  [resolve(1733,a,17,a)].

given #2559 (T,wt=5): 23801 car(cen(f2(f4(pa)))).  [resolve(23787,a,14,a)].

given #2560 (T,wt=6): 1734 mem(f4(pa),f1(f4(pa))).  [resolve(1218,a,19,a)].

given #2561 (A,wt=30): 1077 -car(x) | cen(g2) = cen(x) | -mem(x,cen(x)) | -mem(g2,cen(x)) | -mem(x,cen(g2)) | -mem(g2,cen(g2)) | -mem(x,g2) | cen(x) = g2.  [resolve(558,a,351,i),unit_del(b,156),unit_del(j,559)].

given #2562 (F,wt=7): 9434 f3(f1(g14)) != f2(f1(g14)).  [resolve(9418,a,26,a)].

given #2563 (F,wt=7): 9435 f4(f1(g14)) != f1(f1(g14)).  [resolve(9418,a,25,a)].

given #2564 (F,wt=7): 9436 f3(f1(g14)) != f1(f1(g14)).  [resolve(9418,a,24,a)].

given #2565 (F,wt=7): 9437 f2(f1(g14)) != f1(f1(g14)).  [resolve(9418,a,23,a)].

given #2566 (T,wt=4): 23816 car(f1(f4(pa))).  [resolve(1734,a,17,a)].

given #2567 (T,wt=5): 23830 car(cen(f1(f4(pa)))).  [resolve(23816,a,14,a)].

given #2568 (T,wt=6): 1748 blocked(f3(pa),cen(f3(pa))).  [resolve(1268,a,35,a)].

given #2569 (T,wt=6): 1755 mem(f3(pa),f4(f3(pa))).  [resolve(1268,a,22,a)].

given #2570 (A,wt=31): 1078 -car(x) | cen(g2) = cen(x) | -mem(x,y) | -mem(g2,y) | -mem(x,z) | -mem(g2,z) | -mem(x,g2) | z = y | g2 = y | g2 = z.  [resolve(558,a,33,i),unit_del(b,156)].

given #2571 (F,wt=7): 9473 f4(f4(c1)) != f3(f4(c1)).  [resolve(9450,a,28,a)].

given #2572 (F,wt=7): 9474 f4(f4(c1)) != f2(f4(c1)).  [resolve(9450,a,27,a)].

given #2573 (F,wt=7): 9475 f3(f4(c1)) != f2(f4(c1)).  [resolve(9450,a,26,a)].

given #2574 (F,wt=7): 9476 f4(f4(c1)) != f1(f4(c1)).  [resolve(9450,a,25,a)].

given #2575 (T,wt=4): 23845 car(f4(f3(pa))).  [resolve(1755,a,17,a)].

given #2576 (T,wt=5): 23859 car(cen(f4(f3(pa)))).  [resolve(23845,a,14,a)].

given #2577 (T,wt=6): 1756 mem(f3(pa),f3(f3(pa))).  [resolve(1268,a,21,a)].

given #2578 (T,wt=4): 23874 car(f3(f3(pa))).  [resolve(1756,a,17,a)].

given #2579 (A,wt=10): 1079 -car(x) | cen(g2) != cen(x) | mem(x,g2).  [resolve(558,a,32,e),unit_del(b,156)].

given #2580 (F,wt=7): 9477 f3(f4(c1)) != f1(f4(c1)).  [resolve(9450,a,24,a)].

given #2581 (F,wt=7): 9478 f2(f4(c1)) != f1(f4(c1)).  [resolve(9450,a,23,a)].

given #2582 (F,wt=7): 9505 f4(f3(c1)) != f3(f3(c1)).  [resolve(9491,a,28,a)].

given #2583 (F,wt=7): 9506 f4(f3(c1)) != f2(f3(c1)).  [resolve(9491,a,27,a)].

given #2584 (T,wt=5): 23888 car(cen(f3(f3(pa)))).  [resolve(23874,a,14,a)].

given #2585 (T,wt=6): 1757 mem(f3(pa),f2(f3(pa))).  [resolve(1268,a,20,a)].

given #2586 (T,wt=4): 24064 car(f2(f3(pa))).  [resolve(1757,a,17,a)].

given #2587 (T,wt=5): 24078 car(cen(f2(f3(pa)))).  [resolve(24064,a,14,a)].

given #2588 (A,wt=16): 1080 f1(g2) = g2 | f2(g2) = g2 | f3(g2) = g2 | f4(g2) = g2.  [resolve(558,a,30,b),unit_del(a,156)].

given #2589 (F,wt=7): 9507 f3(f3(c1)) != f2(f3(c1)).  [resolve(9491,a,26,a)].

given #2590 (F,wt=7): 9508 f4(f3(c1)) != f1(f3(c1)).  [resolve(9491,a,25,a)].

given #2591 (F,wt=7): 9509 f3(f3(c1)) != f1(f3(c1)).  [resolve(9491,a,24,a)].

given #2592 (F,wt=7): 9510 f2(f3(c1)) != f1(f3(c1)).  [resolve(9491,a,23,a)].

given #2593 (T,wt=6): 1758 mem(f3(pa),f1(f3(pa))).  [resolve(1268,a,19,a)].

given #2594 (T,wt=4): 24093 car(f1(f3(pa))).  [resolve(1758,a,17,a)].

given #2595 (T,wt=5): 24107 car(cen(f1(f3(pa)))).  [resolve(24093,a,14,a)].

given #2596 (T,wt=6): 1773 blocked(f2(pa),cen(f2(pa))).  [resolve(1318,a,35,a)].

given #2597 (A,wt=61): 1081 -car(x) | -car(y) | -car(z) | cen(pa) != cen(x) | cen(pa) != cen(y) | cen(pa) != cen(z) | cen(cen(g2)) != cen(pa) | pa = x | pa = y | pa = z | cen(g2) = pa | y = x | z = x | cen(g2) = x | z = y | cen(g2) = y | cen(g2) = z.  [resolve(560,a,356,d),flip(g),flip(k)].

given #2598 (F,wt=7): 9554 f4(f2(c1)) != f3(f2(c1)).  [resolve(9523,a,28,a)].

given #2599 (F,wt=7): 9555 f4(f2(c1)) != f2(f2(c1)).  [resolve(9523,a,27,a)].

given #2600 (F,wt=7): 9556 f3(f2(c1)) != f2(f2(c1)).  [resolve(9523,a,26,a)].

given #2601 (F,wt=7): 9557 f4(f2(c1)) != f1(f2(c1)).  [resolve(9523,a,25,a)].

given #2602 (T,wt=6): 1780 mem(f2(pa),f4(f2(pa))).  [resolve(1318,a,22,a)].

given #2603 (T,wt=4): 24122 car(f4(f2(pa))).  [resolve(1780,a,17,a)].

given #2604 (T,wt=5): 24136 car(cen(f4(f2(pa)))).  [resolve(24122,a,14,a)].

given #2605 (T,wt=6): 1781 mem(f2(pa),f3(f2(pa))).  [resolve(1318,a,21,a)].

given #2606 (A,wt=61): 1082 -car(x) | -car(y) | -car(z) | cen(y) != cen(x) | cen(z) != cen(x) | cen(cen(g2)) != cen(x) | cen(pa) != cen(x) | y = x | z = x | cen(g2) = x | pa = x | z = y | cen(g2) = y | pa = y | cen(g2) = z | pa = z | cen(g2) = pa.  [resolve(560,a,355,d),flip(q)].

given #2607 (F,wt=7): 9558 f3(f2(c1)) != f1(f2(c1)).  [resolve(9523,a,24,a)].

given #2608 (F,wt=7): 9559 f2(f2(c1)) != f1(f2(c1)).  [resolve(9523,a,23,a)].

given #2609 (F,wt=7): 9586 f4(f1(c1)) != f3(f1(c1)).  [resolve(9572,a,28,a)].

given #2610 (F,wt=7): 9587 f4(f1(c1)) != f2(f1(c1)).  [resolve(9572,a,27,a)].

given #2611 (T,wt=4): 24151 car(f3(f2(pa))).  [resolve(1781,a,17,a)].

given #2612 (T,wt=5): 24165 car(cen(f3(f2(pa)))).  [resolve(24151,a,14,a)].

given #2613 (T,wt=6): 1782 mem(f2(pa),f2(f2(pa))).  [resolve(1318,a,20,a)].

given #2614 (T,wt=4): 24180 car(f2(f2(pa))).  [resolve(1782,a,17,a)].

given #2615 (A,wt=64): 1083 -car(x) | -car(y) | -car(z) | cen(cen(g2)) != cen(x) | cen(cen(g2)) != cen(y) | cen(cen(g2)) != cen(z) | cen(cen(g2)) != cen(pa) | cen(g2) = x | cen(g2) = y | cen(g2) = z | cen(g2) = pa | y = x | z = x | pa = x | z = y | pa = y | pa = z.  [resolve(560,a,355,a),flip(d),flip(e),flip(f),flip(g),flip(h),flip(i),flip(j),flip(k)].

given #2616 (F,wt=7): 9588 f3(f1(c1)) != f2(f1(c1)).  [resolve(9572,a,26,a)].

given #2617 (F,wt=7): 9589 f4(f1(c1)) != f1(f1(c1)).  [resolve(9572,a,25,a)].

given #2618 (F,wt=7): 9590 f3(f1(c1)) != f1(f1(c1)).  [resolve(9572,a,24,a)].

given #2619 (F,wt=7): 9591 f2(f1(c1)) != f1(f1(c1)).  [resolve(9572,a,23,a)].

given #2620 (T,wt=5): 24194 car(cen(f2(f2(pa)))).  [resolve(24180,a,14,a)].

given #2621 (T,wt=6): 1783 mem(f2(pa),f1(f2(pa))).  [resolve(1318,a,19,a)].

given #2622 (T,wt=4): 24209 car(f1(f2(pa))).  [resolve(1783,a,17,a)].

given #2623 (T,wt=5): 24223 car(cen(f1(f2(pa)))).  [resolve(24209,a,14,a)].

given #2624 (A,wt=63): 1084 -car(x) | -car(y) | -car(z) | -car(u) | cen(y) != cen(x) | cen(z) != cen(x) | cen(u) != cen(x) | cen(cen(g2)) != cen(x) | y = x | z = x | u = x | cen(g2) = x | z = y | u = y | cen(g2) = y | u = z | cen(g2) = z | cen(g2) = u.  [resolve(560,a,36,e)].

given #2625 (F,wt=7): 9626 f4(f4(c2)) != f3(f4(c2)).  [resolve(9612,a,28,a)].

given #2626 (F,wt=7): 9627 f4(f4(c2)) != f2(f4(c2)).  [resolve(9612,a,27,a)].

given #2627 (F,wt=7): 9628 f3(f4(c2)) != f2(f4(c2)).  [resolve(9612,a,26,a)].

given #2628 (F,wt=7): 9629 f4(f4(c2)) != f1(f4(c2)).  [resolve(9612,a,25,a)].

given #2629 (T,wt=6): 1797 blocked(f1(pa),cen(f1(pa))).  [resolve(1368,a,35,a)].

given #2630 (T,wt=6): 1804 mem(f1(pa),f4(f1(pa))).  [resolve(1368,a,22,a)].

given #2631 (T,wt=4): 24238 car(f4(f1(pa))).  [resolve(1804,a,17,a)].

given #2632 (T,wt=5): 24252 car(cen(f4(f1(pa)))).  [resolve(24238,a,14,a)].

given #2633 (A,wt=66): 1085 -car(x) | -car(y) | -car(z) | -car(u) | cen(cen(g2)) != cen(x) | cen(cen(g2)) != cen(y) | cen(cen(g2)) != cen(z) | cen(cen(g2)) != cen(u) | cen(g2) = x | cen(g2) = y | cen(g2) = z | cen(g2) = u | y = x | z = x | u = x | z = y | u = y | u = z.  [resolve(560,a,36,a),flip(e),flip(f),flip(g),flip(h),flip(i),flip(j),flip(k),flip(l)].

given #2634 (F,wt=7): 9630 f3(f4(c2)) != f1(f4(c2)).  [resolve(9612,a,24,a)].

given #2635 (F,wt=7): 9631 f2(f4(c2)) != f1(f4(c2)).  [resolve(9612,a,23,a)].

given #2636 (F,wt=7): 9658 f4(f3(c2)) != f3(f3(c2)).  [resolve(9644,a,28,a)].

given #2637 (F,wt=7): 9659 f4(f3(c2)) != f2(f3(c2)).  [resolve(9644,a,27,a)].

given #2638 (T,wt=6): 1805 mem(f1(pa),f3(f1(pa))).  [resolve(1368,a,21,a)].

given #2639 (T,wt=4): 24267 car(f3(f1(pa))).  [resolve(1805,a,17,a)].

given #2640 (T,wt=5): 24281 car(cen(f3(f1(pa)))).  [resolve(24267,a,14,a)].

given #2641 (T,wt=6): 1806 mem(f1(pa),f2(f1(pa))).  [resolve(1368,a,20,a)].

given #2642 (A,wt=30): 1100 -car(x) | cen(g3) = cen(x) | -mem(x,cen(x)) | -mem(g3,cen(x)) | -mem(x,cen(g3)) | -mem(g3,cen(g3)) | -mem(x,g3) | cen(x) = g3.  [resolve(574,a,351,i),unit_del(b,157),unit_del(j,575)].

given #2643 (F,wt=7): 9660 f3(f3(c2)) != f2(f3(c2)).  [resolve(9644,a,26,a)].

given #2644 (F,wt=7): 9661 f4(f3(c2)) != f1(f3(c2)).  [resolve(9644,a,25,a)].

given #2645 (F,wt=7): 9662 f3(f3(c2)) != f1(f3(c2)).  [resolve(9644,a,24,a)].

given #2646 (F,wt=7): 9663 f2(f3(c2)) != f1(f3(c2)).  [resolve(9644,a,23,a)].

given #2647 (T,wt=4): 24296 car(f2(f1(pa))).  [resolve(1806,a,17,a)].

given #2648 (T,wt=5): 24310 car(cen(f2(f1(pa)))).  [resolve(24296,a,14,a)].

given #2649 (T,wt=6): 1807 mem(f1(pa),f1(f1(pa))).  [resolve(1368,a,19,a)].

given #2650 (T,wt=4): 24325 car(f1(f1(pa))).  [resolve(1807,a,17,a)].

given #2651 (A,wt=31): 1101 -car(x) | cen(g3) = cen(x) | -mem(x,y) | -mem(g3,y) | -mem(x,z) | -mem(g3,z) | -mem(x,g3) | z = y | g3 = y | g3 = z.  [resolve(574,a,33,i),unit_del(b,157)].

given #2652 (F,wt=7): 9705 f4(f2(c2)) != f3(f2(c2)).  [resolve(9691,a,28,a)].

given #2653 (F,wt=7): 9706 f4(f2(c2)) != f2(f2(c2)).  [resolve(9691,a,27,a)].

given #2654 (F,wt=7): 9707 f3(f2(c2)) != f2(f2(c2)).  [resolve(9691,a,26,a)].

given #2655 (F,wt=7): 9708 f4(f2(c2)) != f1(f2(c2)).  [resolve(9691,a,25,a)].

given #2656 (T,wt=5): 24339 car(cen(f1(f1(pa)))).  [resolve(24325,a,14,a)].

Low Water (keep): wt=10.000, iters=6666

given #2657 (T,wt=6): 1832 blocked(f4(pb),cen(f4(pb))).  [resolve(1819,a,35,a)].

given #2658 (T,wt=6): 1839 mem(f4(pb),f4(f4(pb))).  [resolve(1819,a,22,a)].

given #2659 (T,wt=4): 24349 car(f4(f4(pb))).  [resolve(1839,a,17,a)].

given #2660 (A,wt=10): 1102 -car(x) | cen(g3) != cen(x) | mem(x,g3).  [resolve(574,a,32,e),unit_del(b,157)].

Low Water (displace): id=24368, wt=8.000

given #2661 (F,wt=7): 9709 f3(f2(c2)) != f1(f2(c2)).  [resolve(9691,a,24,a)].

given #2662 (F,wt=7): 9710 f2(f2(c2)) != f1(f2(c2)).  [resolve(9691,a,23,a)].

given #2663 (F,wt=7): 9737 f4(f1(c2)) != f3(f1(c2)).  [resolve(9723,a,28,a)].

given #2664 (F,wt=7): 9738 f4(f1(c2)) != f2(f1(c2)).  [resolve(9723,a,27,a)].

given #2665 (T,wt=5): 24363 car(cen(f4(f4(pb)))).  [resolve(24349,a,14,a)].

given #2666 (T,wt=6): 1840 mem(f4(pb),f3(f4(pb))).  [resolve(1819,a,21,a)].

given #2667 (T,wt=4): 24400 car(f3(f4(pb))).  [resolve(1840,a,17,a)].

given #2668 (T,wt=5): 24414 car(cen(f3(f4(pb)))).  [resolve(24400,a,14,a)].

given #2669 (A,wt=16): 1103 f1(g3) = g3 | f2(g3) = g3 | f3(g3) = g3 | f4(g3) = g3.  [resolve(574,a,30,b),unit_del(a,157)].

given #2670 (F,wt=7): 9739 f3(f1(c2)) != f2(f1(c2)).  [resolve(9723,a,26,a)].

given #2671 (F,wt=7): 9740 f4(f1(c2)) != f1(f1(c2)).  [resolve(9723,a,25,a)].

given #2672 (F,wt=7): 9741 f3(f1(c2)) != f1(f1(c2)).  [resolve(9723,a,24,a)].

given #2673 (F,wt=7): 9742 f2(f1(c2)) != f1(f1(c2)).  [resolve(9723,a,23,a)].

given #2674 (T,wt=6): 1841 mem(f4(pb),f2(f4(pb))).  [resolve(1819,a,20,a)].

given #2675 (T,wt=4): 24424 car(f2(f4(pb))).  [resolve(1841,a,17,a)].

given #2676 (T,wt=5): 24438 car(cen(f2(f4(pb)))).  [resolve(24424,a,14,a)].

given #2677 (T,wt=6): 1842 mem(f4(pb),f1(f4(pb))).  [resolve(1819,a,19,a)].

given #2678 (A,wt=61): 1104 -car(x) | -car(y) | -car(z) | cen(pa) != cen(x) | cen(pa) != cen(y) | cen(pa) != cen(z) | cen(cen(g3)) != cen(pa) | pa = x | pa = y | pa = z | cen(g3) = pa | y = x | z = x | cen(g3) = x | z = y | cen(g3) = y | cen(g3) = z.  [resolve(576,a,356,d),flip(g),flip(k)].

given #2679 (F,wt=7): 9776 f4(f4(c3)) != f3(f4(c3)).  [resolve(9762,a,28,a)].

given #2680 (F,wt=7): 9777 f4(f4(c3)) != f2(f4(c3)).  [resolve(9762,a,27,a)].

given #2681 (F,wt=7): 9778 f3(f4(c3)) != f2(f4(c3)).  [resolve(9762,a,26,a)].

given #2682 (F,wt=7): 9779 f4(f4(c3)) != f1(f4(c3)).  [resolve(9762,a,25,a)].

given #2683 (T,wt=4): 24448 car(f1(f4(pb))).  [resolve(1842,a,17,a)].

given #2684 (T,wt=5): 24462 car(cen(f1(f4(pb)))).  [resolve(24448,a,14,a)].

given #2685 (T,wt=6): 1856 blocked(f3(pb),cen(f3(pb))).  [resolve(1823,a,35,a)].

given #2686 (T,wt=6): 1863 mem(f3(pb),f4(f3(pb))).  [resolve(1823,a,22,a)].

given #2687 (A,wt=61): 1105 -car(x) | -car(y) | -car(z) | cen(y) != cen(x) | cen(z) != cen(x) | cen(cen(g3)) != cen(x) | cen(pa) != cen(x) | y = x | z = x | cen(g3) = x | pa = x | z = y | cen(g3) = y | pa = y | cen(g3) = z | pa = z | cen(g3) = pa.  [resolve(576,a,355,d),flip(q)].

given #2688 (F,wt=7): 9780 f3(f4(c3)) != f1(f4(c3)).  [resolve(9762,a,24,a)].

given #2689 (F,wt=7): 9781 f2(f4(c3)) != f1(f4(c3)).  [resolve(9762,a,23,a)].

given #2690 (F,wt=7): 9821 f4(f3(c3)) != f3(f3(c3)).  [resolve(9794,a,28,a)].

given #2691 (F,wt=7): 9822 f4(f3(c3)) != f2(f3(c3)).  [resolve(9794,a,27,a)].

given #2692 (T,wt=4): 24472 car(f4(f3(pb))).  [resolve(1863,a,17,a)].

given #2693 (T,wt=5): 24486 car(cen(f4(f3(pb)))).  [resolve(24472,a,14,a)].

given #2694 (T,wt=6): 1864 mem(f3(pb),f3(f3(pb))).  [resolve(1823,a,21,a)].

given #2695 (T,wt=4): 24496 car(f3(f3(pb))).  [resolve(1864,a,17,a)].

given #2696 (A,wt=64): 1106 -car(x) | -car(y) | -car(z) | cen(cen(g3)) != cen(x) | cen(cen(g3)) != cen(y) | cen(cen(g3)) != cen(z) | cen(cen(g3)) != cen(pa) | cen(g3) = x | cen(g3) = y | cen(g3) = z | cen(g3) = pa | y = x | z = x | pa = x | z = y | pa = y | pa = z.  [resolve(576,a,355,a),flip(d),flip(e),flip(f),flip(g),flip(h),flip(i),flip(j),flip(k)].

given #2697 (F,wt=7): 9823 f3(f3(c3)) != f2(f3(c3)).  [resolve(9794,a,26,a)].

given #2698 (F,wt=7): 9824 f4(f3(c3)) != f1(f3(c3)).  [resolve(9794,a,25,a)].

given #2699 (F,wt=7): 9825 f3(f3(c3)) != f1(f3(c3)).  [resolve(9794,a,24,a)].

given #2700 (F,wt=7): 9826 f2(f3(c3)) != f1(f3(c3)).  [resolve(9794,a,23,a)].

given #2701 (T,wt=5): 24510 car(cen(f3(f3(pb)))).  [resolve(24496,a,14,a)].

given #2702 (T,wt=6): 1865 mem(f3(pb),f2(f3(pb))).  [resolve(1823,a,20,a)].

given #2703 (T,wt=4): 24520 car(f2(f3(pb))).  [resolve(1865,a,17,a)].

given #2704 (T,wt=5): 24534 car(cen(f2(f3(pb)))).  [resolve(24520,a,14,a)].

given #2705 (A,wt=63): 1107 -car(x) | -car(y) | -car(z) | -car(u) | cen(y) != cen(x) | cen(z) != cen(x) | cen(u) != cen(x) | cen(cen(g3)) != cen(x) | y = x | z = x | u = x | cen(g3) = x | z = y | u = y | cen(g3) = y | u = z | cen(g3) = z | cen(g3) = u.  [resolve(576,a,36,e)].

given #2706 (F,wt=7): 9853 f4(f2(c3)) != f3(f2(c3)).  [resolve(9839,a,28,a)].

given #2707 (F,wt=7): 9854 f4(f2(c3)) != f2(f2(c3)).  [resolve(9839,a,27,a)].

given #2708 (F,wt=7): 9855 f3(f2(c3)) != f2(f2(c3)).  [resolve(9839,a,26,a)].

given #2709 (F,wt=7): 9856 f4(f2(c3)) != f1(f2(c3)).  [resolve(9839,a,25,a)].

given #2710 (T,wt=6): 1866 mem(f3(pb),f1(f3(pb))).  [resolve(1823,a,19,a)].

given #2711 (T,wt=4): 24544 car(f1(f3(pb))).  [resolve(1866,a,17,a)].

given #2712 (T,wt=5): 24558 car(cen(f1(f3(pb)))).  [resolve(24544,a,14,a)].

given #2713 (T,wt=6): 1884 blocked(f2(pb),cen(f2(pb))).  [resolve(1875,a,35,a)].

given #2714 (A,wt=66): 1108 -car(x) | -car(y) | -car(z) | -car(u) | cen(cen(g3)) != cen(x) | cen(cen(g3)) != cen(y) | cen(cen(g3)) != cen(z) | cen(cen(g3)) != cen(u) | cen(g3) = x | cen(g3) = y | cen(g3) = z | cen(g3) = u | y = x | z = x | u = x | z = y | u = y | u = z.  [resolve(576,a,36,a),flip(e),flip(f),flip(g),flip(h),flip(i),flip(j),flip(k),flip(l)].

given #2715 (F,wt=7): 9857 f3(f2(c3)) != f1(f2(c3)).  [resolve(9839,a,24,a)].

given #2716 (F,wt=7): 9858 f2(f2(c3)) != f1(f2(c3)).  [resolve(9839,a,23,a)].

given #2717 (F,wt=7): 9891 f4(f1(c3)) != f3(f1(c3)).  [resolve(9871,a,28,a)].

given #2718 (F,wt=7): 9892 f4(f1(c3)) != f2(f1(c3)).  [resolve(9871,a,27,a)].

given #2719 (T,wt=6): 1891 mem(f2(pb),f4(f2(pb))).  [resolve(1875,a,22,a)].

given #2720 (T,wt=4): 24568 car(f4(f2(pb))).  [resolve(1891,a,17,a)].

given #2721 (T,wt=5): 24582 car(cen(f4(f2(pb)))).  [resolve(24568,a,14,a)].

given #2722 (T,wt=6): 1892 mem(f2(pb),f3(f2(pb))).  [resolve(1875,a,21,a)].

given #2723 (A,wt=30): 1123 -car(x) | cen(g4) = cen(x) | -mem(x,cen(x)) | -mem(g4,cen(x)) | -mem(x,cen(g4)) | -mem(g4,cen(g4)) | -mem(x,g4) | cen(x) = g4.  [resolve(590,a,351,i),unit_del(b,158),unit_del(j,591)].

given #2724 (F,wt=7): 9893 f3(f1(c3)) != f2(f1(c3)).  [resolve(9871,a,26,a)].

given #2725 (F,wt=7): 9894 f4(f1(c3)) != f1(f1(c3)).  [resolve(9871,a,25,a)].

given #2726 (F,wt=7): 9895 f3(f1(c3)) != f1(f1(c3)).  [resolve(9871,a,24,a)].

given #2727 (F,wt=7): 9896 f2(f1(c3)) != f1(f1(c3)).  [resolve(9871,a,23,a)].

given #2728 (T,wt=4): 24592 car(f3(f2(pb))).  [resolve(1892,a,17,a)].

given #2729 (T,wt=5): 24606 car(cen(f3(f2(pb)))).  [resolve(24592,a,14,a)].

given #2730 (T,wt=6): 1893 mem(f2(pb),f2(f2(pb))).  [resolve(1875,a,20,a)].

given #2731 (T,wt=4): 24616 car(f2(f2(pb))).  [resolve(1893,a,17,a)].

given #2732 (A,wt=31): 1124 -car(x) | cen(g4) = cen(x) | -mem(x,y) | -mem(g4,y) | -mem(x,z) | -mem(g4,z) | -mem(x,g4) | z = y | g4 = y | g4 = z.  [resolve(590,a,33,i),unit_del(b,158)].

given #2733 (F,wt=7): 9923 f4(f4(c4)) != f3(f4(c4)).  [resolve(9909,a,28,a)].

given #2734 (F,wt=7): 9924 f4(f4(c4)) != f2(f4(c4)).  [resolve(9909,a,27,a)].

given #2735 (F,wt=7): 9925 f3(f4(c4)) != f2(f4(c4)).  [resolve(9909,a,26,a)].

given #2736 (F,wt=7): 9926 f4(f4(c4)) != f1(f4(c4)).  [resolve(9909,a,25,a)].

given #2737 (T,wt=5): 24630 car(cen(f2(f2(pb)))).  [resolve(24616,a,14,a)].

given #2738 (T,wt=6): 1894 mem(f2(pb),f1(f2(pb))).  [resolve(1875,a,19,a)].

given #2739 (T,wt=4): 24640 car(f1(f2(pb))).  [resolve(1894,a,17,a)].

given #2740 (T,wt=5): 24654 car(cen(f1(f2(pb)))).  [resolve(24640,a,14,a)].

given #2741 (A,wt=10): 1125 -car(x) | cen(g4) != cen(x) | mem(x,g4).  [resolve(590,a,32,e),unit_del(b,158)].

given #2742 (F,wt=7): 9927 f3(f4(c4)) != f1(f4(c4)).  [resolve(9909,a,24,a)].

given #2743 (F,wt=7): 9928 f2(f4(c4)) != f1(f4(c4)).  [resolve(9909,a,23,a)].

given #2744 (F,wt=7): 9966 f4(f3(c4)) != f3(f3(c4)).  [resolve(9952,a,28,a)].

given #2745 (F,wt=7): 9967 f4(f3(c4)) != f2(f3(c4)).  [resolve(9952,a,27,a)].

given #2746 (T,wt=6): 1912 blocked(f1(pb),cen(f1(pb))).  [resolve(1903,a,35,a)].

given #2747 (T,wt=6): 1919 mem(f1(pb),f4(f1(pb))).  [resolve(1903,a,22,a)].

given #2748 (T,wt=4): 24691 car(f4(f1(pb))).  [resolve(1919,a,17,a)].

given #2749 (T,wt=5): 24705 car(cen(f4(f1(pb)))).  [resolve(24691,a,14,a)].

given #2750 (A,wt=16): 1126 f1(g4) = g4 | f2(g4) = g4 | f3(g4) = g4 | f4(g4) = g4.  [resolve(590,a,30,b),unit_del(a,158)].

given #2751 (F,wt=7): 9968 f3(f3(c4)) != f2(f3(c4)).  [resolve(9952,a,26,a)].

given #2752 (F,wt=7): 9969 f4(f3(c4)) != f1(f3(c4)).  [resolve(9952,a,25,a)].

given #2753 (F,wt=7): 9970 f3(f3(c4)) != f1(f3(c4)).  [resolve(9952,a,24,a)].

given #2754 (F,wt=7): 9971 f2(f3(c4)) != f1(f3(c4)).  [resolve(9952,a,23,a)].

given #2755 (T,wt=6): 1920 mem(f1(pb),f3(f1(pb))).  [resolve(1903,a,21,a)].

given #2756 (T,wt=4): 24715 car(f3(f1(pb))).  [resolve(1920,a,17,a)].

given #2757 (T,wt=5): 24729 car(cen(f3(f1(pb)))).  [resolve(24715,a,14,a)].

given #2758 (T,wt=6): 1921 mem(f1(pb),f2(f1(pb))).  [resolve(1903,a,20,a)].

given #2759 (A,wt=61): 1127 -car(x) | -car(y) | -car(z) | cen(pa) != cen(x) | cen(pa) != cen(y) | cen(pa) != cen(z) | cen(cen(g4)) != cen(pa) | pa = x | pa = y | pa = z | cen(g4) = pa | y = x | z = x | cen(g4) = x | z = y | cen(g4) = y | cen(g4) = z.  [resolve(592,a,356,d),flip(g),flip(k)].

given #2760 (F,wt=7): 9998 f4(f2(c4)) != f3(f2(c4)).  [resolve(9984,a,28,a)].

given #2761 (F,wt=7): 9999 f4(f2(c4)) != f2(f2(c4)).  [resolve(9984,a,27,a)].

given #2762 (F,wt=7): 10000 f3(f2(c4)) != f2(f2(c4)).  [resolve(9984,a,26,a)].

given #2763 (F,wt=7): 10001 f4(f2(c4)) != f1(f2(c4)).  [resolve(9984,a,25,a)].

given #2764 (T,wt=4): 24739 car(f2(f1(pb))).  [resolve(1921,a,17,a)].

given #2765 (T,wt=5): 24753 car(cen(f2(f1(pb)))).  [resolve(24739,a,14,a)].

given #2766 (T,wt=6): 1922 mem(f1(pb),f1(f1(pb))).  [resolve(1903,a,19,a)].

given #2767 (T,wt=4): 24763 car(f1(f1(pb))).  [resolve(1922,a,17,a)].

given #2768 (A,wt=61): 1128 -car(x) | -car(y) | -car(z) | cen(y) != cen(x) | cen(z) != cen(x) | cen(cen(g4)) != cen(x) | cen(pa) != cen(x) | y = x | z = x | cen(g4) = x | pa = x | z = y | cen(g4) = y | pa = y | cen(g4) = z | pa = z | cen(g4) = pa.  [resolve(592,a,355,d),flip(q)].

given #2769 (F,wt=7): 10002 f3(f2(c4)) != f1(f2(c4)).  [resolve(9984,a,24,a)].

given #2770 (F,wt=7): 10003 f2(f2(c4)) != f1(f2(c4)).  [resolve(9984,a,23,a)].

given #2771 (F,wt=7): 10035 f4(f1(c4)) != f3(f1(c4)).  [resolve(10021,a,28,a)].

given #2772 (F,wt=7): 10036 f4(f1(c4)) != f2(f1(c4)).  [resolve(10021,a,27,a)].

given #2773 (T,wt=5): 24777 car(cen(f1(f1(pb)))).  [resolve(24763,a,14,a)].

given #2774 (T,wt=6): 1940 blocked(f4(ra),cen(f4(ra))).  [resolve(1931,a,35,a)].

given #2775 (T,wt=6): 1947 mem(f4(ra),f4(f4(ra))).  [resolve(1931,a,22,a)].

given #2776 (T,wt=4): 24787 car(f4(f4(ra))).  [resolve(1947,a,17,a)].

given #2777 (A,wt=64): 1129 -car(x) | -car(y) | -car(z) | cen(cen(g4)) != cen(x) | cen(cen(g4)) != cen(y) | cen(cen(g4)) != cen(z) | cen(cen(g4)) != cen(pa) | cen(g4) = x | cen(g4) = y | cen(g4) = z | cen(g4) = pa | y = x | z = x | pa = x | z = y | pa = y | pa = z.  [resolve(592,a,355,a),flip(d),flip(e),flip(f),flip(g),flip(h),flip(i),flip(j),flip(k)].

given #2778 (F,wt=7): 10037 f3(f1(c4)) != f2(f1(c4)).  [resolve(10021,a,26,a)].

given #2779 (F,wt=7): 10038 f4(f1(c4)) != f1(f1(c4)).  [resolve(10021,a,25,a)].

given #2780 (F,wt=7): 10039 f3(f1(c4)) != f1(f1(c4)).  [resolve(10021,a,24,a)].

given #2781 (F,wt=7): 10040 f2(f1(c4)) != f1(f1(c4)).  [resolve(10021,a,23,a)].

given #2782 (T,wt=5): 24801 car(cen(f4(f4(ra)))).  [resolve(24787,a,14,a)].

given #2783 (T,wt=6): 1948 mem(f4(ra),f3(f4(ra))).  [resolve(1931,a,21,a)].

given #2784 (T,wt=4): 24811 car(f3(f4(ra))).  [resolve(1948,a,17,a)].

given #2785 (T,wt=5): 24825 car(cen(f3(f4(ra)))).  [resolve(24811,a,14,a)].

given #2786 (A,wt=63): 1130 -car(x) | -car(y) | -car(z) | -car(u) | cen(y) != cen(x) | cen(z) != cen(x) | cen(u) != cen(x) | cen(cen(g4)) != cen(x) | y = x | z = x | u = x | cen(g4) = x | z = y | u = y | cen(g4) = y | u = z | cen(g4) = z | cen(g4) = u.  [resolve(592,a,36,e)].

given #2787 (F,wt=8): 10070 cen(cen(cen(pa))) != cen(cen(pa)).  [resolve(943,a,15,a)].

given #2788 (F,wt=8): 10094 cen(cen(cen(ra))) != cen(cen(ra)).  [resolve(970,a,15,a)].

given #2789 (F,wt=8): 10127 cen(cen(cen(ca))) != cen(cen(ca)).  [resolve(996,a,15,a)].

given #2790 (F,wt=8): 10151 cen(cen(cen(oa))) != cen(cen(oa)).  [resolve(1030,a,15,a)].

given #2791 (T,wt=6): 1949 mem(f4(ra),f2(f4(ra))).  [resolve(1931,a,20,a)].

given #2792 (T,wt=4): 24835 car(f2(f4(ra))).  [resolve(1949,a,17,a)].

given #2793 (T,wt=5): 24849 car(cen(f2(f4(ra)))).  [resolve(24835,a,14,a)].

given #2794 (T,wt=6): 1950 mem(f4(ra),f1(f4(ra))).  [resolve(1931,a,19,a)].

given #2795 (A,wt=66): 1131 -car(x) | -car(y) | -car(z) | -car(u) | cen(cen(g4)) != cen(x) | cen(cen(g4)) != cen(y) | cen(cen(g4)) != cen(z) | cen(cen(g4)) != cen(u) | cen(g4) = x | cen(g4) = y | cen(g4) = z | cen(g4) = u | y = x | z = x | u = x | z = y | u = y | u = z.  [resolve(592,a,36,a),flip(e),flip(f),flip(g),flip(h),flip(i),flip(j),flip(k),flip(l)].

given #2796 (F,wt=8): 10175 cen(cen(cen(g0))) != cen(cen(g0)).  [resolve(1053,a,15,a)].

given #2797 (F,wt=8): 10199 cen(cen(cen(g1))) != cen(cen(g1)).  [resolve(1076,a,15,a)].

given #2798 (F,wt=8): 10227 cen(cen(cen(g2))) != cen(cen(g2)).  [resolve(1099,a,15,a)].

given #2799 (F,wt=8): 10251 cen(cen(cen(g3))) != cen(cen(g3)).  [resolve(1122,a,15,a)].

given #2800 (T,wt=4): 24859 car(f1(f4(ra))).  [resolve(1950,a,17,a)].

given #2801 (T,wt=5): 24873 car(cen(f1(f4(ra)))).  [resolve(24859,a,14,a)].

given #2802 (T,wt=6): 1970 blocked(f3(ra),cen(f3(ra))).  [resolve(1959,a,35,a)].

given #2803 (T,wt=6): 1977 mem(f3(ra),f4(f3(ra))).  [resolve(1959,a,22,a)].

given #2804 (A,wt=30): 1146 -car(x) | cen(g5) = cen(x) | -mem(x,cen(x)) | -mem(g5,cen(x)) | -mem(x,cen(g5)) | -mem(g5,cen(g5)) | -mem(x,g5) | cen(x) = g5.  [resolve(606,a,351,i),unit_del(b,159),unit_del(j,607)].

given #2805 (F,wt=8): 10275 cen(cen(cen(g4))) != cen(cen(g4)).  [resolve(1145,a,15,a)].

given #2806 (F,wt=8): 10299 cen(cen(cen(g5))) != cen(cen(g5)).  [resolve(1168,a,15,a)].

given #2807 (F,wt=8): 10330 cen(cen(cen(g6))) != cen(cen(g6)).  [resolve(1191,a,15,a)].

given #2808 (F,wt=8): 10354 cen(cen(cen(g7))) != cen(cen(g7)).  [resolve(1214,a,15,a)].

given #2809 (T,wt=4): 24883 car(f4(f3(ra))).  [resolve(1977,a,17,a)].

given #2810 (T,wt=5): 24897 car(cen(f4(f3(ra)))).  [resolve(24883,a,14,a)].

given #2811 (T,wt=6): 1978 mem(f3(ra),f3(f3(ra))).  [resolve(1959,a,21,a)].

given #2812 (T,wt=4): 24907 car(f3(f3(ra))).  [resolve(1978,a,17,a)].

given #2813 (A,wt=31): 1147 -car(x) | cen(g5) = cen(x) | -mem(x,y) | -mem(g5,y) | -mem(x,z) | -mem(g5,z) | -mem(x,g5) | z = y | g5 = y | g5 = z.  [resolve(606,a,33,i),unit_del(b,159)].

given #2814 (F,wt=8): 10378 cen(cen(cen(g8))) != cen(cen(g8)).  [resolve(1241,a,15,a)].

given #2815 (F,wt=8): 10402 cen(cen(cen(g9))) != cen(cen(g9)).  [resolve(1264,a,15,a)].

given #2816 (F,wt=8): 10429 cen(cen(cen(g10))) != cen(cen(g10)).  [resolve(1291,a,15,a)].

given #2817 (F,wt=8): 10453 cen(cen(cen(g11))) != cen(cen(g11)).  [resolve(1314,a,15,a)].

given #2818 (T,wt=5): 24921 car(cen(f3(f3(ra)))).  [resolve(24907,a,14,a)].

given #2819 (T,wt=6): 1979 mem(f3(ra),f2(f3(ra))).  [resolve(1959,a,20,a)].

given #2820 (T,wt=4): 24931 car(f2(f3(ra))).  [resolve(1979,a,17,a)].

given #2821 (T,wt=5): 24945 car(cen(f2(f3(ra)))).  [resolve(24931,a,14,a)].

given #2822 (A,wt=10): 1148 -car(x) | cen(g5) != cen(x) | mem(x,g5).  [resolve(606,a,32,e),unit_del(b,159)].

given #2823 (F,wt=8): 10477 cen(cen(cen(g12))) != cen(cen(g12)).  [resolve(1341,a,15,a)].

given #2824 (F,wt=8): 10501 cen(cen(cen(g13))) != cen(cen(g13)).  [resolve(1364,a,15,a)].

given #2825 (F,wt=8): 10683 cen(cen(cen(g14))) != cen(cen(g14)).  [resolve(1391,a,15,a)].

given #2826 (F,wt=8): 10707 cen(cen(cen(c1))) != cen(cen(c1)).  [resolve(1414,a,15,a)].

given #2827 (T,wt=6): 1980 mem(f3(ra),f1(f3(ra))).  [resolve(1959,a,19,a)].

given #2828 (T,wt=4): 24982 car(f1(f3(ra))).  [resolve(1980,a,17,a)].

given #2829 (T,wt=5): 24996 car(cen(f1(f3(ra)))).  [resolve(24982,a,14,a)].

given #2830 (T,wt=6): 1998 blocked(f2(ra),cen(f2(ra))).  [resolve(1987,a,35,a)].

given #2831 (A,wt=16): 1149 f1(g5) = g5 | f2(g5) = g5 | f3(g5) = g5 | f4(g5) = g5.  [resolve(606,a,30,b),unit_del(a,159)].

given #2832 (F,wt=8): 10731 cen(cen(cen(c2))) != cen(cen(c2)).  [resolve(1617,a,15,a)].

given #2833 (F,wt=8): 10755 cen(cen(cen(c3))) != cen(cen(c3)).  [resolve(1644,a,15,a)].

given #2834 (F,wt=8): 10958 cen(cen(cen(c4))) != cen(cen(c4)).  [resolve(1713,a,15,a)].

given #2835 (F,wt=8): 10983 cen(cen(f4(pa))) != cen(f4(pa)).  [resolve(1737,a,15,a)].

given #2836 (T,wt=6): 2005 mem(f2(ra),f4(f2(ra))).  [resolve(1987,a,22,a)].

given #2837 (T,wt=4): 25006 car(f4(f2(ra))).  [resolve(2005,a,17,a)].

given #2838 (T,wt=5): 25020 car(cen(f4(f2(ra)))).  [resolve(25006,a,14,a)].

given #2839 (T,wt=6): 2006 mem(f2(ra),f3(f2(ra))).  [resolve(1987,a,21,a)].

given #2840 (A,wt=61): 1150 -car(x) | -car(y) | -car(z) | cen(pa) != cen(x) | cen(pa) != cen(y) | cen(pa) != cen(z) | cen(cen(g5)) != cen(pa) | pa = x | pa = y | pa = z | cen(g5) = pa | y = x | z = x | cen(g5) = x | z = y | cen(g5) = y | cen(g5) = z.  [resolve(608,a,356,d),flip(g),flip(k)].

given #2841 (F,wt=8): 11008 cen(cen(f3(pa))) != cen(f3(pa)).  [resolve(1761,a,15,a)].

given #2842 (F,wt=8): 11033 cen(cen(f2(pa))) != cen(f2(pa)).  [resolve(1786,a,15,a)].

given #2843 (F,wt=8): 11060 cen(cen(f1(pa))) != cen(f1(pa)).  [resolve(1810,a,15,a)].

given #2844 (F,wt=8): 11085 cen(cen(f4(pb))) != cen(f4(pb)).  [resolve(1845,a,15,a)].

given #2845 (T,wt=4): 25030 car(f3(f2(ra))).  [resolve(2006,a,17,a)].

given #2846 (T,wt=5): 25044 car(cen(f3(f2(ra)))).  [resolve(25030,a,14,a)].

given #2847 (T,wt=6): 2007 mem(f2(ra),f2(f2(ra))).  [resolve(1987,a,20,a)].

given #2848 (T,wt=4): 25054 car(f2(f2(ra))).  [resolve(2007,a,17,a)].

given #2849 (A,wt=61): 1151 -car(x) | -car(y) | -car(z) | cen(y) != cen(x) | cen(z) != cen(x) | cen(cen(g5)) != cen(x) | cen(pa) != cen(x) | y = x | z = x | cen(g5) = x | pa = x | z = y | cen(g5) = y | pa = y | cen(g5) = z | pa = z | cen(g5) = pa.  [resolve(608,a,355,d),flip(q)].

given #2850 (F,wt=8): 11110 cen(cen(f3(pb))) != cen(f3(pb)).  [resolve(1869,a,15,a)].

given #2851 (F,wt=8): 11135 cen(cen(f2(pb))) != cen(f2(pb)).  [resolve(1897,a,15,a)].

given #2852 (F,wt=8): 11165 cen(cen(f1(pb))) != cen(f1(pb)).  [resolve(1925,a,15,a)].

given #2853 (F,wt=8): 11190 cen(cen(f4(ra))) != cen(f4(ra)).  [resolve(1953,a,15,a)].

given #2854 (T,wt=5): 25068 car(cen(f2(f2(ra)))).  [resolve(25054,a,14,a)].

given #2855 (T,wt=6): 2008 mem(f2(ra),f1(f2(ra))).  [resolve(1987,a,19,a)].

given #2856 (T,wt=4): 25078 car(f1(f2(ra))).  [resolve(2008,a,17,a)].

given #2857 (T,wt=5): 25092 car(cen(f1(f2(ra)))).  [resolve(25078,a,14,a)].

given #2858 (A,wt=64): 1152 -car(x) | -car(y) | -car(z) | cen(cen(g5)) != cen(x) | cen(cen(g5)) != cen(y) | cen(cen(g5)) != cen(z) | cen(cen(g5)) != cen(pa) | cen(g5) = x | cen(g5) = y | cen(g5) = z | cen(g5) = pa | y = x | z = x | pa = x | z = y | pa = y | pa = z.  [resolve(608,a,355,a),flip(d),flip(e),flip(f),flip(g),flip(h),flip(i),flip(j),flip(k)].

given #2859 (F,wt=8): 11215 cen(cen(f3(ra))) != cen(f3(ra)).  [resolve(1983,a,15,a)].

given #2860 (F,wt=8): 11240 cen(cen(f2(ra))) != cen(f2(ra)).  [resolve(2011,a,15,a)].

given #2861 (F,wt=8): 11399 cen(cen(f1(ra))) != cen(f1(ra)).  [resolve(2156,a,15,a)].

given #2862 (F,wt=8): 11424 cen(cen(f4(rb))) != cen(f4(rb)).  [resolve(2245,a,15,a)].

given #2863 (T,wt=6): 2143 blocked(f1(ra),cen(f1(ra))).  [resolve(2130,a,35,a)].

given #2864 (T,wt=6): 2150 mem(f1(ra),f4(f1(ra))).  [resolve(2130,a,22,a)].

given #2865 (T,wt=4): 25102 car(f4(f1(ra))).  [resolve(2150,a,17,a)].

given #2866 (T,wt=5): 25116 car(cen(f4(f1(ra)))).  [resolve(25102,a,14,a)].

given #2867 (A,wt=63): 1153 -car(x) | -car(y) | -car(z) | -car(u) | cen(y) != cen(x) | cen(z) != cen(x) | cen(u) != cen(x) | cen(cen(g5)) != cen(x) | y = x | z = x | u = x | cen(g5) = x | z = y | u = y | cen(g5) = y | u = z | cen(g5) = z | cen(g5) = u.  [resolve(608,a,36,e)].

given #2868 (F,wt=8): 11449 cen(cen(f3(rb))) != cen(f3(rb)).  [resolve(2276,a,15,a)].

given #2869 (F,wt=8): 11474 cen(cen(f2(rb))) != cen(f2(rb)).  [resolve(2549,a,15,a)].

given #2870 (F,wt=8): 11730 cen(cen(f1(rb))) != cen(f1(rb)).  [resolve(2584,a,15,a)].

given #2871 (F,wt=8): 11754 cen(cen(f4(qa))) != cen(f4(qa)).  [resolve(2682,a,15,a)].

given #2872 (T,wt=6): 2151 mem(f1(ra),f3(f1(ra))).  [resolve(2130,a,21,a)].

given #2873 (T,wt=4): 25126 car(f3(f1(ra))).  [resolve(2151,a,17,a)].

given #2874 (T,wt=5): 25140 car(cen(f3(f1(ra)))).  [resolve(25126,a,14,a)].

given #2875 (T,wt=6): 2152 mem(f1(ra),f2(f1(ra))).  [resolve(2130,a,20,a)].

given #2876 (A,wt=66): 1154 -car(x) | -car(y) | -car(z) | -car(u) | cen(cen(g5)) != cen(x) | cen(cen(g5)) != cen(y) | cen(cen(g5)) != cen(z) | cen(cen(g5)) != cen(u) | cen(g5) = x | cen(g5) = y | cen(g5) = z | cen(g5) = u | y = x | z = x | u = x | z = y | u = y | u = z.  [resolve(608,a,36,a),flip(e),flip(f),flip(g),flip(h),flip(i),flip(j),flip(k),flip(l)].

given #2877 (F,wt=8): 11775 cen(cen(f3(qa))) != cen(f3(qa)).  [resolve(2720,a,15,a)].

given #2878 (F,wt=8): 11796 cen(cen(f2(qa))) != cen(f2(qa)).  [resolve(2756,a,15,a)].

given #2879 (F,wt=8): 11817 cen(cen(f1(qa))) != cen(f1(qa)).  [resolve(3045,a,15,a)].

given #2880 (F,wt=8): 11840 cen(cen(f4(qb))) != cen(f4(qb)).  [resolve(3151,a,15,a)].

given #2881 (T,wt=4): 25150 car(f2(f1(ra))).  [resolve(2152,a,17,a)].

given #2882 (T,wt=5): 25164 car(cen(f2(f1(ra)))).  [resolve(25150,a,14,a)].

given #2883 (T,wt=6): 2153 mem(f1(ra),f1(f1(ra))).  [resolve(2130,a,19,a)].

given #2884 (T,wt=4): 25174 car(f1(f1(ra))).  [resolve(2153,a,17,a)].

given #2885 (A,wt=30): 1169 -car(x) | cen(g6) = cen(x) | -mem(x,cen(x)) | -mem(g6,cen(x)) | -mem(x,cen(g6)) | -mem(g6,cen(g6)) | -mem(x,g6) | cen(x) = g6.  [resolve(622,a,351,i),unit_del(b,160),unit_del(j,623)].

given #2886 (F,wt=8): 11861 cen(cen(f3(qb))) != cen(f3(qb)).  [resolve(3192,a,15,a)].

given #2887 (F,wt=8): 11882 cen(cen(f2(qb))) != cen(f2(qb)).  [resolve(3237,a,15,a)].

given #2888 (F,wt=8): 11900 cen(cen(f1(qb))) != cen(f1(qb)).  [resolve(3278,a,15,a)].

given #2889 (F,wt=8): 12077 cen(cen(f4(ca))) != cen(f4(ca)).  [resolve(3593,a,15,a)].

given #2890 (T,wt=5): 25188 car(cen(f1(f1(ra)))).  [resolve(25174,a,14,a)].

given #2891 (T,wt=6): 2232 blocked(f4(rb),cen(f4(rb))).  [resolve(2218,a,35,a)].

given #2892 (T,wt=6): 2239 mem(f4(rb),f4(f4(rb))).  [resolve(2218,a,22,a)].

given #2893 (T,wt=4): 25198 car(f4(f4(rb))).  [resolve(2239,a,17,a)].

given #2894 (A,wt=31): 1170 -car(x) | cen(g6) = cen(x) | -mem(x,y) | -mem(g6,y) | -mem(x,z) | -mem(g6,z) | -mem(x,g6) | z = y | g6 = y | g6 = z.  [resolve(622,a,33,i),unit_del(b,160)].

given #2895 (F,wt=8): 12095 cen(cen(f3(ca))) != cen(f3(ca)).  [resolve(3709,a,15,a)].

given #2896 (F,wt=8): 12113 cen(cen(f2(ca))) != cen(f2(ca)).  [resolve(3759,a,15,a)].

given #2897 (F,wt=8): 12131 cen(cen(f1(ca))) != cen(f1(ca)).  [resolve(3812,a,15,a)].

given #2898 (F,wt=8): 12357 cen(cen(f4(cb))) != cen(f4(cb)).  [resolve(4009,a,15,a)].

given #2899 (T,wt=5): 25212 car(cen(f4(f4(rb)))).  [resolve(25198,a,14,a)].

given #2900 (T,wt=6): 2240 mem(f4(rb),f3(f4(rb))).  [resolve(2218,a,21,a)].

given #2901 (T,wt=4): 25222 car(f3(f4(rb))).  [resolve(2240,a,17,a)].

given #2902 (T,wt=5): 25236 car(cen(f3(f4(rb)))).  [resolve(25222,a,14,a)].

given #2903 (A,wt=10): 1171 -car(x) | cen(g6) != cen(x) | mem(x,g6).  [resolve(622,a,32,e),unit_del(b,160)].

given #2904 (F,wt=8): 12376 cen(cen(f3(cb))) != cen(f3(cb)).  [resolve(4061,a,15,a)].

given #2905 (F,wt=8): 12395 cen(cen(f2(cb))) != cen(f2(cb)).  [resolve(4185,a,15,a)].

given #2906 (F,wt=8): 12414 cen(cen(f1(cb))) != cen(f1(cb)).  [resolve(4238,a,15,a)].

given #2907 (F,wt=8): 12436 cen(cen(f4(oa))) != cen(f4(oa)).  [resolve(4585,a,15,a)].

given #2908 (T,wt=6): 2241 mem(f4(rb),f2(f4(rb))).  [resolve(2218,a,20,a)].

given #2909 (T,wt=4): 25273 car(f2(f4(rb))).  [resolve(2241,a,17,a)].

given #2910 (T,wt=5): 25287 car(cen(f2(f4(rb)))).  [resolve(25273,a,14,a)].

given #2911 (T,wt=6): 2242 mem(f4(rb),f1(f4(rb))).  [resolve(2218,a,19,a)].

given #2912 (A,wt=16): 1172 f1(g6) = g6 | f2(g6) = g6 | f3(g6) = g6 | f4(g6) = g6.  [resolve(622,a,30,b),unit_del(a,160)].

given #2913 (F,wt=8): 12455 cen(cen(f3(oa))) != cen(f3(oa)).  [resolve(4638,a,15,a)].

given #2914 (F,wt=8): 12474 cen(cen(f2(oa))) != cen(f2(oa)).  [resolve(4767,a,15,a)].

given #2915 (F,wt=8): 12493 cen(cen(f1(oa))) != cen(f1(oa)).  [resolve(4821,a,15,a)].

given #2916 (F,wt=8): 12517 cen(cen(f4(g0))) != cen(f4(g0)).  [resolve(4877,a,15,a)].

given #2917 (T,wt=4): 25297 car(f1(f4(rb))).  [resolve(2242,a,17,a)].

given #2918 (T,wt=5): 25311 car(cen(f1(f4(rb)))).  [resolve(25297,a,14,a)].

given #2919 (T,wt=6): 2263 blocked(f3(rb),cen(f3(rb))).  [resolve(2249,a,35,a)].

given #2920 (T,wt=6): 2270 mem(f3(rb),f4(f3(rb))).  [resolve(2249,a,22,a)].

given #2921 (A,wt=61): 1173 -car(x) | -car(y) | -car(z) | cen(pa) != cen(x) | cen(pa) != cen(y) | cen(pa) != cen(z) | cen(cen(g6)) != cen(pa) | pa = x | pa = y | pa = z | cen(g6) = pa | y = x | z = x | cen(g6) = x | z = y | cen(g6) = y | cen(g6) = z.  [resolve(624,a,356,d),flip(g),flip(k)].

given #2922 (F,wt=8): 12536 cen(cen(f3(g0))) != cen(f3(g0)).  [resolve(5090,a,15,a)].

given #2923 (F,wt=8): 12555 cen(cen(f2(g0))) != cen(f2(g0)).  [resolve(5146,a,15,a)].

given #2924 (F,wt=8): 12574 cen(cen(f1(g0))) != cen(f1(g0)).  [resolve(5283,a,15,a)].

given #2925 (F,wt=8): 12726 cen(cen(f4(g1))) != cen(f4(g1)).  [resolve(5340,a,15,a)].

given #2926 (T,wt=4): 25321 car(f4(f3(rb))).  [resolve(2270,a,17,a)].

given #2927 (T,wt=5): 25335 car(cen(f4(f3(rb)))).  [resolve(25321,a,14,a)].

given #2928 (T,wt=6): 2271 mem(f3(rb),f3(f3(rb))).  [resolve(2249,a,21,a)].

given #2929 (T,wt=4): 25345 car(f3(f3(rb))).  [resolve(2271,a,17,a)].

given #2930 (A,wt=61): 1174 -car(x) | -car(y) | -car(z) | cen(y) != cen(x) | cen(z) != cen(x) | cen(cen(g6)) != cen(x) | cen(pa) != cen(x) | y = x | z = x | cen(g6) = x | pa = x | z = y | cen(g6) = y | pa = y | cen(g6) = z | pa = z | cen(g6) = pa.  [resolve(624,a,355,d),flip(q)].

given #2931 (F,wt=8): 12745 cen(cen(f3(g1))) != cen(f3(g1)).  [resolve(5460,a,15,a)].

given #2932 (F,wt=8): 12764 cen(cen(f2(g1))) != cen(f2(g1)).  [resolve(5518,a,15,a)].

given #2933 (F,wt=8): 12783 cen(cen(f1(g1))) != cen(f1(g1)).  [resolve(5665,a,15,a)].

given #2934 (F,wt=8): 13070 cen(cen(f4(g2))) != cen(f4(g2)).  [resolve(5724,a,15,a)].

given #2935 (T,wt=5): 25359 car(cen(f3(f3(rb)))).  [resolve(25345,a,14,a)].

given #2936 (T,wt=6): 2272 mem(f3(rb),f2(f3(rb))).  [resolve(2249,a,20,a)].

given #2937 (T,wt=4): 25369 car(f2(f3(rb))).  [resolve(2272,a,17,a)].

given #2938 (T,wt=5): 25383 car(cen(f2(f3(rb)))).  [resolve(25369,a,14,a)].

given #2939 (A,wt=64): 1175 -car(x) | -car(y) | -car(z) | cen(cen(g6)) != cen(x) | cen(cen(g6)) != cen(y) | cen(cen(g6)) != cen(z) | cen(cen(g6)) != cen(pa) | cen(g6) = x | cen(g6) = y | cen(g6) = z | cen(g6) = pa | y = x | z = x | pa = x | z = y | pa = y | pa = z.  [resolve(624,a,355,a),flip(d),flip(e),flip(f),flip(g),flip(h),flip(i),flip(j),flip(k)].

given #2940 (F,wt=8): 13094 cen(cen(f3(g2))) != cen(f3(g2)).  [resolve(5783,a,15,a)].

given #2941 (F,wt=8): 13114 cen(cen(f2(g2))) != cen(f2(g2)).  [resolve(5844,a,15,a)].

given #2942 (F,wt=8): 13134 cen(cen(f1(g2))) != cen(f1(g2)).  [resolve(5903,a,15,a)].

given #2943 (F,wt=8): 13154 cen(cen(f4(g3))) != cen(f4(g3)).  [resolve(6029,a,15,a)].

given #2944 (T,wt=6): 2273 mem(f3(rb),f1(f3(rb))).  [resolve(2249,a,19,a)].

given #2945 (T,wt=4): 25393 car(f1(f3(rb))).  [resolve(2273,a,17,a)].

given #2946 (T,wt=5): 25407 car(cen(f1(f3(rb)))).  [resolve(25393,a,14,a)].

given #2947 (T,wt=6): 2536 blocked(f2(rb),cen(f2(rb))).  [resolve(2520,a,35,a)].

given #2948 (A,wt=63): 1176 -car(x) | -car(y) | -car(z) | -car(u) | cen(y) != cen(x) | cen(z) != cen(x) | cen(u) != cen(x) | cen(cen(g6)) != cen(x) | y = x | z = x | u = x | cen(g6) = x | z = y | u = y | cen(g6) = y | u = z | cen(g6) = z | cen(g6) = u.  [resolve(624,a,36,e)].

given #2949 (F,wt=8): 13176 cen(cen(f3(g3))) != cen(f3(g3)).  [resolve(6181,a,15,a)].

given #2950 (F,wt=8): 13196 cen(cen(f2(g3))) != cen(f2(g3)).  [resolve(6245,a,15,a)].

given #2951 (F,wt=8): 13216 cen(cen(f1(g3))) != cen(f1(g3)).  [resolve(6306,a,15,a)].

given #2952 (F,wt=8): 13236 cen(cen(f4(g4))) != cen(f4(g4)).  [resolve(6369,a,15,a)].

given #2953 (T,wt=6): 2543 mem(f2(rb),f4(f2(rb))).  [resolve(2520,a,22,a)].

given #2954 (T,wt=4): 25417 car(f4(f2(rb))).  [resolve(2543,a,17,a)].

given #2955 (T,wt=5): 25431 car(cen(f4(f2(rb)))).  [resolve(25417,a,14,a)].

given #2956 (T,wt=6): 2544 mem(f2(rb),f3(f2(rb))).  [resolve(2520,a,21,a)].

given #2957 (A,wt=66): 1177 -car(x) | -car(y) | -car(z) | -car(u) | cen(cen(g6)) != cen(x) | cen(cen(g6)) != cen(y) | cen(cen(g6)) != cen(z) | cen(cen(g6)) != cen(u) | cen(g6) = x | cen(g6) = y | cen(g6) = z | cen(g6) = u | y = x | z = x | u = x | z = y | u = y | u = z.  [resolve(624,a,36,a),flip(e),flip(f),flip(g),flip(h),flip(i),flip(j),flip(k),flip(l)].

given #2958 (F,wt=8): 13416 cen(cen(f3(g4))) != cen(f3(g4)).  [resolve(6430,a,15,a)].

given #2959 (F,wt=8): 13436 cen(cen(f2(g4))) != cen(f2(g4)).  [resolve(6493,a,15,a)].

given #2960 (F,wt=8): 13456 cen(cen(f1(g4))) != cen(f1(g4)).  [resolve(6563,a,15,a)].

given #2961 (F,wt=8): 13476 cen(cen(f4(g5))) != cen(f4(g5)).  [resolve(6627,a,15,a)].

given #2962 (T,wt=4): 25441 car(f3(f2(rb))).  [resolve(2544,a,17,a)].

given #2963 (T,wt=5): 25455 car(cen(f3(f2(rb)))).  [resolve(25441,a,14,a)].

given #2964 (T,wt=6): 2545 mem(f2(rb),f2(f2(rb))).  [resolve(2520,a,20,a)].

given #2965 (T,wt=4): 25465 car(f2(f2(rb))).  [resolve(2545,a,17,a)].

given #2966 (A,wt=30): 1192 -car(x) | cen(g7) = cen(x) | -mem(x,cen(x)) | -mem(g7,cen(x)) | -mem(x,cen(g7)) | -mem(g7,cen(g7)) | -mem(x,g7) | cen(x) = g7.  [resolve(638,a,351,i),unit_del(b,161),unit_del(j,639)].

given #2967 (F,wt=8): 13733 cen(cen(f3(g5))) != cen(f3(g5)).  [resolve(6688,a,15,a)].

given #2968 (F,wt=8): 13754 cen(cen(f2(g5))) != cen(f2(g5)).  [resolve(6749,a,15,a)].

given #2969 (F,wt=8): 13775 cen(cen(f1(g5))) != cen(f1(g5)).  [resolve(6810,a,15,a)].

given #2970 (F,wt=8): 13796 cen(cen(f4(g6))) != cen(f4(g6)).  [resolve(6877,a,15,a)].

given #2971 (T,wt=5): 25479 car(cen(f2(f2(rb)))).  [resolve(25465,a,14,a)].

given #2972 (T,wt=6): 2546 mem(f2(rb),f1(f2(rb))).  [resolve(2520,a,19,a)].

given #2973 (T,wt=4): 25489 car(f1(f2(rb))).  [resolve(2546,a,17,a)].

given #2974 (T,wt=5): 25503 car(cen(f1(f2(rb)))).  [resolve(25489,a,14,a)].

given #2975 (A,wt=31): 1193 -car(x) | cen(g7) = cen(x) | -mem(x,y) | -mem(g7,y) | -mem(x,z) | -mem(g7,z) | -mem(x,g7) | z = y | g7 = y | g7 = z.  [resolve(638,a,33,i),unit_del(b,161)].

given #2976 (F,wt=8): 13821 cen(cen(f3(g6))) != cen(f3(g6)).  [resolve(6939,a,15,a)].

given #2977 (F,wt=8): 13842 cen(cen(f2(g6))) != cen(f2(g6)).  [resolve(7005,a,15,a)].

given #2978 (F,wt=8): 13863 cen(cen(f1(g6))) != cen(f1(g6)).  [resolve(7275,a,15,a)].

given #2979 (F,wt=8): 13884 cen(cen(f4(g7))) != cen(f4(g7)).  [resolve(7443,a,15,a)].

given #2980 (T,wt=6): 2571 blocked(f1(rb),cen(f1(rb))).  [resolve(2555,a,35,a)].

given #2981 (T,wt=6): 2578 mem(f1(rb),f4(f1(rb))).  [resolve(2555,a,22,a)].

given #2982 (T,wt=4): 25513 car(f4(f1(rb))).  [resolve(2578,a,17,a)].

given #2983 (T,wt=5): 25527 car(cen(f4(f1(rb)))).  [resolve(25513,a,14,a)].

given #2984 (A,wt=10): 1194 -car(x) | cen(g7) != cen(x) | mem(x,g7).  [resolve(638,a,32,e),unit_del(b,161)].

given #2985 (F,wt=8): 13910 cen(cen(f3(g7))) != cen(f3(g7)).  [resolve(7507,a,15,a)].

given #2986 (F,wt=8): 13931 cen(cen(f2(g7))) != cen(f2(g7)).  [resolve(7684,a,15,a)].

given #2987 (F,wt=8): 13952 cen(cen(f1(g7))) != cen(f1(g7)).  [resolve(7738,a,15,a)].

given #2988 (F,wt=8): 13973 cen(cen(f4(g8))) != cen(f4(g8)).  [resolve(7900,a,15,a)].

given #2989 (T,wt=6): 2579 mem(f1(rb),f3(f1(rb))).  [resolve(2555,a,21,a)].

given #2990 (T,wt=4): 25564 car(f3(f1(rb))).  [resolve(2579,a,17,a)].

given #2991 (T,wt=5): 25578 car(cen(f3(f1(rb)))).  [resolve(25564,a,14,a)].

given #2992 (T,wt=6): 2580 mem(f1(rb),f2(f1(rb))).  [resolve(2555,a,20,a)].

given #2993 (A,wt=16): 1195 f1(g7) = g7 | f2(g7) = g7 | f3(g7) = g7 | f4(g7) = g7.  [resolve(638,a,30,b),unit_del(a,161)].

given #2994 (F,wt=8): 14126 cen(cen(f3(g8))) != cen(f3(g8)).  [resolve(7955,a,15,a)].

given #2995 (F,wt=8): 14147 cen(cen(f2(g8))) != cen(f2(g8)).  [resolve(8136,a,15,a)].

given #2996 (F,wt=8): 14168 cen(cen(f1(g8))) != cen(f1(g8)).  [resolve(8192,a,15,a)].

given #2997 (F,wt=8): 14189 cen(cen(f4(g9))) != cen(f4(g9)).  [resolve(8359,a,15,a)].

given #2998 (T,wt=4): 25588 car(f2(f1(rb))).  [resolve(2580,a,17,a)].

given #2999 (T,wt=5): 25602 car(cen(f2(f1(rb)))).  [resolve(25588,a,14,a)].

given #3000 (T,wt=6): 2581 mem(f1(rb),f1(f1(rb))).  [resolve(2555,a,19,a)].

given #3001 (T,wt=4): 25612 car(f1(f1(rb))).  [resolve(2581,a,17,a)].

given #3002 (A,wt=61): 1196 -car(x) | -car(y) | -car(z) | cen(pa) != cen(x) | cen(pa) != cen(y) | cen(pa) != cen(z) | cen(cen(g7)) != cen(pa) | pa = x | pa = y | pa = z | cen(g7) = pa | y = x | z = x | cen(g7) = x | z = y | cen(g7) = y | cen(g7) = z.  [resolve(640,a,356,d),flip(g),flip(k)].

given #3003 (F,wt=8): 14510 cen(cen(f3(g9))) != cen(f3(g9)).  [resolve(8517,a,15,a)].

given #3004 (F,wt=8): 14537 cen(cen(f2(g9))) != cen(f2(g9)).  [resolve(8549,a,15,a)].

given #3005 (F,wt=8): 14559 cen(cen(f1(g9))) != cen(f1(g9)).  [resolve(8598,a,15,a)].

given #3006 (F,wt=8): 14581 cen(cen(f4(g10))) != cen(f4(g10)).  [resolve(8630,a,15,a)].

given #3007 (T,wt=5): 25626 car(cen(f1(f1(rb)))).  [resolve(25612,a,14,a)].

given #3008 (T,wt=6): 2669 blocked(f4(qa),cen(f4(qa))).  [resolve(2652,a,35,a)].

given #3009 (T,wt=6): 2676 mem(f4(qa),f4(f4(qa))).  [resolve(2652,a,22,a)].

given #3010 (T,wt=4): 25636 car(f4(f4(qa))).  [resolve(2676,a,17,a)].

given #3011 (A,wt=61): 1197 -car(x) | -car(y) | -car(z) | cen(y) != cen(x) | cen(z) != cen(x) | cen(cen(g7)) != cen(x) | cen(pa) != cen(x) | y = x | z = x | cen(g7) = x | pa = x | z = y | cen(g7) = y | pa = y | cen(g7) = z | pa = z | cen(g7) = pa.  [resolve(640,a,355,d),flip(q)].

given #3012 (F,wt=8): 14603 cen(cen(f3(g10))) != cen(f3(g10)).  [resolve(8693,a,15,a)].

given #3013 (F,wt=8): 14627 cen(cen(f2(g10))) != cen(f2(g10)).  [resolve(8725,a,15,a)].

given #3014 (F,wt=8): 14649 cen(cen(f1(g10))) != cen(f1(g10)).  [resolve(8771,a,15,a)].

given #3015 (F,wt=8): 14671 cen(cen(f4(g11))) != cen(f4(g11)).  [resolve(8830,a,15,a)].

given #3016 (T,wt=5): 25650 car(cen(f4(f4(qa)))).  [resolve(25636,a,14,a)].

given #3017 (T,wt=6): 2677 mem(f4(qa),f3(f4(qa))).  [resolve(2652,a,21,a)].

given #3018 (T,wt=4): 25660 car(f3(f4(qa))).  [resolve(2677,a,17,a)].

given #3019 (T,wt=5): 25674 car(cen(f3(f4(qa)))).  [resolve(25660,a,14,a)].

given #3020 (A,wt=64): 1198 -car(x) | -car(y) | -car(z) | cen(cen(g7)) != cen(x) | cen(cen(g7)) != cen(y) | cen(cen(g7)) != cen(z) | cen(cen(g7)) != cen(pa) | cen(g7) = x | cen(g7) = y | cen(g7) = z | cen(g7) = pa | y = x | z = x | pa = x | z = y | pa = y | pa = z.  [resolve(640,a,355,a),flip(d),flip(e),flip(f),flip(g),flip(h),flip(i),flip(j),flip(k)].

given #3021 (F,wt=8): 14693 cen(cen(f3(g11))) != cen(f3(g11)).  [resolve(8862,a,15,a)].

given #3022 (F,wt=8): 14838 cen(cen(f2(g11))) != cen(f2(g11)).  [resolve(8907,a,15,a)].

given #3023 (F,wt=8): 14860 cen(cen(f1(g11))) != cen(f1(g11)).  [resolve(8939,a,15,a)].

given #3024 (F,wt=8): 14882 cen(cen(f4(g12))) != cen(f4(g12)).  [resolve(8996,a,15,a)].

given #3025 (T,wt=6): 2678 mem(f4(qa),f2(f4(qa))).  [resolve(2652,a,20,a)].

given #3026 (T,wt=4): 25684 car(f2(f4(qa))).  [resolve(2678,a,17,a)].

given #3027 (T,wt=5): 25698 car(cen(f2(f4(qa)))).  [resolve(25684,a,14,a)].

given #3028 (T,wt=6): 2679 mem(f4(qa),f1(f4(qa))).  [resolve(2652,a,19,a)].

given #3029 (A,wt=63): 1199 -car(x) | -car(y) | -car(z) | -car(u) | cen(y) != cen(x) | cen(z) != cen(x) | cen(u) != cen(x) | cen(cen(g7)) != cen(x) | y = x | z = x | u = x | cen(g7) = x | z = y | u = y | cen(g7) = y | u = z | cen(g7) = z | cen(g7) = u.  [resolve(640,a,36,e)].

given #3030 (F,wt=8): 14904 cen(cen(f3(g12))) != cen(f3(g12)).  [resolve(9028,a,15,a)].

given #3031 (F,wt=8): 15052 cen(cen(f2(g12))) != cen(f2(g12)).  [resolve(9072,a,15,a)].

given #3032 (F,wt=8): 15074 cen(cen(f1(g12))) != cen(f1(g12)).  [resolve(9104,a,15,a)].

given #3033 (F,wt=8): 15096 cen(cen(f4(g13))) != cen(f4(g13)).  [resolve(9159,a,15,a)].

given #3034 (T,wt=4): 25708 car(f1(f4(qa))).  [resolve(2679,a,17,a)].

given #3035 (T,wt=5): 25722 car(cen(f1(f4(qa)))).  [resolve(25708,a,14,a)].

given #3036 (T,wt=6): 2707 blocked(f3(qa),cen(f3(qa))).  [resolve(2688,a,35,a)].

given #3037 (T,wt=6): 2714 mem(f3(qa),f4(f3(qa))).  [resolve(2688,a,22,a)].

given #3038 (A,wt=66): 1200 -car(x) | -car(y) | -car(z) | -car(u) | cen(cen(g7)) != cen(x) | cen(cen(g7)) != cen(y) | cen(cen(g7)) != cen(z) | cen(cen(g7)) != cen(u) | cen(g7) = x | cen(g7) = y | cen(g7) = z | cen(g7) = u | y = x | z = x | u = x | z = y | u = y | u = z.  [resolve(640,a,36,a),flip(e),flip(f),flip(g),flip(h),flip(i),flip(j),flip(k),flip(l)].

given #3039 (F,wt=8): 15118 cen(cen(f3(g13))) != cen(f3(g13)).  [resolve(9202,a,15,a)].

given #3040 (F,wt=8): 15291 cen(cen(f2(g13))) != cen(f2(g13)).  [resolve(9234,a,15,a)].

given #3041 (F,wt=8): 15313 cen(cen(f1(g13))) != cen(f1(g13)).  [resolve(9287,a,15,a)].

given #3042 (F,wt=8): 15335 cen(cen(f4(g14))) != cen(f4(g14)).  [resolve(9319,a,15,a)].

given #3043 (T,wt=4): 25732 car(f4(f3(qa))).  [resolve(2714,a,17,a)].

given #3044 (T,wt=5): 25746 car(cen(f4(f3(qa)))).  [resolve(25732,a,14,a)].

given #3045 (T,wt=6): 2715 mem(f3(qa),f3(f3(qa))).  [resolve(2688,a,21,a)].

given #3046 (T,wt=4): 25756 car(f3(f3(qa))).  [resolve(2715,a,17,a)].

given #3047 (A,wt=37): 1215 -car(x) | cen(pa) = cen(x) | -mem(x,cen(x)) | -mem(pa,cen(x)) | -mem(x,cen(pa)) | -mem(pa,cen(pa)) | -mem(x,f4(pa)) | f4(pa) = cen(x) | f4(pa) = cen(pa).  [resolve(364,a,351,i),flip(i),flip(j),unit_del(b,37)].

given #3048 (F,wt=8): 15357 cen(cen(f3(g14))) != cen(f3(g14)).  [resolve(9361,a,15,a)].

given #3049 (F,wt=8): 15529 cen(cen(f2(g14))) != cen(f2(g14)).  [resolve(9393,a,15,a)].

given #3050 (F,wt=8): 15551 cen(cen(f1(g14))) != cen(f1(g14)).  [resolve(9444,a,15,a)].

given #3051 (F,wt=8): 15573 cen(cen(f4(c1))) != cen(f4(c1)).  [resolve(9485,a,15,a)].

given #3052 (T,wt=5): 25770 car(cen(f3(f3(qa)))).  [resolve(25756,a,14,a)].

given #3053 (T,wt=6): 2716 mem(f3(qa),f2(f3(qa))).  [resolve(2688,a,20,a)].

given #3054 (T,wt=4): 25780 car(f2(f3(qa))).  [resolve(2716,a,17,a)].

given #3055 (T,wt=5): 25794 car(cen(f2(f3(qa)))).  [resolve(25780,a,14,a)].

given #3056 (A,wt=34): 1216 -car(x) | cen(pa) = cen(x) | -mem(x,y) | -mem(pa,y) | -mem(x,z) | -mem(pa,z) | -mem(x,f4(pa)) | z = y | f4(pa) = y | f4(pa) = z.  [resolve(364,a,33,i),unit_del(b,37)].

given #3057 (F,wt=8): 15595 cen(cen(f3(c1))) != cen(f3(c1)).  [resolve(9517,a,15,a)].

given #3058 (F,wt=8): 15637 cen(cen(f2(c1))) != cen(f2(c1)).  [resolve(9566,a,15,a)].

given #3059 (F,wt=8): 15659 cen(cen(f1(c1))) != cen(f1(c1)).  [resolve(9598,a,15,a)].

given #3060 (F,wt=8): 15729 cen(cen(f4(c2))) != cen(f4(c2)).  [resolve(9638,a,15,a)].

given #3061 (T,wt=6): 2717 mem(f3(qa),f1(f3(qa))).  [resolve(2688,a,19,a)].

given #3062 (T,wt=4): 25804 car(f1(f3(qa))).  [resolve(2717,a,17,a)].

given #3063 (T,wt=5): 25818 car(cen(f1(f3(qa)))).  [resolve(25804,a,14,a)].

given #3064 (T,wt=6): 2743 blocked(f2(qa),cen(f2(qa))).  [resolve(2724,a,35,a)].

given #3065 (A,wt=11): 1217 -car(x) | cen(pa) != cen(x) | mem(x,f4(pa)).  [resolve(364,a,32,e),unit_del(b,37)].

given #3066 (F,wt=8): 15751 cen(cen(f3(c2))) != cen(f3(c2)).  [resolve(9670,a,15,a)].

given #3067 (F,wt=8): 15773 cen(cen(f2(c2))) != cen(f2(c2)).  [resolve(9717,a,15,a)].

given #3068 (F,wt=8): 15795 cen(cen(f1(c2))) != cen(f1(c2)).  [resolve(9749,a,15,a)].

given #3069 (F,wt=8): 15817 cen(cen(f4(c3))) != cen(f4(c3)).  [resolve(9788,a,15,a)].

given #3070 (T,wt=4): 25848 mem(pb,f4(pa)).  [resolve(1217,a,38,a),rewrite([150(4)]),xx(a)].

given #3071 (T,wt=6): 2750 mem(f2(qa),f4(f2(qa))).  [resolve(2724,a,22,a)].

given #3072 (T,wt=4): 25849 car(f4(f2(qa))).  [resolve(2750,a,17,a)].

given #3073 (T,wt=5): 25863 car(cen(f4(f2(qa)))).  [resolve(25849,a,14,a)].

given #3074 (A,wt=30): 1219 -car(x) | cen(g8) = cen(x) | -mem(x,cen(x)) | -mem(g8,cen(x)) | -mem(x,cen(g8)) | -mem(g8,cen(g8)) | -mem(x,g8) | cen(x) = g8.  [resolve(654,a,351,i),unit_del(b,162),unit_del(j,655)].

given #3075 (F,wt=8): 15839 cen(cen(f3(c3))) != cen(f3(c3)).  [resolve(9833,a,15,a)].

given #3076 (F,wt=8): 15861 cen(cen(f2(c3))) != cen(f2(c3)).  [resolve(9865,a,15,a)].

given #3077 (F,wt=8): 15883 cen(cen(f1(c3))) != cen(f1(c3)).  [resolve(9903,a,15,a)].

given #3078 (F,wt=8): 15905 cen(cen(f4(c4))) != cen(f4(c4)).  [resolve(9935,a,15,a)].

given #3079 (T,wt=6): 2751 mem(f2(qa),f3(f2(qa))).  [resolve(2724,a,21,a)].

given #3080 (T,wt=4): 25873 car(f3(f2(qa))).  [resolve(2751,a,17,a)].

given #3081 (T,wt=5): 25887 car(cen(f3(f2(qa)))).  [resolve(25873,a,14,a)].

given #3082 (T,wt=6): 2752 mem(f2(qa),f2(f2(qa))).  [resolve(2724,a,20,a)].

given #3083 (A,wt=31): 1220 -car(x) | cen(g8) = cen(x) | -mem(x,y) | -mem(g8,y) | -mem(x,z) | -mem(g8,z) | -mem(x,g8) | z = y | g8 = y | g8 = z.  [resolve(654,a,33,i),unit_del(b,162)].

given #3084 (F,wt=8): 15927 cen(cen(f3(c4))) != cen(f3(c4)).  [resolve(9978,a,15,a)].

given #3085 (F,wt=8): 15949 cen(cen(f2(c4))) != cen(f2(c4)).  [resolve(10010,a,15,a)].

given #3086 (F,wt=8): 15971 cen(cen(f1(c4))) != cen(f1(c4)).  [resolve(10047,a,15,a)].

given #3087 (F,wt=8): 19478 cen(f4(cen(pa))) != f4(cen(pa)).  [resolve(19456,a,15,a)].

given #3088 (T,wt=4): 25897 car(f2(f2(qa))).  [resolve(2752,a,17,a)].

given #3089 (T,wt=5): 25911 car(cen(f2(f2(qa)))).  [resolve(25897,a,14,a)].

given #3090 (T,wt=6): 2753 mem(f2(qa),f1(f2(qa))).  [resolve(2724,a,19,a)].

given #3091 (T,wt=4): 25921 car(f1(f2(qa))).  [resolve(2753,a,17,a)].

given #3092 (A,wt=10): 1221 -car(x) | cen(g8) != cen(x) | mem(x,g8).  [resolve(654,a,32,e),unit_del(b,162)].

given #3093 (F,wt=8): 19517 cen(f3(cen(pa))) != f3(cen(pa)).  [resolve(19495,a,15,a)].

given #3094 (F,wt=8): 19556 cen(f2(cen(pa))) != f2(cen(pa)).  [resolve(19534,a,15,a)].

given #3095 (F,wt=8): 19595 cen(f1(cen(pa))) != f1(cen(pa)).  [resolve(19573,a,15,a)].

given #3096 (F,wt=8): 19634 cen(f4(cen(ra))) != f4(cen(ra)).  [resolve(19612,a,15,a)].

given #3097 (T,wt=5): 25935 car(cen(f1(f2(qa)))).  [resolve(25921,a,14,a)].

given #3098 (T,wt=6): 3032 blocked(f1(qa),cen(f1(qa))).  [resolve(3011,a,35,a)].

given #3099 (T,wt=6): 3039 mem(f1(qa),f4(f1(qa))).  [resolve(3011,a,22,a)].

given #3100 (T,wt=4): 25972 car(f4(f1(qa))).  [resolve(3039,a,17,a)].

given #3101 (A,wt=16): 1222 f1(g8) = g8 | f2(g8) = g8 | f3(g8) = g8 | f4(g8) = g8.  [resolve(654,a,30,b),unit_del(a,162)].

given #3102 (F,wt=8): 19673 cen(f3(cen(ra))) != f3(cen(ra)).  [resolve(19651,a,15,a)].

given #3103 (F,wt=8): 19712 cen(f2(cen(ra))) != f2(cen(ra)).  [resolve(19690,a,15,a)].

given #3104 (F,wt=8): 19751 cen(f1(cen(ra))) != f1(cen(ra)).  [resolve(19729,a,15,a)].

given #3105 (F,wt=8): 19790 cen(f4(cen(ca))) != f4(cen(ca)).  [resolve(19768,a,15,a)].

given #3106 (T,wt=5): 25986 car(cen(f4(f1(qa)))).  [resolve(25972,a,14,a)].

given #3107 (T,wt=6): 3040 mem(f1(qa),f3(f1(qa))).  [resolve(3011,a,21,a)].

given #3108 (T,wt=4): 25996 car(f3(f1(qa))).  [resolve(3040,a,17,a)].

given #3109 (T,wt=5): 26010 car(cen(f3(f1(qa)))).  [resolve(25996,a,14,a)].

given #3110 (A,wt=61): 1223 -car(x) | -car(y) | -car(z) | cen(pa) != cen(x) | cen(pa) != cen(y) | cen(pa) != cen(z) | cen(cen(g8)) != cen(pa) | pa = x | pa = y | pa = z | cen(g8) = pa | y = x | z = x | cen(g8) = x | z = y | cen(g8) = y | cen(g8) = z.  [resolve(656,a,356,d),flip(g),flip(k)].

given #3111 (F,wt=8): 19829 cen(f3(cen(ca))) != f3(cen(ca)).  [resolve(19807,a,15,a)].

given #3112 (F,wt=8): 19868 cen(f2(cen(ca))) != f2(cen(ca)).  [resolve(19846,a,15,a)].

given #3113 (F,wt=8): 19907 cen(f1(cen(ca))) != f1(cen(ca)).  [resolve(19885,a,15,a)].

given #3114 (F,wt=8): 19946 cen(f4(cen(oa))) != f4(cen(oa)).  [resolve(19924,a,15,a)].

given #3115 (T,wt=6): 3041 mem(f1(qa),f2(f1(qa))).  [resolve(3011,a,20,a)].

given #3116 (T,wt=4): 26020 car(f2(f1(qa))).  [resolve(3041,a,17,a)].

given #3117 (T,wt=5): 26034 car(cen(f2(f1(qa)))).  [resolve(26020,a,14,a)].

given #3118 (T,wt=6): 3042 mem(f1(qa),f1(f1(qa))).  [resolve(3011,a,19,a)].

given #3119 (A,wt=61): 1224 -car(x) | -car(y) | -car(z) | cen(y) != cen(x) | cen(z) != cen(x) | cen(cen(g8)) != cen(x) | cen(pa) != cen(x) | y = x | z = x | cen(g8) = x | pa = x | z = y | cen(g8) = y | pa = y | cen(g8) = z | pa = z | cen(g8) = pa.  [resolve(656,a,355,d),flip(q)].

given #3120 (F,wt=8): 19985 cen(f3(cen(oa))) != f3(cen(oa)).  [resolve(19963,a,15,a)].

given #3121 (F,wt=8): 20024 cen(f2(cen(oa))) != f2(cen(oa)).  [resolve(20002,a,15,a)].

given #3122 (F,wt=8): 20063 cen(f1(cen(oa))) != f1(cen(oa)).  [resolve(20041,a,15,a)].

given #3123 (F,wt=8): 20102 cen(f4(cen(g0))) != f4(cen(g0)).  [resolve(20080,a,15,a)].

given #3124 (T,wt=4): 26044 car(f1(f1(qa))).  [resolve(3042,a,17,a)].

given #3125 (T,wt=5): 26058 car(cen(f1(f1(qa)))).  [resolve(26044,a,14,a)].

given #3126 (T,wt=6): 3138 blocked(f4(qb),cen(f4(qb))).  [resolve(3116,a,35,a)].

given #3127 (T,wt=6): 3145 mem(f4(qb),f4(f4(qb))).  [resolve(3116,a,22,a)].

given #3128 (A,wt=64): 1225 -car(x) | -car(y) | -car(z) | cen(cen(g8)) != cen(x) | cen(cen(g8)) != cen(y) | cen(cen(g8)) != cen(z) | cen(cen(g8)) != cen(pa) | cen(g8) = x | cen(g8) = y | cen(g8) = z | cen(g8) = pa | y = x | z = x | pa = x | z = y | pa = y | pa = z.  [resolve(656,a,355,a),flip(d),flip(e),flip(f),flip(g),flip(h),flip(i),flip(j),flip(k)].

given #3129 (F,wt=8): 20141 cen(f3(cen(g0))) != f3(cen(g0)).  [resolve(20119,a,15,a)].

given #3130 (F,wt=8): 20180 cen(f2(cen(g0))) != f2(cen(g0)).  [resolve(20158,a,15,a)].

given #3131 (F,wt=8): 20219 cen(f1(cen(g0))) != f1(cen(g0)).  [resolve(20197,a,15,a)].

given #3132 (F,wt=8): 20557 cen(f4(cen(g1))) != f4(cen(g1)).  [resolve(20544,a,15,a)].

given #3133 (T,wt=4): 26068 car(f4(f4(qb))).  [resolve(3145,a,17,a)].

given #3134 (T,wt=5): 26082 car(cen(f4(f4(qb)))).  [resolve(26068,a,14,a)].

given #3135 (T,wt=6): 3146 mem(f4(qb),f3(f4(qb))).  [resolve(3116,a,21,a)].

given #3136 (T,wt=4): 26092 car(f3(f4(qb))).  [resolve(3146,a,17,a)].

given #3137 (A,wt=63): 1226 -car(x) | -car(y) | -car(z) | -car(u) | cen(y) != cen(x) | cen(z) != cen(x) | cen(u) != cen(x) | cen(cen(g8)) != cen(x) | y = x | z = x | u = x | cen(g8) = x | z = y | u = y | cen(g8) = y | u = z | cen(g8) = z | cen(g8) = u.  [resolve(656,a,36,e)].

given #3138 (F,wt=8): 20586 cen(f3(cen(g1))) != f3(cen(g1)).  [resolve(20573,a,15,a)].

given #3139 (F,wt=8): 20615 cen(f2(cen(g1))) != f2(cen(g1)).  [resolve(20602,a,15,a)].

given #3140 (F,wt=8): 20644 cen(f1(cen(g1))) != f1(cen(g1)).  [resolve(20631,a,15,a)].

given #3141 (F,wt=8): 20673 cen(f4(cen(g2))) != f4(cen(g2)).  [resolve(20660,a,15,a)].

given #3142 (T,wt=5): 26106 car(cen(f3(f4(qb)))).  [resolve(26092,a,14,a)].

given #3143 (T,wt=6): 3147 mem(f4(qb),f2(f4(qb))).  [resolve(3116,a,20,a)].

given #3144 (T,wt=4): 26116 car(f2(f4(qb))).  [resolve(3147,a,17,a)].

given #3145 (T,wt=5): 26130 car(cen(f2(f4(qb)))).  [resolve(26116,a,14,a)].

given #3146 (A,wt=66): 1227 -car(x) | -car(y) | -car(z) | -car(u) | cen(cen(g8)) != cen(x) | cen(cen(g8)) != cen(y) | cen(cen(g8)) != cen(z) | cen(cen(g8)) != cen(u) | cen(g8) = x | cen(g8) = y | cen(g8) = z | cen(g8) = u | y = x | z = x | u = x | z = y | u = y | u = z.  [resolve(656,a,36,a),flip(e),flip(f),flip(g),flip(h),flip(i),flip(j),flip(k),flip(l)].

given #3147 (F,wt=8): 20856 cen(f3(cen(g2))) != f3(cen(g2)).  [resolve(20843,a,15,a)].

given #3148 (F,wt=8): 20885 cen(f2(cen(g2))) != f2(cen(g2)).  [resolve(20872,a,15,a)].

given #3149 (F,wt=8): 20914 cen(f1(cen(g2))) != f1(cen(g2)).  [resolve(20901,a,15,a)].

given #3150 (F,wt=8): 20943 cen(f4(cen(g3))) != f4(cen(g3)).  [resolve(20930,a,15,a)].

given #3151 (T,wt=6): 3148 mem(f4(qb),f1(f4(qb))).  [resolve(3116,a,19,a)].

given #3152 (T,wt=4): 26140 car(f1(f4(qb))).  [resolve(3148,a,17,a)].

given #3153 (T,wt=5): 26154 car(cen(f1(f4(qb)))).  [resolve(26140,a,14,a)].

given #3154 (T,wt=6): 3179 blocked(f3(qb),cen(f3(qb))).  [resolve(3157,a,35,a)].

given #3155 (A,wt=30): 1242 -car(x) | cen(g9) = cen(x) | -mem(x,cen(x)) | -mem(g9,cen(x)) | -mem(x,cen(g9)) | -mem(g9,cen(g9)) | -mem(x,g9) | cen(x) = g9.  [resolve(670,a,351,i),unit_del(b,163),unit_del(j,671)].

given #3156 (F,wt=8): 20972 cen(f3(cen(g3))) != f3(cen(g3)).  [resolve(20959,a,15,a)].

given #3157 (F,wt=8): 21001 cen(f2(cen(g3))) != f2(cen(g3)).  [resolve(20988,a,15,a)].

given #3158 (F,wt=8): 21030 cen(f1(cen(g3))) != f1(cen(g3)).  [resolve(21017,a,15,a)].

given #3159 (F,wt=8): 21059 cen(f4(cen(g4))) != f4(cen(g4)).  [resolve(21046,a,15,a)].

given #3160 (T,wt=6): 3186 mem(f3(qb),f4(f3(qb))).  [resolve(3157,a,22,a)].

given #3161 (T,wt=4): 26164 car(f4(f3(qb))).  [resolve(3186,a,17,a)].

given #3162 (T,wt=5): 26178 car(cen(f4(f3(qb)))).  [resolve(26164,a,14,a)].

given #3163 (T,wt=6): 3187 mem(f3(qb),f3(f3(qb))).  [resolve(3157,a,21,a)].

given #3164 (A,wt=31): 1243 -car(x) | cen(g9) = cen(x) | -mem(x,y) | -mem(g9,y) | -mem(x,z) | -mem(g9,z) | -mem(x,g9) | z = y | g9 = y | g9 = z.  [resolve(670,a,33,i),unit_del(b,163)].

given #3165 (F,wt=8): 21088 cen(f3(cen(g4))) != f3(cen(g4)).  [resolve(21075,a,15,a)].

given #3166 (F,wt=8): 21117 cen(f2(cen(g4))) != f2(cen(g4)).  [resolve(21104,a,15,a)].

given #3167 (F,wt=8): 21146 cen(f1(cen(g4))) != f1(cen(g4)).  [resolve(21133,a,15,a)].

given #3168 (F,wt=8): 21329 cen(f4(cen(g5))) != f4(cen(g5)).  [resolve(21316,a,15,a)].

given #3169 (T,wt=4): 26188 car(f3(f3(qb))).  [resolve(3187,a,17,a)].

given #3170 (T,wt=5): 26202 car(cen(f3(f3(qb)))).  [resolve(26188,a,14,a)].

given #3171 (T,wt=6): 3188 mem(f3(qb),f2(f3(qb))).  [resolve(3157,a,20,a)].

given #3172 (T,wt=4): 26212 car(f2(f3(qb))).  [resolve(3188,a,17,a)].

given #3173 (A,wt=10): 1244 -car(x) | cen(g9) != cen(x) | mem(x,g9).  [resolve(670,a,32,e),unit_del(b,163)].

given #3174 (F,wt=8): 21358 cen(f3(cen(g5))) != f3(cen(g5)).  [resolve(21345,a,15,a)].

given #3175 (F,wt=8): 21387 cen(f2(cen(g5))) != f2(cen(g5)).  [resolve(21374,a,15,a)].

given #3176 (F,wt=8): 21416 cen(f1(cen(g5))) != f1(cen(g5)).  [resolve(21403,a,15,a)].

given #3177 (F,wt=8): 21445 cen(f4(cen(g6))) != f4(cen(g6)).  [resolve(21432,a,15,a)].

given #3178 (T,wt=5): 26226 car(cen(f2(f3(qb)))).  [resolve(26212,a,14,a)].

given #3179 (T,wt=6): 3189 mem(f3(qb),f1(f3(qb))).  [resolve(3157,a,19,a)].

given #3180 (T,wt=4): 26263 car(f1(f3(qb))).  [resolve(3189,a,17,a)].

given #3181 (T,wt=5): 26277 car(cen(f1(f3(qb)))).  [resolve(26263,a,14,a)].

given #3182 (A,wt=16): 1245 f1(g9) = g9 | f2(g9) = g9 | f3(g9) = g9 | f4(g9) = g9.  [resolve(670,a,30,b),unit_del(a,163)].

given #3183 (F,wt=8): 21474 cen(f3(cen(g6))) != f3(cen(g6)).  [resolve(21461,a,15,a)].

given #3184 (F,wt=8): 21503 cen(f2(cen(g6))) != f2(cen(g6)).  [resolve(21490,a,15,a)].

given #3185 (F,wt=8): 21532 cen(f1(cen(g6))) != f1(cen(g6)).  [resolve(21519,a,15,a)].

given #3186 (F,wt=8): 21561 cen(f4(cen(g7))) != f4(cen(g7)).  [resolve(21548,a,15,a)].

given #3187 (T,wt=6): 3224 blocked(f2(qb),cen(f2(qb))).  [resolve(3200,a,35,a)].

given #3188 (T,wt=6): 3231 mem(f2(qb),f4(f2(qb))).  [resolve(3200,a,22,a)].

given #3189 (T,wt=4): 26287 car(f4(f2(qb))).  [resolve(3231,a,17,a)].

given #3190 (T,wt=5): 26301 car(cen(f4(f2(qb)))).  [resolve(26287,a,14,a)].

given #3191 (A,wt=61): 1246 -car(x) | -car(y) | -car(z) | cen(pa) != cen(x) | cen(pa) != cen(y) | cen(pa) != cen(z) | cen(cen(g9)) != cen(pa) | pa = x | pa = y | pa = z | cen(g9) = pa | y = x | z = x | cen(g9) = x | z = y | cen(g9) = y | cen(g9) = z.  [resolve(672,a,356,d),flip(g),flip(k)].

given #3192 (F,wt=8): 21590 cen(f3(cen(g7))) != f3(cen(g7)).  [resolve(21577,a,15,a)].

given #3193 (F,wt=8): 21619 cen(f2(cen(g7))) != f2(cen(g7)).  [resolve(21606,a,15,a)].

given #3194 (F,wt=8): 21648 cen(f1(cen(g7))) != f1(cen(g7)).  [resolve(21635,a,15,a)].

given #3195 (F,wt=8): 21677 cen(f4(cen(g8))) != f4(cen(g8)).  [resolve(21664,a,15,a)].

given #3196 (T,wt=6): 3232 mem(f2(qb),f3(f2(qb))).  [resolve(3200,a,21,a)].

given #3197 (T,wt=4): 26311 car(f3(f2(qb))).  [resolve(3232,a,17,a)].

given #3198 (T,wt=5): 26325 car(cen(f3(f2(qb)))).  [resolve(26311,a,14,a)].

given #3199 (T,wt=6): 3233 mem(f2(qb),f2(f2(qb))).  [resolve(3200,a,20,a)].

given #3200 (A,wt=61): 1247 -car(x) | -car(y) | -car(z) | cen(y) != cen(x) | cen(z) != cen(x) | cen(cen(g9)) != cen(x) | cen(pa) != cen(x) | y = x | z = x | cen(g9) = x | pa = x | z = y | cen(g9) = y | pa = y | cen(g9) = z | pa = z | cen(g9) = pa.  [resolve(672,a,355,d),flip(q)].

given #3201 (F,wt=8): 21706 cen(f3(cen(g8))) != f3(cen(g8)).  [resolve(21693,a,15,a)].

given #3202 (F,wt=8): 21735 cen(f2(cen(g8))) != f2(cen(g8)).  [resolve(21722,a,15,a)].

given #3203 (F,wt=8): 21764 cen(f1(cen(g8))) != f1(cen(g8)).  [resolve(21751,a,15,a)].

given #3204 (F,wt=8): 21793 cen(f4(cen(g9))) != f4(cen(g9)).  [resolve(21780,a,15,a)].

given #3205 (T,wt=4): 26335 car(f2(f2(qb))).  [resolve(3233,a,17,a)].

given #3206 (T,wt=5): 26349 car(cen(f2(f2(qb)))).  [resolve(26335,a,14,a)].

given #3207 (T,wt=6): 3234 mem(f2(qb),f1(f2(qb))).  [resolve(3200,a,19,a)].

given #3208 (T,wt=4): 26359 car(f1(f2(qb))).  [resolve(3234,a,17,a)].

given #3209 (A,wt=64): 1248 -car(x) | -car(y) | -car(z) | cen(cen(g9)) != cen(x) | cen(cen(g9)) != cen(y) | cen(cen(g9)) != cen(z) | cen(cen(g9)) != cen(pa) | cen(g9) = x | cen(g9) = y | cen(g9) = z | cen(g9) = pa | y = x | z = x | pa = x | z = y | pa = y | pa = z.  [resolve(672,a,355,a),flip(d),flip(e),flip(f),flip(g),flip(h),flip(i),flip(j),flip(k)].

given #3210 (F,wt=8): 21822 cen(f3(cen(g9))) != f3(cen(g9)).  [resolve(21809,a,15,a)].

given #3211 (F,wt=8): 21851 cen(f2(cen(g9))) != f2(cen(g9)).  [resolve(21838,a,15,a)].

given #3212 (F,wt=8): 22033 cen(f1(cen(g9))) != f1(cen(g9)).  [resolve(22020,a,15,a)].

given #3213 (F,wt=8): 22062 cen(f4(cen(g10))) != f4(cen(g10)).  [resolve(22049,a,15,a)].

given #3214 (T,wt=5): 26373 car(cen(f1(f2(qb)))).  [resolve(26359,a,14,a)].

given #3215 (T,wt=6): 3265 blocked(f1(qb),cen(f1(qb))).  [resolve(3241,a,35,a)].

given #3216 (T,wt=6): 3272 mem(f1(qb),f4(f1(qb))).  [resolve(3241,a,22,a)].

given #3217 (T,wt=4): 26383 car(f4(f1(qb))).  [resolve(3272,a,17,a)].

given #3218 (A,wt=63): 1249 -car(x) | -car(y) | -car(z) | -car(u) | cen(y) != cen(x) | cen(z) != cen(x) | cen(u) != cen(x) | cen(cen(g9)) != cen(x) | y = x | z = x | u = x | cen(g9) = x | z = y | u = y | cen(g9) = y | u = z | cen(g9) = z | cen(g9) = u.  [resolve(672,a,36,e)].

given #3219 (F,wt=8): 22091 cen(f3(cen(g10))) != f3(cen(g10)).  [resolve(22078,a,15,a)].

given #3220 (F,wt=8): 22120 cen(f2(cen(g10))) != f2(cen(g10)).  [resolve(22107,a,15,a)].

given #3221 (F,wt=8): 22149 cen(f1(cen(g10))) != f1(cen(g10)).  [resolve(22136,a,15,a)].

given #3222 (F,wt=8): 22331 cen(f4(cen(g11))) != f4(cen(g11)).  [resolve(22318,a,15,a)].

given #3223 (T,wt=5): 26397 car(cen(f4(f1(qb)))).  [resolve(26383,a,14,a)].

given #3224 (T,wt=6): 3273 mem(f1(qb),f3(f1(qb))).  [resolve(3241,a,21,a)].

given #3225 (T,wt=4): 26407 car(f3(f1(qb))).  [resolve(3273,a,17,a)].

given #3226 (T,wt=5): 26421 car(cen(f3(f1(qb)))).  [resolve(26407,a,14,a)].

given #3227 (A,wt=66): 1250 -car(x) | -car(y) | -car(z) | -car(u) | cen(cen(g9)) != cen(x) | cen(cen(g9)) != cen(y) | cen(cen(g9)) != cen(z) | cen(cen(g9)) != cen(u) | cen(g9) = x | cen(g9) = y | cen(g9) = z | cen(g9) = u | y = x | z = x | u = x | z = y | u = y | u = z.  [resolve(672,a,36,a),flip(e),flip(f),flip(g),flip(h),flip(i),flip(j),flip(k),flip(l)].

given #3228 (F,wt=8): 22360 cen(f3(cen(g11))) != f3(cen(g11)).  [resolve(22347,a,15,a)].

given #3229 (F,wt=8): 22389 cen(f2(cen(g11))) != f2(cen(g11)).  [resolve(22376,a,15,a)].

given #3230 (F,wt=8): 22418 cen(f1(cen(g11))) != f1(cen(g11)).  [resolve(22405,a,15,a)].

given #3231 (F,wt=8): 22608 cen(f4(cen(g12))) != f4(cen(g12)).  [resolve(22434,a,15,a)].

given #3232 (T,wt=6): 3274 mem(f1(qb),f2(f1(qb))).  [resolve(3241,a,20,a)].

given #3233 (T,wt=4): 26431 car(f2(f1(qb))).  [resolve(3274,a,17,a)].

given #3234 (T,wt=5): 26445 car(cen(f2(f1(qb)))).  [resolve(26431,a,14,a)].

given #3235 (T,wt=6): 3275 mem(f1(qb),f1(f1(qb))).  [resolve(3241,a,19,a)].

given #3236 (A,wt=37): 1265 -car(x) | cen(pa) = cen(x) | -mem(x,cen(x)) | -mem(pa,cen(x)) | -mem(x,cen(pa)) | -mem(pa,cen(pa)) | -mem(x,f3(pa)) | f3(pa) = cen(x) | f3(pa) = cen(pa).  [resolve(365,a,351,i),flip(i),flip(j),unit_del(b,37)].

given #3237 (F,wt=8): 22637 cen(f3(cen(g12))) != f3(cen(g12)).  [resolve(22624,a,15,a)].

given #3238 (F,wt=8): 22666 cen(f2(cen(g12))) != f2(cen(g12)).  [resolve(22653,a,15,a)].

given #3239 (F,wt=8): 22695 cen(f1(cen(g12))) != f1(cen(g12)).  [resolve(22682,a,15,a)].

given #3240 (F,wt=8): 22724 cen(f4(cen(g13))) != f4(cen(g13)).  [resolve(22711,a,15,a)].

given #3241 (T,wt=4): 26455 car(f1(f1(qb))).  [resolve(3275,a,17,a)].

given #3242 (T,wt=5): 26469 car(cen(f1(f1(qb)))).  [resolve(26455,a,14,a)].

given #3243 (T,wt=6): 3580 blocked(f4(ca),cen(f4(ca))).  [resolve(3554,a,35,a)].

given #3244 (T,wt=6): 3587 mem(f4(ca),f4(f4(ca))).  [resolve(3554,a,22,a)].

given #3245 (A,wt=34): 1266 -car(x) | cen(pa) = cen(x) | -mem(x,y) | -mem(pa,y) | -mem(x,z) | -mem(pa,z) | -mem(x,f3(pa)) | z = y | f3(pa) = y | f3(pa) = z.  [resolve(365,a,33,i),unit_del(b,37)].

given #3246 (F,wt=8): 22753 cen(f3(cen(g13))) != f3(cen(g13)).  [resolve(22740,a,15,a)].

given #3247 (F,wt=8): 22782 cen(f2(cen(g13))) != f2(cen(g13)).  [resolve(22769,a,15,a)].

given #3248 (F,wt=8): 22811 cen(f1(cen(g13))) != f1(cen(g13)).  [resolve(22798,a,15,a)].

given #3249 (F,wt=8): 22840 cen(f4(cen(g14))) != f4(cen(g14)).  [resolve(22827,a,15,a)].

given #3250 (T,wt=4): 26479 car(f4(f4(ca))).  [resolve(3587,a,17,a)].

given #3251 (T,wt=5): 26493 car(cen(f4(f4(ca)))).  [resolve(26479,a,14,a)].

given #3252 (T,wt=6): 3588 mem(f4(ca),f3(f4(ca))).  [resolve(3554,a,21,a)].

given #3253 (T,wt=4): 26503 car(f3(f4(ca))).  [resolve(3588,a,17,a)].

given #3254 (A,wt=11): 1267 -car(x) | cen(pa) != cen(x) | mem(x,f3(pa)).  [resolve(365,a,32,e),unit_del(b,37)].

given #3255 (F,wt=8): 22869 cen(f3(cen(g14))) != f3(cen(g14)).  [resolve(22856,a,15,a)].

given #3256 (F,wt=8): 22898 cen(f2(cen(g14))) != f2(cen(g14)).  [resolve(22885,a,15,a)].

given #3257 (F,wt=8): 22927 cen(f1(cen(g14))) != f1(cen(g14)).  [resolve(22914,a,15,a)].

given #3258 (F,wt=8): 23117 cen(f4(cen(c1))) != f4(cen(c1)).  [resolve(23104,a,15,a)].

given #3259 (T,wt=4): 26538 mem(pb,f3(pa)).  [resolve(1267,a,38,a),rewrite([150(4)]),xx(a)].

given #3260 (T,wt=5): 26517 car(cen(f3(f4(ca)))).  [resolve(26503,a,14,a)].

given #3261 (T,wt=6): 3589 mem(f4(ca),f2(f4(ca))).  [resolve(3554,a,20,a)].

given #3262 (T,wt=4): 26548 car(f2(f4(ca))).  [resolve(3589,a,17,a)].

given #3263 (A,wt=30): 1269 -car(x) | cen(g10) = cen(x) | -mem(x,cen(x)) | -mem(g10,cen(x)) | -mem(x,cen(g10)) | -mem(g10,cen(g10)) | -mem(x,g10) | cen(x) = g10.  [resolve(686,a,351,i),unit_del(b,164),unit_del(j,687)].

given #3264 (F,wt=8): 23146 cen(f3(cen(c1))) != f3(cen(c1)).  [resolve(23133,a,15,a)].

given #3265 (F,wt=8): 23175 cen(f2(cen(c1))) != f2(cen(c1)).  [resolve(23162,a,15,a)].

given #3266 (F,wt=8): 23204 cen(f1(cen(c1))) != f1(cen(c1)).  [resolve(23191,a,15,a)].

given #3267 (F,wt=8): 23233 cen(f4(cen(c2))) != f4(cen(c2)).  [resolve(23220,a,15,a)].

given #3268 (T,wt=5): 26562 car(cen(f2(f4(ca)))).  [resolve(26548,a,14,a)].

given #3269 (T,wt=6): 3590 mem(f4(ca),f1(f4(ca))).  [resolve(3554,a,19,a)].

given #3270 (T,wt=4): 26572 car(f1(f4(ca))).  [resolve(3590,a,17,a)].

given #3271 (T,wt=5): 26586 car(cen(f1(f4(ca)))).  [resolve(26572,a,14,a)].

given #3272 (A,wt=31): 1270 -car(x) | cen(g10) = cen(x) | -mem(x,y) | -mem(g10,y) | -mem(x,z) | -mem(g10,z) | -mem(x,g10) | z = y | g10 = y | g10 = z.  [resolve(686,a,33,i),unit_del(b,164)].

given #3273 (F,wt=8): 23262 cen(f3(cen(c2))) != f3(cen(c2)).  [resolve(23249,a,15,a)].

given #3274 (F,wt=8): 23291 cen(f2(cen(c2))) != f2(cen(c2)).  [resolve(23278,a,15,a)].

given #3275 (F,wt=8): 23320 cen(f1(cen(c2))) != f1(cen(c2)).  [resolve(23307,a,15,a)].

given #3276 (F,wt=8): 23349 cen(f4(cen(c3))) != f4(cen(c3)).  [resolve(23336,a,15,a)].

given #3277 (T,wt=6): 3696 blocked(f3(ca),cen(f3(ca))).  [resolve(3603,a,35,a)].

given #3278 (T,wt=6): 3703 mem(f3(ca),f4(f3(ca))).  [resolve(3603,a,22,a)].

given #3279 (T,wt=4): 26596 car(f4(f3(ca))).  [resolve(3703,a,17,a)].

given #3280 (T,wt=5): 26610 car(cen(f4(f3(ca)))).  [resolve(26596,a,14,a)].

given #3281 (A,wt=10): 1271 -car(x) | cen(g10) != cen(x) | mem(x,g10).  [resolve(686,a,32,e),unit_del(b,164)].

given #3282 (F,wt=8): 23378 cen(f3(cen(c3))) != f3(cen(c3)).  [resolve(23365,a,15,a)].

given #3283 (F,wt=8): 23407 cen(f2(cen(c3))) != f2(cen(c3)).  [resolve(23394,a,15,a)].

given #3284 (F,wt=8): 23597 cen(f1(cen(c3))) != f1(cen(c3)).  [resolve(23584,a,15,a)].

given #3285 (F,wt=8): 23626 cen(f4(cen(c4))) != f4(cen(c4)).  [resolve(23613,a,15,a)].

given #3286 (T,wt=6): 3704 mem(f3(ca),f3(f3(ca))).  [resolve(3603,a,21,a)].

given #3287 (T,wt=4): 26647 car(f3(f3(ca))).  [resolve(3704,a,17,a)].

given #3288 (T,wt=5): 26661 car(cen(f3(f3(ca)))).  [resolve(26647,a,14,a)].

given #3289 (T,wt=6): 3705 mem(f3(ca),f2(f3(ca))).  [resolve(3603,a,20,a)].

given #3290 (A,wt=16): 1272 f1(g10) = g10 | f2(g10) = g10 | f3(g10) = g10 | f4(g10) = g10.  [resolve(686,a,30,b),unit_del(a,164)].

given #3291 (F,wt=8): 23655 cen(f3(cen(c4))) != f3(cen(c4)).  [resolve(23642,a,15,a)].

given #3292 (F,wt=8): 23684 cen(f2(cen(c4))) != f2(cen(c4)).  [resolve(23671,a,15,a)].

given #3293 (F,wt=8): 23713 cen(f1(cen(c4))) != f1(cen(c4)).  [resolve(23700,a,15,a)].

given #3294 (F,wt=8): 23742 cen(f4(f4(pa))) != f4(f4(pa)).  [resolve(23729,a,15,a)].

given #3295 (T,wt=4): 26671 car(f2(f3(ca))).  [resolve(3705,a,17,a)].

given #3296 (T,wt=5): 26685 car(cen(f2(f3(ca)))).  [resolve(26671,a,14,a)].

given #3297 (T,wt=6): 3706 mem(f3(ca),f1(f3(ca))).  [resolve(3603,a,19,a)].

given #3298 (T,wt=4): 26695 car(f1(f3(ca))).  [resolve(3706,a,17,a)].

given #3299 (A,wt=61): 1273 -car(x) | -car(y) | -car(z) | cen(pa) != cen(x) | cen(pa) != cen(y) | cen(pa) != cen(z) | cen(cen(g10)) != cen(pa) | pa = x | pa = y | pa = z | cen(g10) = pa | y = x | z = x | cen(g10) = x | z = y | cen(g10) = y | cen(g10) = z.  [resolve(688,a,356,d),flip(g),flip(k)].

given #3300 (F,wt=8): 23771 cen(f3(f4(pa))) != f3(f4(pa)).  [resolve(23758,a,15,a)].

given #3301 (F,wt=8): 23800 cen(f2(f4(pa))) != f2(f4(pa)).  [resolve(23787,a,15,a)].

given #3302 (F,wt=8): 23829 cen(f1(f4(pa))) != f1(f4(pa)).  [resolve(23816,a,15,a)].

given #3303 (F,wt=8): 23858 cen(f4(f3(pa))) != f4(f3(pa)).  [resolve(23845,a,15,a)].

given #3304 (T,wt=5): 26709 car(cen(f1(f3(ca)))).  [resolve(26695,a,14,a)].

given #3305 (T,wt=6): 3746 blocked(f2(ca),cen(f2(ca))).  [resolve(3719,a,35,a)].

given #3306 (T,wt=6): 3753 mem(f2(ca),f4(f2(ca))).  [resolve(3719,a,22,a)].

given #3307 (T,wt=4): 26719 car(f4(f2(ca))).  [resolve(3753,a,17,a)].

given #3308 (A,wt=61): 1274 -car(x) | -car(y) | -car(z) | cen(y) != cen(x) | cen(z) != cen(x) | cen(cen(g10)) != cen(x) | cen(pa) != cen(x) | y = x | z = x | cen(g10) = x | pa = x | z = y | cen(g10) = y | pa = y | cen(g10) = z | pa = z | cen(g10) = pa.  [resolve(688,a,355,d),flip(q)].

given #3309 (F,wt=8): 23887 cen(f3(f3(pa))) != f3(f3(pa)).  [resolve(23874,a,15,a)].

given #3310 (F,wt=8): 24077 cen(f2(f3(pa))) != f2(f3(pa)).  [resolve(24064,a,15,a)].

given #3311 (F,wt=8): 24106 cen(f1(f3(pa))) != f1(f3(pa)).  [resolve(24093,a,15,a)].

given #3312 (F,wt=8): 24135 cen(f4(f2(pa))) != f4(f2(pa)).  [resolve(24122,a,15,a)].

given #3313 (T,wt=5): 26733 car(cen(f4(f2(ca)))).  [resolve(26719,a,14,a)].

given #3314 (T,wt=6): 3754 mem(f2(ca),f3(f2(ca))).  [resolve(3719,a,21,a)].

given #3315 (T,wt=4): 26743 car(f3(f2(ca))).  [resolve(3754,a,17,a)].

given #3316 (T,wt=5): 26757 car(cen(f3(f2(ca)))).  [resolve(26743,a,14,a)].

given #3317 (A,wt=64): 1275 -car(x) | -car(y) | -car(z) | cen(cen(g10)) != cen(x) | cen(cen(g10)) != cen(y) | cen(cen(g10)) != cen(z) | cen(cen(g10)) != cen(pa) | cen(g10) = x | cen(g10) = y | cen(g10) = z | cen(g10) = pa | y = x | z = x | pa = x | z = y | pa = y | pa = z.  [resolve(688,a,355,a),flip(d),flip(e),flip(f),flip(g),flip(h),flip(i),flip(j),flip(k)].

given #3318 (F,wt=8): 24164 cen(f3(f2(pa))) != f3(f2(pa)).  [resolve(24151,a,15,a)].

given #3319 (F,wt=8): 24193 cen(f2(f2(pa))) != f2(f2(pa)).  [resolve(24180,a,15,a)].

given #3320 (F,wt=8): 24222 cen(f1(f2(pa))) != f1(f2(pa)).  [resolve(24209,a,15,a)].

given #3321 (F,wt=8): 24251 cen(f4(f1(pa))) != f4(f1(pa)).  [resolve(24238,a,15,a)].

given #3322 (T,wt=6): 3755 mem(f2(ca),f2(f2(ca))).  [resolve(3719,a,20,a)].

given #3323 (T,wt=4): 26767 car(f2(f2(ca))).  [resolve(3755,a,17,a)].

given #3324 (T,wt=5): 26781 car(cen(f2(f2(ca)))).  [resolve(26767,a,14,a)].

given #3325 (T,wt=6): 3756 mem(f2(ca),f1(f2(ca))).  [resolve(3719,a,19,a)].

given #3326 (A,wt=63): 1276 -car(x) | -car(y) | -car(z) | -car(u) | cen(y) != cen(x) | cen(z) != cen(x) | cen(u) != cen(x) | cen(cen(g10)) != cen(x) | y = x | z = x | u = x | cen(g10) = x | z = y | u = y | cen(g10) = y | u = z | cen(g10) = z | cen(g10) = u.  [resolve(688,a,36,e)].

given #3327 (F,wt=8): 24280 cen(f3(f1(pa))) != f3(f1(pa)).  [resolve(24267,a,15,a)].

given #3328 (F,wt=8): 24309 cen(f2(f1(pa))) != f2(f1(pa)).  [resolve(24296,a,15,a)].

given #3329 (F,wt=8): 24338 cen(f1(f1(pa))) != f1(f1(pa)).  [resolve(24325,a,15,a)].

given #3330 (F,wt=8): 24362 cen(f4(f4(pb))) != f4(f4(pb)).  [resolve(24349,a,15,a)].

given #3331 (T,wt=4): 26791 car(f1(f2(ca))).  [resolve(3756,a,17,a)].

given #3332 (T,wt=5): 26805 car(cen(f1(f2(ca)))).  [resolve(26791,a,14,a)].

given #3333 (T,wt=6): 3799 blocked(f1(ca),cen(f1(ca))).  [resolve(3769,a,35,a)].

given #3334 (T,wt=6): 3806 mem(f1(ca),f4(f1(ca))).  [resolve(3769,a,22,a)].

given #3335 (A,wt=66): 1277 -car(x) | -car(y) | -car(z) | -car(u) | cen(cen(g10)) != cen(x) | cen(cen(g10)) != cen(y) | cen(cen(g10)) != cen(z) | cen(cen(g10)) != cen(u) | cen(g10) = x | cen(g10) = y | cen(g10) = z | cen(g10) = u | y = x | z = x | u = x | z = y | u = y | u = z.  [resolve(688,a,36,a),flip(e),flip(f),flip(g),flip(h),flip(i),flip(j),flip(k),flip(l)].

given #3336 (F,wt=8): 24413 cen(f3(f4(pb))) != f3(f4(pb)).  [resolve(24400,a,15,a)].

given #3337 (F,wt=8): 24437 cen(f2(f4(pb))) != f2(f4(pb)).  [resolve(24424,a,15,a)].

given #3338 (F,wt=8): 24461 cen(f1(f4(pb))) != f1(f4(pb)).  [resolve(24448,a,15,a)].

given #3339 (F,wt=8): 24485 cen(f4(f3(pb))) != f4(f3(pb)).  [resolve(24472,a,15,a)].

given #3340 (T,wt=4): 26815 car(f4(f1(ca))).  [resolve(3806,a,17,a)].

given #3341 (T,wt=5): 26829 car(cen(f4(f1(ca)))).  [resolve(26815,a,14,a)].

given #3342 (T,wt=6): 3807 mem(f1(ca),f3(f1(ca))).  [resolve(3769,a,21,a)].

given #3343 (T,wt=4): 26839 car(f3(f1(ca))).  [resolve(3807,a,17,a)].

given #3344 (A,wt=30): 1292 -car(x) | cen(g11) = cen(x) | -mem(x,cen(x)) | -mem(g11,cen(x)) | -mem(x,cen(g11)) | -mem(g11,cen(g11)) | -mem(x,g11) | cen(x) = g11.  [resolve(702,a,351,i),unit_del(b,165),unit_del(j,703)].

given #3345 (F,wt=8): 24509 cen(f3(f3(pb))) != f3(f3(pb)).  [resolve(24496,a,15,a)].

given #3346 (F,wt=8): 24533 cen(f2(f3(pb))) != f2(f3(pb)).  [resolve(24520,a,15,a)].

given #3347 (F,wt=8): 24557 cen(f1(f3(pb))) != f1(f3(pb)).  [resolve(24544,a,15,a)].

given #3348 (F,wt=8): 24581 cen(f4(f2(pb))) != f4(f2(pb)).  [resolve(24568,a,15,a)].

given #3349 (T,wt=5): 26853 car(cen(f3(f1(ca)))).  [resolve(26839,a,14,a)].

given #3350 (T,wt=6): 3808 mem(f1(ca),f2(f1(ca))).  [resolve(3769,a,20,a)].

given #3351 (T,wt=4): 26863 car(f2(f1(ca))).  [resolve(3808,a,17,a)].

given #3352 (T,wt=5): 26877 car(cen(f2(f1(ca)))).  [resolve(26863,a,14,a)].

given #3353 (A,wt=31): 1293 -car(x) | cen(g11) = cen(x) | -mem(x,y) | -mem(g11,y) | -mem(x,z) | -mem(g11,z) | -mem(x,g11) | z = y | g11 = y | g11 = z.  [resolve(702,a,33,i),unit_del(b,165)].

given #3354 (F,wt=8): 24605 cen(f3(f2(pb))) != f3(f2(pb)).  [resolve(24592,a,15,a)].

given #3355 (F,wt=8): 24629 cen(f2(f2(pb))) != f2(f2(pb)).  [resolve(24616,a,15,a)].

given #3356 (F,wt=8): 24653 cen(f1(f2(pb))) != f1(f2(pb)).  [resolve(24640,a,15,a)].

given #3357 (F,wt=8): 24704 cen(f4(f1(pb))) != f4(f1(pb)).  [resolve(24691,a,15,a)].

given #3358 (T,wt=6): 3809 mem(f1(ca),f1(f1(ca))).  [resolve(3769,a,19,a)].

given #3359 (T,wt=4): 26887 car(f1(f1(ca))).  [resolve(3809,a,17,a)].

given #3360 (T,wt=5): 26901 car(cen(f1(f1(ca)))).  [resolve(26887,a,14,a)].

given #3361 (T,wt=6): 3996 blocked(f4(cb),cen(f4(cb))).  [resolve(3824,a,35,a)].

given #3362 (A,wt=10): 1294 -car(x) | cen(g11) != cen(x) | mem(x,g11).  [resolve(702,a,32,e),unit_del(b,165)].

given #3363 (F,wt=8): 24728 cen(f3(f1(pb))) != f3(f1(pb)).  [resolve(24715,a,15,a)].

given #3364 (F,wt=8): 24752 cen(f2(f1(pb))) != f2(f1(pb)).  [resolve(24739,a,15,a)].

given #3365 (F,wt=8): 24776 cen(f1(f1(pb))) != f1(f1(pb)).  [resolve(24763,a,15,a)].

given #3366 (F,wt=8): 24800 cen(f4(f4(ra))) != f4(f4(ra)).  [resolve(24787,a,15,a)].

given #3367 (T,wt=6): 4003 mem(f4(cb),f4(f4(cb))).  [resolve(3824,a,22,a)].

given #3368 (T,wt=4): 26938 car(f4(f4(cb))).  [resolve(4003,a,17,a)].

given #3369 (T,wt=5): 26952 car(cen(f4(f4(cb)))).  [resolve(26938,a,14,a)].

given #3370 (T,wt=6): 4004 mem(f4(cb),f3(f4(cb))).  [resolve(3824,a,21,a)].

given #3371 (A,wt=16): 1295 f1(g11) = g11 | f2(g11) = g11 | f3(g11) = g11 | f4(g11) = g11.  [resolve(702,a,30,b),unit_del(a,165)].

given #3372 (F,wt=8): 24824 cen(f3(f4(ra))) != f3(f4(ra)).  [resolve(24811,a,15,a)].

given #3373 (F,wt=8): 24848 cen(f2(f4(ra))) != f2(f4(ra)).  [resolve(24835,a,15,a)].

given #3374 (F,wt=8): 24872 cen(f1(f4(ra))) != f1(f4(ra)).  [resolve(24859,a,15,a)].

given #3375 (F,wt=8): 24896 cen(f4(f3(ra))) != f4(f3(ra)).  [resolve(24883,a,15,a)].

given #3376 (T,wt=4): 26962 car(f3(f4(cb))).  [resolve(4004,a,17,a)].

given #3377 (T,wt=5): 26976 car(cen(f3(f4(cb)))).  [resolve(26962,a,14,a)].

given #3378 (T,wt=6): 4005 mem(f4(cb),f2(f4(cb))).  [resolve(3824,a,20,a)].

given #3379 (T,wt=4): 26986 car(f2(f4(cb))).  [resolve(4005,a,17,a)].

given #3380 (A,wt=61): 1296 -car(x) | -car(y) | -car(z) | cen(pa) != cen(x) | cen(pa) != cen(y) | cen(pa) != cen(z) | cen(cen(g11)) != cen(pa) | pa = x | pa = y | pa = z | cen(g11) = pa | y = x | z = x | cen(g11) = x | z = y | cen(g11) = y | cen(g11) = z.  [resolve(704,a,356,d),flip(g),flip(k)].

given #3381 (F,wt=8): 24920 cen(f3(f3(ra))) != f3(f3(ra)).  [resolve(24907,a,15,a)].

given #3382 (F,wt=8): 24944 cen(f2(f3(ra))) != f2(f3(ra)).  [resolve(24931,a,15,a)].

given #3383 (F,wt=8): 24995 cen(f1(f3(ra))) != f1(f3(ra)).  [resolve(24982,a,15,a)].

given #3384 (F,wt=8): 25019 cen(f4(f2(ra))) != f4(f2(ra)).  [resolve(25006,a,15,a)].

given #3385 (T,wt=5): 27000 car(cen(f2(f4(cb)))).  [resolve(26986,a,14,a)].

given #3386 (T,wt=6): 4006 mem(f4(cb),f1(f4(cb))).  [resolve(3824,a,19,a)].

given #3387 (T,wt=4): 27010 car(f1(f4(cb))).  [resolve(4006,a,17,a)].

given #3388 (T,wt=5): 27024 car(cen(f1(f4(cb)))).  [resolve(27010,a,14,a)].

given #3389 (A,wt=61): 1297 -car(x) | -car(y) | -car(z) | cen(y) != cen(x) | cen(z) != cen(x) | cen(cen(g11)) != cen(x) | cen(pa) != cen(x) | y = x | z = x | cen(g11) = x | pa = x | z = y | cen(g11) = y | pa = y | cen(g11) = z | pa = z | cen(g11) = pa.  [resolve(704,a,355,d),flip(q)].

given #3390 (F,wt=8): 25043 cen(f3(f2(ra))) != f3(f2(ra)).  [resolve(25030,a,15,a)].

given #3391 (F,wt=8): 25067 cen(f2(f2(ra))) != f2(f2(ra)).  [resolve(25054,a,15,a)].

given #3392 (F,wt=8): 25091 cen(f1(f2(ra))) != f1(f2(ra)).  [resolve(25078,a,15,a)].

given #3393 (F,wt=8): 25115 cen(f4(f1(ra))) != f4(f1(ra)).  [resolve(25102,a,15,a)].

given #3394 (T,wt=6): 4048 blocked(f3(cb),cen(f3(cb))).  [resolve(4017,a,35,a)].

given #3395 (T,wt=6): 4055 mem(f3(cb),f4(f3(cb))).  [resolve(4017,a,22,a)].

given #3396 (T,wt=4): 27034 car(f4(f3(cb))).  [resolve(4055,a,17,a)].

given #3397 (T,wt=5): 27048 car(cen(f4(f3(cb)))).  [resolve(27034,a,14,a)].

given #3398 (A,wt=64): 1298 -car(x) | -car(y) | -car(z) | cen(cen(g11)) != cen(x) | cen(cen(g11)) != cen(y) | cen(cen(g11)) != cen(z) | cen(cen(g11)) != cen(pa) | cen(g11) = x | cen(g11) = y | cen(g11) = z | cen(g11) = pa | y = x | z = x | pa = x | z = y | pa = y | pa = z.  [resolve(704,a,355,a),flip(d),flip(e),flip(f),flip(g),flip(h),flip(i),flip(j),flip(k)].

given #3399 (F,wt=8): 25139 cen(f3(f1(ra))) != f3(f1(ra)).  [resolve(25126,a,15,a)].

given #3400 (F,wt=8): 25163 cen(f2(f1(ra))) != f2(f1(ra)).  [resolve(25150,a,15,a)].

given #3401 (F,wt=8): 25187 cen(f1(f1(ra))) != f1(f1(ra)).  [resolve(25174,a,15,a)].

given #3402 (F,wt=8): 25211 cen(f4(f4(rb))) != f4(f4(rb)).  [resolve(25198,a,15,a)].

given #3403 (T,wt=6): 4056 mem(f3(cb),f3(f3(cb))).  [resolve(4017,a,21,a)].

given #3404 (T,wt=4): 27058 car(f3(f3(cb))).  [resolve(4056,a,17,a)].

given #3405 (T,wt=5): 27072 car(cen(f3(f3(cb)))).  [resolve(27058,a,14,a)].

given #3406 (T,wt=6): 4057 mem(f3(cb),f2(f3(cb))).  [resolve(4017,a,20,a)].

given #3407 (A,wt=63): 1299 -car(x) | -car(y) | -car(z) | -car(u) | cen(y) != cen(x) | cen(z) != cen(x) | cen(u) != cen(x) | cen(cen(g11)) != cen(x) | y = x | z = x | u = x | cen(g11) = x | z = y | u = y | cen(g11) = y | u = z | cen(g11) = z | cen(g11) = u.  [resolve(704,a,36,e)].

given #3408 (F,wt=8): 25235 cen(f3(f4(rb))) != f3(f4(rb)).  [resolve(25222,a,15,a)].

given #3409 (F,wt=8): 25286 cen(f2(f4(rb))) != f2(f4(rb)).  [resolve(25273,a,15,a)].

given #3410 (F,wt=8): 25310 cen(f1(f4(rb))) != f1(f4(rb)).  [resolve(25297,a,15,a)].

given #3411 (F,wt=8): 25334 cen(f4(f3(rb))) != f4(f3(rb)).  [resolve(25321,a,15,a)].

given #3412 (T,wt=4): 27082 car(f2(f3(cb))).  [resolve(4057,a,17,a)].

given #3413 (T,wt=5): 27096 car(cen(f2(f3(cb)))).  [resolve(27082,a,14,a)].

given #3414 (T,wt=6): 4058 mem(f3(cb),f1(f3(cb))).  [resolve(4017,a,19,a)].

given #3415 (T,wt=4): 27106 car(f1(f3(cb))).  [resolve(4058,a,17,a)].

given #3416 (A,wt=66): 1300 -car(x) | -car(y) | -car(z) | -car(u) | cen(cen(g11)) != cen(x) | cen(cen(g11)) != cen(y) | cen(cen(g11)) != cen(z) | cen(cen(g11)) != cen(u) | cen(g11) = x | cen(g11) = y | cen(g11) = z | cen(g11) = u | y = x | z = x | u = x | z = y | u = y | u = z.  [resolve(704,a,36,a),flip(e),flip(f),flip(g),flip(h),flip(i),flip(j),flip(k),flip(l)].

given #3417 (F,wt=8): 25358 cen(f3(f3(rb))) != f3(f3(rb)).  [resolve(25345,a,15,a)].

given #3418 (F,wt=8): 25382 cen(f2(f3(rb))) != f2(f3(rb)).  [resolve(25369,a,15,a)].

given #3419 (F,wt=8): 25406 cen(f1(f3(rb))) != f1(f3(rb)).  [resolve(25393,a,15,a)].

given #3420 (F,wt=8): 25430 cen(f4(f2(rb))) != f4(f2(rb)).  [resolve(25417,a,15,a)].

given #3421 (T,wt=5): 27120 car(cen(f1(f3(cb)))).  [resolve(27106,a,14,a)].

given #3422 (T,wt=6): 4172 blocked(f2(cb),cen(f2(cb))).  [resolve(4069,a,35,a)].

given #3423 (T,wt=6): 4179 mem(f2(cb),f4(f2(cb))).  [resolve(4069,a,22,a)].

given #3424 (T,wt=4): 27130 car(f4(f2(cb))).  [resolve(4179,a,17,a)].

given #3425 (A,wt=37): 1315 -car(x) | cen(pa) = cen(x) | -mem(x,cen(x)) | -mem(pa,cen(x)) | -mem(x,cen(pa)) | -mem(pa,cen(pa)) | -mem(x,f2(pa)) | f2(pa) = cen(x) | f2(pa) = cen(pa).  [resolve(366,a,351,i),flip(i),flip(j),unit_del(b,37)].

given #3426 (F,wt=8): 25454 cen(f3(f2(rb))) != f3(f2(rb)).  [resolve(25441,a,15,a)].

given #3427 (F,wt=8): 25478 cen(f2(f2(rb))) != f2(f2(rb)).  [resolve(25465,a,15,a)].

given #3428 (F,wt=8): 25502 cen(f1(f2(rb))) != f1(f2(rb)).  [resolve(25489,a,15,a)].

given #3429 (F,wt=8): 25526 cen(f4(f1(rb))) != f4(f1(rb)).  [resolve(25513,a,15,a)].

given #3430 (T,wt=5): 27144 car(cen(f4(f2(cb)))).  [resolve(27130,a,14,a)].

given #3431 (T,wt=6): 4180 mem(f2(cb),f3(f2(cb))).  [resolve(4069,a,21,a)].

given #3432 (T,wt=4): 27154 car(f3(f2(cb))).  [resolve(4180,a,17,a)].

given #3433 (T,wt=5): 27168 car(cen(f3(f2(cb)))).  [resolve(27154,a,14,a)].

given #3434 (A,wt=34): 1316 -car(x) | cen(pa) = cen(x) | -mem(x,y) | -mem(pa,y) | -mem(x,z) | -mem(pa,z) | -mem(x,f2(pa)) | z = y | f2(pa) = y | f2(pa) = z.  [resolve(366,a,33,i),unit_del(b,37)].

given #3435 (F,wt=8): 25577 cen(f3(f1(rb))) != f3(f1(rb)).  [resolve(25564,a,15,a)].

given #3436 (F,wt=8): 25601 cen(f2(f1(rb))) != f2(f1(rb)).  [resolve(25588,a,15,a)].

given #3437 (F,wt=8): 25625 cen(f1(f1(rb))) != f1(f1(rb)).  [resolve(25612,a,15,a)].

given #3438 (F,wt=8): 25649 cen(f4(f4(qa))) != f4(f4(qa)).  [resolve(25636,a,15,a)].

given #3439 (T,wt=6): 4181 mem(f2(cb),f2(f2(cb))).  [resolve(4069,a,20,a)].

given #3440 (T,wt=4): 27178 car(f2(f2(cb))).  [resolve(4181,a,17,a)].

given #3441 (T,wt=5): 27192 car(cen(f2(f2(cb)))).  [resolve(27178,a,14,a)].

given #3442 (T,wt=6): 4182 mem(f2(cb),f1(f2(cb))).  [resolve(4069,a,19,a)].

given #3443 (A,wt=11): 1317 -car(x) | cen(pa) != cen(x) | mem(x,f2(pa)).  [resolve(366,a,32,e),unit_del(b,37)].

given #3444 (F,wt=8): 25673 cen(f3(f4(qa))) != f3(f4(qa)).  [resolve(25660,a,15,a)].

given #3445 (F,wt=8): 25697 cen(f2(f4(qa))) != f2(f4(qa)).  [resolve(25684,a,15,a)].

given #3446 (F,wt=8): 25721 cen(f1(f4(qa))) != f1(f4(qa)).  [resolve(25708,a,15,a)].

given #3447 (F,wt=8): 25745 cen(f4(f3(qa))) != f4(f3(qa)).  [resolve(25732,a,15,a)].

given #3448 (T,wt=4): 27202 car(f1(f2(cb))).  [resolve(4182,a,17,a)].

given #3449 (T,wt=4): 27223 mem(pb,f2(pa)).  [resolve(1317,a,38,a),rewrite([150(4)]),xx(a)].

given #3450 (T,wt=5): 27237 car(cen(f1(f2(cb)))).  [resolve(27202,a,14,a)].

given #3451 (T,wt=6): 4225 blocked(f1(cb),cen(f1(cb))).  [resolve(4193,a,35,a)].

given #3452 (A,wt=30): 1319 -car(x) | cen(g12) = cen(x) | -mem(x,cen(x)) | -mem(g12,cen(x)) | -mem(x,cen(g12)) | -mem(g12,cen(g12)) | -mem(x,g12) | cen(x) = g12.  [resolve(718,a,351,i),unit_del(b,166),unit_del(j,719)].

given #3453 (F,wt=8): 25769 cen(f3(f3(qa))) != f3(f3(qa)).  [resolve(25756,a,15,a)].

given #3454 (F,wt=8): 25793 cen(f2(f3(qa))) != f2(f3(qa)).  [resolve(25780,a,15,a)].

given #3455 (F,wt=8): 25817 cen(f1(f3(qa))) != f1(f3(qa)).  [resolve(25804,a,15,a)].

given #3456 (F,wt=8): 25862 cen(f4(f2(qa))) != f4(f2(qa)).  [resolve(25849,a,15,a)].

given #3457 (T,wt=6): 4232 mem(f1(cb),f4(f1(cb))).  [resolve(4193,a,22,a)].

given #3458 (T,wt=4): 27247 car(f4(f1(cb))).  [resolve(4232,a,17,a)].

given #3459 (T,wt=5): 27261 car(cen(f4(f1(cb)))).  [resolve(27247,a,14,a)].

given #3460 (T,wt=6): 4233 mem(f1(cb),f3(f1(cb))).  [resolve(4193,a,21,a)].

given #3461 (A,wt=31): 1320 -car(x) | cen(g12) = cen(x) | -mem(x,y) | -mem(g12,y) | -mem(x,z) | -mem(g12,z) | -mem(x,g12) | z = y | g12 = y | g12 = z.  [resolve(718,a,33,i),unit_del(b,166)].

given #3462 (F,wt=8): 25886 cen(f3(f2(qa))) != f3(f2(qa)).  [resolve(25873,a,15,a)].

given #3463 (F,wt=8): 25910 cen(f2(f2(qa))) != f2(f2(qa)).  [resolve(25897,a,15,a)].

given #3464 (F,wt=8): 25934 cen(f1(f2(qa))) != f1(f2(qa)).  [resolve(25921,a,15,a)].

given #3465 (F,wt=8): 25985 cen(f4(f1(qa))) != f4(f1(qa)).  [resolve(25972,a,15,a)].

given #3466 (T,wt=4): 27271 car(f3(f1(cb))).  [resolve(4233,a,17,a)].

given #3467 (T,wt=5): 27285 car(cen(f3(f1(cb)))).  [resolve(27271,a,14,a)].

given #3468 (T,wt=6): 4234 mem(f1(cb),f2(f1(cb))).  [resolve(4193,a,20,a)].

given #3469 (T,wt=4): 27295 car(f2(f1(cb))).  [resolve(4234,a,17,a)].

given #3470 (A,wt=10): 1321 -car(x) | cen(g12) != cen(x) | mem(x,g12).  [resolve(718,a,32,e),unit_del(b,166)].

given #3471 (F,wt=8): 26009 cen(f3(f1(qa))) != f3(f1(qa)).  [resolve(25996,a,15,a)].

given #3472 (F,wt=8): 26033 cen(f2(f1(qa))) != f2(f1(qa)).  [resolve(26020,a,15,a)].

given #3473 (F,wt=8): 26057 cen(f1(f1(qa))) != f1(f1(qa)).  [resolve(26044,a,15,a)].

given #3474 (F,wt=8): 26081 cen(f4(f4(qb))) != f4(f4(qb)).  [resolve(26068,a,15,a)].

given #3475 (T,wt=5): 27309 car(cen(f2(f1(cb)))).  [resolve(27295,a,14,a)].

given #3476 (T,wt=6): 4235 mem(f1(cb),f1(f1(cb))).  [resolve(4193,a,19,a)].

given #3477 (T,wt=4): 27346 car(f1(f1(cb))).  [resolve(4235,a,17,a)].

given #3478 (T,wt=5): 27360 car(cen(f1(f1(cb)))).  [resolve(27346,a,14,a)].

given #3479 (A,wt=16): 1322 f1(g12) = g12 | f2(g12) = g12 | f3(g12) = g12 | f4(g12) = g12.  [resolve(718,a,30,b),unit_del(a,166)].

given #3480 (F,wt=8): 26105 cen(f3(f4(qb))) != f3(f4(qb)).  [resolve(26092,a,15,a)].

given #3481 (F,wt=8): 26129 cen(f2(f4(qb))) != f2(f4(qb)).  [resolve(26116,a,15,a)].

given #3482 (F,wt=8): 26153 cen(f1(f4(qb))) != f1(f4(qb)).  [resolve(26140,a,15,a)].

given #3483 (F,wt=8): 26177 cen(f4(f3(qb))) != f4(f3(qb)).  [resolve(26164,a,15,a)].

given #3484 (T,wt=6): 4572 blocked(f4(oa),cen(f4(oa))).  [resolve(4538,a,35,a)].

given #3485 (T,wt=6): 4579 mem(f4(oa),f4(f4(oa))).  [resolve(4538,a,22,a)].

given #3486 (T,wt=4): 27370 car(f4(f4(oa))).  [resolve(4579,a,17,a)].

given #3487 (T,wt=5): 27384 car(cen(f4(f4(oa)))).  [resolve(27370,a,14,a)].

given #3488 (A,wt=61): 1323 -car(x) | -car(y) | -car(z) | cen(pa) != cen(x) | cen(pa) != cen(y) | cen(pa) != cen(z) | cen(cen(g12)) != cen(pa) | pa = x | pa = y | pa = z | cen(g12) = pa | y = x | z = x | cen(g12) = x | z = y | cen(g12) = y | cen(g12) = z.  [resolve(720,a,356,d),flip(g),flip(k)].

given #3489 (F,wt=8): 26201 cen(f3(f3(qb))) != f3(f3(qb)).  [resolve(26188,a,15,a)].

given #3490 (F,wt=8): 26225 cen(f2(f3(qb))) != f2(f3(qb)).  [resolve(26212,a,15,a)].

given #3491 (F,wt=8): 26276 cen(f1(f3(qb))) != f1(f3(qb)).  [resolve(26263,a,15,a)].

given #3492 (F,wt=8): 26300 cen(f4(f2(qb))) != f4(f2(qb)).  [resolve(26287,a,15,a)].

given #3493 (T,wt=6): 4580 mem(f4(oa),f3(f4(oa))).  [resolve(4538,a,21,a)].

given #3494 (T,wt=4): 27394 car(f3(f4(oa))).  [resolve(4580,a,17,a)].

given #3495 (T,wt=5): 27408 car(cen(f3(f4(oa)))).  [resolve(27394,a,14,a)].

given #3496 (T,wt=6): 4581 mem(f4(oa),f2(f4(oa))).  [resolve(4538,a,20,a)].

given #3497 (A,wt=61): 1324 -car(x) | -car(y) | -car(z) | cen(y) != cen(x) | cen(z) != cen(x) | cen(cen(g12)) != cen(x) | cen(pa) != cen(x) | y = x | z = x | cen(g12) = x | pa = x | z = y | cen(g12) = y | pa = y | cen(g12) = z | pa = z | cen(g12) = pa.  [resolve(720,a,355,d),flip(q)].

given #3498 (F,wt=8): 26324 cen(f3(f2(qb))) != f3(f2(qb)).  [resolve(26311,a,15,a)].

given #3499 (F,wt=8): 26348 cen(f2(f2(qb))) != f2(f2(qb)).  [resolve(26335,a,15,a)].

given #3500 (F,wt=8): 26372 cen(f1(f2(qb))) != f1(f2(qb)).  [resolve(26359,a,15,a)].

given #3501 (F,wt=8): 26396 cen(f4(f1(qb))) != f4(f1(qb)).  [resolve(26383,a,15,a)].

given #3502 (T,wt=4): 27418 car(f2(f4(oa))).  [resolve(4581,a,17,a)].

given #3503 (T,wt=5): 27432 car(cen(f2(f4(oa)))).  [resolve(27418,a,14,a)].

given #3504 (T,wt=6): 4582 mem(f4(oa),f1(f4(oa))).  [resolve(4538,a,19,a)].

given #3505 (T,wt=4): 27442 car(f1(f4(oa))).  [resolve(4582,a,17,a)].

given #3506 (A,wt=64): 1325 -car(x) | -car(y) | -car(z) | cen(cen(g12)) != cen(x) | cen(cen(g12)) != cen(y) | cen(cen(g12)) != cen(z) | cen(cen(g12)) != cen(pa) | cen(g12) = x | cen(g12) = y | cen(g12) = z | cen(g12) = pa | y = x | z = x | pa = x | z = y | pa = y | pa = z.  [resolve(720,a,355,a),flip(d),flip(e),flip(f),flip(g),flip(h),flip(i),flip(j),flip(k)].

given #3507 (F,wt=8): 26420 cen(f3(f1(qb))) != f3(f1(qb)).  [resolve(26407,a,15,a)].

given #3508 (F,wt=8): 26444 cen(f2(f1(qb))) != f2(f1(qb)).  [resolve(26431,a,15,a)].

given #3509 (F,wt=8): 26468 cen(f1(f1(qb))) != f1(f1(qb)).  [resolve(26455,a,15,a)].

given #3510 (F,wt=8): 26492 cen(f4(f4(ca))) != f4(f4(ca)).  [resolve(26479,a,15,a)].

given #3511 (T,wt=5): 27456 car(cen(f1(f4(oa)))).  [resolve(27442,a,14,a)].

given #3512 (T,wt=6): 4625 blocked(f3(oa),cen(f3(oa))).  [resolve(4591,a,35,a)].

given #3513 (T,wt=6): 4632 mem(f3(oa),f4(f3(oa))).  [resolve(4591,a,22,a)].

given #3514 (T,wt=4): 27466 car(f4(f3(oa))).  [resolve(4632,a,17,a)].

given #3515 (A,wt=63): 1326 -car(x) | -car(y) | -car(z) | -car(u) | cen(y) != cen(x) | cen(z) != cen(x) | cen(u) != cen(x) | cen(cen(g12)) != cen(x) | y = x | z = x | u = x | cen(g12) = x | z = y | u = y | cen(g12) = y | u = z | cen(g12) = z | cen(g12) = u.  [resolve(720,a,36,e)].

given #3516 (F,wt=8): 26516 cen(f3(f4(ca))) != f3(f4(ca)).  [resolve(26503,a,15,a)].

given #3517 (F,wt=8): 26561 cen(f2(f4(ca))) != f2(f4(ca)).  [resolve(26548,a,15,a)].

given #3518 (F,wt=8): 26585 cen(f1(f4(ca))) != f1(f4(ca)).  [resolve(26572,a,15,a)].

given #3519 (F,wt=8): 26609 cen(f4(f3(ca))) != f4(f3(ca)).  [resolve(26596,a,15,a)].

given #3520 (T,wt=5): 27480 car(cen(f4(f3(oa)))).  [resolve(27466,a,14,a)].

given #3521 (T,wt=6): 4633 mem(f3(oa),f3(f3(oa))).  [resolve(4591,a,21,a)].

given #3522 (T,wt=4): 27490 car(f3(f3(oa))).  [resolve(4633,a,17,a)].

given #3523 (T,wt=5): 27504 car(cen(f3(f3(oa)))).  [resolve(27490,a,14,a)].

given #3524 (A,wt=66): 1327 -car(x) | -car(y) | -car(z) | -car(u) | cen(cen(g12)) != cen(x) | cen(cen(g12)) != cen(y) | cen(cen(g12)) != cen(z) | cen(cen(g12)) != cen(u) | cen(g12) = x | cen(g12) = y | cen(g12) = z | cen(g12) = u | y = x | z = x | u = x | z = y | u = y | u = z.  [resolve(720,a,36,a),flip(e),flip(f),flip(g),flip(h),flip(i),flip(j),flip(k),flip(l)].

given #3525 (F,wt=8): 26660 cen(f3(f3(ca))) != f3(f3(ca)).  [resolve(26647,a,15,a)].

given #3526 (F,wt=8): 26684 cen(f2(f3(ca))) != f2(f3(ca)).  [resolve(26671,a,15,a)].

given #3527 (F,wt=8): 26708 cen(f1(f3(ca))) != f1(f3(ca)).  [resolve(26695,a,15,a)].

given #3528 (F,wt=8): 26732 cen(f4(f2(ca))) != f4(f2(ca)).  [resolve(26719,a,15,a)].

given #3529 (T,wt=6): 4634 mem(f3(oa),f2(f3(oa))).  [resolve(4591,a,20,a)].

given #3530 (T,wt=4): 27514 car(f2(f3(oa))).  [resolve(4634,a,17,a)].

given #3531 (T,wt=5): 27528 car(cen(f2(f3(oa)))).  [resolve(27514,a,14,a)].

given #3532 (T,wt=6): 4635 mem(f3(oa),f1(f3(oa))).  [resolve(4591,a,19,a)].

given #3533 (A,wt=30): 1342 -car(x) | cen(g13) = cen(x) | -mem(x,cen(x)) | -mem(g13,cen(x)) | -mem(x,cen(g13)) | -mem(g13,cen(g13)) | -mem(x,g13) | cen(x) = g13.  [resolve(734,a,351,i),unit_del(b,167),unit_del(j,735)].

given #3534 (F,wt=8): 26756 cen(f3(f2(ca))) != f3(f2(ca)).  [resolve(26743,a,15,a)].

given #3535 (F,wt=8): 26780 cen(f2(f2(ca))) != f2(f2(ca)).  [resolve(26767,a,15,a)].

given #3536 (F,wt=8): 26804 cen(f1(f2(ca))) != f1(f2(ca)).  [resolve(26791,a,15,a)].

given #3537 (F,wt=8): 26828 cen(f4(f1(ca))) != f4(f1(ca)).  [resolve(26815,a,15,a)].

given #3538 (T,wt=4): 27538 car(f1(f3(oa))).  [resolve(4635,a,17,a)].

given #3539 (T,wt=5): 27552 car(cen(f1(f3(oa)))).  [resolve(27538,a,14,a)].

given #3540 (T,wt=6): 4754 blocked(f2(oa),cen(f2(oa))).  [resolve(4719,a,35,a)].

given #3541 (T,wt=6): 4761 mem(f2(oa),f4(f2(oa))).  [resolve(4719,a,22,a)].

given #3542 (A,wt=31): 1343 -car(x) | cen(g13) = cen(x) | -mem(x,y) | -mem(g13,y) | -mem(x,z) | -mem(g13,z) | -mem(x,g13) | z = y | g13 = y | g13 = z.  [resolve(734,a,33,i),unit_del(b,167)].

given #3543 (F,wt=8): 26852 cen(f3(f1(ca))) != f3(f1(ca)).  [resolve(26839,a,15,a)].

given #3544 (F,wt=8): 26876 cen(f2(f1(ca))) != f2(f1(ca)).  [resolve(26863,a,15,a)].

given #3545 (F,wt=8): 26900 cen(f1(f1(ca))) != f1(f1(ca)).  [resolve(26887,a,15,a)].

given #3546 (F,wt=8): 26951 cen(f4(f4(cb))) != f4(f4(cb)).  [resolve(26938,a,15,a)].

given #3547 (T,wt=4): 27562 car(f4(f2(oa))).  [resolve(4761,a,17,a)].

given #3548 (T,wt=5): 27576 car(cen(f4(f2(oa)))).  [resolve(27562,a,14,a)].

given #3549 (T,wt=6): 4762 mem(f2(oa),f3(f2(oa))).  [resolve(4719,a,21,a)].

given #3550 (T,wt=4): 27586 car(f3(f2(oa))).  [resolve(4762,a,17,a)].

given #3551 (A,wt=10): 1344 -car(x) | cen(g13) != cen(x) | mem(x,g13).  [resolve(734,a,32,e),unit_del(b,167)].

given #3552 (F,wt=8): 26975 cen(f3(f4(cb))) != f3(f4(cb)).  [resolve(26962,a,15,a)].

given #3553 (F,wt=8): 26999 cen(f2(f4(cb))) != f2(f4(cb)).  [resolve(26986,a,15,a)].

given #3554 (F,wt=8): 27023 cen(f1(f4(cb))) != f1(f4(cb)).  [resolve(27010,a,15,a)].

given #3555 (F,wt=8): 27047 cen(f4(f3(cb))) != f4(f3(cb)).  [resolve(27034,a,15,a)].

given #3556 (T,wt=5): 27600 car(cen(f3(f2(oa)))).  [resolve(27586,a,14,a)].

given #3557 (T,wt=6): 4763 mem(f2(oa),f2(f2(oa))).  [resolve(4719,a,20,a)].

given #3558 (T,wt=4): 27637 car(f2(f2(oa))).  [resolve(4763,a,17,a)].

given #3559 (T,wt=5): 27651 car(cen(f2(f2(oa)))).  [resolve(27637,a,14,a)].

given #3560 (A,wt=16): 1345 f1(g13) = g13 | f2(g13) = g13 | f3(g13) = g13 | f4(g13) = g13.  [resolve(734,a,30,b),unit_del(a,167)].

given #3561 (F,wt=8): 27071 cen(f3(f3(cb))) != f3(f3(cb)).  [resolve(27058,a,15,a)].

given #3562 (F,wt=8): 27095 cen(f2(f3(cb))) != f2(f3(cb)).  [resolve(27082,a,15,a)].

given #3563 (F,wt=8): 27119 cen(f1(f3(cb))) != f1(f3(cb)).  [resolve(27106,a,15,a)].

given #3564 (F,wt=8): 27143 cen(f4(f2(cb))) != f4(f2(cb)).  [resolve(27130,a,15,a)].

given #3565 (T,wt=6): 4764 mem(f2(oa),f1(f2(oa))).  [resolve(4719,a,19,a)].

given #3566 (T,wt=4): 27661 car(f1(f2(oa))).  [resolve(4764,a,17,a)].

given #3567 (T,wt=5): 27675 car(cen(f1(f2(oa)))).  [resolve(27661,a,14,a)].

given #3568 (T,wt=6): 4808 blocked(f1(oa),cen(f1(oa))).  [resolve(4773,a,35,a)].

given #3569 (A,wt=61): 1346 -car(x) | -car(y) | -car(z) | cen(pa) != cen(x) | cen(pa) != cen(y) | cen(pa) != cen(z) | cen(cen(g13)) != cen(pa) | pa = x | pa = y | pa = z | cen(g13) = pa | y = x | z = x | cen(g13) = x | z = y | cen(g13) = y | cen(g13) = z.  [resolve(736,a,356,d),flip(g),flip(k)].

given #3570 (F,wt=8): 27167 cen(f3(f2(cb))) != f3(f2(cb)).  [resolve(27154,a,15,a)].

given #3571 (F,wt=8): 27191 cen(f2(f2(cb))) != f2(f2(cb)).  [resolve(27178,a,15,a)].

given #3572 (F,wt=8): 27236 cen(f1(f2(cb))) != f1(f2(cb)).  [resolve(27202,a,15,a)].

given #3573 (F,wt=8): 27260 cen(f4(f1(cb))) != f4(f1(cb)).  [resolve(27247,a,15,a)].

given #3574 (T,wt=6): 4815 mem(f1(oa),f4(f1(oa))).  [resolve(4773,a,22,a)].

given #3575 (T,wt=4): 27685 car(f4(f1(oa))).  [resolve(4815,a,17,a)].

given #3576 (T,wt=5): 27699 car(cen(f4(f1(oa)))).  [resolve(27685,a,14,a)].

given #3577 (T,wt=6): 4816 mem(f1(oa),f3(f1(oa))).  [resolve(4773,a,21,a)].

given #3578 (A,wt=61): 1347 -car(x) | -car(y) | -car(z) | cen(y) != cen(x) | cen(z) != cen(x) | cen(cen(g13)) != cen(x) | cen(pa) != cen(x) | y = x | z = x | cen(g13) = x | pa = x | z = y | cen(g13) = y | pa = y | cen(g13) = z | pa = z | cen(g13) = pa.  [resolve(736,a,355,d),flip(q)].

given #3579 (F,wt=8): 27284 cen(f3(f1(cb))) != f3(f1(cb)).  [resolve(27271,a,15,a)].

given #3580 (F,wt=8): 27308 cen(f2(f1(cb))) != f2(f1(cb)).  [resolve(27295,a,15,a)].

given #3581 (F,wt=8): 27359 cen(f1(f1(cb))) != f1(f1(cb)).  [resolve(27346,a,15,a)].

given #3582 (F,wt=8): 27383 cen(f4(f4(oa))) != f4(f4(oa)).  [resolve(27370,a,15,a)].

given #3583 (T,wt=4): 27709 car(f3(f1(oa))).  [resolve(4816,a,17,a)].

given #3584 (T,wt=5): 27723 car(cen(f3(f1(oa)))).  [resolve(27709,a,14,a)].

given #3585 (T,wt=6): 4817 mem(f1(oa),f2(f1(oa))).  [resolve(4773,a,20,a)].

given #3586 (T,wt=4): 27733 car(f2(f1(oa))).  [resolve(4817,a,17,a)].

given #3587 (A,wt=64): 1348 -car(x) | -car(y) | -car(z) | cen(cen(g13)) != cen(x) | cen(cen(g13)) != cen(y) | cen(cen(g13)) != cen(z) | cen(cen(g13)) != cen(pa) | cen(g13) = x | cen(g13) = y | cen(g13) = z | cen(g13) = pa | y = x | z = x | pa = x | z = y | pa = y | pa = z.  [resolve(736,a,355,a),flip(d),flip(e),flip(f),flip(g),flip(h),flip(i),flip(j),flip(k)].

given #3588 (F,wt=8): 27407 cen(f3(f4(oa))) != f3(f4(oa)).  [resolve(27394,a,15,a)].

given #3589 (F,wt=8): 27431 cen(f2(f4(oa))) != f2(f4(oa)).  [resolve(27418,a,15,a)].

given #3590 (F,wt=8): 27455 cen(f1(f4(oa))) != f1(f4(oa)).  [resolve(27442,a,15,a)].

given #3591 (F,wt=8): 27479 cen(f4(f3(oa))) != f4(f3(oa)).  [resolve(27466,a,15,a)].

given #3592 (T,wt=5): 27747 car(cen(f2(f1(oa)))).  [resolve(27733,a,14,a)].

given #3593 (T,wt=6): 4818 mem(f1(oa),f1(f1(oa))).  [resolve(4773,a,19,a)].

given #3594 (T,wt=4): 27757 car(f1(f1(oa))).  [resolve(4818,a,17,a)].

given #3595 (T,wt=5): 27771 car(cen(f1(f1(oa)))).  [resolve(27757,a,14,a)].

given #3596 (A,wt=63): 1349 -car(x) | -car(y) | -car(z) | -car(u) | cen(y) != cen(x) | cen(z) != cen(x) | cen(u) != cen(x) | cen(cen(g13)) != cen(x) | y = x | z = x | u = x | cen(g13) = x | z = y | u = y | cen(g13) = y | u = z | cen(g13) = z | cen(g13) = u.  [resolve(736,a,36,e)].

given #3597 (F,wt=8): 27503 cen(f3(f3(oa))) != f3(f3(oa)).  [resolve(27490,a,15,a)].

given #3598 (F,wt=8): 27527 cen(f2(f3(oa))) != f2(f3(oa)).  [resolve(27514,a,15,a)].

given #3599 (F,wt=8): 27551 cen(f1(f3(oa))) != f1(f3(oa)).  [resolve(27538,a,15,a)].

given #3600 (F,wt=8): 27575 cen(f4(f2(oa))) != f4(f2(oa)).  [resolve(27562,a,15,a)].

given #3601 (T,wt=6): 4864 blocked(f4(g0),cen(f4(g0))).  [resolve(4827,a,35,a)].

given #3602 (T,wt=6): 4871 mem(f4(g0),f4(f4(g0))).  [resolve(4827,a,22,a)].

given #3603 (T,wt=4): 27781 car(f4(f4(g0))).  [resolve(4871,a,17,a)].

given #3604 (T,wt=5): 27795 car(cen(f4(f4(g0)))).  [resolve(27781,a,14,a)].

given #3605 (A,wt=66): 1350 -car(x) | -car(y) | -car(z) | -car(u) | cen(cen(g13)) != cen(x) | cen(cen(g13)) != cen(y) | cen(cen(g13)) != cen(z) | cen(cen(g13)) != cen(u) | cen(g13) = x | cen(g13) = y | cen(g13) = z | cen(g13) = u | y = x | z = x | u = x | z = y | u = y | u = z.  [resolve(736,a,36,a),flip(e),flip(f),flip(g),flip(h),flip(i),flip(j),flip(k),flip(l)].

given #3606 (F,wt=8): 27599 cen(f3(f2(oa))) != f3(f2(oa)).  [resolve(27586,a,15,a)].

given #3607 (F,wt=8): 27650 cen(f2(f2(oa))) != f2(f2(oa)).  [resolve(27637,a,15,a)].

given #3608 (F,wt=8): 27674 cen(f1(f2(oa))) != f1(f2(oa)).  [resolve(27661,a,15,a)].

given #3609 (F,wt=8): 27698 cen(f4(f1(oa))) != f4(f1(oa)).  [resolve(27685,a,15,a)].

given #3610 (T,wt=6): 4872 mem(f4(g0),f3(f4(g0))).  [resolve(4827,a,21,a)].

given #3611 (T,wt=4): 27805 car(f3(f4(g0))).  [resolve(4872,a,17,a)].

given #3612 (T,wt=5): 27819 car(cen(f3(f4(g0)))).  [resolve(27805,a,14,a)].

given #3613 (T,wt=6): 4873 mem(f4(g0),f2(f4(g0))).  [resolve(4827,a,20,a)].

given #3614 (A,wt=37): 1365 -car(x) | cen(pa) = cen(x) | -mem(x,cen(x)) | -mem(pa,cen(x)) | -mem(x,cen(pa)) | -mem(pa,cen(pa)) | -mem(x,f1(pa)) | f1(pa) = cen(x) | f1(pa) = cen(pa).  [resolve(367,a,351,i),flip(i),flip(j),unit_del(b,37)].

given #3615 (F,wt=8): 27722 cen(f3(f1(oa))) != f3(f1(oa)).  [resolve(27709,a,15,a)].

given #3616 (F,wt=8): 27746 cen(f2(f1(oa))) != f2(f1(oa)).  [resolve(27733,a,15,a)].

given #3617 (F,wt=8): 27770 cen(f1(f1(oa))) != f1(f1(oa)).  [resolve(27757,a,15,a)].

given #3618 (F,wt=8): 27794 cen(f4(f4(g0))) != f4(f4(g0)).  [resolve(27781,a,15,a)].

given #3619 (T,wt=4): 27829 car(f2(f4(g0))).  [resolve(4873,a,17,a)].

given #3620 (T,wt=5): 27843 car(cen(f2(f4(g0)))).  [resolve(27829,a,14,a)].

given #3621 (T,wt=6): 4874 mem(f4(g0),f1(f4(g0))).  [resolve(4827,a,19,a)].

given #3622 (T,wt=4): 27853 car(f1(f4(g0))).  [resolve(4874,a,17,a)].

given #3623 (A,wt=34): 1366 -car(x) | cen(pa) = cen(x) | -mem(x,y) | -mem(pa,y) | -mem(x,z) | -mem(pa,z) | -mem(x,f1(pa)) | z = y | f1(pa) = y | f1(pa) = z.  [resolve(367,a,33,i),unit_del(b,37)].

given #3624 (F,wt=8): 27818 cen(f3(f4(g0))) != f3(f4(g0)).  [resolve(27805,a,15,a)].

given #3625 (F,wt=8): 27842 cen(f2(f4(g0))) != f2(f4(g0)).  [resolve(27829,a,15,a)].

given #3626 (F,wt=8): 27866 cen(f1(f4(g0))) != f1(f4(g0)).  [resolve(27853,a,15,a)].

given #3627 (F,wt=9): 10059 f4(cen(cen(pa))) != f3(cen(cen(pa))).  [resolve(943,a,28,a)].

given #3628 (T,wt=5): 27867 car(cen(f1(f4(g0)))).  [resolve(27853,a,14,a)].

given #3629 (T,wt=6): 5077 blocked(f3(g0),cen(f3(g0))).  [resolve(4881,a,35,a)].

given #3630 (T,wt=6): 5084 mem(f3(g0),f4(f3(g0))).  [resolve(4881,a,22,a)].

given #3631 (T,wt=4): 27877 car(f4(f3(g0))).  [resolve(5084,a,17,a)].

given #3632 (A,wt=11): 1367 -car(x) | cen(pa) != cen(x) | mem(x,f1(pa)).  [resolve(367,a,32,e),unit_del(b,37)].

given #3633 (F,wt=8): 27890 cen(f4(f3(g0))) != f4(f3(g0)).  [resolve(27877,a,15,a)].

given #3634 (F,wt=9): 10060 f4(cen(cen(pa))) != f2(cen(cen(pa))).  [resolve(943,a,27,a)].

given #3635 (F,wt=9): 10061 f3(cen(cen(pa))) != f2(cen(cen(pa))).  [resolve(943,a,26,a)].

given #3636 (F,wt=9): 10062 f4(cen(cen(pa))) != f1(cen(cen(pa))).  [resolve(943,a,25,a)].

given #3637 (T,wt=4): 27912 mem(pb,f1(pa)).  [resolve(1367,a,38,a),rewrite([150(4)]),xx(a)].

given #3638 (T,wt=5): 27891 car(cen(f4(f3(g0)))).  [resolve(27877,a,14,a)].

given #3639 (T,wt=6): 5085 mem(f3(g0),f3(f3(g0))).  [resolve(4881,a,21,a)].

given #3640 (T,wt=4): 27922 car(f3(f3(g0))).  [resolve(5085,a,17,a)].

given #3641 (A,wt=30): 1369 -car(x) | cen(g14) = cen(x) | -mem(x,cen(x)) | -mem(g14,cen(x)) | -mem(x,cen(g14)) | -mem(g14,cen(g14)) | -mem(x,g14) | cen(x) = g14.  [resolve(750,a,351,i),unit_del(b,168),unit_del(j,751)].

given #3642 (F,wt=8): 27935 cen(f3(f3(g0))) != f3(f3(g0)).  [resolve(27922,a,15,a)].

given #3643 (F,wt=9): 10063 f3(cen(cen(pa))) != f1(cen(cen(pa))).  [resolve(943,a,24,a)].

given #3644 (F,wt=9): 10064 f2(cen(cen(pa))) != f1(cen(cen(pa))).  [resolve(943,a,23,a)].

given #3645 (F,wt=9): 10083 f4(cen(cen(ra))) != f3(cen(cen(ra))).  [resolve(970,a,28,a)].

given #3646 (T,wt=5): 27936 car(cen(f3(f3(g0)))).  [resolve(27922,a,14,a)].

given #3647 (T,wt=6): 5086 mem(f3(g0),f2(f3(g0))).  [resolve(4881,a,20,a)].

given #3648 (T,wt=4): 27946 car(f2(f3(g0))).  [resolve(5086,a,17,a)].

given #3649 (T,wt=5): 27960 car(cen(f2(f3(g0)))).  [resolve(27946,a,14,a)].

given #3650 (A,wt=31): 1370 -car(x) | cen(g14) = cen(x) | -mem(x,y) | -mem(g14,y) | -mem(x,z) | -mem(g14,z) | -mem(x,g14) | z = y | g14 = y | g14 = z.  [resolve(750,a,33,i),unit_del(b,168)].

given #3651 (F,wt=8): 27959 cen(f2(f3(g0))) != f2(f3(g0)).  [resolve(27946,a,15,a)].

given #3652 (F,wt=9): 10084 f4(cen(cen(ra))) != f2(cen(cen(ra))).  [resolve(970,a,27,a)].

given #3653 (F,wt=9): 10085 f3(cen(cen(ra))) != f2(cen(cen(ra))).  [resolve(970,a,26,a)].

given #3654 (F,wt=9): 10086 f4(cen(cen(ra))) != f1(cen(cen(ra))).  [resolve(970,a,25,a)].

given #3655 (T,wt=6): 5087 mem(f3(g0),f1(f3(g0))).  [resolve(4881,a,19,a)].

given #3656 (T,wt=4): 27970 car(f1(f3(g0))).  [resolve(5087,a,17,a)].

given #3657 (T,wt=5): 27984 car(cen(f1(f3(g0)))).  [resolve(27970,a,14,a)].

given #3658 (T,wt=6): 5133 blocked(f2(g0),cen(f2(g0))).  [resolve(5094,a,35,a)].

given #3659 (A,wt=10): 1371 -car(x) | cen(g14) != cen(x) | mem(x,g14).  [resolve(750,a,32,e),unit_del(b,168)].

given #3660 (F,wt=8): 27983 cen(f1(f3(g0))) != f1(f3(g0)).  [resolve(27970,a,15,a)].

given #3661 (F,wt=9): 10087 f3(cen(cen(ra))) != f1(cen(cen(ra))).  [resolve(970,a,24,a)].

given #3662 (F,wt=9): 10088 f2(cen(cen(ra))) != f1(cen(cen(ra))).  [resolve(970,a,23,a)].

given #3663 (F,wt=9): 10116 f4(cen(cen(ca))) != f3(cen(cen(ca))).  [resolve(996,a,28,a)].

given #3664 (T,wt=6): 5140 mem(f2(g0),f4(f2(g0))).  [resolve(5094,a,22,a)].

given #3665 (T,wt=4): 28021 car(f4(f2(g0))).  [resolve(5140,a,17,a)].

given #3666 (T,wt=5): 28035 car(cen(f4(f2(g0)))).  [resolve(28021,a,14,a)].

given #3667 (T,wt=6): 5141 mem(f2(g0),f3(f2(g0))).  [resolve(5094,a,21,a)].

given #3668 (A,wt=16): 1372 f1(g14) = g14 | f2(g14) = g14 | f3(g14) = g14 | f4(g14) = g14.  [resolve(750,a,30,b),unit_del(a,168)].

given #3669 (F,wt=8): 28034 cen(f4(f2(g0))) != f4(f2(g0)).  [resolve(28021,a,15,a)].

given #3670 (F,wt=9): 10117 f4(cen(cen(ca))) != f2(cen(cen(ca))).  [resolve(996,a,27,a)].

given #3671 (F,wt=9): 10118 f3(cen(cen(ca))) != f2(cen(cen(ca))).  [resolve(996,a,26,a)].

given #3672 (F,wt=9): 10119 f4(cen(cen(ca))) != f1(cen(cen(ca))).  [resolve(996,a,25,a)].

given #3673 (T,wt=4): 28045 car(f3(f2(g0))).  [resolve(5141,a,17,a)].

given #3674 (T,wt=5): 28059 car(cen(f3(f2(g0)))).  [resolve(28045,a,14,a)].

given #3675 (T,wt=6): 5142 mem(f2(g0),f2(f2(g0))).  [resolve(5094,a,20,a)].

given #3676 (T,wt=4): 28069 car(f2(f2(g0))).  [resolve(5142,a,17,a)].

given #3677 (A,wt=61): 1373 -car(x) | -car(y) | -car(z) | cen(pa) != cen(x) | cen(pa) != cen(y) | cen(pa) != cen(z) | cen(cen(g14)) != cen(pa) | pa = x | pa = y | pa = z | cen(g14) = pa | y = x | z = x | cen(g14) = x | z = y | cen(g14) = y | cen(g14) = z.  [resolve(752,a,356,d),flip(g),flip(k)].

given #3678 (F,wt=8): 28058 cen(f3(f2(g0))) != f3(f2(g0)).  [resolve(28045,a,15,a)].

given #3679 (F,wt=8): 28082 cen(f2(f2(g0))) != f2(f2(g0)).  [resolve(28069,a,15,a)].

given #3680 (F,wt=9): 10120 f3(cen(cen(ca))) != f1(cen(cen(ca))).  [resolve(996,a,24,a)].

given #3681 (F,wt=9): 10121 f2(cen(cen(ca))) != f1(cen(cen(ca))).  [resolve(996,a,23,a)].

given #3682 (T,wt=5): 28083 car(cen(f2(f2(g0)))).  [resolve(28069,a,14,a)].

given #3683 (T,wt=6): 5143 mem(f2(g0),f1(f2(g0))).  [resolve(5094,a,19,a)].

given #3684 (T,wt=4): 28093 car(f1(f2(g0))).  [resolve(5143,a,17,a)].

given #3685 (T,wt=5): 28107 car(cen(f1(f2(g0)))).  [resolve(28093,a,14,a)].

given #3686 (A,wt=61): 1374 -car(x) | -car(y) | -car(z) | cen(y) != cen(x) | cen(z) != cen(x) | cen(cen(g14)) != cen(x) | cen(pa) != cen(x) | y = x | z = x | cen(g14) = x | pa = x | z = y | cen(g14) = y | pa = y | cen(g14) = z | pa = z | cen(g14) = pa.  [resolve(752,a,355,d),flip(q)].

given #3687 (F,wt=8): 28106 cen(f1(f2(g0))) != f1(f2(g0)).  [resolve(28093,a,15,a)].

given #3688 (F,wt=9): 10140 f4(cen(cen(oa))) != f3(cen(cen(oa))).  [resolve(1030,a,28,a)].

given #3689 (F,wt=9): 10141 f4(cen(cen(oa))) != f2(cen(cen(oa))).  [resolve(1030,a,27,a)].

given #3690 (F,wt=9): 10142 f3(cen(cen(oa))) != f2(cen(cen(oa))).  [resolve(1030,a,26,a)].

given #3691 (T,wt=6): 5270 blocked(f1(g0),cen(f1(g0))).  [resolve(5150,a,35,a)].

given #3692 (T,wt=6): 5277 mem(f1(g0),f4(f1(g0))).  [resolve(5150,a,22,a)].

given #3693 (T,wt=4): 28117 car(f4(f1(g0))).  [resolve(5277,a,17,a)].

given #3694 (T,wt=5): 28131 car(cen(f4(f1(g0)))).  [resolve(28117,a,14,a)].

given #3695 (A,wt=64): 1375 -car(x) | -car(y) | -car(z) | cen(cen(g14)) != cen(x) | cen(cen(g14)) != cen(y) | cen(cen(g14)) != cen(z) | cen(cen(g14)) != cen(pa) | cen(g14) = x | cen(g14) = y | cen(g14) = z | cen(g14) = pa | y = x | z = x | pa = x | z = y | pa = y | pa = z.  [resolve(752,a,355,a),flip(d),flip(e),flip(f),flip(g),flip(h),flip(i),flip(j),flip(k)].

given #3696 (F,wt=8): 28130 cen(f4(f1(g0))) != f4(f1(g0)).  [resolve(28117,a,15,a)].

given #3697 (F,wt=9): 10143 f4(cen(cen(oa))) != f1(cen(cen(oa))).  [resolve(1030,a,25,a)].

given #3698 (F,wt=9): 10144 f3(cen(cen(oa))) != f1(cen(cen(oa))).  [resolve(1030,a,24,a)].

given #3699 (F,wt=9): 10145 f2(cen(cen(oa))) != f1(cen(cen(oa))).  [resolve(1030,a,23,a)].

given #3700 (T,wt=6): 5278 mem(f1(g0),f3(f1(g0))).  [resolve(5150,a,21,a)].

given #3701 (T,wt=4): 28141 car(f3(f1(g0))).  [resolve(5278,a,17,a)].

given #3702 (T,wt=5): 28155 car(cen(f3(f1(g0)))).  [resolve(28141,a,14,a)].

given #3703 (T,wt=6): 5279 mem(f1(g0),f2(f1(g0))).  [resolve(5150,a,20,a)].

given #3704 (A,wt=63): 1376 -car(x) | -car(y) | -car(z) | -car(u) | cen(y) != cen(x) | cen(z) != cen(x) | cen(u) != cen(x) | cen(cen(g14)) != cen(x) | y = x | z = x | u = x | cen(g14) = x | z = y | u = y | cen(g14) = y | u = z | cen(g14) = z | cen(g14) = u.  [resolve(752,a,36,e)].

given #3705 (F,wt=8): 28154 cen(f3(f1(g0))) != f3(f1(g0)).  [resolve(28141,a,15,a)].

given #3706 (F,wt=9): 10164 f4(cen(cen(g0))) != f3(cen(cen(g0))).  [resolve(1053,a,28,a)].

given #3707 (F,wt=9): 10165 f4(cen(cen(g0))) != f2(cen(cen(g0))).  [resolve(1053,a,27,a)].

given #3708 (F,wt=9): 10166 f3(cen(cen(g0))) != f2(cen(cen(g0))).  [resolve(1053,a,26,a)].

given #3709 (T,wt=4): 28165 car(f2(f1(g0))).  [resolve(5279,a,17,a)].

given #3710 (T,wt=5): 28179 car(cen(f2(f1(g0)))).  [resolve(28165,a,14,a)].

given #3711 (T,wt=6): 5280 mem(f1(g0),f1(f1(g0))).  [resolve(5150,a,19,a)].

given #3712 (T,wt=4): 28189 car(f1(f1(g0))).  [resolve(5280,a,17,a)].

given #3713 (A,wt=66): 1377 -car(x) | -car(y) | -car(z) | -car(u) | cen(cen(g14)) != cen(x) | cen(cen(g14)) != cen(y) | cen(cen(g14)) != cen(z) | cen(cen(g14)) != cen(u) | cen(g14) = x | cen(g14) = y | cen(g14) = z | cen(g14) = u | y = x | z = x | u = x | z = y | u = y | u = z.  [resolve(752,a,36,a),flip(e),flip(f),flip(g),flip(h),flip(i),flip(j),flip(k),flip(l)].

given #3714 (F,wt=8): 28178 cen(f2(f1(g0))) != f2(f1(g0)).  [resolve(28165,a,15,a)].

given #3715 (F,wt=8): 28202 cen(f1(f1(g0))) != f1(f1(g0)).  [resolve(28189,a,15,a)].

given #3716 (F,wt=9): 10167 f4(cen(cen(g0))) != f1(cen(cen(g0))).  [resolve(1053,a,25,a)].

given #3717 (F,wt=9): 10168 f3(cen(cen(g0))) != f1(cen(cen(g0))).  [resolve(1053,a,24,a)].

given #3718 (T,wt=5): 28203 car(cen(f1(f1(g0)))).  [resolve(28189,a,14,a)].

given #3719 (T,wt=6): 5327 blocked(f4(g1),cen(f4(g1))).  [resolve(5287,a,35,a)].

given #3720 (T,wt=6): 5334 mem(f4(g1),f4(f4(g1))).  [resolve(5287,a,22,a)].

given #3721 (T,wt=4): 28213 car(f4(f4(g1))).  [resolve(5334,a,17,a)].

given #3722 (A,wt=30): 1392 -car(x) | cen(c1) = cen(x) | -mem(x,cen(x)) | -mem(c1,cen(x)) | -mem(x,cen(c1)) | -mem(c1,cen(c1)) | -mem(x,c1) | cen(x) = c1.  [resolve(766,a,351,i),unit_del(b,339),unit_del(j,767)].

given #3723 (F,wt=8): 28226 cen(f4(f4(g1))) != f4(f4(g1)).  [resolve(28213,a,15,a)].

given #3724 (F,wt=9): 10169 f2(cen(cen(g0))) != f1(cen(cen(g0))).  [resolve(1053,a,23,a)].

given #3725 (F,wt=9): 10188 f4(cen(cen(g1))) != f3(cen(cen(g1))).  [resolve(1076,a,28,a)].

given #3726 (F,wt=9): 10189 f4(cen(cen(g1))) != f2(cen(cen(g1))).  [resolve(1076,a,27,a)].

given #3727 (T,wt=5): 28227 car(cen(f4(f4(g1)))).  [resolve(28213,a,14,a)].

given #3728 (T,wt=6): 5335 mem(f4(g1),f3(f4(g1))).  [resolve(5287,a,21,a)].

given #3729 (T,wt=4): 28237 car(f3(f4(g1))).  [resolve(5335,a,17,a)].

given #3730 (T,wt=5): 28251 car(cen(f3(f4(g1)))).  [resolve(28237,a,14,a)].

given #3731 (A,wt=31): 1393 -car(x) | cen(c1) = cen(x) | -mem(x,y) | -mem(c1,y) | -mem(x,z) | -mem(c1,z) | -mem(x,c1) | z = y | c1 = y | c1 = z.  [resolve(766,a,33,i),unit_del(b,339)].

given #3732 (F,wt=8): 28250 cen(f3(f4(g1))) != f3(f4(g1)).  [resolve(28237,a,15,a)].

given #3733 (F,wt=9): 10190 f3(cen(cen(g1))) != f2(cen(cen(g1))).  [resolve(1076,a,26,a)].

given #3734 (F,wt=9): 10191 f4(cen(cen(g1))) != f1(cen(cen(g1))).  [resolve(1076,a,25,a)].

given #3735 (F,wt=9): 10192 f3(cen(cen(g1))) != f1(cen(cen(g1))).  [resolve(1076,a,24,a)].

given #3736 (T,wt=6): 5336 mem(f4(g1),f2(f4(g1))).  [resolve(5287,a,20,a)].

given #3737 (T,wt=4): 28261 car(f2(f4(g1))).  [resolve(5336,a,17,a)].

given #3738 (T,wt=5): 28275 car(cen(f2(f4(g1)))).  [resolve(28261,a,14,a)].

given #3739 (T,wt=6): 5337 mem(f4(g1),f1(f4(g1))).  [resolve(5287,a,19,a)].

given #3740 (A,wt=10): 1394 -car(x) | cen(c1) != cen(x) | mem(x,c1).  [resolve(766,a,32,e),unit_del(b,339)].

given #3741 (F,wt=8): 28274 cen(f2(f4(g1))) != f2(f4(g1)).  [resolve(28261,a,15,a)].

given #3742 (F,wt=9): 10193 f2(cen(cen(g1))) != f1(cen(cen(g1))).  [resolve(1076,a,23,a)].

given #3743 (F,wt=9): 10216 f4(cen(cen(g2))) != f3(cen(cen(g2))).  [resolve(1099,a,28,a)].

given #3744 (F,wt=9): 10217 f4(cen(cen(g2))) != f2(cen(cen(g2))).  [resolve(1099,a,27,a)].

given #3745 (T,wt=4): 28285 car(f1(f4(g1))).  [resolve(5337,a,17,a)].

given #3746 (T,wt=5): 28322 car(cen(f1(f4(g1)))).  [resolve(28285,a,14,a)].

given #3747 (T,wt=6): 5447 blocked(f3(g1),cen(f3(g1))).  [resolve(5407,a,35,a)].

given #3748 (T,wt=6): 5454 mem(f3(g1),f4(f3(g1))).  [resolve(5407,a,22,a)].

given #3749 (A,wt=16): 1395 f1(c1) = c1 | f2(c1) = c1 | f3(c1) = c1 | f4(c1) = c1.  [resolve(766,a,30,b),unit_del(a,339)].

given #3750 (F,wt=8): 28321 cen(f1(f4(g1))) != f1(f4(g1)).  [resolve(28285,a,15,a)].

given #3751 (F,wt=9): 10218 f3(cen(cen(g2))) != f2(cen(cen(g2))).  [resolve(1099,a,26,a)].

given #3752 (F,wt=9): 10219 f4(cen(cen(g2))) != f1(cen(cen(g2))).  [resolve(1099,a,25,a)].

given #3753 (F,wt=9): 10220 f3(cen(cen(g2))) != f1(cen(cen(g2))).  [resolve(1099,a,24,a)].

given #3754 (T,wt=4): 28332 car(f4(f3(g1))).  [resolve(5454,a,17,a)].

given #3755 (T,wt=5): 28346 car(cen(f4(f3(g1)))).  [resolve(28332,a,14,a)].

given #3756 (T,wt=6): 5455 mem(f3(g1),f3(f3(g1))).  [resolve(5407,a,21,a)].

given #3757 (T,wt=4): 28356 car(f3(f3(g1))).  [resolve(5455,a,17,a)].

given #3758 (A,wt=61): 1396 -car(x) | -car(y) | -car(z) | cen(pa) != cen(x) | cen(pa) != cen(y) | cen(pa) != cen(z) | cen(cen(c1)) != cen(pa) | pa = x | pa = y | pa = z | cen(c1) = pa | y = x | z = x | cen(c1) = x | z = y | cen(c1) = y | cen(c1) = z.  [resolve(768,a,356,d),flip(g),flip(k)].

given #3759 (F,wt=8): 28345 cen(f4(f3(g1))) != f4(f3(g1)).  [resolve(28332,a,15,a)].

given #3760 (F,wt=8): 28369 cen(f3(f3(g1))) != f3(f3(g1)).  [resolve(28356,a,15,a)].

given #3761 (F,wt=9): 10221 f2(cen(cen(g2))) != f1(cen(cen(g2))).  [resolve(1099,a,23,a)].

given #3762 (F,wt=9): 10240 f4(cen(cen(g3))) != f3(cen(cen(g3))).  [resolve(1122,a,28,a)].

given #3763 (T,wt=5): 28370 car(cen(f3(f3(g1)))).  [resolve(28356,a,14,a)].

given #3764 (T,wt=6): 5456 mem(f3(g1),f2(f3(g1))).  [resolve(5407,a,20,a)].

given #3765 (T,wt=4): 28380 car(f2(f3(g1))).  [resolve(5456,a,17,a)].

given #3766 (T,wt=5): 28394 car(cen(f2(f3(g1)))).  [resolve(28380,a,14,a)].

given #3767 (A,wt=61): 1397 -car(x) | -car(y) | -car(z) | cen(y) != cen(x) | cen(z) != cen(x) | cen(cen(c1)) != cen(x) | cen(pa) != cen(x) | y = x | z = x | cen(c1) = x | pa = x | z = y | cen(c1) = y | pa = y | cen(c1) = z | pa = z | cen(c1) = pa.  [resolve(768,a,355,d),flip(q)].

given #3768 (F,wt=8): 28393 cen(f2(f3(g1))) != f2(f3(g1)).  [resolve(28380,a,15,a)].

given #3769 (F,wt=9): 10241 f4(cen(cen(g3))) != f2(cen(cen(g3))).  [resolve(1122,a,27,a)].

given #3770 (F,wt=9): 10242 f3(cen(cen(g3))) != f2(cen(cen(g3))).  [resolve(1122,a,26,a)].

given #3771 (F,wt=9): 10243 f4(cen(cen(g3))) != f1(cen(cen(g3))).  [resolve(1122,a,25,a)].

given #3772 (T,wt=6): 5457 mem(f3(g1),f1(f3(g1))).  [resolve(5407,a,19,a)].

given #3773 (T,wt=4): 28404 car(f1(f3(g1))).  [resolve(5457,a,17,a)].

given #3774 (T,wt=5): 28418 car(cen(f1(f3(g1)))).  [resolve(28404,a,14,a)].

given #3775 (T,wt=6): 5505 blocked(f2(g1),cen(f2(g1))).  [resolve(5465,a,35,a)].

given #3776 (A,wt=64): 1398 -car(x) | -car(y) | -car(z) | cen(cen(c1)) != cen(x) | cen(cen(c1)) != cen(y) | cen(cen(c1)) != cen(z) | cen(cen(c1)) != cen(pa) | cen(c1) = x | cen(c1) = y | cen(c1) = z | cen(c1) = pa | y = x | z = x | pa = x | z = y | pa = y | pa = z.  [resolve(768,a,355,a),flip(d),flip(e),flip(f),flip(g),flip(h),flip(i),flip(j),flip(k)].

given #3777 (F,wt=8): 28417 cen(f1(f3(g1))) != f1(f3(g1)).  [resolve(28404,a,15,a)].

given #3778 (F,wt=9): 10244 f3(cen(cen(g3))) != f1(cen(cen(g3))).  [resolve(1122,a,24,a)].

given #3779 (F,wt=9): 10245 f2(cen(cen(g3))) != f1(cen(cen(g3))).  [resolve(1122,a,23,a)].

given #3780 (F,wt=9): 10264 f4(cen(cen(g4))) != f3(cen(cen(g4))).  [resolve(1145,a,28,a)].

given #3781 (T,wt=6): 5512 mem(f2(g1),f4(f2(g1))).  [resolve(5465,a,22,a)].

given #3782 (T,wt=4): 28428 car(f4(f2(g1))).  [resolve(5512,a,17,a)].

given #3783 (T,wt=5): 28442 car(cen(f4(f2(g1)))).  [resolve(28428,a,14,a)].

given #3784 (T,wt=6): 5513 mem(f2(g1),f3(f2(g1))).  [resolve(5465,a,21,a)].

given #3785 (A,wt=63): 1399 -car(x) | -car(y) | -car(z) | -car(u) | cen(y) != cen(x) | cen(z) != cen(x) | cen(u) != cen(x) | cen(cen(c1)) != cen(x) | y = x | z = x | u = x | cen(c1) = x | z = y | u = y | cen(c1) = y | u = z | cen(c1) = z | cen(c1) = u.  [resolve(768,a,36,e)].

given #3786 (F,wt=8): 28441 cen(f4(f2(g1))) != f4(f2(g1)).  [resolve(28428,a,15,a)].

given #3787 (F,wt=9): 10265 f4(cen(cen(g4))) != f2(cen(cen(g4))).  [resolve(1145,a,27,a)].

given #3788 (F,wt=9): 10266 f3(cen(cen(g4))) != f2(cen(cen(g4))).  [resolve(1145,a,26,a)].

given #3789 (F,wt=9): 10267 f4(cen(cen(g4))) != f1(cen(cen(g4))).  [resolve(1145,a,25,a)].

given #3790 (T,wt=4): 28452 car(f3(f2(g1))).  [resolve(5513,a,17,a)].

given #3791 (T,wt=5): 28466 car(cen(f3(f2(g1)))).  [resolve(28452,a,14,a)].

given #3792 (T,wt=6): 5514 mem(f2(g1),f2(f2(g1))).  [resolve(5465,a,20,a)].

given #3793 (T,wt=4): 28476 car(f2(f2(g1))).  [resolve(5514,a,17,a)].

given #3794 (A,wt=66): 1400 -car(x) | -car(y) | -car(z) | -car(u) | cen(cen(c1)) != cen(x) | cen(cen(c1)) != cen(y) | cen(cen(c1)) != cen(z) | cen(cen(c1)) != cen(u) | cen(c1) = x | cen(c1) = y | cen(c1) = z | cen(c1) = u | y = x | z = x | u = x | z = y | u = y | u = z.  [resolve(768,a,36,a),flip(e),flip(f),flip(g),flip(h),flip(i),flip(j),flip(k),flip(l)].

given #3795 (F,wt=8): 28465 cen(f3(f2(g1))) != f3(f2(g1)).  [resolve(28452,a,15,a)].

given #3796 (F,wt=8): 28489 cen(f2(f2(g1))) != f2(f2(g1)).  [resolve(28476,a,15,a)].

given #3797 (F,wt=9): 10268 f3(cen(cen(g4))) != f1(cen(cen(g4))).  [resolve(1145,a,24,a)].

given #3798 (F,wt=9): 10269 f2(cen(cen(g4))) != f1(cen(cen(g4))).  [resolve(1145,a,23,a)].

given #3799 (T,wt=5): 28490 car(cen(f2(f2(g1)))).  [resolve(28476,a,14,a)].

given #3800 (T,wt=6): 5515 mem(f2(g1),f1(f2(g1))).  [resolve(5465,a,19,a)].

given #3801 (T,wt=4): 28500 car(f1(f2(g1))).  [resolve(5515,a,17,a)].

given #3802 (T,wt=5): 28514 car(cen(f1(f2(g1)))).  [resolve(28500,a,14,a)].

given #3803 (A,wt=56): 1415 -car(x) | -car(y) | -car(z) | cen(c4) != cen(x) | cen(c4) != cen(y) | cen(c4) != cen(z) | cen(c4) != cen(pa) | c4 = x | c4 = y | c4 = z | c4 = pb | y = x | z = x | pb = x | z = y | pb = y | pb = z.  [resolve(371,a,790,a),flip(d),flip(e),flip(f),flip(g),flip(h),flip(i),flip(j),flip(k)].

given #3804 (F,wt=8): 28513 cen(f1(f2(g1))) != f1(f2(g1)).  [resolve(28500,a,15,a)].

given #3805 (F,wt=9): 10288 f4(cen(cen(g5))) != f3(cen(cen(g5))).  [resolve(1168,a,28,a)].

given #3806 (F,wt=9): 10289 f4(cen(cen(g5))) != f2(cen(cen(g5))).  [resolve(1168,a,27,a)].

given #3807 (F,wt=9): 10290 f3(cen(cen(g5))) != f2(cen(cen(g5))).  [resolve(1168,a,26,a)].

given #3808 (T,wt=6): 5652 blocked(f1(g1),cen(f1(g1))).  [resolve(5611,a,35,a)].

given #3809 (T,wt=6): 5659 mem(f1(g1),f4(f1(g1))).  [resolve(5611,a,22,a)].

given #3810 (T,wt=4): 28524 car(f4(f1(g1))).  [resolve(5659,a,17,a)].

given #3811 (T,wt=5): 28538 car(cen(f4(f1(g1)))).  [resolve(28524,a,14,a)].

given #3812 (A,wt=56): 1416 -car(x) | -car(y) | -car(z) | cen(c3) != cen(x) | cen(c3) != cen(y) | cen(c3) != cen(z) | cen(c3) != cen(pa) | c3 = x | c3 = y | c3 = z | c3 = pb | y = x | z = x | pb = x | z = y | pb = y | pb = z.  [resolve(371,a,781,a),flip(d),flip(e),flip(f),flip(g),flip(h),flip(i),flip(j),flip(k)].

given #3813 (F,wt=8): 28537 cen(f4(f1(g1))) != f4(f1(g1)).  [resolve(28524,a,15,a)].

given #3814 (F,wt=9): 10291 f4(cen(cen(g5))) != f1(cen(cen(g5))).  [resolve(1168,a,25,a)].

given #3815 (F,wt=9): 10292 f3(cen(cen(g5))) != f1(cen(cen(g5))).  [resolve(1168,a,24,a)].

given #3816 (F,wt=9): 10293 f2(cen(cen(g5))) != f1(cen(cen(g5))).  [resolve(1168,a,23,a)].

given #3817 (T,wt=6): 5660 mem(f1(g1),f3(f1(g1))).  [resolve(5611,a,21,a)].

given #3818 (T,wt=4): 28548 car(f3(f1(g1))).  [resolve(5660,a,17,a)].

given #3819 (T,wt=5): 28562 car(cen(f3(f1(g1)))).  [resolve(28548,a,14,a)].

given #3820 (T,wt=6): 5661 mem(f1(g1),f2(f1(g1))).  [resolve(5611,a,20,a)].

given #3821 (A,wt=56): 1417 -car(x) | -car(y) | -car(z) | cen(c2) != cen(x) | cen(c2) != cen(y) | cen(c2) != cen(z) | cen(c2) != cen(pa) | c2 = x | c2 = y | c2 = z | c2 = pb | y = x | z = x | pb = x | z = y | pb = y | pb = z.  [resolve(371,a,772,a),flip(d),flip(e),flip(f),flip(g),flip(h),flip(i),flip(j),flip(k)].

given #3822 (F,wt=8): 28561 cen(f3(f1(g1))) != f3(f1(g1)).  [resolve(28548,a,15,a)].

given #3823 (F,wt=9): 10319 f4(cen(cen(g6))) != f3(cen(cen(g6))).  [resolve(1191,a,28,a)].

given #3824 (F,wt=9): 10320 f4(cen(cen(g6))) != f2(cen(cen(g6))).  [resolve(1191,a,27,a)].

given #3825 (F,wt=9): 10321 f3(cen(cen(g6))) != f2(cen(cen(g6))).  [resolve(1191,a,26,a)].

given #3826 (T,wt=4): 28572 car(f2(f1(g1))).  [resolve(5661,a,17,a)].

given #3827 (T,wt=5): 28586 car(cen(f2(f1(g1)))).  [resolve(28572,a,14,a)].

given #3828 (T,wt=6): 5662 mem(f1(g1),f1(f1(g1))).  [resolve(5611,a,19,a)].

given #3829 (T,wt=4): 28596 car(f1(f1(g1))).  [resolve(5662,a,17,a)].

given #3830 (A,wt=64): 1418 -car(x) | -car(y) | -car(z) | cen(cen(c1)) != cen(x) | cen(cen(c1)) != cen(y) | cen(cen(c1)) != cen(z) | cen(cen(c1)) != cen(pa) | cen(c1) = x | cen(c1) = y | cen(c1) = z | cen(c1) = pb | y = x | z = x | pb = x | z = y | pb = y | pb = z.  [resolve(371,a,768,a),flip(d),flip(e),flip(f),flip(g),flip(h),flip(i),flip(j),flip(k)].

given #3831 (F,wt=8): 28585 cen(f2(f1(g1))) != f2(f1(g1)).  [resolve(28572,a,15,a)].

given #3832 (F,wt=8): 28609 cen(f1(f1(g1))) != f1(f1(g1)).  [resolve(28596,a,15,a)].

given #3833 (F,wt=9): 10322 f4(cen(cen(g6))) != f1(cen(cen(g6))).  [resolve(1191,a,25,a)].

given #3834 (F,wt=9): 10323 f3(cen(cen(g6))) != f1(cen(cen(g6))).  [resolve(1191,a,24,a)].

given #3835 (T,wt=5): 28610 car(cen(f1(f1(g1)))).  [resolve(28596,a,14,a)].

given #3836 (T,wt=6): 5711 blocked(f4(g2),cen(f4(g2))).  [resolve(5670,a,35,a)].

given #3837 (T,wt=6): 5718 mem(f4(g2),f4(f4(g2))).  [resolve(5670,a,22,a)].

given #3838 (T,wt=4): 28620 car(f4(f4(g2))).  [resolve(5718,a,17,a)].

given #3839 (A,wt=64): 1419 -car(x) | -car(y) | -car(z) | cen(cen(g14)) != cen(x) | cen(cen(g14)) != cen(y) | cen(cen(g14)) != cen(z) | cen(cen(g14)) != cen(pa) | cen(g14) = x | cen(g14) = y | cen(g14) = z | cen(g14) = pb | y = x | z = x | pb = x | z = y | pb = y | pb = z.  [resolve(371,a,752,a),flip(d),flip(e),flip(f),flip(g),flip(h),flip(i),flip(j),flip(k)].

given #3840 (F,wt=8): 28633 cen(f4(f4(g2))) != f4(f4(g2)).  [resolve(28620,a,15,a)].

given #3841 (F,wt=9): 10324 f2(cen(cen(g6))) != f1(cen(cen(g6))).  [resolve(1191,a,23,a)].

given #3842 (F,wt=9): 10343 f4(cen(cen(g7))) != f3(cen(cen(g7))).  [resolve(1214,a,28,a)].

given #3843 (F,wt=9): 10344 f4(cen(cen(g7))) != f2(cen(cen(g7))).  [resolve(1214,a,27,a)].

given #3844 (T,wt=5): 28634 car(cen(f4(f4(g2)))).  [resolve(28620,a,14,a)].

given #3845 (T,wt=6): 5719 mem(f4(g2),f3(f4(g2))).  [resolve(5670,a,21,a)].

given #3846 (T,wt=4): 28644 car(f3(f4(g2))).  [resolve(5719,a,17,a)].

given #3847 (T,wt=5): 28658 car(cen(f3(f4(g2)))).  [resolve(28644,a,14,a)].

given #3848 (A,wt=64): 1420 -car(x) | -car(y) | -car(z) | cen(cen(g13)) != cen(x) | cen(cen(g13)) != cen(y) | cen(cen(g13)) != cen(z) | cen(cen(g13)) != cen(pa) | cen(g13) = x | cen(g13) = y | cen(g13) = z | cen(g13) = pb | y = x | z = x | pb = x | z = y | pb = y | pb = z.  [resolve(371,a,736,a),flip(d),flip(e),flip(f),flip(g),flip(h),flip(i),flip(j),flip(k)].

given #3849 (F,wt=8): 28657 cen(f3(f4(g2))) != f3(f4(g2)).  [resolve(28644,a,15,a)].

given #3850 (F,wt=9): 10345 f3(cen(cen(g7))) != f2(cen(cen(g7))).  [resolve(1214,a,26,a)].

given #3851 (F,wt=9): 10346 f4(cen(cen(g7))) != f1(cen(cen(g7))).  [resolve(1214,a,25,a)].

given #3852 (F,wt=9): 10347 f3(cen(cen(g7))) != f1(cen(cen(g7))).  [resolve(1214,a,24,a)].

given #3853 (T,wt=6): 5720 mem(f4(g2),f2(f4(g2))).  [resolve(5670,a,20,a)].

given #3854 (T,wt=4): 28668 car(f2(f4(g2))).  [resolve(5720,a,17,a)].

given #3855 (T,wt=5): 28682 car(cen(f2(f4(g2)))).  [resolve(28668,a,14,a)].

given #3856 (T,wt=6): 5721 mem(f4(g2),f1(f4(g2))).  [resolve(5670,a,19,a)].

given #3857 (A,wt=64): 1421 -car(x) | -car(y) | -car(z) | cen(cen(g12)) != cen(x) | cen(cen(g12)) != cen(y) | cen(cen(g12)) != cen(z) | cen(cen(g12)) != cen(pa) | cen(g12) = x | cen(g12) = y | cen(g12) = z | cen(g12) = pb | y = x | z = x | pb = x | z = y | pb = y | pb = z.  [resolve(371,a,720,a),flip(d),flip(e),flip(f),flip(g),flip(h),flip(i),flip(j),flip(k)].

given #3858 (F,wt=8): 28681 cen(f2(f4(g2))) != f2(f4(g2)).  [resolve(28668,a,15,a)].

given #3859 (F,wt=9): 10348 f2(cen(cen(g7))) != f1(cen(cen(g7))).  [resolve(1214,a,23,a)].

given #3860 (F,wt=9): 10367 f4(cen(cen(g8))) != f3(cen(cen(g8))).  [resolve(1241,a,28,a)].

given #3861 (F,wt=9): 10368 f4(cen(cen(g8))) != f2(cen(cen(g8))).  [resolve(1241,a,27,a)].

given #3862 (T,wt=4): 28692 car(f1(f4(g2))).  [resolve(5721,a,17,a)].

given #3863 (T,wt=5): 28706 car(cen(f1(f4(g2)))).  [resolve(28692,a,14,a)].

given #3864 (T,wt=6): 5770 blocked(f3(g2),cen(f3(g2))).  [resolve(5729,a,35,a)].

given #3865 (T,wt=6): 5777 mem(f3(g2),f4(f3(g2))).  [resolve(5729,a,22,a)].

given #3866 (A,wt=64): 1422 -car(x) | -car(y) | -car(z) | cen(cen(g11)) != cen(x) | cen(cen(g11)) != cen(y) | cen(cen(g11)) != cen(z) | cen(cen(g11)) != cen(pa) | cen(g11) = x | cen(g11) = y | cen(g11) = z | cen(g11) = pb | y = x | z = x | pb = x | z = y | pb = y | pb = z.  [resolve(371,a,704,a),flip(d),flip(e),flip(f),flip(g),flip(h),flip(i),flip(j),flip(k)].

given #3867 (F,wt=8): 28705 cen(f1(f4(g2))) != f1(f4(g2)).  [resolve(28692,a,15,a)].

given #3868 (F,wt=9): 10369 f3(cen(cen(g8))) != f2(cen(cen(g8))).  [resolve(1241,a,26,a)].

given #3869 (F,wt=9): 10370 f4(cen(cen(g8))) != f1(cen(cen(g8))).  [resolve(1241,a,25,a)].

given #3870 (F,wt=9): 10371 f3(cen(cen(g8))) != f1(cen(cen(g8))).  [resolve(1241,a,24,a)].

given #3871 (T,wt=4): 28716 car(f4(f3(g2))).  [resolve(5777,a,17,a)].

given #3872 (T,wt=5): 28730 car(cen(f4(f3(g2)))).  [resolve(28716,a,14,a)].

given #3873 (T,wt=6): 5778 mem(f3(g2),f3(f3(g2))).  [resolve(5729,a,21,a)].

given #3874 (T,wt=4): 28740 car(f3(f3(g2))).  [resolve(5778,a,17,a)].

given #3875 (A,wt=64): 1423 -car(x) | -car(y) | -car(z) | cen(cen(g10)) != cen(x) | cen(cen(g10)) != cen(y) | cen(cen(g10)) != cen(z) | cen(cen(g10)) != cen(pa) | cen(g10) = x | cen(g10) = y | cen(g10) = z | cen(g10) = pb | y = x | z = x | pb = x | z = y | pb = y | pb = z.  [resolve(371,a,688,a),flip(d),flip(e),flip(f),flip(g),flip(h),flip(i),flip(j),flip(k)].

given #3876 (F,wt=8): 28729 cen(f4(f3(g2))) != f4(f3(g2)).  [resolve(28716,a,15,a)].

given #3877 (F,wt=8): 28753 cen(f3(f3(g2))) != f3(f3(g2)).  [resolve(28740,a,15,a)].

given #3878 (F,wt=9): 10372 f2(cen(cen(g8))) != f1(cen(cen(g8))).  [resolve(1241,a,23,a)].

given #3879 (F,wt=9): 10391 f4(cen(cen(g9))) != f3(cen(cen(g9))).  [resolve(1264,a,28,a)].

given #3880 (T,wt=5): 28754 car(cen(f3(f3(g2)))).  [resolve(28740,a,14,a)].

given #3881 (T,wt=6): 5779 mem(f3(g2),f2(f3(g2))).  [resolve(5729,a,20,a)].

given #3882 (T,wt=4): 28764 car(f2(f3(g2))).  [resolve(5779,a,17,a)].

given #3883 (T,wt=5): 28778 car(cen(f2(f3(g2)))).  [resolve(28764,a,14,a)].

given #3884 (A,wt=64): 1424 -car(x) | -car(y) | -car(z) | cen(cen(g9)) != cen(x) | cen(cen(g9)) != cen(y) | cen(cen(g9)) != cen(z) | cen(cen(g9)) != cen(pa) | cen(g9) = x | cen(g9) = y | cen(g9) = z | cen(g9) = pb | y = x | z = x | pb = x | z = y | pb = y | pb = z.  [resolve(371,a,672,a),flip(d),flip(e),flip(f),flip(g),flip(h),flip(i),flip(j),flip(k)].

given #3885 (F,wt=8): 28777 cen(f2(f3(g2))) != f2(f3(g2)).  [resolve(28764,a,15,a)].

given #3886 (F,wt=9): 10392 f4(cen(cen(g9))) != f2(cen(cen(g9))).  [resolve(1264,a,27,a)].

given #3887 (F,wt=9): 10393 f3(cen(cen(g9))) != f2(cen(cen(g9))).  [resolve(1264,a,26,a)].

given #3888 (F,wt=9): 10394 f4(cen(cen(g9))) != f1(cen(cen(g9))).  [resolve(1264,a,25,a)].

given #3889 (T,wt=6): 5780 mem(f3(g2),f1(f3(g2))).  [resolve(5729,a,19,a)].

given #3890 (T,wt=4): 28788 car(f1(f3(g2))).  [resolve(5780,a,17,a)].

given #3891 (T,wt=5): 28802 car(cen(f1(f3(g2)))).  [resolve(28788,a,14,a)].

given #3892 (T,wt=6): 5831 blocked(f2(g2),cen(f2(g2))).  [resolve(5790,a,35,a)].

given #3893 (A,wt=64): 1425 -car(x) | -car(y) | -car(z) | cen(cen(g8)) != cen(x) | cen(cen(g8)) != cen(y) | cen(cen(g8)) != cen(z) | cen(cen(g8)) != cen(pa) | cen(g8) = x | cen(g8) = y | cen(g8) = z | cen(g8) = pb | y = x | z = x | pb = x | z = y | pb = y | pb = z.  [resolve(371,a,656,a),flip(d),flip(e),flip(f),flip(g),flip(h),flip(i),flip(j),flip(k)].

given #3894 (F,wt=8): 28801 cen(f1(f3(g2))) != f1(f3(g2)).  [resolve(28788,a,15,a)].

given #3895 (F,wt=9): 10395 f3(cen(cen(g9))) != f1(cen(cen(g9))).  [resolve(1264,a,24,a)].

given #3896 (F,wt=9): 10396 f2(cen(cen(g9))) != f1(cen(cen(g9))).  [resolve(1264,a,23,a)].

given #3897 (F,wt=9): 10418 f4(cen(cen(g10))) != f3(cen(cen(g10))).  [resolve(1291,a,28,a)].

given #3898 (T,wt=6): 5838 mem(f2(g2),f4(f2(g2))).  [resolve(5790,a,22,a)].

given #3899 (T,wt=4): 28812 car(f4(f2(g2))).  [resolve(5838,a,17,a)].

given #3900 (T,wt=5): 28826 car(cen(f4(f2(g2)))).  [resolve(28812,a,14,a)].

given #3901 (T,wt=6): 5839 mem(f2(g2),f3(f2(g2))).  [resolve(5790,a,21,a)].

given #3902 (A,wt=64): 1426 -car(x) | -car(y) | -car(z) | cen(cen(g7)) != cen(x) | cen(cen(g7)) != cen(y) | cen(cen(g7)) != cen(z) | cen(cen(g7)) != cen(pa) | cen(g7) = x | cen(g7) = y | cen(g7) = z | cen(g7) = pb | y = x | z = x | pb = x | z = y | pb = y | pb = z.  [resolve(371,a,640,a),flip(d),flip(e),flip(f),flip(g),flip(h),flip(i),flip(j),flip(k)].

given #3903 (F,wt=8): 28825 cen(f4(f2(g2))) != f4(f2(g2)).  [resolve(28812,a,15,a)].

given #3904 (F,wt=9): 10419 f4(cen(cen(g10))) != f2(cen(cen(g10))).  [resolve(1291,a,27,a)].

given #3905 (F,wt=9): 10420 f3(cen(cen(g10))) != f2(cen(cen(g10))).  [resolve(1291,a,26,a)].

given #3906 (F,wt=9): 10421 f4(cen(cen(g10))) != f1(cen(cen(g10))).  [resolve(1291,a,25,a)].

given #3907 (T,wt=4): 28836 car(f3(f2(g2))).  [resolve(5839,a,17,a)].

given #3908 (T,wt=5): 28850 car(cen(f3(f2(g2)))).  [resolve(28836,a,14,a)].

given #3909 (T,wt=6): 5840 mem(f2(g2),f2(f2(g2))).  [resolve(5790,a,20,a)].

given #3910 (T,wt=4): 28860 car(f2(f2(g2))).  [resolve(5840,a,17,a)].

given #3911 (A,wt=64): 1427 -car(x) | -car(y) | -car(z) | cen(cen(g6)) != cen(x) | cen(cen(g6)) != cen(y) | cen(cen(g6)) != cen(z) | cen(cen(g6)) != cen(pa) | cen(g6) = x | cen(g6) = y | cen(g6) = z | cen(g6) = pb | y = x | z = x | pb = x | z = y | pb = y | pb = z.  [resolve(371,a,624,a),flip(d),flip(e),flip(f),flip(g),flip(h),flip(i),flip(j),flip(k)].

given #3912 (F,wt=8): 28849 cen(f3(f2(g2))) != f3(f2(g2)).  [resolve(28836,a,15,a)].

given #3913 (F,wt=8): 28873 cen(f2(f2(g2))) != f2(f2(g2)).  [resolve(28860,a,15,a)].

given #3914 (F,wt=9): 10422 f3(cen(cen(g10))) != f1(cen(cen(g10))).  [resolve(1291,a,24,a)].

given #3915 (F,wt=9): 10423 f2(cen(cen(g10))) != f1(cen(cen(g10))).  [resolve(1291,a,23,a)].

given #3916 (T,wt=5): 28874 car(cen(f2(f2(g2)))).  [resolve(28860,a,14,a)].

given #3917 (T,wt=6): 5841 mem(f2(g2),f1(f2(g2))).  [resolve(5790,a,19,a)].

given #3918 (T,wt=4): 28884 car(f1(f2(g2))).  [resolve(5841,a,17,a)].

given #3919 (T,wt=5): 28898 car(cen(f1(f2(g2)))).  [resolve(28884,a,14,a)].

given #3920 (A,wt=64): 1428 -car(x) | -car(y) | -car(z) | cen(cen(g5)) != cen(x) | cen(cen(g5)) != cen(y) | cen(cen(g5)) != cen(z) | cen(cen(g5)) != cen(pa) | cen(g5) = x | cen(g5) = y | cen(g5) = z | cen(g5) = pb | y = x | z = x | pb = x | z = y | pb = y | pb = z.  [resolve(371,a,608,a),flip(d),flip(e),flip(f),flip(g),flip(h),flip(i),flip(j),flip(k)].

given #3921 (F,wt=8): 28897 cen(f1(f2(g2))) != f1(f2(g2)).  [resolve(28884,a,15,a)].

given #3922 (F,wt=9): 10442 f4(cen(cen(g11))) != f3(cen(cen(g11))).  [resolve(1314,a,28,a)].

given #3923 (F,wt=9): 10443 f4(cen(cen(g11))) != f2(cen(cen(g11))).  [resolve(1314,a,27,a)].

given #3924 (F,wt=9): 10444 f3(cen(cen(g11))) != f2(cen(cen(g11))).  [resolve(1314,a,26,a)].

given #3925 (T,wt=6): 5890 blocked(f1(g2),cen(f1(g2))).  [resolve(5849,a,35,a)].

given #3926 (T,wt=6): 5897 mem(f1(g2),f4(f1(g2))).  [resolve(5849,a,22,a)].

given #3927 (T,wt=4): 28908 car(f4(f1(g2))).  [resolve(5897,a,17,a)].

given #3928 (T,wt=5): 28922 car(cen(f4(f1(g2)))).  [resolve(28908,a,14,a)].

given #3929 (A,wt=64): 1429 -car(x) | -car(y) | -car(z) | cen(cen(g4)) != cen(x) | cen(cen(g4)) != cen(y) | cen(cen(g4)) != cen(z) | cen(cen(g4)) != cen(pa) | cen(g4) = x | cen(g4) = y | cen(g4) = z | cen(g4) = pb | y = x | z = x | pb = x | z = y | pb = y | pb = z.  [resolve(371,a,592,a),flip(d),flip(e),flip(f),flip(g),flip(h),flip(i),flip(j),flip(k)].

given #3930 (F,wt=8): 28921 cen(f4(f1(g2))) != f4(f1(g2)).  [resolve(28908,a,15,a)].

given #3931 (F,wt=9): 10445 f4(cen(cen(g11))) != f1(cen(cen(g11))).  [resolve(1314,a,25,a)].

given #3932 (F,wt=9): 10446 f3(cen(cen(g11))) != f1(cen(cen(g11))).  [resolve(1314,a,24,a)].

given #3933 (F,wt=9): 10447 f2(cen(cen(g11))) != f1(cen(cen(g11))).  [resolve(1314,a,23,a)].

given #3934 (T,wt=6): 5898 mem(f1(g2),f3(f1(g2))).  [resolve(5849,a,21,a)].

given #3935 (T,wt=4): 28932 car(f3(f1(g2))).  [resolve(5898,a,17,a)].

given #3936 (T,wt=5): 28946 car(cen(f3(f1(g2)))).  [resolve(28932,a,14,a)].

given #3937 (T,wt=6): 5899 mem(f1(g2),f2(f1(g2))).  [resolve(5849,a,20,a)].

given #3938 (A,wt=64): 1430 -car(x) | -car(y) | -car(z) | cen(cen(g3)) != cen(x) | cen(cen(g3)) != cen(y) | cen(cen(g3)) != cen(z) | cen(cen(g3)) != cen(pa) | cen(g3) = x | cen(g3) = y | cen(g3) = z | cen(g3) = pb | y = x | z = x | pb = x | z = y | pb = y | pb = z.  [resolve(371,a,576,a),flip(d),flip(e),flip(f),flip(g),flip(h),flip(i),flip(j),flip(k)].

given #3939 (F,wt=8): 28945 cen(f3(f1(g2))) != f3(f1(g2)).  [resolve(28932,a,15,a)].

given #3940 (F,wt=9): 10466 f4(cen(cen(g12))) != f3(cen(cen(g12))).  [resolve(1341,a,28,a)].

given #3941 (F,wt=9): 10467 f4(cen(cen(g12))) != f2(cen(cen(g12))).  [resolve(1341,a,27,a)].

given #3942 (F,wt=9): 10468 f3(cen(cen(g12))) != f2(cen(cen(g12))).  [resolve(1341,a,26,a)].

given #3943 (T,wt=4): 28956 car(f2(f1(g2))).  [resolve(5899,a,17,a)].

given #3944 (T,wt=5): 28970 car(cen(f2(f1(g2)))).  [resolve(28956,a,14,a)].

given #3945 (T,wt=6): 5900 mem(f1(g2),f1(f1(g2))).  [resolve(5849,a,19,a)].

given #3946 (T,wt=4): 28980 car(f1(f1(g2))).  [resolve(5900,a,17,a)].

given #3947 (A,wt=64): 1431 -car(x) | -car(y) | -car(z) | cen(cen(g2)) != cen(x) | cen(cen(g2)) != cen(y) | cen(cen(g2)) != cen(z) | cen(cen(g2)) != cen(pa) | cen(g2) = x | cen(g2) = y | cen(g2) = z | cen(g2) = pb | y = x | z = x | pb = x | z = y | pb = y | pb = z.  [resolve(371,a,560,a),flip(d),flip(e),flip(f),flip(g),flip(h),flip(i),flip(j),flip(k)].

given #3948 (F,wt=8): 28969 cen(f2(f1(g2))) != f2(f1(g2)).  [resolve(28956,a,15,a)].

given #3949 (F,wt=8): 28993 cen(f1(f1(g2))) != f1(f1(g2)).  [resolve(28980,a,15,a)].

given #3950 (F,wt=9): 10469 f4(cen(cen(g12))) != f1(cen(cen(g12))).  [resolve(1341,a,25,a)].

given #3951 (F,wt=9): 10470 f3(cen(cen(g12))) != f1(cen(cen(g12))).  [resolve(1341,a,24,a)].

given #3952 (T,wt=5): 28994 car(cen(f1(f1(g2)))).  [resolve(28980,a,14,a)].

given #3953 (T,wt=6): 6016 blocked(f4(g3),cen(f4(g3))).  [resolve(5975,a,35,a)].

given #3954 (T,wt=6): 6023 mem(f4(g3),f4(f4(g3))).  [resolve(5975,a,22,a)].

given #3955 (T,wt=4): 29004 car(f4(f4(g3))).  [resolve(6023,a,17,a)].

given #3956 (A,wt=64): 1432 -car(x) | -car(y) | -car(z) | cen(cen(g1)) != cen(x) | cen(cen(g1)) != cen(y) | cen(cen(g1)) != cen(z) | cen(cen(g1)) != cen(pa) | cen(g1) = x | cen(g1) = y | cen(g1) = z | cen(g1) = pb | y = x | z = x | pb = x | z = y | pb = y | pb = z.  [resolve(371,a,544,a),flip(d),flip(e),flip(f),flip(g),flip(h),flip(i),flip(j),flip(k)].

given #3957 (F,wt=8): 29017 cen(f4(f4(g3))) != f4(f4(g3)).  [resolve(29004,a,15,a)].

given #3958 (F,wt=9): 10471 f2(cen(cen(g12))) != f1(cen(cen(g12))).  [resolve(1341,a,23,a)].

given #3959 (F,wt=9): 10490 f4(cen(cen(g13))) != f3(cen(cen(g13))).  [resolve(1364,a,28,a)].

given #3960 (F,wt=9): 10491 f4(cen(cen(g13))) != f2(cen(cen(g13))).  [resolve(1364,a,27,a)].

given #3961 (T,wt=5): 29018 car(cen(f4(f4(g3)))).  [resolve(29004,a,14,a)].

given #3962 (T,wt=6): 6024 mem(f4(g3),f3(f4(g3))).  [resolve(5975,a,21,a)].

given #3963 (T,wt=4): 29028 car(f3(f4(g3))).  [resolve(6024,a,17,a)].

given #3964 (T,wt=5): 29042 car(cen(f3(f4(g3)))).  [resolve(29028,a,14,a)].

given #3965 (A,wt=64): 1433 -car(x) | -car(y) | -car(z) | cen(cen(g0)) != cen(x) | cen(cen(g0)) != cen(y) | cen(cen(g0)) != cen(z) | cen(cen(g0)) != cen(pa) | cen(g0) = x | cen(g0) = y | cen(g0) = z | cen(g0) = pb | y = x | z = x | pb = x | z = y | pb = y | pb = z.  [resolve(371,a,528,a),flip(d),flip(e),flip(f),flip(g),flip(h),flip(i),flip(j),flip(k)].

given #3966 (F,wt=8): 29041 cen(f3(f4(g3))) != f3(f4(g3)).  [resolve(29028,a,15,a)].

given #3967 (F,wt=9): 10492 f3(cen(cen(g13))) != f2(cen(cen(g13))).  [resolve(1364,a,26,a)].

given #3968 (F,wt=9): 10493 f4(cen(cen(g13))) != f1(cen(cen(g13))).  [resolve(1364,a,25,a)].

given #3969 (F,wt=9): 10494 f3(cen(cen(g13))) != f1(cen(cen(g13))).  [resolve(1364,a,24,a)].

given #3970 (T,wt=6): 6025 mem(f4(g3),f2(f4(g3))).  [resolve(5975,a,20,a)].

given #3971 (T,wt=4): 29052 car(f2(f4(g3))).  [resolve(6025,a,17,a)].

given #3972 (T,wt=5): 29066 car(cen(f2(f4(g3)))).  [resolve(29052,a,14,a)].

given #3973 (T,wt=6): 6026 mem(f4(g3),f1(f4(g3))).  [resolve(5975,a,19,a)].

given #3974 (A,wt=64): 1434 -car(x) | -car(y) | -car(z) | cen(cen(oa)) != cen(x) | cen(cen(oa)) != cen(y) | cen(cen(oa)) != cen(z) | cen(cen(oa)) != cen(pa) | cen(oa) = x | cen(oa) = y | cen(oa) = z | cen(oa) = pb | y = x | z = x | pb = x | z = y | pb = y | pb = z.  [resolve(371,a,498,a),flip(d),flip(e),flip(f),flip(g),flip(h),flip(i),flip(j),flip(k)].

given #3975 (F,wt=8): 29065 cen(f2(f4(g3))) != f2(f4(g3)).  [resolve(29052,a,15,a)].

given #3976 (F,wt=9): 10495 f2(cen(cen(g13))) != f1(cen(cen(g13))).  [resolve(1364,a,23,a)].

given #3977 (F,wt=9): 10672 f4(cen(cen(g14))) != f3(cen(cen(g14))).  [resolve(1391,a,28,a)].

given #3978 (F,wt=9): 10673 f4(cen(cen(g14))) != f2(cen(cen(g14))).  [resolve(1391,a,27,a)].

given #3979 (T,wt=4): 29076 car(f1(f4(g3))).  [resolve(6026,a,17,a)].

given #3980 (T,wt=5): 29090 car(cen(f1(f4(g3)))).  [resolve(29076,a,14,a)].

given #3981 (T,wt=6): 6168 blocked(f3(g3),cen(f3(g3))).  [resolve(6035,a,35,a)].

given #3982 (T,wt=6): 6175 mem(f3(g3),f4(f3(g3))).  [resolve(6035,a,22,a)].

given #3983 (A,wt=64): 1435 -car(x) | -car(y) | -car(z) | cen(cen(ca)) != cen(x) | cen(cen(ca)) != cen(y) | cen(cen(ca)) != cen(z) | cen(cen(ca)) != cen(pa) | cen(ca) = x | cen(ca) = y | cen(ca) = z | cen(ca) = pb | y = x | z = x | pb = x | z = y | pb = y | pb = z.  [resolve(371,a,434,a),flip(d),flip(e),flip(f),flip(g),flip(h),flip(i),flip(j),flip(k)].

given #3984 (F,wt=8): 29089 cen(f1(f4(g3))) != f1(f4(g3)).  [resolve(29076,a,15,a)].

given #3985 (F,wt=9): 10674 f3(cen(cen(g14))) != f2(cen(cen(g14))).  [resolve(1391,a,26,a)].

given #3986 (F,wt=9): 10675 f4(cen(cen(g14))) != f1(cen(cen(g14))).  [resolve(1391,a,25,a)].

given #3987 (F,wt=9): 10676 f3(cen(cen(g14))) != f1(cen(cen(g14))).  [resolve(1391,a,24,a)].

given #3988 (T,wt=4): 29100 car(f4(f3(g3))).  [resolve(6175,a,17,a)].

given #3989 (T,wt=5): 29114 car(cen(f4(f3(g3)))).  [resolve(29100,a,14,a)].

given #3990 (T,wt=6): 6176 mem(f3(g3),f3(f3(g3))).  [resolve(6035,a,21,a)].

given #3991 (T,wt=4): 29124 car(f3(f3(g3))).  [resolve(6176,a,17,a)].

given #3992 (A,wt=64): 1436 -car(x) | -car(y) | -car(z) | cen(cen(ra)) != cen(x) | cen(cen(ra)) != cen(y) | cen(cen(ra)) != cen(z) | cen(cen(ra)) != cen(pa) | cen(ra) = x | cen(ra) = y | cen(ra) = z | cen(ra) = pb | y = x | z = x | pb = x | z = y | pb = y | pb = z.  [resolve(371,a,402,a),flip(d),flip(e),flip(f),flip(g),flip(h),flip(i),flip(j),flip(k)].

given #3993 (F,wt=8): 29113 cen(f4(f3(g3))) != f4(f3(g3)).  [resolve(29100,a,15,a)].

given #3994 (F,wt=8): 29137 cen(f3(f3(g3))) != f3(f3(g3)).  [resolve(29124,a,15,a)].

given #3995 (F,wt=9): 10677 f2(cen(cen(g14))) != f1(cen(cen(g14))).  [resolve(1391,a,23,a)].

given #3996 (F,wt=9): 10696 f4(cen(cen(c1))) != f3(cen(cen(c1))).  [resolve(1414,a,28,a)].

given #3997 (T,wt=5): 29138 car(cen(f3(f3(g3)))).  [resolve(29124,a,14,a)].

given #3998 (T,wt=6): 6177 mem(f3(g3),f2(f3(g3))).  [resolve(6035,a,20,a)].

given #3999 (T,wt=4): 29148 car(f2(f3(g3))).  [resolve(6177,a,17,a)].

given #4000 (T,wt=5): 29162 car(cen(f2(f3(g3)))).  [resolve(29148,a,14,a)].

given #4001 (A,wt=56): 1437 -car(x) | -car(y) | -car(z) | cen(c1) != cen(x) | cen(c1) != cen(y) | cen(c1) != cen(z) | cen(c1) != cen(pa) | c1 = x | c1 = y | c1 = z | c1 = pb | y = x | z = x | pb = x | z = y | pb = y | pb = z.  [resolve(371,a,339,a),flip(d),flip(e),flip(f),flip(g),flip(h),flip(i),flip(j),flip(k)].

given #4002 (F,wt=8): 29161 cen(f2(f3(g3))) != f2(f3(g3)).  [resolve(29148,a,15,a)].

given #4003 (F,wt=9): 10697 f4(cen(cen(c1))) != f2(cen(cen(c1))).  [resolve(1414,a,27,a)].

given #4004 (F,wt=9): 10698 f3(cen(cen(c1))) != f2(cen(cen(c1))).  [resolve(1414,a,26,a)].

given #4005 (F,wt=9): 10699 f4(cen(cen(c1))) != f1(cen(cen(c1))).  [resolve(1414,a,25,a)].

given #4006 (T,wt=6): 6178 mem(f3(g3),f1(f3(g3))).  [resolve(6035,a,19,a)].

given #4007 (T,wt=4): 29172 car(f1(f3(g3))).  [resolve(6178,a,17,a)].

given #4008 (T,wt=5): 29186 car(cen(f1(f3(g3)))).  [resolve(29172,a,14,a)].

given #4009 (T,wt=6): 6232 blocked(f2(g3),cen(f2(g3))).  [resolve(6190,a,35,a)].

given #4010 (A,wt=56): 1438 -car(x) | -car(y) | -car(z) | cen(g14) != cen(x) | cen(g14) != cen(y) | cen(g14) != cen(z) | cen(g14) != cen(pa) | g14 = x | g14 = y | g14 = z | g14 = pb | y = x | z = x | pb = x | z = y | pb = y | pb = z.  [resolve(371,a,168,a),flip(d),flip(e),flip(f),flip(g),flip(h),flip(i),flip(j),flip(k)].

given #4011 (F,wt=8): 29185 cen(f1(f3(g3))) != f1(f3(g3)).  [resolve(29172,a,15,a)].

given #4012 (F,wt=9): 10700 f3(cen(cen(c1))) != f1(cen(cen(c1))).  [resolve(1414,a,24,a)].

given #4013 (F,wt=9): 10701 f2(cen(cen(c1))) != f1(cen(cen(c1))).  [resolve(1414,a,23,a)].

given #4014 (F,wt=9): 10720 f4(cen(cen(c2))) != f3(cen(cen(c2))).  [resolve(1617,a,28,a)].

given #4015 (T,wt=6): 6239 mem(f2(g3),f4(f2(g3))).  [resolve(6190,a,22,a)].

given #4016 (T,wt=4): 29196 car(f4(f2(g3))).  [resolve(6239,a,17,a)].

given #4017 (T,wt=5): 29210 car(cen(f4(f2(g3)))).  [resolve(29196,a,14,a)].

given #4018 (T,wt=6): 6240 mem(f2(g3),f3(f2(g3))).  [resolve(6190,a,21,a)].

given #4019 (A,wt=56): 1439 -car(x) | -car(y) | -car(z) | cen(g13) != cen(x) | cen(g13) != cen(y) | cen(g13) != cen(z) | cen(g13) != cen(pa) | g13 = x | g13 = y | g13 = z | g13 = pb | y = x | z = x | pb = x | z = y | pb = y | pb = z.  [resolve(371,a,167,a),flip(d),flip(e),flip(f),flip(g),flip(h),flip(i),flip(j),flip(k)].

given #4020 (F,wt=8): 29209 cen(f4(f2(g3))) != f4(f2(g3)).  [resolve(29196,a,15,a)].

given #4021 (F,wt=9): 10721 f4(cen(cen(c2))) != f2(cen(cen(c2))).  [resolve(1617,a,27,a)].

given #4022 (F,wt=9): 10722 f3(cen(cen(c2))) != f2(cen(cen(c2))).  [resolve(1617,a,26,a)].

given #4023 (F,wt=9): 10723 f4(cen(cen(c2))) != f1(cen(cen(c2))).  [resolve(1617,a,25,a)].

given #4024 (T,wt=4): 29220 car(f3(f2(g3))).  [resolve(6240,a,17,a)].

given #4025 (T,wt=5): 29234 car(cen(f3(f2(g3)))).  [resolve(29220,a,14,a)].

given #4026 (T,wt=6): 6241 mem(f2(g3),f2(f2(g3))).  [resolve(6190,a,20,a)].

given #4027 (T,wt=4): 29244 car(f2(f2(g3))).  [resolve(6241,a,17,a)].

given #4028 (A,wt=56): 1440 -car(x) | -car(y) | -car(z) | cen(g12) != cen(x) | cen(g12) != cen(y) | cen(g12) != cen(z) | cen(g12) != cen(pa) | g12 = x | g12 = y | g12 = z | g12 = pb | y = x | z = x | pb = x | z = y | pb = y | pb = z.  [resolve(371,a,166,a),flip(d),flip(e),flip(f),flip(g),flip(h),flip(i),flip(j),flip(k)].

given #4029 (F,wt=8): 29233 cen(f3(f2(g3))) != f3(f2(g3)).  [resolve(29220,a,15,a)].

given #4030 (F,wt=8): 29257 cen(f2(f2(g3))) != f2(f2(g3)).  [resolve(29244,a,15,a)].

given #4031 (F,wt=9): 10724 f3(cen(cen(c2))) != f1(cen(cen(c2))).  [resolve(1617,a,24,a)].

given #4032 (F,wt=9): 10725 f2(cen(cen(c2))) != f1(cen(cen(c2))).  [resolve(1617,a,23,a)].

given #4033 (T,wt=5): 29258 car(cen(f2(f2(g3)))).  [resolve(29244,a,14,a)].

given #4034 (T,wt=6): 6242 mem(f2(g3),f1(f2(g3))).  [resolve(6190,a,19,a)].

given #4035 (T,wt=4): 29268 car(f1(f2(g3))).  [resolve(6242,a,17,a)].

given #4036 (T,wt=5): 29282 car(cen(f1(f2(g3)))).  [resolve(29268,a,14,a)].

given #4037 (A,wt=56): 1441 -car(x) | -car(y) | -car(z) | cen(g11) != cen(x) | cen(g11) != cen(y) | cen(g11) != cen(z) | cen(g11) != cen(pa) | g11 = x | g11 = y | g11 = z | g11 = pb | y = x | z = x | pb = x | z = y | pb = y | pb = z.  [resolve(371,a,165,a),flip(d),flip(e),flip(f),flip(g),flip(h),flip(i),flip(j),flip(k)].

given #4038 (F,wt=8): 29281 cen(f1(f2(g3))) != f1(f2(g3)).  [resolve(29268,a,15,a)].

given #4039 (F,wt=9): 10744 f4(cen(cen(c3))) != f3(cen(cen(c3))).  [resolve(1644,a,28,a)].

given #4040 (F,wt=9): 10745 f4(cen(cen(c3))) != f2(cen(cen(c3))).  [resolve(1644,a,27,a)].

given #4041 (F,wt=9): 10746 f3(cen(cen(c3))) != f2(cen(cen(c3))).  [resolve(1644,a,26,a)].

given #4042 (T,wt=6): 6293 blocked(f1(g3),cen(f1(g3))).  [resolve(6251,a,35,a)].

given #4043 (T,wt=6): 6300 mem(f1(g3),f4(f1(g3))).  [resolve(6251,a,22,a)].

given #4044 (T,wt=4): 29292 car(f4(f1(g3))).  [resolve(6300,a,17,a)].

given #4045 (T,wt=5): 29306 car(cen(f4(f1(g3)))).  [resolve(29292,a,14,a)].

given #4046 (A,wt=56): 1442 -car(x) | -car(y) | -car(z) | cen(g10) != cen(x) | cen(g10) != cen(y) | cen(g10) != cen(z) | cen(g10) != cen(pa) | g10 = x | g10 = y | g10 = z | g10 = pb | y = x | z = x | pb = x | z = y | pb = y | pb = z.  [resolve(371,a,164,a),flip(d),flip(e),flip(f),flip(g),flip(h),flip(i),flip(j),flip(k)].

given #4047 (F,wt=8): 29305 cen(f4(f1(g3))) != f4(f1(g3)).  [resolve(29292,a,15,a)].

given #4048 (F,wt=9): 10747 f4(cen(cen(c3))) != f1(cen(cen(c3))).  [resolve(1644,a,25,a)].

given #4049 (F,wt=9): 10748 f3(cen(cen(c3))) != f1(cen(cen(c3))).  [resolve(1644,a,24,a)].

given #4050 (F,wt=9): 10749 f2(cen(cen(c3))) != f1(cen(cen(c3))).  [resolve(1644,a,23,a)].

given #4051 (T,wt=6): 6301 mem(f1(g3),f3(f1(g3))).  [resolve(6251,a,21,a)].

given #4052 (T,wt=4): 29316 car(f3(f1(g3))).  [resolve(6301,a,17,a)].

given #4053 (T,wt=5): 29330 car(cen(f3(f1(g3)))).  [resolve(29316,a,14,a)].

given #4054 (T,wt=6): 6302 mem(f1(g3),f2(f1(g3))).  [resolve(6251,a,20,a)].

given #4055 (A,wt=56): 1443 -car(x) | -car(y) | -car(z) | cen(g9) != cen(x) | cen(g9) != cen(y) | cen(g9) != cen(z) | cen(g9) != cen(pa) | g9 = x | g9 = y | g9 = z | g9 = pb | y = x | z = x | pb = x | z = y | pb = y | pb = z.  [resolve(371,a,163,a),flip(d),flip(e),flip(f),flip(g),flip(h),flip(i),flip(j),flip(k)].

given #4056 (F,wt=8): 29329 cen(f3(f1(g3))) != f3(f1(g3)).  [resolve(29316,a,15,a)].

given #4057 (F,wt=9): 10947 f4(cen(cen(c4))) != f3(cen(cen(c4))).  [resolve(1713,a,28,a)].

given #4058 (F,wt=9): 10948 f4(cen(cen(c4))) != f2(cen(cen(c4))).  [resolve(1713,a,27,a)].

given #4059 (F,wt=9): 10949 f3(cen(cen(c4))) != f2(cen(cen(c4))).  [resolve(1713,a,26,a)].

given #4060 (T,wt=4): 29340 car(f2(f1(g3))).  [resolve(6302,a,17,a)].

given #4061 (T,wt=5): 29354 car(cen(f2(f1(g3)))).  [resolve(29340,a,14,a)].

given #4062 (T,wt=6): 6303 mem(f1(g3),f1(f1(g3))).  [resolve(6251,a,19,a)].

given #4063 (T,wt=4): 29364 car(f1(f1(g3))).  [resolve(6303,a,17,a)].

given #4064 (A,wt=56): 1444 -car(x) | -car(y) | -car(z) | cen(g8) != cen(x) | cen(g8) != cen(y) | cen(g8) != cen(z) | cen(g8) != cen(pa) | g8 = x | g8 = y | g8 = z | g8 = pb | y = x | z = x | pb = x | z = y | pb = y | pb = z.  [resolve(371,a,162,a),flip(d),flip(e),flip(f),flip(g),flip(h),flip(i),flip(j),flip(k)].

given #4065 (F,wt=8): 29353 cen(f2(f1(g3))) != f2(f1(g3)).  [resolve(29340,a,15,a)].

given #4066 (F,wt=8): 29377 cen(f1(f1(g3))) != f1(f1(g3)).  [resolve(29364,a,15,a)].

given #4067 (F,wt=9): 10950 f4(cen(cen(c4))) != f1(cen(cen(c4))).  [resolve(1713,a,25,a)].

given #4068 (F,wt=9): 10951 f3(cen(cen(c4))) != f1(cen(cen(c4))).  [resolve(1713,a,24,a)].

given #4069 (T,wt=5): 29378 car(cen(f1(f1(g3)))).  [resolve(29364,a,14,a)].

given #4070 (T,wt=6): 6356 blocked(f4(g4),cen(f4(g4))).  [resolve(6312,a,35,a)].

given #4071 (T,wt=6): 6363 mem(f4(g4),f4(f4(g4))).  [resolve(6312,a,22,a)].

given #4072 (T,wt=4): 29388 car(f4(f4(g4))).  [resolve(6363,a,17,a)].

given #4073 (A,wt=56): 1445 -car(x) | -car(y) | -car(z) | cen(g7) != cen(x) | cen(g7) != cen(y) | cen(g7) != cen(z) | cen(g7) != cen(pa) | g7 = x | g7 = y | g7 = z | g7 = pb | y = x | z = x | pb = x | z = y | pb = y | pb = z.  [resolve(371,a,161,a),flip(d),flip(e),flip(f),flip(g),flip(h),flip(i),flip(j),flip(k)].

given #4074 (F,wt=8): 29401 cen(f4(f4(g4))) != f4(f4(g4)).  [resolve(29388,a,15,a)].

given #4075 (F,wt=9): 10952 f2(cen(cen(c4))) != f1(cen(cen(c4))).  [resolve(1713,a,23,a)].

given #4076 (F,wt=9): 10972 f4(cen(f4(pa))) != f3(cen(f4(pa))).  [resolve(1737,a,28,a)].

given #4077 (F,wt=9): 10973 f4(cen(f4(pa))) != f2(cen(f4(pa))).  [resolve(1737,a,27,a)].

given #4078 (T,wt=5): 29402 car(cen(f4(f4(g4)))).  [resolve(29388,a,14,a)].

given #4079 (T,wt=6): 6364 mem(f4(g4),f3(f4(g4))).  [resolve(6312,a,21,a)].

given #4080 (T,wt=4): 29412 car(f3(f4(g4))).  [resolve(6364,a,17,a)].

given #4081 (T,wt=5): 29426 car(cen(f3(f4(g4)))).  [resolve(29412,a,14,a)].

given #4082 (A,wt=56): 1446 -car(x) | -car(y) | -car(z) | cen(g6) != cen(x) | cen(g6) != cen(y) | cen(g6) != cen(z) | cen(g6) != cen(pa) | g6 = x | g6 = y | g6 = z | g6 = pb | y = x | z = x | pb = x | z = y | pb = y | pb = z.  [resolve(371,a,160,a),flip(d),flip(e),flip(f),flip(g),flip(h),flip(i),flip(j),flip(k)].

given #4083 (F,wt=8): 29425 cen(f3(f4(g4))) != f3(f4(g4)).  [resolve(29412,a,15,a)].

given #4084 (F,wt=9): 10974 f3(cen(f4(pa))) != f2(cen(f4(pa))).  [resolve(1737,a,26,a)].

given #4085 (F,wt=9): 10975 f4(cen(f4(pa))) != f1(cen(f4(pa))).  [resolve(1737,a,25,a)].

given #4086 (F,wt=9): 10976 f3(cen(f4(pa))) != f1(cen(f4(pa))).  [resolve(1737,a,24,a)].

given #4087 (T,wt=6): 6365 mem(f4(g4),f2(f4(g4))).  [resolve(6312,a,20,a)].

given #4088 (T,wt=4): 29436 car(f2(f4(g4))).  [resolve(6365,a,17,a)].

given #4089 (T,wt=5): 29450 car(cen(f2(f4(g4)))).  [resolve(29436,a,14,a)].

given #4090 (T,wt=6): 6366 mem(f4(g4),f1(f4(g4))).  [resolve(6312,a,19,a)].

given #4091 (A,wt=56): 1447 -car(x) | -car(y) | -car(z) | cen(g5) != cen(x) | cen(g5) != cen(y) | cen(g5) != cen(z) | cen(g5) != cen(pa) | g5 = x | g5 = y | g5 = z | g5 = pb | y = x | z = x | pb = x | z = y | pb = y | pb = z.  [resolve(371,a,159,a),flip(d),flip(e),flip(f),flip(g),flip(h),flip(i),flip(j),flip(k)].

given #4092 (F,wt=8): 29449 cen(f2(f4(g4))) != f2(f4(g4)).  [resolve(29436,a,15,a)].

given #4093 (F,wt=9): 10977 f2(cen(f4(pa))) != f1(cen(f4(pa))).  [resolve(1737,a,23,a)].

given #4094 (F,wt=9): 10997 f4(cen(f3(pa))) != f3(cen(f3(pa))).  [resolve(1761,a,28,a)].

given #4095 (F,wt=9): 10998 f4(cen(f3(pa))) != f2(cen(f3(pa))).  [resolve(1761,a,27,a)].

given #4096 (T,wt=4): 29460 car(f1(f4(g4))).  [resolve(6366,a,17,a)].

given #4097 (T,wt=5): 29474 car(cen(f1(f4(g4)))).  [resolve(29460,a,14,a)].

given #4098 (T,wt=6): 6417 blocked(f3(g4),cen(f3(g4))).  [resolve(6375,a,35,a)].

given #4099 (T,wt=6): 6424 mem(f3(g4),f4(f3(g4))).  [resolve(6375,a,22,a)].

given #4100 (A,wt=56): 1448 -car(x) | -car(y) | -car(z) | cen(g4) != cen(x) | cen(g4) != cen(y) | cen(g4) != cen(z) | cen(g4) != cen(pa) | g4 = x | g4 = y | g4 = z | g4 = pb | y = x | z = x | pb = x | z = y | pb = y | pb = z.  [resolve(371,a,158,a),flip(d),flip(e),flip(f),flip(g),flip(h),flip(i),flip(j),flip(k)].

given #4101 (F,wt=8): 29473 cen(f1(f4(g4))) != f1(f4(g4)).  [resolve(29460,a,15,a)].

given #4102 (F,wt=9): 10999 f3(cen(f3(pa))) != f2(cen(f3(pa))).  [resolve(1761,a,26,a)].

given #4103 (F,wt=9): 11000 f4(cen(f3(pa))) != f1(cen(f3(pa))).  [resolve(1761,a,25,a)].

given #4104 (F,wt=9): 11001 f3(cen(f3(pa))) != f1(cen(f3(pa))).  [resolve(1761,a,24,a)].

given #4105 (T,wt=4): 29484 car(f4(f3(g4))).  [resolve(6424,a,17,a)].

given #4106 (T,wt=5): 29498 car(cen(f4(f3(g4)))).  [resolve(29484,a,14,a)].

given #4107 (T,wt=6): 6425 mem(f3(g4),f3(f3(g4))).  [resolve(6375,a,21,a)].

given #4108 (T,wt=4): 29508 car(f3(f3(g4))).  [resolve(6425,a,17,a)].

given #4109 (A,wt=56): 1449 -car(x) | -car(y) | -car(z) | cen(g3) != cen(x) | cen(g3) != cen(y) | cen(g3) != cen(z) | cen(g3) != cen(pa) | g3 = x | g3 = y | g3 = z | g3 = pb | y = x | z = x | pb = x | z = y | pb = y | pb = z.  [resolve(371,a,157,a),flip(d),flip(e),flip(f),flip(g),flip(h),flip(i),flip(j),flip(k)].

given #4110 (F,wt=8): 29497 cen(f4(f3(g4))) != f4(f3(g4)).  [resolve(29484,a,15,a)].

given #4111 (F,wt=8): 29521 cen(f3(f3(g4))) != f3(f3(g4)).  [resolve(29508,a,15,a)].

given #4112 (F,wt=9): 11002 f2(cen(f3(pa))) != f1(cen(f3(pa))).  [resolve(1761,a,23,a)].

given #4113 (F,wt=9): 11022 f4(cen(f2(pa))) != f3(cen(f2(pa))).  [resolve(1786,a,28,a)].

given #4114 (T,wt=5): 29522 car(cen(f3(f3(g4)))).  [resolve(29508,a,14,a)].

given #4115 (T,wt=6): 6426 mem(f3(g4),f2(f3(g4))).  [resolve(6375,a,20,a)].

given #4116 (T,wt=4): 29532 car(f2(f3(g4))).  [resolve(6426,a,17,a)].

given #4117 (T,wt=5): 29546 car(cen(f2(f3(g4)))).  [resolve(29532,a,14,a)].

given #4118 (A,wt=56): 1450 -car(x) | -car(y) | -car(z) | cen(g2) != cen(x) | cen(g2) != cen(y) | cen(g2) != cen(z) | cen(g2) != cen(pa) | g2 = x | g2 = y | g2 = z | g2 = pb | y = x | z = x | pb = x | z = y | pb = y | pb = z.  [resolve(371,a,156,a),flip(d),flip(e),flip(f),flip(g),flip(h),flip(i),flip(j),flip(k)].

given #4119 (F,wt=8): 29545 cen(f2(f3(g4))) != f2(f3(g4)).  [resolve(29532,a,15,a)].

given #4120 (F,wt=9): 11023 f4(cen(f2(pa))) != f2(cen(f2(pa))).  [resolve(1786,a,27,a)].

given #4121 (F,wt=9): 11024 f3(cen(f2(pa))) != f2(cen(f2(pa))).  [resolve(1786,a,26,a)].

given #4122 (F,wt=9): 11025 f4(cen(f2(pa))) != f1(cen(f2(pa))).  [resolve(1786,a,25,a)].

given #4123 (T,wt=6): 6427 mem(f3(g4),f1(f3(g4))).  [resolve(6375,a,19,a)].

given #4124 (T,wt=4): 29556 car(f1(f3(g4))).  [resolve(6427,a,17,a)].

given #4125 (T,wt=5): 29570 car(cen(f1(f3(g4)))).  [resolve(29556,a,14,a)].

given #4126 (T,wt=6): 6480 blocked(f2(g4),cen(f2(g4))).  [resolve(6436,a,35,a)].

given #4127 (A,wt=56): 1451 -car(x) | -car(y) | -car(z) | cen(g1) != cen(x) | cen(g1) != cen(y) | cen(g1) != cen(z) | cen(g1) != cen(pa) | g1 = x | g1 = y | g1 = z | g1 = pb | y = x | z = x | pb = x | z = y | pb = y | pb = z.  [resolve(371,a,155,a),flip(d),flip(e),flip(f),flip(g),flip(h),flip(i),flip(j),flip(k)].

given #4128 (F,wt=8): 29569 cen(f1(f3(g4))) != f1(f3(g4)).  [resolve(29556,a,15,a)].

given #4129 (F,wt=9): 11026 f3(cen(f2(pa))) != f1(cen(f2(pa))).  [resolve(1786,a,24,a)].

given #4130 (F,wt=9): 11027 f2(cen(f2(pa))) != f1(cen(f2(pa))).  [resolve(1786,a,23,a)].

given #4131 (F,wt=9): 11049 f4(cen(f1(pa))) != f3(cen(f1(pa))).  [resolve(1810,a,28,a)].

given #4132 (T,wt=6): 6487 mem(f2(g4),f4(f2(g4))).  [resolve(6436,a,22,a)].

given #4133 (T,wt=4): 29580 car(f4(f2(g4))).  [resolve(6487,a,17,a)].

given #4134 (T,wt=5): 29594 car(cen(f4(f2(g4)))).  [resolve(29580,a,14,a)].

given #4135 (T,wt=6): 6488 mem(f2(g4),f3(f2(g4))).  [resolve(6436,a,21,a)].

given #4136 (A,wt=56): 1452 -car(x) | -car(y) | -car(z) | cen(g0) != cen(x) | cen(g0) != cen(y) | cen(g0) != cen(z) | cen(g0) != cen(pa) | g0 = x | g0 = y | g0 = z | g0 = pb | y = x | z = x | pb = x | z = y | pb = y | pb = z.  [resolve(371,a,154,a),flip(d),flip(e),flip(f),flip(g),flip(h),flip(i),flip(j),flip(k)].

given #4137 (F,wt=8): 29593 cen(f4(f2(g4))) != f4(f2(g4)).  [resolve(29580,a,15,a)].

given #4138 (F,wt=9): 11050 f4(cen(f1(pa))) != f2(cen(f1(pa))).  [resolve(1810,a,27,a)].

given #4139 (F,wt=9): 11051 f3(cen(f1(pa))) != f2(cen(f1(pa))).  [resolve(1810,a,26,a)].

given #4140 (F,wt=9): 11052 f4(cen(f1(pa))) != f1(cen(f1(pa))).  [resolve(1810,a,25,a)].

given #4141 (T,wt=4): 29604 car(f3(f2(g4))).  [resolve(6488,a,17,a)].

given #4142 (T,wt=5): 29618 car(cen(f3(f2(g4)))).  [resolve(29604,a,14,a)].

given #4143 (T,wt=6): 6489 mem(f2(g4),f2(f2(g4))).  [resolve(6436,a,20,a)].

given #4144 (T,wt=4): 29628 car(f2(f2(g4))).  [resolve(6489,a,17,a)].

given #4145 (A,wt=53): 1453 -car(x) | -car(y) | -car(z) | cen(oa) != cen(x) | cen(oa) != cen(y) | cen(oa) != cen(z) | cen(oa) != cen(pa) | oa = x | oa = y | oa = z | y = x | z = x | pb = x | z = y | pb = y | pb = z.  [resolve(371,a,45,a),flip(d),flip(e),flip(f),flip(g),flip(h),flip(i),flip(j),flip(k),unit_del(k,97)].

given #4146 (F,wt=8): 29617 cen(f3(f2(g4))) != f3(f2(g4)).  [resolve(29604,a,15,a)].

given #4147 (F,wt=8): 29641 cen(f2(f2(g4))) != f2(f2(g4)).  [resolve(29628,a,15,a)].

given #4148 (F,wt=9): 11053 f3(cen(f1(pa))) != f1(cen(f1(pa))).  [resolve(1810,a,24,a)].

given #4149 (F,wt=9): 11054 f2(cen(f1(pa))) != f1(cen(f1(pa))).  [resolve(1810,a,23,a)].

given #4150 (T,wt=5): 29642 car(cen(f2(f2(g4)))).  [resolve(29628,a,14,a)].

given #4151 (T,wt=6): 6490 mem(f2(g4),f1(f2(g4))).  [resolve(6436,a,19,a)].

given #4152 (T,wt=4): 29652 car(f1(f2(g4))).  [resolve(6490,a,17,a)].

given #4153 (T,wt=5): 29666 car(cen(f1(f2(g4)))).  [resolve(29652,a,14,a)].

given #4154 (A,wt=56): 1454 -car(x) | -car(y) | -car(z) | cen(c4) != cen(x) | cen(y) != cen(x) | cen(z) != cen(x) | cen(pa) != cen(x) | c4 = x | y = x | z = x | pb = x | c4 = y | c4 = z | c4 = pb | z = y | pb = y | pb = z.  [resolve(371,b,790,a),flip(l),flip(m),flip(n)].

given #4155 (F,wt=8): 29665 cen(f1(f2(g4))) != f1(f2(g4)).  [resolve(29652,a,15,a)].

given #4156 (F,wt=9): 11074 f4(cen(f4(pb))) != f3(cen(f4(pb))).  [resolve(1845,a,28,a)].

given #4157 (F,wt=9): 11075 f4(cen(f4(pb))) != f2(cen(f4(pb))).  [resolve(1845,a,27,a)].

given #4158 (F,wt=9): 11076 f3(cen(f4(pb))) != f2(cen(f4(pb))).  [resolve(1845,a,26,a)].

given #4159 (T,wt=6): 6550 blocked(f1(g4),cen(f1(g4))).  [resolve(6507,a,35,a)].

given #4160 (T,wt=6): 6557 mem(f1(g4),f4(f1(g4))).  [resolve(6507,a,22,a)].

given #4161 (T,wt=4): 29676 car(f4(f1(g4))).  [resolve(6557,a,17,a)].

given #4162 (T,wt=5): 29690 car(cen(f4(f1(g4)))).  [resolve(29676,a,14,a)].

given #4163 (A,wt=56): 1455 -car(x) | -car(y) | -car(z) | cen(c3) != cen(x) | cen(y) != cen(x) | cen(z) != cen(x) | cen(pa) != cen(x) | c3 = x | y = x | z = x | pb = x | c3 = y | c3 = z | c3 = pb | z = y | pb = y | pb = z.  [resolve(371,b,781,a),flip(l),flip(m),flip(n)].

given #4164 (F,wt=8): 29689 cen(f4(f1(g4))) != f4(f1(g4)).  [resolve(29676,a,15,a)].

given #4165 (F,wt=9): 11077 f4(cen(f4(pb))) != f1(cen(f4(pb))).  [resolve(1845,a,25,a)].

given #4166 (F,wt=9): 11078 f3(cen(f4(pb))) != f1(cen(f4(pb))).  [resolve(1845,a,24,a)].

given #4167 (F,wt=9): 11079 f2(cen(f4(pb))) != f1(cen(f4(pb))).  [resolve(1845,a,23,a)].

given #4168 (T,wt=6): 6558 mem(f1(g4),f3(f1(g4))).  [resolve(6507,a,21,a)].

given #4169 (T,wt=4): 29700 car(f3(f1(g4))).  [resolve(6558,a,17,a)].

given #4170 (T,wt=5): 29714 car(cen(f3(f1(g4)))).  [resolve(29700,a,14,a)].

given #4171 (T,wt=6): 6559 mem(f1(g4),f2(f1(g4))).  [resolve(6507,a,20,a)].

given #4172 (A,wt=56): 1456 -car(x) | -car(y) | -car(z) | cen(c2) != cen(x) | cen(y) != cen(x) | cen(z) != cen(x) | cen(pa) != cen(x) | c2 = x | y = x | z = x | pb = x | c2 = y | c2 = z | c2 = pb | z = y | pb = y | pb = z.  [resolve(371,b,772,a),flip(l),flip(m),flip(n)].

given #4173 (F,wt=8): 29713 cen(f3(f1(g4))) != f3(f1(g4)).  [resolve(29700,a,15,a)].

given #4174 (F,wt=9): 11099 f4(cen(f3(pb))) != f3(cen(f3(pb))).  [resolve(1869,a,28,a)].

given #4175 (F,wt=9): 11100 f4(cen(f3(pb))) != f2(cen(f3(pb))).  [resolve(1869,a,27,a)].

given #4176 (F,wt=9): 11101 f3(cen(f3(pb))) != f2(cen(f3(pb))).  [resolve(1869,a,26,a)].

given #4177 (T,wt=4): 29724 car(f2(f1(g4))).  [resolve(6559,a,17,a)].

given #4178 (T,wt=5): 29738 car(cen(f2(f1(g4)))).  [resolve(29724,a,14,a)].

given #4179 (T,wt=6): 6560 mem(f1(g4),f1(f1(g4))).  [resolve(6507,a,19,a)].

given #4180 (T,wt=4): 29748 car(f1(f1(g4))).  [resolve(6560,a,17,a)].

given #4181 (A,wt=61): 1457 -car(x) | -car(y) | -car(z) | cen(cen(c1)) != cen(x) | cen(y) != cen(x) | cen(z) != cen(x) | cen(pa) != cen(x) | cen(c1) = x | y = x | z = x | pb = x | cen(c1) = y | cen(c1) = z | cen(c1) = pb | z = y | pb = y | pb = z.  [resolve(371,b,768,a),flip(l),flip(m),flip(n)].

given #4182 (F,wt=8): 29737 cen(f2(f1(g4))) != f2(f1(g4)).  [resolve(29724,a,15,a)].

given #4183 (F,wt=8): 29761 cen(f1(f1(g4))) != f1(f1(g4)).  [resolve(29748,a,15,a)].

given #4184 (F,wt=9): 11102 f4(cen(f3(pb))) != f1(cen(f3(pb))).  [resolve(1869,a,25,a)].

given #4185 (F,wt=9): 11103 f3(cen(f3(pb))) != f1(cen(f3(pb))).  [resolve(1869,a,24,a)].

given #4186 (T,wt=5): 29762 car(cen(f1(f1(g4)))).  [resolve(29748,a,14,a)].

given #4187 (T,wt=6): 6614 blocked(f4(g5),cen(f4(g5))).  [resolve(6572,a,35,a)].

given #4188 (T,wt=6): 6621 mem(f4(g5),f4(f4(g5))).  [resolve(6572,a,22,a)].

given #4189 (T,wt=4): 29772 car(f4(f4(g5))).  [resolve(6621,a,17,a)].

given #4190 (A,wt=61): 1458 -car(x) | -car(y) | -car(z) | cen(cen(g14)) != cen(x) | cen(y) != cen(x) | cen(z) != cen(x) | cen(pa) != cen(x) | cen(g14) = x | y = x | z = x | pb = x | cen(g14) = y | cen(g14) = z | cen(g14) = pb | z = y | pb = y | pb = z.  [resolve(371,b,752,a),flip(l),flip(m),flip(n)].

given #4191 (F,wt=8): 29785 cen(f4(f4(g5))) != f4(f4(g5)).  [resolve(29772,a,15,a)].

given #4192 (F,wt=9): 11104 f2(cen(f3(pb))) != f1(cen(f3(pb))).  [resolve(1869,a,23,a)].

given #4193 (F,wt=9): 11124 f4(cen(f2(pb))) != f3(cen(f2(pb))).  [resolve(1897,a,28,a)].

given #4194 (F,wt=9): 11125 f4(cen(f2(pb))) != f2(cen(f2(pb))).  [resolve(1897,a,27,a)].

given #4195 (T,wt=5): 29786 car(cen(f4(f4(g5)))).  [resolve(29772,a,14,a)].

given #4196 (T,wt=6): 6622 mem(f4(g5),f3(f4(g5))).  [resolve(6572,a,21,a)].

given #4197 (T,wt=4): 29796 car(f3(f4(g5))).  [resolve(6622,a,17,a)].

given #4198 (T,wt=5): 29810 car(cen(f3(f4(g5)))).  [resolve(29796,a,14,a)].

given #4199 (A,wt=61): 1459 -car(x) | -car(y) | -car(z) | cen(cen(g13)) != cen(x) | cen(y) != cen(x) | cen(z) != cen(x) | cen(pa) != cen(x) | cen(g13) = x | y = x | z = x | pb = x | cen(g13) = y | cen(g13) = z | cen(g13) = pb | z = y | pb = y | pb = z.  [resolve(371,b,736,a),flip(l),flip(m),flip(n)].

given #4200 (F,wt=8): 29809 cen(f3(f4(g5))) != f3(f4(g5)).  [resolve(29796,a,15,a)].

given #4201 (F,wt=9): 11126 f3(cen(f2(pb))) != f2(cen(f2(pb))).  [resolve(1897,a,26,a)].

given #4202 (F,wt=9): 11127 f4(cen(f2(pb))) != f1(cen(f2(pb))).  [resolve(1897,a,25,a)].

given #4203 (F,wt=9): 11128 f3(cen(f2(pb))) != f1(cen(f2(pb))).  [resolve(1897,a,24,a)].

given #4204 (T,wt=6): 6623 mem(f4(g5),f2(f4(g5))).  [resolve(6572,a,20,a)].

given #4205 (T,wt=4): 29820 car(f2(f4(g5))).  [resolve(6623,a,17,a)].

given #4206 (T,wt=5): 29834 car(cen(f2(f4(g5)))).  [resolve(29820,a,14,a)].

given #4207 (T,wt=6): 6624 mem(f4(g5),f1(f4(g5))).  [resolve(6572,a,19,a)].

given #4208 (A,wt=61): 1460 -car(x) | -car(y) | -car(z) | cen(cen(g12)) != cen(x) | cen(y) != cen(x) | cen(z) != cen(x) | cen(pa) != cen(x) | cen(g12) = x | y = x | z = x | pb = x | cen(g12) = y | cen(g12) = z | cen(g12) = pb | z = y | pb = y | pb = z.  [resolve(371,b,720,a),flip(l),flip(m),flip(n)].

given #4209 (F,wt=8): 29833 cen(f2(f4(g5))) != f2(f4(g5)).  [resolve(29820,a,15,a)].

given #4210 (F,wt=9): 11129 f2(cen(f2(pb))) != f1(cen(f2(pb))).  [resolve(1897,a,23,a)].

given #4211 (F,wt=9): 11154 f4(cen(f1(pb))) != f3(cen(f1(pb))).  [resolve(1925,a,28,a)].

given #4212 (F,wt=9): 11155 f4(cen(f1(pb))) != f2(cen(f1(pb))).  [resolve(1925,a,27,a)].

given #4213 (T,wt=4): 29844 car(f1(f4(g5))).  [resolve(6624,a,17,a)].

given #4214 (T,wt=5): 29858 car(cen(f1(f4(g5)))).  [resolve(29844,a,14,a)].

given #4215 (T,wt=6): 6675 blocked(f3(g5),cen(f3(g5))).  [resolve(6633,a,35,a)].

given #4216 (T,wt=6): 6682 mem(f3(g5),f4(f3(g5))).  [resolve(6633,a,22,a)].

given #4217 (A,wt=61): 1461 -car(x) | -car(y) | -car(z) | cen(cen(g11)) != cen(x) | cen(y) != cen(x) | cen(z) != cen(x) | cen(pa) != cen(x) | cen(g11) = x | y = x | z = x | pb = x | cen(g11) = y | cen(g11) = z | cen(g11) = pb | z = y | pb = y | pb = z.  [resolve(371,b,704,a),flip(l),flip(m),flip(n)].

given #4218 (F,wt=8): 29857 cen(f1(f4(g5))) != f1(f4(g5)).  [resolve(29844,a,15,a)].

given #4219 (F,wt=9): 11156 f3(cen(f1(pb))) != f2(cen(f1(pb))).  [resolve(1925,a,26,a)].

given #4220 (F,wt=9): 11157 f4(cen(f1(pb))) != f1(cen(f1(pb))).  [resolve(1925,a,25,a)].

given #4221 (F,wt=9): 11158 f3(cen(f1(pb))) != f1(cen(f1(pb))).  [resolve(1925,a,24,a)].

given #4222 (T,wt=4): 29868 car(f4(f3(g5))).  [resolve(6682,a,17,a)].

given #4223 (T,wt=5): 29882 car(cen(f4(f3(g5)))).  [resolve(29868,a,14,a)].

given #4224 (T,wt=6): 6683 mem(f3(g5),f3(f3(g5))).  [resolve(6633,a,21,a)].

given #4225 (T,wt=4): 29892 car(f3(f3(g5))).  [resolve(6683,a,17,a)].

given #4226 (A,wt=61): 1462 -car(x) | -car(y) | -car(z) | cen(cen(g10)) != cen(x) | cen(y) != cen(x) | cen(z) != cen(x) | cen(pa) != cen(x) | cen(g10) = x | y = x | z = x | pb = x | cen(g10) = y | cen(g10) = z | cen(g10) = pb | z = y | pb = y | pb = z.  [resolve(371,b,688,a),flip(l),flip(m),flip(n)].

given #4227 (F,wt=8): 29881 cen(f4(f3(g5))) != f4(f3(g5)).  [resolve(29868,a,15,a)].

given #4228 (F,wt=8): 29905 cen(f3(f3(g5))) != f3(f3(g5)).  [resolve(29892,a,15,a)].

given #4229 (F,wt=9): 11159 f2(cen(f1(pb))) != f1(cen(f1(pb))).  [resolve(1925,a,23,a)].

given #4230 (F,wt=9): 11179 f4(cen(f4(ra))) != f3(cen(f4(ra))).  [resolve(1953,a,28,a)].

given #4231 (T,wt=5): 29906 car(cen(f3(f3(g5)))).  [resolve(29892,a,14,a)].

given #4232 (T,wt=6): 6684 mem(f3(g5),f2(f3(g5))).  [resolve(6633,a,20,a)].

given #4233 (T,wt=4): 29916 car(f2(f3(g5))).  [resolve(6684,a,17,a)].

given #4234 (T,wt=5): 29930 car(cen(f2(f3(g5)))).  [resolve(29916,a,14,a)].

given #4235 (A,wt=61): 1463 -car(x) | -car(y) | -car(z) | cen(cen(g9)) != cen(x) | cen(y) != cen(x) | cen(z) != cen(x) | cen(pa) != cen(x) | cen(g9) = x | y = x | z = x | pb = x | cen(g9) = y | cen(g9) = z | cen(g9) = pb | z = y | pb = y | pb = z.  [resolve(371,b,672,a),flip(l),flip(m),flip(n)].

given #4236 (F,wt=8): 29929 cen(f2(f3(g5))) != f2(f3(g5)).  [resolve(29916,a,15,a)].

given #4237 (F,wt=9): 11180 f4(cen(f4(ra))) != f2(cen(f4(ra))).  [resolve(1953,a,27,a)].

given #4238 (F,wt=9): 11181 f3(cen(f4(ra))) != f2(cen(f4(ra))).  [resolve(1953,a,26,a)].

given #4239 (F,wt=9): 11182 f4(cen(f4(ra))) != f1(cen(f4(ra))).  [resolve(1953,a,25,a)].

given #4240 (T,wt=6): 6685 mem(f3(g5),f1(f3(g5))).  [resolve(6633,a,19,a)].

given #4241 (T,wt=4): 29940 car(f1(f3(g5))).  [resolve(6685,a,17,a)].

given #4242 (T,wt=5): 29954 car(cen(f1(f3(g5)))).  [resolve(29940,a,14,a)].

given #4243 (T,wt=6): 6736 blocked(f2(g5),cen(f2(g5))).  [resolve(6694,a,35,a)].

given #4244 (A,wt=61): 1464 -car(x) | -car(y) | -car(z) | cen(cen(g8)) != cen(x) | cen(y) != cen(x) | cen(z) != cen(x) | cen(pa) != cen(x) | cen(g8) = x | y = x | z = x | pb = x | cen(g8) = y | cen(g8) = z | cen(g8) = pb | z = y | pb = y | pb = z.  [resolve(371,b,656,a),flip(l),flip(m),flip(n)].

given #4245 (F,wt=8): 29953 cen(f1(f3(g5))) != f1(f3(g5)).  [resolve(29940,a,15,a)].

given #4246 (F,wt=9): 11183 f3(cen(f4(ra))) != f1(cen(f4(ra))).  [resolve(1953,a,24,a)].

given #4247 (F,wt=9): 11184 f2(cen(f4(ra))) != f1(cen(f4(ra))).  [resolve(1953,a,23,a)].

given #4248 (F,wt=9): 11204 f4(cen(f3(ra))) != f3(cen(f3(ra))).  [resolve(1983,a,28,a)].

given #4249 (T,wt=6): 6743 mem(f2(g5),f4(f2(g5))).  [resolve(6694,a,22,a)].

given #4250 (T,wt=4): 29964 car(f4(f2(g5))).  [resolve(6743,a,17,a)].

given #4251 (T,wt=5): 29978 car(cen(f4(f2(g5)))).  [resolve(29964,a,14,a)].

given #4252 (T,wt=6): 6744 mem(f2(g5),f3(f2(g5))).  [resolve(6694,a,21,a)].

given #4253 (A,wt=61): 1465 -car(x) | -car(y) | -car(z) | cen(cen(g7)) != cen(x) | cen(y) != cen(x) | cen(z) != cen(x) | cen(pa) != cen(x) | cen(g7) = x | y = x | z = x | pb = x | cen(g7) = y | cen(g7) = z | cen(g7) = pb | z = y | pb = y | pb = z.  [resolve(371,b,640,a),flip(l),flip(m),flip(n)].

given #4254 (F,wt=8): 29977 cen(f4(f2(g5))) != f4(f2(g5)).  [resolve(29964,a,15,a)].

given #4255 (F,wt=9): 11205 f4(cen(f3(ra))) != f2(cen(f3(ra))).  [resolve(1983,a,27,a)].

given #4256 (F,wt=9): 11206 f3(cen(f3(ra))) != f2(cen(f3(ra))).  [resolve(1983,a,26,a)].

given #4257 (F,wt=9): 11207 f4(cen(f3(ra))) != f1(cen(f3(ra))).  [resolve(1983,a,25,a)].

given #4258 (T,wt=4): 29988 car(f3(f2(g5))).  [resolve(6744,a,17,a)].

given #4259 (T,wt=5): 30002 car(cen(f3(f2(g5)))).  [resolve(29988,a,14,a)].

given #4260 (T,wt=6): 6745 mem(f2(g5),f2(f2(g5))).  [resolve(6694,a,20,a)].

given #4261 (T,wt=4): 30012 car(f2(f2(g5))).  [resolve(6745,a,17,a)].

given #4262 (A,wt=61): 1466 -car(x) | -car(y) | -car(z) | cen(cen(g6)) != cen(x) | cen(y) != cen(x) | cen(z) != cen(x) | cen(pa) != cen(x) | cen(g6) = x | y = x | z = x | pb = x | cen(g6) = y | cen(g6) = z | cen(g6) = pb | z = y | pb = y | pb = z.  [resolve(371,b,624,a),flip(l),flip(m),flip(n)].

given #4263 (F,wt=8): 30001 cen(f3(f2(g5))) != f3(f2(g5)).  [resolve(29988,a,15,a)].

given #4264 (F,wt=8): 30025 cen(f2(f2(g5))) != f2(f2(g5)).  [resolve(30012,a,15,a)].

given #4265 (F,wt=9): 11208 f3(cen(f3(ra))) != f1(cen(f3(ra))).  [resolve(1983,a,24,a)].

given #4266 (F,wt=9): 11209 f2(cen(f3(ra))) != f1(cen(f3(ra))).  [resolve(1983,a,23,a)].

given #4267 (T,wt=5): 30026 car(cen(f2(f2(g5)))).  [resolve(30012,a,14,a)].

given #4268 (T,wt=6): 6746 mem(f2(g5),f1(f2(g5))).  [resolve(6694,a,19,a)].

given #4269 (T,wt=4): 30036 car(f1(f2(g5))).  [resolve(6746,a,17,a)].

given #4270 (T,wt=5): 30050 car(cen(f1(f2(g5)))).  [resolve(30036,a,14,a)].

given #4271 (A,wt=61): 1467 -car(x) | -car(y) | -car(z) | cen(cen(g5)) != cen(x) | cen(y) != cen(x) | cen(z) != cen(x) | cen(pa) != cen(x) | cen(g5) = x | y = x | z = x | pb = x | cen(g5) = y | cen(g5) = z | cen(g5) = pb | z = y | pb = y | pb = z.  [resolve(371,b,608,a),flip(l),flip(m),flip(n)].

given #4272 (F,wt=8): 30049 cen(f1(f2(g5))) != f1(f2(g5)).  [resolve(30036,a,15,a)].

given #4273 (F,wt=9): 11229 f4(cen(f2(ra))) != f3(cen(f2(ra))).  [resolve(2011,a,28,a)].

given #4274 (F,wt=9): 11230 f4(cen(f2(ra))) != f2(cen(f2(ra))).  [resolve(2011,a,27,a)].

given #4275 (F,wt=9): 11231 f3(cen(f2(ra))) != f2(cen(f2(ra))).  [resolve(2011,a,26,a)].

given #4276 (T,wt=6): 6797 blocked(f1(g5),cen(f1(g5))).  [resolve(6755,a,35,a)].

given #4277 (T,wt=6): 6804 mem(f1(g5),f4(f1(g5))).  [resolve(6755,a,22,a)].

given #4278 (T,wt=4): 30060 car(f4(f1(g5))).  [resolve(6804,a,17,a)].

given #4279 (T,wt=5): 30074 car(cen(f4(f1(g5)))).  [resolve(30060,a,14,a)].

given #4280 (A,wt=61): 1468 -car(x) | -car(y) | -car(z) | cen(cen(g4)) != cen(x) | cen(y) != cen(x) | cen(z) != cen(x) | cen(pa) != cen(x) | cen(g4) = x | y = x | z = x | pb = x | cen(g4) = y | cen(g4) = z | cen(g4) = pb | z = y | pb = y | pb = z.  [resolve(371,b,592,a),flip(l),flip(m),flip(n)].

given #4281 (F,wt=8): 30073 cen(f4(f1(g5))) != f4(f1(g5)).  [resolve(30060,a,15,a)].

given #4282 (F,wt=9): 11232 f4(cen(f2(ra))) != f1(cen(f2(ra))).  [resolve(2011,a,25,a)].

given #4283 (F,wt=9): 11233 f3(cen(f2(ra))) != f1(cen(f2(ra))).  [resolve(2011,a,24,a)].

given #4284 (F,wt=9): 11234 f2(cen(f2(ra))) != f1(cen(f2(ra))).  [resolve(2011,a,23,a)].

given #4285 (T,wt=6): 6805 mem(f1(g5),f3(f1(g5))).  [resolve(6755,a,21,a)].

given #4286 (T,wt=4): 30084 car(f3(f1(g5))).  [resolve(6805,a,17,a)].

given #4287 (T,wt=5): 30098 car(cen(f3(f1(g5)))).  [resolve(30084,a,14,a)].

given #4288 (T,wt=6): 6806 mem(f1(g5),f2(f1(g5))).  [resolve(6755,a,20,a)].

given #4289 (A,wt=61): 1469 -car(x) | -car(y) | -car(z) | cen(cen(g3)) != cen(x) | cen(y) != cen(x) | cen(z) != cen(x) | cen(pa) != cen(x) | cen(g3) = x | y = x | z = x | pb = x | cen(g3) = y | cen(g3) = z | cen(g3) = pb | z = y | pb = y | pb = z.  [resolve(371,b,576,a),flip(l),flip(m),flip(n)].

given #4290 (F,wt=8): 30097 cen(f3(f1(g5))) != f3(f1(g5)).  [resolve(30084,a,15,a)].

given #4291 (F,wt=9): 11388 f4(cen(f1(ra))) != f3(cen(f1(ra))).  [resolve(2156,a,28,a)].

given #4292 (F,wt=9): 11389 f4(cen(f1(ra))) != f2(cen(f1(ra))).  [resolve(2156,a,27,a)].

given #4293 (F,wt=9): 11390 f3(cen(f1(ra))) != f2(cen(f1(ra))).  [resolve(2156,a,26,a)].

given #4294 (T,wt=4): 30108 car(f2(f1(g5))).  [resolve(6806,a,17,a)].

given #4295 (T,wt=5): 30122 car(cen(f2(f1(g5)))).  [resolve(30108,a,14,a)].

given #4296 (T,wt=6): 6807 mem(f1(g5),f1(f1(g5))).  [resolve(6755,a,19,a)].

given #4297 (T,wt=4): 30132 car(f1(f1(g5))).  [resolve(6807,a,17,a)].

given #4298 (A,wt=61): 1470 -car(x) | -car(y) | -car(z) | cen(cen(g2)) != cen(x) | cen(y) != cen(x) | cen(z) != cen(x) | cen(pa) != cen(x) | cen(g2) = x | y = x | z = x | pb = x | cen(g2) = y | cen(g2) = z | cen(g2) = pb | z = y | pb = y | pb = z.  [resolve(371,b,560,a),flip(l),flip(m),flip(n)].

given #4299 (F,wt=8): 30121 cen(f2(f1(g5))) != f2(f1(g5)).  [resolve(30108,a,15,a)].

given #4300 (F,wt=8): 30145 cen(f1(f1(g5))) != f1(f1(g5)).  [resolve(30132,a,15,a)].

given #4301 (F,wt=9): 11391 f4(cen(f1(ra))) != f1(cen(f1(ra))).  [resolve(2156,a,25,a)].

given #4302 (F,wt=9): 11392 f3(cen(f1(ra))) != f1(cen(f1(ra))).  [resolve(2156,a,24,a)].

given #4303 (T,wt=5): 30146 car(cen(f1(f1(g5)))).  [resolve(30132,a,14,a)].

given #4304 (T,wt=6): 6864 blocked(f4(g6),cen(f4(g6))).  [resolve(6822,a,35,a)].

given #4305 (T,wt=6): 6871 mem(f4(g6),f4(f4(g6))).  [resolve(6822,a,22,a)].

given #4306 (T,wt=4): 30156 car(f4(f4(g6))).  [resolve(6871,a,17,a)].

given #4307 (A,wt=61): 1471 -car(x) | -car(y) | -car(z) | cen(cen(g1)) != cen(x) | cen(y) != cen(x) | cen(z) != cen(x) | cen(pa) != cen(x) | cen(g1) = x | y = x | z = x | pb = x | cen(g1) = y | cen(g1) = z | cen(g1) = pb | z = y | pb = y | pb = z.  [resolve(371,b,544,a),flip(l),flip(m),flip(n)].

given #4308 (F,wt=8): 30169 cen(f4(f4(g6))) != f4(f4(g6)).  [resolve(30156,a,15,a)].

given #4309 (F,wt=9): 11393 f2(cen(f1(ra))) != f1(cen(f1(ra))).  [resolve(2156,a,23,a)].

given #4310 (F,wt=9): 11413 f4(cen(f4(rb))) != f3(cen(f4(rb))).  [resolve(2245,a,28,a)].

given #4311 (F,wt=9): 11414 f4(cen(f4(rb))) != f2(cen(f4(rb))).  [resolve(2245,a,27,a)].

given #4312 (T,wt=5): 30170 car(cen(f4(f4(g6)))).  [resolve(30156,a,14,a)].

given #4313 (T,wt=6): 6872 mem(f4(g6),f3(f4(g6))).  [resolve(6822,a,21,a)].

given #4314 (T,wt=4): 30180 car(f3(f4(g6))).  [resolve(6872,a,17,a)].

given #4315 (T,wt=5): 30194 car(cen(f3(f4(g6)))).  [resolve(30180,a,14,a)].

given #4316 (A,wt=61): 1472 -car(x) | -car(y) | -car(z) | cen(cen(g0)) != cen(x) | cen(y) != cen(x) | cen(z) != cen(x) | cen(pa) != cen(x) | cen(g0) = x | y = x | z = x | pb = x | cen(g0) = y | cen(g0) = z | cen(g0) = pb | z = y | pb = y | pb = z.  [resolve(371,b,528,a),flip(l),flip(m),flip(n)].

given #4317 (F,wt=8): 30193 cen(f3(f4(g6))) != f3(f4(g6)).  [resolve(30180,a,15,a)].

given #4318 (F,wt=9): 11415 f3(cen(f4(rb))) != f2(cen(f4(rb))).  [resolve(2245,a,26,a)].

given #4319 (F,wt=9): 11416 f4(cen(f4(rb))) != f1(cen(f4(rb))).  [resolve(2245,a,25,a)].

given #4320 (F,wt=9): 11417 f3(cen(f4(rb))) != f1(cen(f4(rb))).  [resolve(2245,a,24,a)].

given #4321 (T,wt=6): 6873 mem(f4(g6),f2(f4(g6))).  [resolve(6822,a,20,a)].

given #4322 (T,wt=4): 30204 car(f2(f4(g6))).  [resolve(6873,a,17,a)].

given #4323 (T,wt=5): 30218 car(cen(f2(f4(g6)))).  [resolve(30204,a,14,a)].

given #4324 (T,wt=6): 6874 mem(f4(g6),f1(f4(g6))).  [resolve(6822,a,19,a)].

given #4325 (A,wt=61): 1473 -car(x) | -car(y) | -car(z) | cen(cen(oa)) != cen(x) | cen(y) != cen(x) | cen(z) != cen(x) | cen(pa) != cen(x) | cen(oa) = x | y = x | z = x | pb = x | cen(oa) = y | cen(oa) = z | cen(oa) = pb | z = y | pb = y | pb = z.  [resolve(371,b,498,a),flip(l),flip(m),flip(n)].

given #4326 (F,wt=8): 30217 cen(f2(f4(g6))) != f2(f4(g6)).  [resolve(30204,a,15,a)].

given #4327 (F,wt=9): 11418 f2(cen(f4(rb))) != f1(cen(f4(rb))).  [resolve(2245,a,23,a)].

given #4328 (F,wt=9): 11438 f4(cen(f3(rb))) != f3(cen(f3(rb))).  [resolve(2276,a,28,a)].

given #4329 (F,wt=9): 11439 f4(cen(f3(rb))) != f2(cen(f3(rb))).  [resolve(2276,a,27,a)].

given #4330 (T,wt=4): 30228 car(f1(f4(g6))).  [resolve(6874,a,17,a)].

given #4331 (T,wt=5): 30242 car(cen(f1(f4(g6)))).  [resolve(30228,a,14,a)].

given #4332 (T,wt=6): 6926 blocked(f3(g6),cen(f3(g6))).  [resolve(6883,a,35,a)].

given #4333 (T,wt=6): 6933 mem(f3(g6),f4(f3(g6))).  [resolve(6883,a,22,a)].

given #4334 (A,wt=61): 1474 -car(x) | -car(y) | -car(z) | cen(cen(ca)) != cen(x) | cen(y) != cen(x) | cen(z) != cen(x) | cen(pa) != cen(x) | cen(ca) = x | y = x | z = x | pb = x | cen(ca) = y | cen(ca) = z | cen(ca) = pb | z = y | pb = y | pb = z.  [resolve(371,b,434,a),flip(l),flip(m),flip(n)].

given #4335 (F,wt=8): 30241 cen(f1(f4(g6))) != f1(f4(g6)).  [resolve(30228,a,15,a)].

given #4336 (F,wt=9): 11440 f3(cen(f3(rb))) != f2(cen(f3(rb))).  [resolve(2276,a,26,a)].

given #4337 (F,wt=9): 11441 f4(cen(f3(rb))) != f1(cen(f3(rb))).  [resolve(2276,a,25,a)].

given #4338 (F,wt=9): 11442 f3(cen(f3(rb))) != f1(cen(f3(rb))).  [resolve(2276,a,24,a)].

given #4339 (T,wt=4): 30252 car(f4(f3(g6))).  [resolve(6933,a,17,a)].

given #4340 (T,wt=5): 30266 car(cen(f4(f3(g6)))).  [resolve(30252,a,14,a)].

given #4341 (T,wt=6): 6934 mem(f3(g6),f3(f3(g6))).  [resolve(6883,a,21,a)].

given #4342 (T,wt=4): 30276 car(f3(f3(g6))).  [resolve(6934,a,17,a)].

given #4343 (A,wt=61): 1475 -car(x) | -car(y) | -car(z) | cen(cen(ra)) != cen(x) | cen(y) != cen(x) | cen(z) != cen(x) | cen(pa) != cen(x) | cen(ra) = x | y = x | z = x | pb = x | cen(ra) = y | cen(ra) = z | cen(ra) = pb | z = y | pb = y | pb = z.  [resolve(371,b,402,a),flip(l),flip(m),flip(n)].

given #4344 (F,wt=8): 30265 cen(f4(f3(g6))) != f4(f3(g6)).  [resolve(30252,a,15,a)].

given #4345 (F,wt=8): 30289 cen(f3(f3(g6))) != f3(f3(g6)).  [resolve(30276,a,15,a)].

given #4346 (F,wt=9): 11443 f2(cen(f3(rb))) != f1(cen(f3(rb))).  [resolve(2276,a,23,a)].

given #4347 (F,wt=9): 11463 f4(cen(f2(rb))) != f3(cen(f2(rb))).  [resolve(2549,a,28,a)].

given #4348 (T,wt=5): 30290 car(cen(f3(f3(g6)))).  [resolve(30276,a,14,a)].

given #4349 (T,wt=6): 6935 mem(f3(g6),f2(f3(g6))).  [resolve(6883,a,20,a)].

given #4350 (T,wt=4): 30300 car(f2(f3(g6))).  [resolve(6935,a,17,a)].

given #4351 (T,wt=5): 30314 car(cen(f2(f3(g6)))).  [resolve(30300,a,14,a)].

given #4352 (A,wt=57): 1476 -car(x) | -car(y) | -car(z) | cen(cen(pa)) != cen(x) | cen(y) != cen(x) | cen(z) != cen(x) | cen(pa) != cen(x) | cen(pa) = x | y = x | z = x | pb = x | cen(pa) = y | cen(pa) = z | z = y | pb = y | pb = z.  [resolve(371,b,370,a),flip(l),flip(m),flip(n),unit_del(n,385)].

given #4353 (F,wt=8): 30313 cen(f2(f3(g6))) != f2(f3(g6)).  [resolve(30300,a,15,a)].

given #4354 (F,wt=9): 11464 f4(cen(f2(rb))) != f2(cen(f2(rb))).  [resolve(2549,a,27,a)].

given #4355 (F,wt=9): 11465 f3(cen(f2(rb))) != f2(cen(f2(rb))).  [resolve(2549,a,26,a)].

given #4356 (F,wt=9): 11466 f4(cen(f2(rb))) != f1(cen(f2(rb))).  [resolve(2549,a,25,a)].

given #4357 (T,wt=6): 6936 mem(f3(g6),f1(f3(g6))).  [resolve(6883,a,19,a)].

given #4358 (T,wt=4): 30324 car(f1(f3(g6))).  [resolve(6936,a,17,a)].

given #4359 (T,wt=5): 30338 car(cen(f1(f3(g6)))).  [resolve(30324,a,14,a)].

given #4360 (T,wt=6): 6992 blocked(f2(g6),cen(f2(g6))).  [resolve(6950,a,35,a)].

given #4361 (A,wt=56): 1477 -car(x) | -car(y) | -car(z) | cen(c1) != cen(x) | cen(y) != cen(x) | cen(z) != cen(x) | cen(pa) != cen(x) | c1 = x | y = x | z = x | pb = x | c1 = y | c1 = z | c1 = pb | z = y | pb = y | pb = z.  [resolve(371,b,339,a),flip(l),flip(m),flip(n)].

given #4362 (F,wt=8): 30337 cen(f1(f3(g6))) != f1(f3(g6)).  [resolve(30324,a,15,a)].

given #4363 (F,wt=9): 11467 f3(cen(f2(rb))) != f1(cen(f2(rb))).  [resolve(2549,a,24,a)].

given #4364 (F,wt=9): 11468 f2(cen(f2(rb))) != f1(cen(f2(rb))).  [resolve(2549,a,23,a)].

given #4365 (F,wt=9): 11719 f4(cen(f1(rb))) != f3(cen(f1(rb))).  [resolve(2584,a,28,a)].

given #4366 (T,wt=6): 6999 mem(f2(g6),f4(f2(g6))).  [resolve(6950,a,22,a)].

given #4367 (T,wt=4): 30348 car(f4(f2(g6))).  [resolve(6999,a,17,a)].

given #4368 (T,wt=5): 30362 car(cen(f4(f2(g6)))).  [resolve(30348,a,14,a)].

given #4369 (T,wt=6): 7000 mem(f2(g6),f3(f2(g6))).  [resolve(6950,a,21,a)].

given #4370 (A,wt=56): 1478 -car(x) | -car(y) | -car(z) | cen(g14) != cen(x) | cen(y) != cen(x) | cen(z) != cen(x) | cen(pa) != cen(x) | g14 = x | y = x | z = x | pb = x | g14 = y | g14 = z | g14 = pb | z = y | pb = y | pb = z.  [resolve(371,b,168,a),flip(l),flip(m),flip(n)].

given #4371 (F,wt=8): 30361 cen(f4(f2(g6))) != f4(f2(g6)).  [resolve(30348,a,15,a)].

given #4372 (F,wt=9): 11720 f4(cen(f1(rb))) != f2(cen(f1(rb))).  [resolve(2584,a,27,a)].

given #4373 (F,wt=9): 11721 f3(cen(f1(rb))) != f2(cen(f1(rb))).  [resolve(2584,a,26,a)].

given #4374 (F,wt=9): 11722 f4(cen(f1(rb))) != f1(cen(f1(rb))).  [resolve(2584,a,25,a)].

given #4375 (T,wt=4): 30372 car(f3(f2(g6))).  [resolve(7000,a,17,a)].

given #4376 (T,wt=5): 30386 car(cen(f3(f2(g6)))).  [resolve(30372,a,14,a)].

given #4377 (T,wt=6): 7001 mem(f2(g6),f2(f2(g6))).  [resolve(6950,a,20,a)].

given #4378 (T,wt=4): 30396 car(f2(f2(g6))).  [resolve(7001,a,17,a)].

given #4379 (A,wt=56): 1479 -car(x) | -car(y) | -car(z) | cen(g13) != cen(x) | cen(y) != cen(x) | cen(z) != cen(x) | cen(pa) != cen(x) | g13 = x | y = x | z = x | pb = x | g13 = y | g13 = z | g13 = pb | z = y | pb = y | pb = z.  [resolve(371,b,167,a),flip(l),flip(m),flip(n)].

given #4380 (F,wt=8): 30385 cen(f3(f2(g6))) != f3(f2(g6)).  [resolve(30372,a,15,a)].

given #4381 (F,wt=8): 30409 cen(f2(f2(g6))) != f2(f2(g6)).  [resolve(30396,a,15,a)].

given #4382 (F,wt=9): 11723 f3(cen(f1(rb))) != f1(cen(f1(rb))).  [resolve(2584,a,24,a)].

given #4383 (F,wt=9): 11724 f2(cen(f1(rb))) != f1(cen(f1(rb))).  [resolve(2584,a,23,a)].

given #4384 (T,wt=5): 30410 car(cen(f2(f2(g6)))).  [resolve(30396,a,14,a)].

given #4385 (T,wt=6): 7002 mem(f2(g6),f1(f2(g6))).  [resolve(6950,a,19,a)].

given #4386 (T,wt=4): 30420 car(f1(f2(g6))).  [resolve(7002,a,17,a)].

given #4387 (T,wt=5): 30434 car(cen(f1(f2(g6)))).  [resolve(30420,a,14,a)].

given #4388 (A,wt=56): 1480 -car(x) | -car(y) | -car(z) | cen(g12) != cen(x) | cen(y) != cen(x) | cen(z) != cen(x) | cen(pa) != cen(x) | g12 = x | y = x | z = x | pb = x | g12 = y | g12 = z | g12 = pb | z = y | pb = y | pb = z.  [resolve(371,b,166,a),flip(l),flip(m),flip(n)].

given #4389 (F,wt=8): 30433 cen(f1(f2(g6))) != f1(f2(g6)).  [resolve(30420,a,15,a)].

given #4390 (F,wt=9): 11743 f4(cen(f4(qa))) != f3(cen(f4(qa))).  [resolve(2682,a,28,a)].

given #4391 (F,wt=9): 11744 f4(cen(f4(qa))) != f2(cen(f4(qa))).  [resolve(2682,a,27,a)].

given #4392 (F,wt=9): 11745 f3(cen(f4(qa))) != f2(cen(f4(qa))).  [resolve(2682,a,26,a)].

given #4393 (T,wt=6): 7262 blocked(f1(g6),cen(f1(g6))).  [resolve(7218,a,35,a)].

given #4394 (T,wt=6): 7269 mem(f1(g6),f4(f1(g6))).  [resolve(7218,a,22,a)].

given #4395 (T,wt=4): 30444 car(f4(f1(g6))).  [resolve(7269,a,17,a)].

given #4396 (T,wt=5): 30458 car(cen(f4(f1(g6)))).  [resolve(30444,a,14,a)].

given #4397 (A,wt=56): 1481 -car(x) | -car(y) | -car(z) | cen(g11) != cen(x) | cen(y) != cen(x) | cen(z) != cen(x) | cen(pa) != cen(x) | g11 = x | y = x | z = x | pb = x | g11 = y | g11 = z | g11 = pb | z = y | pb = y | pb = z.  [resolve(371,b,165,a),flip(l),flip(m),flip(n)].

given #4398 (F,wt=8): 30457 cen(f4(f1(g6))) != f4(f1(g6)).  [resolve(30444,a,15,a)].

given #4399 (F,wt=9): 11746 f4(cen(f4(qa))) != f1(cen(f4(qa))).  [resolve(2682,a,25,a)].

given #4400 (F,wt=9): 11747 f3(cen(f4(qa))) != f1(cen(f4(qa))).  [resolve(2682,a,24,a)].

given #4401 (F,wt=9): 11748 f2(cen(f4(qa))) != f1(cen(f4(qa))).  [resolve(2682,a,23,a)].

given #4402 (T,wt=6): 7270 mem(f1(g6),f3(f1(g6))).  [resolve(7218,a,21,a)].

given #4403 (T,wt=4): 30468 car(f3(f1(g6))).  [resolve(7270,a,17,a)].

given #4404 (T,wt=5): 30482 car(cen(f3(f1(g6)))).  [resolve(30468,a,14,a)].

given #4405 (T,wt=6): 7271 mem(f1(g6),f2(f1(g6))).  [resolve(7218,a,20,a)].

given #4406 (A,wt=56): 1482 -car(x) | -car(y) | -car(z) | cen(g10) != cen(x) | cen(y) != cen(x) | cen(z) != cen(x) | cen(pa) != cen(x) | g10 = x | y = x | z = x | pb = x | g10 = y | g10 = z | g10 = pb | z = y | pb = y | pb = z.  [resolve(371,b,164,a),flip(l),flip(m),flip(n)].

given #4407 (F,wt=8): 30481 cen(f3(f1(g6))) != f3(f1(g6)).  [resolve(30468,a,15,a)].

given #4408 (F,wt=9): 11764 f4(cen(f3(qa))) != f3(cen(f3(qa))).  [resolve(2720,a,28,a)].

given #4409 (F,wt=9): 11765 f4(cen(f3(qa))) != f2(cen(f3(qa))).  [resolve(2720,a,27,a)].

given #4410 (F,wt=9): 11766 f3(cen(f3(qa))) != f2(cen(f3(qa))).  [resolve(2720,a,26,a)].

given #4411 (T,wt=4): 30492 car(f2(f1(g6))).  [resolve(7271,a,17,a)].

given #4412 (T,wt=5): 30506 car(cen(f2(f1(g6)))).  [resolve(30492,a,14,a)].

given #4413 (T,wt=6): 7272 mem(f1(g6),f1(f1(g6))).  [resolve(7218,a,19,a)].

given #4414 (T,wt=4): 30516 car(f1(f1(g6))).  [resolve(7272,a,17,a)].

given #4415 (A,wt=56): 1483 -car(x) | -car(y) | -car(z) | cen(g9) != cen(x) | cen(y) != cen(x) | cen(z) != cen(x) | cen(pa) != cen(x) | g9 = x | y = x | z = x | pb = x | g9 = y | g9 = z | g9 = pb | z = y | pb = y | pb = z.  [resolve(371,b,163,a),flip(l),flip(m),flip(n)].

given #4416 (F,wt=8): 30505 cen(f2(f1(g6))) != f2(f1(g6)).  [resolve(30492,a,15,a)].

given #4417 (F,wt=8): 30529 cen(f1(f1(g6))) != f1(f1(g6)).  [resolve(30516,a,15,a)].

given #4418 (F,wt=9): 11767 f4(cen(f3(qa))) != f1(cen(f3(qa))).  [resolve(2720,a,25,a)].

given #4419 (F,wt=9): 11768 f3(cen(f3(qa))) != f1(cen(f3(qa))).  [resolve(2720,a,24,a)].

given #4420 (T,wt=5): 30530 car(cen(f1(f1(g6)))).  [resolve(30516,a,14,a)].

given #4421 (T,wt=6): 7430 blocked(f4(g7),cen(f4(g7))).  [resolve(7281,a,35,a)].

given #4422 (T,wt=6): 7437 mem(f4(g7),f4(f4(g7))).  [resolve(7281,a,22,a)].

given #4423 (T,wt=4): 30540 car(f4(f4(g7))).  [resolve(7437,a,17,a)].

given #4424 (A,wt=56): 1484 -car(x) | -car(y) | -car(z) | cen(g8) != cen(x) | cen(y) != cen(x) | cen(z) != cen(x) | cen(pa) != cen(x) | g8 = x | y = x | z = x | pb = x | g8 = y | g8 = z | g8 = pb | z = y | pb = y | pb = z.  [resolve(371,b,162,a),flip(l),flip(m),flip(n)].

given #4425 (F,wt=8): 30553 cen(f4(f4(g7))) != f4(f4(g7)).  [resolve(30540,a,15,a)].

given #4426 (F,wt=9): 11769 f2(cen(f3(qa))) != f1(cen(f3(qa))).  [resolve(2720,a,23,a)].

given #4427 (F,wt=9): 11785 f4(cen(f2(qa))) != f3(cen(f2(qa))).  [resolve(2756,a,28,a)].

given #4428 (F,wt=9): 11786 f4(cen(f2(qa))) != f2(cen(f2(qa))).  [resolve(2756,a,27,a)].

given #4429 (T,wt=5): 30554 car(cen(f4(f4(g7)))).  [resolve(30540,a,14,a)].

given #4430 (T,wt=6): 7438 mem(f4(g7),f3(f4(g7))).  [resolve(7281,a,21,a)].

given #4431 (T,wt=4): 30564 car(f3(f4(g7))).  [resolve(7438,a,17,a)].

given #4432 (T,wt=5): 30578 car(cen(f3(f4(g7)))).  [resolve(30564,a,14,a)].

given #4433 (A,wt=56): 1485 -car(x) | -car(y) | -car(z) | cen(g7) != cen(x) | cen(y) != cen(x) | cen(z) != cen(x) | cen(pa) != cen(x) | g7 = x | y = x | z = x | pb = x | g7 = y | g7 = z | g7 = pb | z = y | pb = y | pb = z.  [resolve(371,b,161,a),flip(l),flip(m),flip(n)].

given #4434 (F,wt=8): 30577 cen(f3(f4(g7))) != f3(f4(g7)).  [resolve(30564,a,15,a)].

given #4435 (F,wt=9): 11787 f3(cen(f2(qa))) != f2(cen(f2(qa))).  [resolve(2756,a,26,a)].

given #4436 (F,wt=9): 11788 f4(cen(f2(qa))) != f1(cen(f2(qa))).  [resolve(2756,a,25,a)].

given #4437 (F,wt=9): 11789 f3(cen(f2(qa))) != f1(cen(f2(qa))).  [resolve(2756,a,24,a)].

given #4438 (T,wt=6): 7439 mem(f4(g7),f2(f4(g7))).  [resolve(7281,a,20,a)].

given #4439 (T,wt=4): 30588 car(f2(f4(g7))).  [resolve(7439,a,17,a)].

given #4440 (T,wt=5): 30602 car(cen(f2(f4(g7)))).  [resolve(30588,a,14,a)].

given #4441 (T,wt=6): 7440 mem(f4(g7),f1(f4(g7))).  [resolve(7281,a,19,a)].

given #4442 (A,wt=56): 1486 -car(x) | -car(y) | -car(z) | cen(g6) != cen(x) | cen(y) != cen(x) | cen(z) != cen(x) | cen(pa) != cen(x) | g6 = x | y = x | z = x | pb = x | g6 = y | g6 = z | g6 = pb | z = y | pb = y | pb = z.  [resolve(371,b,160,a),flip(l),flip(m),flip(n)].

given #4443 (F,wt=8): 30601 cen(f2(f4(g7))) != f2(f4(g7)).  [resolve(30588,a,15,a)].

given #4444 (F,wt=9): 11790 f2(cen(f2(qa))) != f1(cen(f2(qa))).  [resolve(2756,a,23,a)].

given #4445 (F,wt=9): 11806 f4(cen(f1(qa))) != f3(cen(f1(qa))).  [resolve(3045,a,28,a)].

given #4446 (F,wt=9): 11807 f4(cen(f1(qa))) != f2(cen(f1(qa))).  [resolve(3045,a,27,a)].

given #4447 (T,wt=4): 30612 car(f1(f4(g7))).  [resolve(7440,a,17,a)].

given #4448 (T,wt=5): 30626 car(cen(f1(f4(g7)))).  [resolve(30612,a,14,a)].

given #4449 (T,wt=6): 7494 blocked(f3(g7),cen(f3(g7))).  [resolve(7449,a,35,a)].

given #4450 (T,wt=6): 7501 mem(f3(g7),f4(f3(g7))).  [resolve(7449,a,22,a)].

given #4451 (A,wt=56): 1487 -car(x) | -car(y) | -car(z) | cen(g5) != cen(x) | cen(y) != cen(x) | cen(z) != cen(x) | cen(pa) != cen(x) | g5 = x | y = x | z = x | pb = x | g5 = y | g5 = z | g5 = pb | z = y | pb = y | pb = z.  [resolve(371,b,159,a),flip(l),flip(m),flip(n)].

given #4452 (F,wt=8): 30625 cen(f1(f4(g7))) != f1(f4(g7)).  [resolve(30612,a,15,a)].

given #4453 (F,wt=9): 11808 f3(cen(f1(qa))) != f2(cen(f1(qa))).  [resolve(3045,a,26,a)].

given #4454 (F,wt=9): 11809 f4(cen(f1(qa))) != f1(cen(f1(qa))).  [resolve(3045,a,25,a)].

given #4455 (F,wt=9): 11810 f3(cen(f1(qa))) != f1(cen(f1(qa))).  [resolve(3045,a,24,a)].

given #4456 (T,wt=4): 30636 car(f4(f3(g7))).  [resolve(7501,a,17,a)].

given #4457 (T,wt=5): 30650 car(cen(f4(f3(g7)))).  [resolve(30636,a,14,a)].

given #4458 (T,wt=6): 7502 mem(f3(g7),f3(f3(g7))).  [resolve(7449,a,21,a)].

given #4459 (T,wt=4): 30660 car(f3(f3(g7))).  [resolve(7502,a,17,a)].

given #4460 (A,wt=56): 1488 -car(x) | -car(y) | -car(z) | cen(g4) != cen(x) | cen(y) != cen(x) | cen(z) != cen(x) | cen(pa) != cen(x) | g4 = x | y = x | z = x | pb = x | g4 = y | g4 = z | g4 = pb | z = y | pb = y | pb = z.  [resolve(371,b,158,a),flip(l),flip(m),flip(n)].

given #4461 (F,wt=8): 30649 cen(f4(f3(g7))) != f4(f3(g7)).  [resolve(30636,a,15,a)].

given #4462 (F,wt=8): 30673 cen(f3(f3(g7))) != f3(f3(g7)).  [resolve(30660,a,15,a)].

given #4463 (F,wt=9): 11811 f2(cen(f1(qa))) != f1(cen(f1(qa))).  [resolve(3045,a,23,a)].

given #4464 (F,wt=9): 11829 f4(cen(f4(qb))) != f3(cen(f4(qb))).  [resolve(3151,a,28,a)].

given #4465 (T,wt=5): 30674 car(cen(f3(f3(g7)))).  [resolve(30660,a,14,a)].

given #4466 (T,wt=6): 7503 mem(f3(g7),f2(f3(g7))).  [resolve(7449,a,20,a)].

given #4467 (T,wt=4): 30684 car(f2(f3(g7))).  [resolve(7503,a,17,a)].

given #4468 (T,wt=5): 30698 car(cen(f2(f3(g7)))).  [resolve(30684,a,14,a)].

given #4469 (A,wt=56): 1489 -car(x) | -car(y) | -car(z) | cen(g3) != cen(x) | cen(y) != cen(x) | cen(z) != cen(x) | cen(pa) != cen(x) | g3 = x | y = x | z = x | pb = x | g3 = y | g3 = z | g3 = pb | z = y | pb = y | pb = z.  [resolve(371,b,157,a),flip(l),flip(m),flip(n)].

given #4470 (F,wt=8): 30697 cen(f2(f3(g7))) != f2(f3(g7)).  [resolve(30684,a,15,a)].

given #4471 (F,wt=9): 11830 f4(cen(f4(qb))) != f2(cen(f4(qb))).  [resolve(3151,a,27,a)].

given #4472 (F,wt=9): 11831 f3(cen(f4(qb))) != f2(cen(f4(qb))).  [resolve(3151,a,26,a)].

given #4473 (F,wt=9): 11832 f4(cen(f4(qb))) != f1(cen(f4(qb))).  [resolve(3151,a,25,a)].

given #4474 (T,wt=6): 7504 mem(f3(g7),f1(f3(g7))).  [resolve(7449,a,19,a)].

given #4475 (T,wt=4): 30708 car(f1(f3(g7))).  [resolve(7504,a,17,a)].

given #4476 (T,wt=5): 30722 car(cen(f1(f3(g7)))).  [resolve(30708,a,14,a)].

given #4477 (T,wt=6): 7671 blocked(f2(g7),cen(f2(g7))).  [resolve(7513,a,35,a)].

given #4478 (A,wt=56): 1490 -car(x) | -car(y) | -car(z) | cen(g2) != cen(x) | cen(y) != cen(x) | cen(z) != cen(x) | cen(pa) != cen(x) | g2 = x | y = x | z = x | pb = x | g2 = y | g2 = z | g2 = pb | z = y | pb = y | pb = z.  [resolve(371,b,156,a),flip(l),flip(m),flip(n)].

given #4479 (F,wt=8): 30721 cen(f1(f3(g7))) != f1(f3(g7)).  [resolve(30708,a,15,a)].

given #4480 (F,wt=9): 11833 f3(cen(f4(qb))) != f1(cen(f4(qb))).  [resolve(3151,a,24,a)].

given #4481 (F,wt=9): 11834 f2(cen(f4(qb))) != f1(cen(f4(qb))).  [resolve(3151,a,23,a)].

given #4482 (F,wt=9): 11850 f4(cen(f3(qb))) != f3(cen(f3(qb))).  [resolve(3192,a,28,a)].

given #4483 (T,wt=6): 7678 mem(f2(g7),f4(f2(g7))).  [resolve(7513,a,22,a)].

given #4484 (T,wt=4): 30732 car(f4(f2(g7))).  [resolve(7678,a,17,a)].

given #4485 (T,wt=5): 30746 car(cen(f4(f2(g7)))).  [resolve(30732,a,14,a)].

given #4486 (T,wt=6): 7679 mem(f2(g7),f3(f2(g7))).  [resolve(7513,a,21,a)].

given #4487 (A,wt=56): 1491 -car(x) | -car(y) | -car(z) | cen(g1) != cen(x) | cen(y) != cen(x) | cen(z) != cen(x) | cen(pa) != cen(x) | g1 = x | y = x | z = x | pb = x | g1 = y | g1 = z | g1 = pb | z = y | pb = y | pb = z.  [resolve(371,b,155,a),flip(l),flip(m),flip(n)].

given #4488 (F,wt=8): 30745 cen(f4(f2(g7))) != f4(f2(g7)).  [resolve(30732,a,15,a)].

given #4489 (F,wt=9): 11851 f4(cen(f3(qb))) != f2(cen(f3(qb))).  [resolve(3192,a,27,a)].

given #4490 (F,wt=9): 11852 f3(cen(f3(qb))) != f2(cen(f3(qb))).  [resolve(3192,a,26,a)].

given #4491 (F,wt=9): 11853 f4(cen(f3(qb))) != f1(cen(f3(qb))).  [resolve(3192,a,25,a)].

given #4492 (T,wt=4): 30756 car(f3(f2(g7))).  [resolve(7679,a,17,a)].

given #4493 (T,wt=5): 30770 car(cen(f3(f2(g7)))).  [resolve(30756,a,14,a)].

given #4494 (T,wt=6): 7680 mem(f2(g7),f2(f2(g7))).  [resolve(7513,a,20,a)].

given #4495 (T,wt=4): 30780 car(f2(f2(g7))).  [resolve(7680,a,17,a)].

given #4496 (A,wt=56): 1492 -car(x) | -car(y) | -car(z) | cen(g0) != cen(x) | cen(y) != cen(x) | cen(z) != cen(x) | cen(pa) != cen(x) | g0 = x | y = x | z = x | pb = x | g0 = y | g0 = z | g0 = pb | z = y | pb = y | pb = z.  [resolve(371,b,154,a),flip(l),flip(m),flip(n)].

given #4497 (F,wt=8): 30769 cen(f3(f2(g7))) != f3(f2(g7)).  [resolve(30756,a,15,a)].

given #4498 (F,wt=8): 30793 cen(f2(f2(g7))) != f2(f2(g7)).  [resolve(30780,a,15,a)].

given #4499 (F,wt=9): 11854 f3(cen(f3(qb))) != f1(cen(f3(qb))).  [resolve(3192,a,24,a)].

given #4500 (F,wt=9): 11855 f2(cen(f3(qb))) != f1(cen(f3(qb))).  [resolve(3192,a,23,a)].

given #4501 (T,wt=5): 30794 car(cen(f2(f2(g7)))).  [resolve(30780,a,14,a)].

given #4502 (T,wt=6): 7681 mem(f2(g7),f1(f2(g7))).  [resolve(7513,a,19,a)].

given #4503 (T,wt=4): 30804 car(f1(f2(g7))).  [resolve(7681,a,17,a)].

given #4504 (T,wt=5): 30818 car(cen(f1(f2(g7)))).  [resolve(30804,a,14,a)].

given #4505 (A,wt=53): 1493 -car(x) | -car(y) | -car(z) | cen(oa) != cen(x) | cen(y) != cen(x) | cen(z) != cen(x) | cen(pa) != cen(x) | oa = x | y = x | z = x | pb = x | oa = y | oa = z | z = y | pb = y | pb = z.  [resolve(371,b,45,a),flip(l),flip(m),flip(n),unit_del(n,97)].

given #4506 (F,wt=8): 30817 cen(f1(f2(g7))) != f1(f2(g7)).  [resolve(30804,a,15,a)].

given #4507 (F,wt=9): 11871 f4(cen(f2(qb))) != f3(cen(f2(qb))).  [resolve(3237,a,28,a)].

given #4508 (F,wt=9): 11872 f4(cen(f2(qb))) != f2(cen(f2(qb))).  [resolve(3237,a,27,a)].

given #4509 (F,wt=9): 11873 f3(cen(f2(qb))) != f2(cen(f2(qb))).  [resolve(3237,a,26,a)].

given #4510 (T,wt=6): 7725 blocked(f1(g7),cen(f1(g7))).  [resolve(7690,a,35,a)].

given #4511 (T,wt=6): 7732 mem(f1(g7),f4(f1(g7))).  [resolve(7690,a,22,a)].

given #4512 (T,wt=4): 30828 car(f4(f1(g7))).  [resolve(7732,a,17,a)].

given #4513 (T,wt=5): 30842 car(cen(f4(f1(g7)))).  [resolve(30828,a,14,a)].

given #4514 (A,wt=53): 1494 -car(x) | -car(y) | -car(z) | cen(ca) != cen(x) | cen(y) != cen(x) | cen(z) != cen(x) | cen(pa) != cen(x) | cb = x | y = x | z = x | pb = x | cb = y | cb = z | z = y | pb = y | pb = z.  [resolve(371,b,44,a),rewrite([113(5)]),flip(l),flip(m),unit_del(n,85)].

given #4515 (F,wt=8): 30841 cen(f4(f1(g7))) != f4(f1(g7)).  [resolve(30828,a,15,a)].

given #4516 (F,wt=9): 11874 f4(cen(f2(qb))) != f1(cen(f2(qb))).  [resolve(3237,a,25,a)].

given #4517 (F,wt=9): 11875 f3(cen(f2(qb))) != f1(cen(f2(qb))).  [resolve(3237,a,24,a)].

given #4518 (F,wt=9): 11876 f2(cen(f2(qb))) != f1(cen(f2(qb))).  [resolve(3237,a,23,a)].

given #4519 (T,wt=6): 7733 mem(f1(g7),f3(f1(g7))).  [resolve(7690,a,21,a)].

given #4520 (T,wt=4): 30852 car(f3(f1(g7))).  [resolve(7733,a,17,a)].

given #4521 (T,wt=5): 30866 car(cen(f3(f1(g7)))).  [resolve(30852,a,14,a)].

given #4522 (T,wt=6): 7734 mem(f1(g7),f2(f1(g7))).  [resolve(7690,a,20,a)].

given #4523 (A,wt=53): 1495 -car(x) | -car(y) | -car(z) | cen(ca) != cen(x) | cen(y) != cen(x) | cen(z) != cen(x) | cen(pa) != cen(x) | ca = x | y = x | z = x | pb = x | ca = y | ca = z | z = y | pb = y | pb = z.  [resolve(371,b,43,a),flip(l),flip(m),unit_del(n,77)].

given #4524 (F,wt=8): 30865 cen(f3(f1(g7))) != f3(f1(g7)).  [resolve(30852,a,15,a)].

given #4525 (F,wt=9): 11889 f4(cen(f1(qb))) != f3(cen(f1(qb))).  [resolve(3278,a,28,a)].

given #4526 (F,wt=9): 11890 f4(cen(f1(qb))) != f2(cen(f1(qb))).  [resolve(3278,a,27,a)].

given #4527 (F,wt=9): 11891 f3(cen(f1(qb))) != f2(cen(f1(qb))).  [resolve(3278,a,26,a)].

given #4528 (T,wt=4): 30876 car(f2(f1(g7))).  [resolve(7734,a,17,a)].

given #4529 (T,wt=5): 30890 car(cen(f2(f1(g7)))).  [resolve(30876,a,14,a)].

given #4530 (T,wt=6): 7735 mem(f1(g7),f1(f1(g7))).  [resolve(7690,a,19,a)].

given #4531 (T,wt=4): 30900 car(f1(f1(g7))).  [resolve(7735,a,17,a)].

given #4532 (A,wt=53): 1496 -car(x) | -car(y) | -car(z) | cen(ca) != cen(x) | cen(y) != cen(x) | cen(z) != cen(x) | cen(pa) != cen(x) | qb = x | y = x | z = x | pb = x | qb = y | qb = z | z = y | pb = y | pb = z.  [resolve(371,b,42,a),rewrite([352(5)]),flip(l),flip(m),flip(n),unit_del(n,71)].

given #4533 (F,wt=8): 30889 cen(f2(f1(g7))) != f2(f1(g7)).  [resolve(30876,a,15,a)].

given #4534 (F,wt=8): 30913 cen(f1(f1(g7))) != f1(f1(g7)).  [resolve(30900,a,15,a)].

given #4535 (F,wt=9): 11892 f4(cen(f1(qb))) != f1(cen(f1(qb))).  [resolve(3278,a,25,a)].

given #4536 (F,wt=9): 11893 f3(cen(f1(qb))) != f1(cen(f1(qb))).  [resolve(3278,a,24,a)].

given #4537 (T,wt=5): 30914 car(cen(f1(f1(g7)))).  [resolve(30900,a,14,a)].

given #4538 (T,wt=6): 7887 blocked(f4(g8),cen(f4(g8))).  [resolve(7851,a,35,a)].

given #4539 (T,wt=6): 7894 mem(f4(g8),f4(f4(g8))).  [resolve(7851,a,22,a)].

given #4540 (T,wt=4): 30924 car(f4(f4(g8))).  [resolve(7894,a,17,a)].

given #4541 (A,wt=53): 1497 -car(x) | -car(y) | -car(z) | cen(ca) != cen(x) | cen(y) != cen(x) | cen(z) != cen(x) | cen(pa) != cen(x) | qa = x | y = x | z = x | pb = x | qa = y | qa = z | z = y | pb = y | pb = z.  [resolve(371,b,41,a),rewrite([111(5)]),flip(l),flip(m),unit_del(n,65)].

given #4542 (F,wt=8): 30937 cen(f4(f4(g8))) != f4(f4(g8)).  [resolve(30924,a,15,a)].

given #4543 (F,wt=9): 11894 f2(cen(f1(qb))) != f1(cen(f1(qb))).  [resolve(3278,a,23,a)].

given #4544 (F,wt=9): 12066 f4(cen(f4(ca))) != f3(cen(f4(ca))).  [resolve(3593,a,28,a)].

given #4545 (F,wt=9): 12067 f4(cen(f4(ca))) != f2(cen(f4(ca))).  [resolve(3593,a,27,a)].

given #4546 (T,wt=5): 30938 car(cen(f4(f4(g8)))).  [resolve(30924,a,14,a)].

given #4547 (T,wt=6): 7895 mem(f4(g8),f3(f4(g8))).  [resolve(7851,a,21,a)].

given #4548 (T,wt=4): 30948 car(f3(f4(g8))).  [resolve(7895,a,17,a)].

given #4549 (T,wt=5): 30962 car(cen(f3(f4(g8)))).  [resolve(30948,a,14,a)].

given #4550 (A,wt=53): 1498 -car(x) | -car(y) | -car(z) | cen(ra) != cen(x) | cen(y) != cen(x) | cen(z) != cen(x) | cen(pa) != cen(x) | rb = x | y = x | z = x | pb = x | rb = y | rb = z | z = y | pb = y | pb = z.  [resolve(371,b,40,a),rewrite([152(5)]),flip(l),flip(m),flip(n),unit_del(n,57)].

given #4551 (F,wt=8): 30961 cen(f3(f4(g8))) != f3(f4(g8)).  [resolve(30948,a,15,a)].

given #4552 (F,wt=9): 12068 f3(cen(f4(ca))) != f2(cen(f4(ca))).  [resolve(3593,a,26,a)].

given #4553 (F,wt=9): 12069 f4(cen(f4(ca))) != f1(cen(f4(ca))).  [resolve(3593,a,25,a)].

given #4554 (F,wt=9): 12070 f3(cen(f4(ca))) != f1(cen(f4(ca))).  [resolve(3593,a,24,a)].

given #4555 (T,wt=6): 7896 mem(f4(g8),f2(f4(g8))).  [resolve(7851,a,20,a)].

given #4556 (T,wt=4): 30972 car(f2(f4(g8))).  [resolve(7896,a,17,a)].

given #4557 (T,wt=5): 30986 car(cen(f2(f4(g8)))).  [resolve(30972,a,14,a)].

given #4558 (T,wt=6): 7897 mem(f4(g8),f1(f4(g8))).  [resolve(7851,a,19,a)].

given #4559 (A,wt=53): 1499 -car(x) | -car(y) | -car(z) | cen(ra) != cen(x) | cen(y) != cen(x) | cen(z) != cen(x) | cen(pa) != cen(x) | ra = x | y = x | z = x | pb = x | ra = y | ra = z | z = y | pb = y | pb = z.  [resolve(371,b,39,a),flip(l),flip(m),flip(n),unit_del(n,55)].

given #4560 (F,wt=8): 30985 cen(f2(f4(g8))) != f2(f4(g8)).  [resolve(30972,a,15,a)].

given #4561 (F,wt=9): 12071 f2(cen(f4(ca))) != f1(cen(f4(ca))).  [resolve(3593,a,23,a)].

given #4562 (F,wt=9): 12084 f4(cen(f3(ca))) != f3(cen(f3(ca))).  [resolve(3709,a,28,a)].

given #4563 (F,wt=9): 12085 f4(cen(f3(ca))) != f2(cen(f3(ca))).  [resolve(3709,a,27,a)].

given #4564 (T,wt=4): 30996 car(f1(f4(g8))).  [resolve(7897,a,17,a)].

given #4565 (T,wt=5): 31010 car(cen(f1(f4(g8)))).  [resolve(30996,a,14,a)].

given #4566 (T,wt=6): 7942 blocked(f3(g8),cen(f3(g8))).  [resolve(7906,a,35,a)].

given #4567 (T,wt=6): 7949 mem(f3(g8),f4(f3(g8))).  [resolve(7906,a,22,a)].

given #4568 (A,wt=46): 1500 -car(x) | -car(y) | cen(c4) != cen(pa) | cen(c4) != cen(x) | cen(c4) != cen(y) | c4 = pa | c4 = x | c4 = y | c4 = pb | pa = x | pa = y | y = x | pb = x | pb = y.  [factor(1415,d,g),flip(k),flip(l),unit_del(a,37),unit_del(m,47)].

given #4569 (F,wt=8): 31009 cen(f1(f4(g8))) != f1(f4(g8)).  [resolve(30996,a,15,a)].

given #4570 (F,wt=9): 12086 f3(cen(f3(ca))) != f2(cen(f3(ca))).  [resolve(3709,a,26,a)].

given #4571 (F,wt=9): 12087 f4(cen(f3(ca))) != f1(cen(f3(ca))).  [resolve(3709,a,25,a)].

given #4572 (F,wt=9): 12088 f3(cen(f3(ca))) != f1(cen(f3(ca))).  [resolve(3709,a,24,a)].

given #4573 (T,wt=4): 31020 car(f4(f3(g8))).  [resolve(7949,a,17,a)].

given #4574 (T,wt=5): 31034 car(cen(f4(f3(g8)))).  [resolve(31020,a,14,a)].

given #4575 (T,wt=6): 7950 mem(f3(g8),f3(f3(g8))).  [resolve(7906,a,21,a)].

given #4576 (T,wt=4): 31044 car(f3(f3(g8))).  [resolve(7950,a,17,a)].

given #4577 (A,wt=46): 1501 -car(x) | -car(y) | cen(c3) != cen(pa) | cen(c3) != cen(x) | cen(c3) != cen(y) | c3 = pa | c3 = x | c3 = y | c3 = pb | pa = x | pa = y | y = x | pb = x | pb = y.  [factor(1416,d,g),flip(k),flip(l),unit_del(a,37),unit_del(m,47)].

given #4578 (F,wt=8): 31033 cen(f4(f3(g8))) != f4(f3(g8)).  [resolve(31020,a,15,a)].

given #4579 (F,wt=8): 31057 cen(f3(f3(g8))) != f3(f3(g8)).  [resolve(31044,a,15,a)].

given #4580 (F,wt=9): 12089 f2(cen(f3(ca))) != f1(cen(f3(ca))).  [resolve(3709,a,23,a)].

given #4581 (F,wt=9): 12102 f4(cen(f2(ca))) != f3(cen(f2(ca))).  [resolve(3759,a,28,a)].

given #4582 (T,wt=5): 31058 car(cen(f3(f3(g8)))).  [resolve(31044,a,14,a)].

given #4583 (T,wt=6): 7951 mem(f3(g8),f2(f3(g8))).  [resolve(7906,a,20,a)].

given #4584 (T,wt=4): 31068 car(f2(f3(g8))).  [resolve(7951,a,17,a)].

given #4585 (T,wt=5): 31082 car(cen(f2(f3(g8)))).  [resolve(31068,a,14,a)].

given #4586 (A,wt=46): 1502 -car(x) | -car(y) | cen(c2) != cen(pa) | cen(c2) != cen(x) | cen(c2) != cen(y) | c2 = pa | c2 = x | c2 = y | c2 = pb | pa = x | pa = y | y = x | pb = x | pb = y.  [factor(1417,d,g),flip(k),flip(l),unit_del(a,37),unit_del(m,47)].

given #4587 (F,wt=8): 31081 cen(f2(f3(g8))) != f2(f3(g8)).  [resolve(31068,a,15,a)].

given #4588 (F,wt=9): 12103 f4(cen(f2(ca))) != f2(cen(f2(ca))).  [resolve(3759,a,27,a)].

given #4589 (F,wt=9): 12104 f3(cen(f2(ca))) != f2(cen(f2(ca))).  [resolve(3759,a,26,a)].

given #4590 (F,wt=9): 12105 f4(cen(f2(ca))) != f1(cen(f2(ca))).  [resolve(3759,a,25,a)].

given #4591 (T,wt=6): 7952 mem(f3(g8),f1(f3(g8))).  [resolve(7906,a,19,a)].

given #4592 (T,wt=4): 31092 car(f1(f3(g8))).  [resolve(7952,a,17,a)].

given #4593 (T,wt=5): 31106 car(cen(f1(f3(g8)))).  [resolve(31092,a,14,a)].

given #4594 (T,wt=6): 8123 blocked(f2(g8),cen(f2(g8))).  [resolve(8086,a,35,a)].

given #4595 (A,wt=53): 1503 -car(x) | -car(y) | cen(cen(c1)) != cen(pa) | cen(cen(c1)) != cen(x) | cen(cen(c1)) != cen(y) | cen(c1) = pa | cen(c1) = x | cen(c1) = y | cen(c1) = pb | pa = x | pa = y | y = x | pb = x | pb = y.  [factor(1418,d,g),flip(k),flip(l),unit_del(a,37),unit_del(m,47)].

given #4596 (F,wt=8): 31105 cen(f1(f3(g8))) != f1(f3(g8)).  [resolve(31092,a,15,a)].

given #4597 (F,wt=9): 12106 f3(cen(f2(ca))) != f1(cen(f2(ca))).  [resolve(3759,a,24,a)].

given #4598 (F,wt=9): 12107 f2(cen(f2(ca))) != f1(cen(f2(ca))).  [resolve(3759,a,23,a)].

given #4599 (F,wt=9): 12120 f4(cen(f1(ca))) != f3(cen(f1(ca))).  [resolve(3812,a,28,a)].

given #4600 (T,wt=6): 8130 mem(f2(g8),f4(f2(g8))).  [resolve(8086,a,22,a)].

given #4601 (T,wt=4): 31116 car(f4(f2(g8))).  [resolve(8130,a,17,a)].

given #4602 (T,wt=5): 31130 car(cen(f4(f2(g8)))).  [resolve(31116,a,14,a)].

given #4603 (T,wt=6): 8131 mem(f2(g8),f3(f2(g8))).  [resolve(8086,a,21,a)].

given #4604 (A,wt=53): 1504 -car(x) | -car(y) | cen(cen(g14)) != cen(pa) | cen(cen(g14)) != cen(x) | cen(cen(g14)) != cen(y) | cen(g14) = pa | cen(g14) = x | cen(g14) = y | cen(g14) = pb | pa = x | pa = y | y = x | pb = x | pb = y.  [factor(1419,d,g),flip(k),flip(l),unit_del(a,37),unit_del(m,47)].

given #4605 (F,wt=8): 31129 cen(f4(f2(g8))) != f4(f2(g8)).  [resolve(31116,a,15,a)].

given #4606 (F,wt=9): 12121 f4(cen(f1(ca))) != f2(cen(f1(ca))).  [resolve(3812,a,27,a)].

given #4607 (F,wt=9): 12122 f3(cen(f1(ca))) != f2(cen(f1(ca))).  [resolve(3812,a,26,a)].

given #4608 (F,wt=9): 12123 f4(cen(f1(ca))) != f1(cen(f1(ca))).  [resolve(3812,a,25,a)].

given #4609 (T,wt=4): 31140 car(f3(f2(g8))).  [resolve(8131,a,17,a)].

given #4610 (T,wt=5): 31154 car(cen(f3(f2(g8)))).  [resolve(31140,a,14,a)].

given #4611 (T,wt=6): 8132 mem(f2(g8),f2(f2(g8))).  [resolve(8086,a,20,a)].

given #4612 (T,wt=4): 31164 car(f2(f2(g8))).  [resolve(8132,a,17,a)].

given #4613 (A,wt=53): 1505 -car(x) | -car(y) | cen(cen(g13)) != cen(pa) | cen(cen(g13)) != cen(x) | cen(cen(g13)) != cen(y) | cen(g13) = pa | cen(g13) = x | cen(g13) = y | cen(g13) = pb | pa = x | pa = y | y = x | pb = x | pb = y.  [factor(1420,d,g),flip(k),flip(l),unit_del(a,37),unit_del(m,47)].

given #4614 (F,wt=8): 31153 cen(f3(f2(g8))) != f3(f2(g8)).  [resolve(31140,a,15,a)].

given #4615 (F,wt=8): 31177 cen(f2(f2(g8))) != f2(f2(g8)).  [resolve(31164,a,15,a)].

given #4616 (F,wt=9): 12124 f3(cen(f1(ca))) != f1(cen(f1(ca))).  [resolve(3812,a,24,a)].

given #4617 (F,wt=9): 12125 f2(cen(f1(ca))) != f1(cen(f1(ca))).  [resolve(3812,a,23,a)].

given #4618 (T,wt=5): 31178 car(cen(f2(f2(g8)))).  [resolve(31164,a,14,a)].

given #4619 (T,wt=6): 8133 mem(f2(g8),f1(f2(g8))).  [resolve(8086,a,19,a)].

given #4620 (T,wt=4): 31188 car(f1(f2(g8))).  [resolve(8133,a,17,a)].

given #4621 (T,wt=5): 31202 car(cen(f1(f2(g8)))).  [resolve(31188,a,14,a)].

given #4622 (A,wt=53): 1506 -car(x) | -car(y) | cen(cen(g12)) != cen(pa) | cen(cen(g12)) != cen(x) | cen(cen(g12)) != cen(y) | cen(g12) = pa | cen(g12) = x | cen(g12) = y | cen(g12) = pb | pa = x | pa = y | y = x | pb = x | pb = y.  [factor(1421,d,g),flip(k),flip(l),unit_del(a,37),unit_del(m,47)].

given #4623 (F,wt=8): 31201 cen(f1(f2(g8))) != f1(f2(g8)).  [resolve(31188,a,15,a)].

given #4624 (F,wt=9): 12346 f4(cen(f4(cb))) != f3(cen(f4(cb))).  [resolve(4009,a,28,a)].

given #4625 (F,wt=9): 12347 f4(cen(f4(cb))) != f2(cen(f4(cb))).  [resolve(4009,a,27,a)].

given #4626 (F,wt=9): 12348 f3(cen(f4(cb))) != f2(cen(f4(cb))).  [resolve(4009,a,26,a)].

given #4627 (T,wt=6): 8179 blocked(f1(g8),cen(f1(g8))).  [resolve(8142,a,35,a)].

given #4628 (T,wt=6): 8186 mem(f1(g8),f4(f1(g8))).  [resolve(8142,a,22,a)].

given #4629 (T,wt=4): 31212 car(f4(f1(g8))).  [resolve(8186,a,17,a)].

given #4630 (T,wt=5): 31226 car(cen(f4(f1(g8)))).  [resolve(31212,a,14,a)].

given #4631 (A,wt=53): 1507 -car(x) | -car(y) | cen(cen(g11)) != cen(pa) | cen(cen(g11)) != cen(x) | cen(cen(g11)) != cen(y) | cen(g11) = pa | cen(g11) = x | cen(g11) = y | cen(g11) = pb | pa = x | pa = y | y = x | pb = x | pb = y.  [factor(1422,d,g),flip(k),flip(l),unit_del(a,37),unit_del(m,47)].

given #4632 (F,wt=8): 31225 cen(f4(f1(g8))) != f4(f1(g8)).  [resolve(31212,a,15,a)].

given #4633 (F,wt=9): 12349 f4(cen(f4(cb))) != f1(cen(f4(cb))).  [resolve(4009,a,25,a)].

given #4634 (F,wt=9): 12350 f3(cen(f4(cb))) != f1(cen(f4(cb))).  [resolve(4009,a,24,a)].

given #4635 (F,wt=9): 12351 f2(cen(f4(cb))) != f1(cen(f4(cb))).  [resolve(4009,a,23,a)].

given #4636 (T,wt=6): 8187 mem(f1(g8),f3(f1(g8))).  [resolve(8142,a,21,a)].

given #4637 (T,wt=4): 31236 car(f3(f1(g8))).  [resolve(8187,a,17,a)].

given #4638 (T,wt=5): 31250 car(cen(f3(f1(g8)))).  [resolve(31236,a,14,a)].

given #4639 (T,wt=6): 8188 mem(f1(g8),f2(f1(g8))).  [resolve(8142,a,20,a)].

given #4640 (A,wt=53): 1508 -car(x) | -car(y) | cen(cen(g10)) != cen(pa) | cen(cen(g10)) != cen(x) | cen(cen(g10)) != cen(y) | cen(g10) = pa | cen(g10) = x | cen(g10) = y | cen(g10) = pb | pa = x | pa = y | y = x | pb = x | pb = y.  [factor(1423,d,g),flip(k),flip(l),unit_del(a,37),unit_del(m,47)].

given #4641 (F,wt=8): 31249 cen(f3(f1(g8))) != f3(f1(g8)).  [resolve(31236,a,15,a)].

given #4642 (F,wt=9): 12365 f4(cen(f3(cb))) != f3(cen(f3(cb))).  [resolve(4061,a,28,a)].

given #4643 (F,wt=9): 12366 f4(cen(f3(cb))) != f2(cen(f3(cb))).  [resolve(4061,a,27,a)].

given #4644 (F,wt=9): 12367 f3(cen(f3(cb))) != f2(cen(f3(cb))).  [resolve(4061,a,26,a)].

given #4645 (T,wt=4): 31260 car(f2(f1(g8))).  [resolve(8188,a,17,a)].

given #4646 (T,wt=5): 31274 car(cen(f2(f1(g8)))).  [resolve(31260,a,14,a)].

given #4647 (T,wt=6): 8189 mem(f1(g8),f1(f1(g8))).  [resolve(8142,a,19,a)].

given #4648 (T,wt=4): 31284 car(f1(f1(g8))).  [resolve(8189,a,17,a)].

given #4649 (A,wt=53): 1509 -car(x) | -car(y) | cen(cen(g9)) != cen(pa) | cen(cen(g9)) != cen(x) | cen(cen(g9)) != cen(y) | cen(g9) = pa | cen(g9) = x | cen(g9) = y | cen(g9) = pb | pa = x | pa = y | y = x | pb = x | pb = y.  [factor(1424,d,g),flip(k),flip(l),unit_del(a,37),unit_del(m,47)].

given #4650 (F,wt=8): 31273 cen(f2(f1(g8))) != f2(f1(g8)).  [resolve(31260,a,15,a)].

given #4651 (F,wt=8): 31297 cen(f1(f1(g8))) != f1(f1(g8)).  [resolve(31284,a,15,a)].

given #4652 (F,wt=9): 12368 f4(cen(f3(cb))) != f1(cen(f3(cb))).  [resolve(4061,a,25,a)].

given #4653 (F,wt=9): 12369 f3(cen(f3(cb))) != f1(cen(f3(cb))).  [resolve(4061,a,24,a)].

given #4654 (T,wt=5): 31298 car(cen(f1(f1(g8)))).  [resolve(31284,a,14,a)].

given #4655 (T,wt=6): 8346 blocked(f4(g9),cen(f4(g9))).  [resolve(8308,a,35,a)].

given #4656 (T,wt=6): 8353 mem(f4(g9),f4(f4(g9))).  [resolve(8308,a,22,a)].

given #4657 (T,wt=4): 31308 car(f4(f4(g9))).  [resolve(8353,a,17,a)].

given #4658 (A,wt=53): 1510 -car(x) | -car(y) | cen(cen(g8)) != cen(pa) | cen(cen(g8)) != cen(x) | cen(cen(g8)) != cen(y) | cen(g8) = pa | cen(g8) = x | cen(g8) = y | cen(g8) = pb | pa = x | pa = y | y = x | pb = x | pb = y.  [factor(1425,d,g),flip(k),flip(l),unit_del(a,37),unit_del(m,47)].

given #4659 (F,wt=8): 31321 cen(f4(f4(g9))) != f4(f4(g9)).  [resolve(31308,a,15,a)].

given #4660 (F,wt=9): 12370 f2(cen(f3(cb))) != f1(cen(f3(cb))).  [resolve(4061,a,23,a)].

given #4661 (F,wt=9): 12384 f4(cen(f2(cb))) != f3(cen(f2(cb))).  [resolve(4185,a,28,a)].

given #4662 (F,wt=9): 12385 f4(cen(f2(cb))) != f2(cen(f2(cb))).  [resolve(4185,a,27,a)].

given #4663 (T,wt=5): 31322 car(cen(f4(f4(g9)))).  [resolve(31308,a,14,a)].

given #4664 (T,wt=6): 8354 mem(f4(g9),f3(f4(g9))).  [resolve(8308,a,21,a)].

given #4665 (T,wt=4): 31332 car(f3(f4(g9))).  [resolve(8354,a,17,a)].

given #4666 (T,wt=5): 31346 car(cen(f3(f4(g9)))).  [resolve(31332,a,14,a)].

given #4667 (A,wt=53): 1511 -car(x) | -car(y) | cen(cen(g7)) != cen(pa) | cen(cen(g7)) != cen(x) | cen(cen(g7)) != cen(y) | cen(g7) = pa | cen(g7) = x | cen(g7) = y | cen(g7) = pb | pa = x | pa = y | y = x | pb = x | pb = y.  [factor(1426,d,g),flip(k),flip(l),unit_del(a,37),unit_del(m,47)].

given #4668 (F,wt=8): 31345 cen(f3(f4(g9))) != f3(f4(g9)).  [resolve(31332,a,15,a)].

given #4669 (F,wt=9): 12386 f3(cen(f2(cb))) != f2(cen(f2(cb))).  [resolve(4185,a,26,a)].

given #4670 (F,wt=9): 12387 f4(cen(f2(cb))) != f1(cen(f2(cb))).  [resolve(4185,a,25,a)].

given #4671 (F,wt=9): 12388 f3(cen(f2(cb))) != f1(cen(f2(cb))).  [resolve(4185,a,24,a)].

given #4672 (T,wt=6): 8355 mem(f4(g9),f2(f4(g9))).  [resolve(8308,a,20,a)].

given #4673 (T,wt=4): 31356 car(f2(f4(g9))).  [resolve(8355,a,17,a)].

given #4674 (T,wt=5): 31370 car(cen(f2(f4(g9)))).  [resolve(31356,a,14,a)].

given #4675 (T,wt=6): 8356 mem(f4(g9),f1(f4(g9))).  [resolve(8308,a,19,a)].

given #4676 (A,wt=53): 1512 -car(x) | -car(y) | cen(cen(g6)) != cen(pa) | cen(cen(g6)) != cen(x) | cen(cen(g6)) != cen(y) | cen(g6) = pa | cen(g6) = x | cen(g6) = y | cen(g6) = pb | pa = x | pa = y | y = x | pb = x | pb = y.  [factor(1427,d,g),flip(k),flip(l),unit_del(a,37),unit_del(m,47)].

given #4677 (F,wt=8): 31369 cen(f2(f4(g9))) != f2(f4(g9)).  [resolve(31356,a,15,a)].

given #4678 (F,wt=9): 12389 f2(cen(f2(cb))) != f1(cen(f2(cb))).  [resolve(4185,a,23,a)].

given #4679 (F,wt=9): 12403 f4(cen(f1(cb))) != f3(cen(f1(cb))).  [resolve(4238,a,28,a)].

given #4680 (F,wt=9): 12404 f4(cen(f1(cb))) != f2(cen(f1(cb))).  [resolve(4238,a,27,a)].

given #4681 (T,wt=4): 31380 car(f1(f4(g9))).  [resolve(8356,a,17,a)].

given #4682 (T,wt=5): 31394 car(cen(f1(f4(g9)))).  [resolve(31380,a,14,a)].

given #4683 (T,wt=6): 8504 blocked(f3(g9),cen(f3(g9))).  [resolve(8365,a,35,a)].

given #4684 (T,wt=6): 8511 mem(f3(g9),f4(f3(g9))).  [resolve(8365,a,22,a)].

given #4685 (A,wt=53): 1513 -car(x) | -car(y) | cen(cen(g5)) != cen(pa) | cen(cen(g5)) != cen(x) | cen(cen(g5)) != cen(y) | cen(g5) = pa | cen(g5) = x | cen(g5) = y | cen(g5) = pb | pa = x | pa = y | y = x | pb = x | pb = y.  [factor(1428,d,g),flip(k),flip(l),unit_del(a,37),unit_del(m,47)].

given #4686 (F,wt=8): 31393 cen(f1(f4(g9))) != f1(f4(g9)).  [resolve(31380,a,15,a)].

given #4687 (F,wt=9): 12405 f3(cen(f1(cb))) != f2(cen(f1(cb))).  [resolve(4238,a,26,a)].

given #4688 (F,wt=9): 12406 f4(cen(f1(cb))) != f1(cen(f1(cb))).  [resolve(4238,a,25,a)].

given #4689 (F,wt=9): 12407 f3(cen(f1(cb))) != f1(cen(f1(cb))).  [resolve(4238,a,24,a)].

given #4690 (T,wt=4): 31404 car(f4(f3(g9))).  [resolve(8511,a,17,a)].

given #4691 (T,wt=5): 31418 car(cen(f4(f3(g9)))).  [resolve(31404,a,14,a)].

given #4692 (T,wt=6): 8512 mem(f3(g9),f3(f3(g9))).  [resolve(8365,a,21,a)].

given #4693 (T,wt=4): 31428 car(f3(f3(g9))).  [resolve(8512,a,17,a)].

given #4694 (A,wt=53): 1514 -car(x) | -car(y) | cen(cen(g4)) != cen(pa) | cen(cen(g4)) != cen(x) | cen(cen(g4)) != cen(y) | cen(g4) = pa | cen(g4) = x | cen(g4) = y | cen(g4) = pb | pa = x | pa = y | y = x | pb = x | pb = y.  [factor(1429,d,g),flip(k),flip(l),unit_del(a,37),unit_del(m,47)].

given #4695 (F,wt=8): 31417 cen(f4(f3(g9))) != f4(f3(g9)).  [resolve(31404,a,15,a)].

given #4696 (F,wt=8): 31441 cen(f3(f3(g9))) != f3(f3(g9)).  [resolve(31428,a,15,a)].

given #4697 (F,wt=9): 12408 f2(cen(f1(cb))) != f1(cen(f1(cb))).  [resolve(4238,a,23,a)].

given #4698 (F,wt=9): 12425 f4(cen(f4(oa))) != f3(cen(f4(oa))).  [resolve(4585,a,28,a)].

given #4699 (T,wt=5): 31442 car(cen(f3(f3(g9)))).  [resolve(31428,a,14,a)].

given #4700 (T,wt=6): 8513 mem(f3(g9),f2(f3(g9))).  [resolve(8365,a,20,a)].

given #4701 (T,wt=4): 31452 car(f2(f3(g9))).  [resolve(8513,a,17,a)].

given #4702 (T,wt=5): 31466 car(cen(f2(f3(g9)))).  [resolve(31452,a,14,a)].

given #4703 (A,wt=53): 1515 -car(x) | -car(y) | cen(cen(g3)) != cen(pa) | cen(cen(g3)) != cen(x) | cen(cen(g3)) != cen(y) | cen(g3) = pa | cen(g3) = x | cen(g3) = y | cen(g3) = pb | pa = x | pa = y | y = x | pb = x | pb = y.  [factor(1430,d,g),flip(k),flip(l),unit_del(a,37),unit_del(m,47)].

given #4704 (F,wt=8): 31465 cen(f2(f3(g9))) != f2(f3(g9)).  [resolve(31452,a,15,a)].

given #4705 (F,wt=9): 12426 f4(cen(f4(oa))) != f2(cen(f4(oa))).  [resolve(4585,a,27,a)].

given #4706 (F,wt=9): 12427 f3(cen(f4(oa))) != f2(cen(f4(oa))).  [resolve(4585,a,26,a)].

given #4707 (F,wt=9): 12428 f4(cen(f4(oa))) != f1(cen(f4(oa))).  [resolve(4585,a,25,a)].

given #4708 (T,wt=6): 8514 mem(f3(g9),f1(f3(g9))).  [resolve(8365,a,19,a)].

given #4709 (T,wt=4): 31476 car(f1(f3(g9))).  [resolve(8514,a,17,a)].

given #4710 (T,wt=5): 31490 car(cen(f1(f3(g9)))).  [resolve(31476,a,14,a)].

given #4711 (T,wt=6): 8536 blocked(f2(g9),cen(f2(g9))).  [resolve(8523,a,35,a)].

given #4712 (A,wt=53): 1516 -car(x) | -car(y) | cen(cen(g2)) != cen(pa) | cen(cen(g2)) != cen(x) | cen(cen(g2)) != cen(y) | cen(g2) = pa | cen(g2) = x | cen(g2) = y | cen(g2) = pb | pa = x | pa = y | y = x | pb = x | pb = y.  [factor(1431,d,g),flip(k),flip(l),unit_del(a,37),unit_del(m,47)].

given #4713 (F,wt=8): 31489 cen(f1(f3(g9))) != f1(f3(g9)).  [resolve(31476,a,15,a)].

given #4714 (F,wt=9): 12429 f3(cen(f4(oa))) != f1(cen(f4(oa))).  [resolve(4585,a,24,a)].

given #4715 (F,wt=9): 12430 f2(cen(f4(oa))) != f1(cen(f4(oa))).  [resolve(4585,a,23,a)].

given #4716 (F,wt=9): 12444 f4(cen(f3(oa))) != f3(cen(f3(oa))).  [resolve(4638,a,28,a)].

given #4717 (T,wt=6): 8543 mem(f2(g9),f4(f2(g9))).  [resolve(8523,a,22,a)].

given #4718 (T,wt=4): 31500 car(f4(f2(g9))).  [resolve(8543,a,17,a)].

given #4719 (T,wt=5): 31514 car(cen(f4(f2(g9)))).  [resolve(31500,a,14,a)].

given #4720 (T,wt=6): 8544 mem(f2(g9),f3(f2(g9))).  [resolve(8523,a,21,a)].

given #4721 (A,wt=53): 1517 -car(x) | -car(y) | cen(cen(g1)) != cen(pa) | cen(cen(g1)) != cen(x) | cen(cen(g1)) != cen(y) | cen(g1) = pa | cen(g1) = x | cen(g1) = y | cen(g1) = pb | pa = x | pa = y | y = x | pb = x | pb = y.  [factor(1432,d,g),flip(k),flip(l),unit_del(a,37),unit_del(m,47)].

given #4722 (F,wt=8): 31513 cen(f4(f2(g9))) != f4(f2(g9)).  [resolve(31500,a,15,a)].

given #4723 (F,wt=9): 12445 f4(cen(f3(oa))) != f2(cen(f3(oa))).  [resolve(4638,a,27,a)].

given #4724 (F,wt=9): 12446 f3(cen(f3(oa))) != f2(cen(f3(oa))).  [resolve(4638,a,26,a)].

given #4725 (F,wt=9): 12447 f4(cen(f3(oa))) != f1(cen(f3(oa))).  [resolve(4638,a,25,a)].

given #4726 (T,wt=4): 31524 car(f3(f2(g9))).  [resolve(8544,a,17,a)].

given #4727 (T,wt=5): 31538 car(cen(f3(f2(g9)))).  [resolve(31524,a,14,a)].

given #4728 (T,wt=6): 8545 mem(f2(g9),f2(f2(g9))).  [resolve(8523,a,20,a)].

given #4729 (T,wt=4): 31548 car(f2(f2(g9))).  [resolve(8545,a,17,a)].

given #4730 (A,wt=53): 1518 -car(x) | -car(y) | cen(cen(g0)) != cen(pa) | cen(cen(g0)) != cen(x) | cen(cen(g0)) != cen(y) | cen(g0) = pa | cen(g0) = x | cen(g0) = y | cen(g0) = pb | pa = x | pa = y | y = x | pb = x | pb = y.  [factor(1433,d,g),flip(k),flip(l),unit_del(a,37),unit_del(m,47)].

given #4731 (F,wt=8): 31537 cen(f3(f2(g9))) != f3(f2(g9)).  [resolve(31524,a,15,a)].

given #4732 (F,wt=8): 31561 cen(f2(f2(g9))) != f2(f2(g9)).  [resolve(31548,a,15,a)].

given #4733 (F,wt=9): 12448 f3(cen(f3(oa))) != f1(cen(f3(oa))).  [resolve(4638,a,24,a)].

given #4734 (F,wt=9): 12449 f2(cen(f3(oa))) != f1(cen(f3(oa))).  [resolve(4638,a,23,a)].

given #4735 (T,wt=5): 31562 car(cen(f2(f2(g9)))).  [resolve(31548,a,14,a)].

given #4736 (T,wt=6): 8546 mem(f2(g9),f1(f2(g9))).  [resolve(8523,a,19,a)].

given #4737 (T,wt=4): 31572 car(f1(f2(g9))).  [resolve(8546,a,17,a)].

given #4738 (T,wt=5): 31586 car(cen(f1(f2(g9)))).  [resolve(31572,a,14,a)].

given #4739 (A,wt=53): 1519 -car(x) | -car(y) | cen(cen(oa)) != cen(pa) | cen(cen(oa)) != cen(x) | cen(cen(oa)) != cen(y) | cen(oa) = pa | cen(oa) = x | cen(oa) = y | cen(oa) = pb | pa = x | pa = y | y = x | pb = x | pb = y.  [factor(1434,d,g),flip(k),flip(l),unit_del(a,37),unit_del(m,47)].

given #4740 (F,wt=8): 31585 cen(f1(f2(g9))) != f1(f2(g9)).  [resolve(31572,a,15,a)].

given #4741 (F,wt=9): 12463 f4(cen(f2(oa))) != f3(cen(f2(oa))).  [resolve(4767,a,28,a)].

given #4742 (F,wt=9): 12464 f4(cen(f2(oa))) != f2(cen(f2(oa))).  [resolve(4767,a,27,a)].

given #4743 (F,wt=9): 12465 f3(cen(f2(oa))) != f2(cen(f2(oa))).  [resolve(4767,a,26,a)].

given #4744 (T,wt=6): 8585 blocked(f1(g9),cen(f1(g9))).  [resolve(8555,a,35,a)].

given #4745 (T,wt=6): 8592 mem(f1(g9),f4(f1(g9))).  [resolve(8555,a,22,a)].

given #4746 (T,wt=4): 31596 car(f4(f1(g9))).  [resolve(8592,a,17,a)].

given #4747 (T,wt=5): 31610 car(cen(f4(f1(g9)))).  [resolve(31596,a,14,a)].

given #4748 (A,wt=53): 1520 -car(x) | -car(y) | cen(cen(ca)) != cen(pa) | cen(cen(ca)) != cen(x) | cen(cen(ca)) != cen(y) | cen(ca) = pa | cen(ca) = x | cen(ca) = y | cen(ca) = pb | pa = x | pa = y | y = x | pb = x | pb = y.  [factor(1435,d,g),flip(k),flip(l),unit_del(a,37),unit_del(m,47)].

given #4749 (F,wt=8): 31609 cen(f4(f1(g9))) != f4(f1(g9)).  [resolve(31596,a,15,a)].

given #4750 (F,wt=9): 12466 f4(cen(f2(oa))) != f1(cen(f2(oa))).  [resolve(4767,a,25,a)].

given #4751 (F,wt=9): 12467 f3(cen(f2(oa))) != f1(cen(f2(oa))).  [resolve(4767,a,24,a)].

given #4752 (F,wt=9): 12468 f2(cen(f2(oa))) != f1(cen(f2(oa))).  [resolve(4767,a,23,a)].

given #4753 (T,wt=6): 8593 mem(f1(g9),f3(f1(g9))).  [resolve(8555,a,21,a)].

given #4754 (T,wt=4): 31620 car(f3(f1(g9))).  [resolve(8593,a,17,a)].

given #4755 (T,wt=5): 31634 car(cen(f3(f1(g9)))).  [resolve(31620,a,14,a)].

given #4756 (T,wt=6): 8594 mem(f1(g9),f2(f1(g9))).  [resolve(8555,a,20,a)].

given #4757 (A,wt=53): 1521 -car(x) | -car(y) | cen(cen(ra)) != cen(pa) | cen(cen(ra)) != cen(x) | cen(cen(ra)) != cen(y) | cen(ra) = pa | cen(ra) = x | cen(ra) = y | cen(ra) = pb | pa = x | pa = y | y = x | pb = x | pb = y.  [factor(1436,d,g),flip(k),flip(l),unit_del(a,37),unit_del(m,47)].

given #4758 (F,wt=8): 31633 cen(f3(f1(g9))) != f3(f1(g9)).  [resolve(31620,a,15,a)].

given #4759 (F,wt=9): 12482 f4(cen(f1(oa))) != f3(cen(f1(oa))).  [resolve(4821,a,28,a)].

given #4760 (F,wt=9): 12483 f4(cen(f1(oa))) != f2(cen(f1(oa))).  [resolve(4821,a,27,a)].

given #4761 (F,wt=9): 12484 f3(cen(f1(oa))) != f2(cen(f1(oa))).  [resolve(4821,a,26,a)].

given #4762 (T,wt=4): 31644 car(f2(f1(g9))).  [resolve(8594,a,17,a)].

given #4763 (T,wt=5): 31658 car(cen(f2(f1(g9)))).  [resolve(31644,a,14,a)].

given #4764 (T,wt=6): 8595 mem(f1(g9),f1(f1(g9))).  [resolve(8555,a,19,a)].

given #4765 (T,wt=4): 31668 car(f1(f1(g9))).  [resolve(8595,a,17,a)].

given #4766 (A,wt=46): 1522 -car(x) | -car(y) | cen(c1) != cen(pa) | cen(c1) != cen(x) | cen(c1) != cen(y) | c1 = pa | c1 = x | c1 = y | c1 = pb | pa = x | pa = y | y = x | pb = x | pb = y.  [factor(1437,d,g),flip(k),flip(l),unit_del(a,37),unit_del(m,47)].

given #4767 (F,wt=8): 31657 cen(f2(f1(g9))) != f2(f1(g9)).  [resolve(31644,a,15,a)].

given #4768 (F,wt=8): 31681 cen(f1(f1(g9))) != f1(f1(g9)).  [resolve(31668,a,15,a)].

given #4769 (F,wt=9): 12485 f4(cen(f1(oa))) != f1(cen(f1(oa))).  [resolve(4821,a,25,a)].

given #4770 (F,wt=9): 12486 f3(cen(f1(oa))) != f1(cen(f1(oa))).  [resolve(4821,a,24,a)].

given #4771 (T,wt=5): 31682 car(cen(f1(f1(g9)))).  [resolve(31668,a,14,a)].

given #4772 (T,wt=6): 8617 blocked(f4(g10),cen(f4(g10))).  [resolve(8604,a,35,a)].

given #4773 (T,wt=6): 8624 mem(f4(g10),f4(f4(g10))).  [resolve(8604,a,22,a)].

given #4774 (T,wt=4): 31692 car(f4(f4(g10))).  [resolve(8624,a,17,a)].

given #4775 (A,wt=46): 1523 -car(x) | -car(y) | cen(g14) != cen(pa) | cen(g14) != cen(x) | cen(g14) != cen(y) | g14 = pa | g14 = x | g14 = y | g14 = pb | pa = x | pa = y | y = x | pb = x | pb = y.  [factor(1438,d,g),flip(k),flip(l),unit_del(a,37),unit_del(m,47)].

given #4776 (F,wt=8): 31705 cen(f4(f4(g10))) != f4(f4(g10)).  [resolve(31692,a,15,a)].

given #4777 (F,wt=9): 12487 f2(cen(f1(oa))) != f1(cen(f1(oa))).  [resolve(4821,a,23,a)].

given #4778 (F,wt=9): 12506 f4(cen(f4(g0))) != f3(cen(f4(g0))).  [resolve(4877,a,28,a)].

given #4779 (F,wt=9): 12507 f4(cen(f4(g0))) != f2(cen(f4(g0))).  [resolve(4877,a,27,a)].

given #4780 (T,wt=5): 31706 car(cen(f4(f4(g10)))).  [resolve(31692,a,14,a)].

given #4781 (T,wt=6): 8625 mem(f4(g10),f3(f4(g10))).  [resolve(8604,a,21,a)].

given #4782 (T,wt=4): 31716 car(f3(f4(g10))).  [resolve(8625,a,17,a)].

given #4783 (T,wt=5): 31730 car(cen(f3(f4(g10)))).  [resolve(31716,a,14,a)].

given #4784 (A,wt=46): 1524 -car(x) | -car(y) | cen(g13) != cen(pa) | cen(g13) != cen(x) | cen(g13) != cen(y) | g13 = pa | g13 = x | g13 = y | g13 = pb | pa = x | pa = y | y = x | pb = x | pb = y.  [factor(1439,d,g),flip(k),flip(l),unit_del(a,37),unit_del(m,47)].

given #4785 (F,wt=8): 31729 cen(f3(f4(g10))) != f3(f4(g10)).  [resolve(31716,a,15,a)].

given #4786 (F,wt=9): 12508 f3(cen(f4(g0))) != f2(cen(f4(g0))).  [resolve(4877,a,26,a)].

given #4787 (F,wt=9): 12509 f4(cen(f4(g0))) != f1(cen(f4(g0))).  [resolve(4877,a,25,a)].

given #4788 (F,wt=9): 12510 f3(cen(f4(g0))) != f1(cen(f4(g0))).  [resolve(4877,a,24,a)].

given #4789 (T,wt=6): 8626 mem(f4(g10),f2(f4(g10))).  [resolve(8604,a,20,a)].

given #4790 (T,wt=4): 31740 car(f2(f4(g10))).  [resolve(8626,a,17,a)].

given #4791 (T,wt=5): 31754 car(cen(f2(f4(g10)))).  [resolve(31740,a,14,a)].

given #4792 (T,wt=6): 8627 mem(f4(g10),f1(f4(g10))).  [resolve(8604,a,19,a)].

given #4793 (A,wt=46): 1525 -car(x) | -car(y) | cen(g12) != cen(pa) | cen(g12) != cen(x) | cen(g12) != cen(y) | g12 = pa | g12 = x | g12 = y | g12 = pb | pa = x | pa = y | y = x | pb = x | pb = y.  [factor(1440,d,g),flip(k),flip(l),unit_del(a,37),unit_del(m,47)].

given #4794 (F,wt=8): 31753 cen(f2(f4(g10))) != f2(f4(g10)).  [resolve(31740,a,15,a)].

given #4795 (F,wt=9): 12511 f2(cen(f4(g0))) != f1(cen(f4(g0))).  [resolve(4877,a,23,a)].

given #4796 (F,wt=9): 12525 f4(cen(f3(g0))) != f3(cen(f3(g0))).  [resolve(5090,a,28,a)].

given #4797 (F,wt=9): 12526 f4(cen(f3(g0))) != f2(cen(f3(g0))).  [resolve(5090,a,27,a)].

given #4798 (T,wt=4): 31764 car(f1(f4(g10))).  [resolve(8627,a,17,a)].

given #4799 (T,wt=5): 31778 car(cen(f1(f4(g10)))).  [resolve(31764,a,14,a)].

given #4800 (T,wt=6): 8680 blocked(f3(g10),cen(f3(g10))).  [resolve(8667,a,35,a)].

given #4801 (T,wt=6): 8687 mem(f3(g10),f4(f3(g10))).  [resolve(8667,a,22,a)].

given #4802 (A,wt=46): 1526 -car(x) | -car(y) | cen(g11) != cen(pa) | cen(g11) != cen(x) | cen(g11) != cen(y) | g11 = pa | g11 = x | g11 = y | g11 = pb | pa = x | pa = y | y = x | pb = x | pb = y.  [factor(1441,d,g),flip(k),flip(l),unit_del(a,37),unit_del(m,47)].

given #4803 (F,wt=8): 31777 cen(f1(f4(g10))) != f1(f4(g10)).  [resolve(31764,a,15,a)].

given #4804 (F,wt=9): 12527 f3(cen(f3(g0))) != f2(cen(f3(g0))).  [resolve(5090,a,26,a)].

given #4805 (F,wt=9): 12528 f4(cen(f3(g0))) != f1(cen(f3(g0))).  [resolve(5090,a,25,a)].

given #4806 (F,wt=9): 12529 f3(cen(f3(g0))) != f1(cen(f3(g0))).  [resolve(5090,a,24,a)].

given #4807 (T,wt=4): 31788 car(f4(f3(g10))).  [resolve(8687,a,17,a)].

given #4808 (T,wt=5): 31802 car(cen(f4(f3(g10)))).  [resolve(31788,a,14,a)].

given #4809 (T,wt=6): 8688 mem(f3(g10),f3(f3(g10))).  [resolve(8667,a,21,a)].

given #4810 (T,wt=4): 31812 car(f3(f3(g10))).  [resolve(8688,a,17,a)].

given #4811 (A,wt=46): 1527 -car(x) | -car(y) | cen(g10) != cen(pa) | cen(g10) != cen(x) | cen(g10) != cen(y) | g10 = pa | g10 = x | g10 = y | g10 = pb | pa = x | pa = y | y = x | pb = x | pb = y.  [factor(1442,d,g),flip(k),flip(l),unit_del(a,37),unit_del(m,47)].

given #4812 (F,wt=8): 31801 cen(f4(f3(g10))) != f4(f3(g10)).  [resolve(31788,a,15,a)].

given #4813 (F,wt=8): 31825 cen(f3(f3(g10))) != f3(f3(g10)).  [resolve(31812,a,15,a)].

given #4814 (F,wt=9): 12530 f2(cen(f3(g0))) != f1(cen(f3(g0))).  [resolve(5090,a,23,a)].

given #4815 (F,wt=9): 12544 f4(cen(f2(g0))) != f3(cen(f2(g0))).  [resolve(5146,a,28,a)].

given #4816 (T,wt=5): 31826 car(cen(f3(f3(g10)))).  [resolve(31812,a,14,a)].

given #4817 (T,wt=6): 8689 mem(f3(g10),f2(f3(g10))).  [resolve(8667,a,20,a)].

given #4818 (T,wt=4): 31836 car(f2(f3(g10))).  [resolve(8689,a,17,a)].

given #4819 (T,wt=5): 31850 car(cen(f2(f3(g10)))).  [resolve(31836,a,14,a)].

given #4820 (A,wt=46): 1528 -car(x) | -car(y) | cen(g9) != cen(pa) | cen(g9) != cen(x) | cen(g9) != cen(y) | g9 = pa | g9 = x | g9 = y | g9 = pb | pa = x | pa = y | y = x | pb = x | pb = y.  [factor(1443,d,g),flip(k),flip(l),unit_del(a,37),unit_del(m,47)].

given #4821 (F,wt=8): 31849 cen(f2(f3(g10))) != f2(f3(g10)).  [resolve(31836,a,15,a)].

given #4822 (F,wt=9): 12545 f4(cen(f2(g0))) != f2(cen(f2(g0))).  [resolve(5146,a,27,a)].

given #4823 (F,wt=9): 12546 f3(cen(f2(g0))) != f2(cen(f2(g0))).  [resolve(5146,a,26,a)].

given #4824 (F,wt=9): 12547 f4(cen(f2(g0))) != f1(cen(f2(g0))).  [resolve(5146,a,25,a)].

given #4825 (T,wt=6): 8690 mem(f3(g10),f1(f3(g10))).  [resolve(8667,a,19,a)].

given #4826 (T,wt=4): 31860 car(f1(f3(g10))).  [resolve(8690,a,17,a)].

given #4827 (T,wt=5): 31874 car(cen(f1(f3(g10)))).  [resolve(31860,a,14,a)].

given #4828 (T,wt=6): 8712 blocked(f2(g10),cen(f2(g10))).  [resolve(8699,a,35,a)].

given #4829 (A,wt=46): 1529 -car(x) | -car(y) | cen(g8) != cen(pa) | cen(g8) != cen(x) | cen(g8) != cen(y) | g8 = pa | g8 = x | g8 = y | g8 = pb | pa = x | pa = y | y = x | pb = x | pb = y.  [factor(1444,d,g),flip(k),flip(l),unit_del(a,37),unit_del(m,47)].

given #4830 (F,wt=8): 31873 cen(f1(f3(g10))) != f1(f3(g10)).  [resolve(31860,a,15,a)].

given #4831 (F,wt=9): 12548 f3(cen(f2(g0))) != f1(cen(f2(g0))).  [resolve(5146,a,24,a)].

given #4832 (F,wt=9): 12549 f2(cen(f2(g0))) != f1(cen(f2(g0))).  [resolve(5146,a,23,a)].

given #4833 (F,wt=9): 12563 f4(cen(f1(g0))) != f3(cen(f1(g0))).  [resolve(5283,a,28,a)].

given #4834 (T,wt=6): 8719 mem(f2(g10),f4(f2(g10))).  [resolve(8699,a,22,a)].

given #4835 (T,wt=4): 31884 car(f4(f2(g10))).  [resolve(8719,a,17,a)].

given #4836 (T,wt=5): 31898 car(cen(f4(f2(g10)))).  [resolve(31884,a,14,a)].

given #4837 (T,wt=6): 8720 mem(f2(g10),f3(f2(g10))).  [resolve(8699,a,21,a)].

given #4838 (A,wt=46): 1530 -car(x) | -car(y) | cen(g7) != cen(pa) | cen(g7) != cen(x) | cen(g7) != cen(y) | g7 = pa | g7 = x | g7 = y | g7 = pb | pa = x | pa = y | y = x | pb = x | pb = y.  [factor(1445,d,g),flip(k),flip(l),unit_del(a,37),unit_del(m,47)].

given #4839 (F,wt=8): 31897 cen(f4(f2(g10))) != f4(f2(g10)).  [resolve(31884,a,15,a)].

given #4840 (F,wt=9): 12564 f4(cen(f1(g0))) != f2(cen(f1(g0))).  [resolve(5283,a,27,a)].

given #4841 (F,wt=9): 12565 f3(cen(f1(g0))) != f2(cen(f1(g0))).  [resolve(5283,a,26,a)].

given #4842 (F,wt=9): 12566 f4(cen(f1(g0))) != f1(cen(f1(g0))).  [resolve(5283,a,25,a)].

given #4843 (T,wt=4): 31908 car(f3(f2(g10))).  [resolve(8720,a,17,a)].

given #4844 (T,wt=5): 31922 car(cen(f3(f2(g10)))).  [resolve(31908,a,14,a)].

given #4845 (T,wt=6): 8721 mem(f2(g10),f2(f2(g10))).  [resolve(8699,a,20,a)].

given #4846 (T,wt=4): 31932 car(f2(f2(g10))).  [resolve(8721,a,17,a)].

given #4847 (A,wt=46): 1531 -car(x) | -car(y) | cen(g6) != cen(pa) | cen(g6) != cen(x) | cen(g6) != cen(y) | g6 = pa | g6 = x | g6 = y | g6 = pb | pa = x | pa = y | y = x | pb = x | pb = y.  [factor(1446,d,g),flip(k),flip(l),unit_del(a,37),unit_del(m,47)].

given #4848 (F,wt=8): 31921 cen(f3(f2(g10))) != f3(f2(g10)).  [resolve(31908,a,15,a)].

given #4849 (F,wt=8): 31945 cen(f2(f2(g10))) != f2(f2(g10)).  [resolve(31932,a,15,a)].

given #4850 (F,wt=9): 12567 f3(cen(f1(g0))) != f1(cen(f1(g0))).  [resolve(5283,a,24,a)].

given #4851 (F,wt=9): 12568 f2(cen(f1(g0))) != f1(cen(f1(g0))).  [resolve(5283,a,23,a)].

given #4852 (T,wt=5): 31946 car(cen(f2(f2(g10)))).  [resolve(31932,a,14,a)].

given #4853 (T,wt=6): 8722 mem(f2(g10),f1(f2(g10))).  [resolve(8699,a,19,a)].

given #4854 (T,wt=4): 31956 car(f1(f2(g10))).  [resolve(8722,a,17,a)].

given #4855 (T,wt=5): 31970 car(cen(f1(f2(g10)))).  [resolve(31956,a,14,a)].

given #4856 (A,wt=46): 1532 -car(x) | -car(y) | cen(g5) != cen(pa) | cen(g5) != cen(x) | cen(g5) != cen(y) | g5 = pa | g5 = x | g5 = y | g5 = pb | pa = x | pa = y | y = x | pb = x | pb = y.  [factor(1447,d,g),flip(k),flip(l),unit_del(a,37),unit_del(m,47)].

given #4857 (F,wt=8): 31969 cen(f1(f2(g10))) != f1(f2(g10)).  [resolve(31956,a,15,a)].

given #4858 (F,wt=9): 12715 f4(cen(f4(g1))) != f3(cen(f4(g1))).  [resolve(5340,a,28,a)].

given #4859 (F,wt=9): 12716 f4(cen(f4(g1))) != f2(cen(f4(g1))).  [resolve(5340,a,27,a)].

given #4860 (F,wt=9): 12717 f3(cen(f4(g1))) != f2(cen(f4(g1))).  [resolve(5340,a,26,a)].

given #4861 (T,wt=6): 8758 blocked(f1(g10),cen(f1(g10))).  [resolve(8745,a,35,a)].

given #4862 (T,wt=6): 8765 mem(f1(g10),f4(f1(g10))).  [resolve(8745,a,22,a)].

given #4863 (T,wt=4): 31980 car(f4(f1(g10))).  [resolve(8765,a,17,a)].

given #4864 (T,wt=5): 31994 car(cen(f4(f1(g10)))).  [resolve(31980,a,14,a)].

given #4865 (A,wt=46): 1533 -car(x) | -car(y) | cen(g4) != cen(pa) | cen(g4) != cen(x) | cen(g4) != cen(y) | g4 = pa | g4 = x | g4 = y | g4 = pb | pa = x | pa = y | y = x | pb = x | pb = y.  [factor(1448,d,g),flip(k),flip(l),unit_del(a,37),unit_del(m,47)].

given #4866 (F,wt=8): 31993 cen(f4(f1(g10))) != f4(f1(g10)).  [resolve(31980,a,15,a)].

given #4867 (F,wt=9): 12718 f4(cen(f4(g1))) != f1(cen(f4(g1))).  [resolve(5340,a,25,a)].

given #4868 (F,wt=9): 12719 f3(cen(f4(g1))) != f1(cen(f4(g1))).  [resolve(5340,a,24,a)].

given #4869 (F,wt=9): 12720 f2(cen(f4(g1))) != f1(cen(f4(g1))).  [resolve(5340,a,23,a)].

given #4870 (T,wt=6): 8766 mem(f1(g10),f3(f1(g10))).  [resolve(8745,a,21,a)].

given #4871 (T,wt=4): 32004 car(f3(f1(g10))).  [resolve(8766,a,17,a)].

given #4872 (T,wt=5): 32018 car(cen(f3(f1(g10)))).  [resolve(32004,a,14,a)].

given #4873 (T,wt=6): 8767 mem(f1(g10),f2(f1(g10))).  [resolve(8745,a,20,a)].

given #4874 (A,wt=46): 1534 -car(x) | -car(y) | cen(g3) != cen(pa) | cen(g3) != cen(x) | cen(g3) != cen(y) | g3 = pa | g3 = x | g3 = y | g3 = pb | pa = x | pa = y | y = x | pb = x | pb = y.  [factor(1449,d,g),flip(k),flip(l),unit_del(a,37),unit_del(m,47)].

given #4875 (F,wt=8): 32017 cen(f3(f1(g10))) != f3(f1(g10)).  [resolve(32004,a,15,a)].

given #4876 (F,wt=9): 12734 f4(cen(f3(g1))) != f3(cen(f3(g1))).  [resolve(5460,a,28,a)].

given #4877 (F,wt=9): 12735 f4(cen(f3(g1))) != f2(cen(f3(g1))).  [resolve(5460,a,27,a)].

given #4878 (F,wt=9): 12736 f3(cen(f3(g1))) != f2(cen(f3(g1))).  [resolve(5460,a,26,a)].

given #4879 (T,wt=4): 32028 car(f2(f1(g10))).  [resolve(8767,a,17,a)].

given #4880 (T,wt=5): 32042 car(cen(f2(f1(g10)))).  [resolve(32028,a,14,a)].

given #4881 (T,wt=6): 8768 mem(f1(g10),f1(f1(g10))).  [resolve(8745,a,19,a)].

given #4882 (T,wt=4): 32052 car(f1(f1(g10))).  [resolve(8768,a,17,a)].

given #4883 (A,wt=46): 1535 -car(x) | -car(y) | cen(g2) != cen(pa) | cen(g2) != cen(x) | cen(g2) != cen(y) | g2 = pa | g2 = x | g2 = y | g2 = pb | pa = x | pa = y | y = x | pb = x | pb = y.  [factor(1450,d,g),flip(k),flip(l),unit_del(a,37),unit_del(m,47)].

given #4884 (F,wt=8): 32041 cen(f2(f1(g10))) != f2(f1(g10)).  [resolve(32028,a,15,a)].

given #4885 (F,wt=8): 32065 cen(f1(f1(g10))) != f1(f1(g10)).  [resolve(32052,a,15,a)].

given #4886 (F,wt=9): 12737 f4(cen(f3(g1))) != f1(cen(f3(g1))).  [resolve(5460,a,25,a)].

given #4887 (F,wt=9): 12738 f3(cen(f3(g1))) != f1(cen(f3(g1))).  [resolve(5460,a,24,a)].

given #4888 (T,wt=5): 32066 car(cen(f1(f1(g10)))).  [resolve(32052,a,14,a)].

given #4889 (T,wt=6): 8817 blocked(f4(g11),cen(f4(g11))).  [resolve(8777,a,35,a)].

given #4890 (T,wt=6): 8824 mem(f4(g11),f4(f4(g11))).  [resolve(8777,a,22,a)].

given #4891 (T,wt=4): 32076 car(f4(f4(g11))).  [resolve(8824,a,17,a)].

given #4892 (A,wt=46): 1536 -car(x) | -car(y) | cen(g1) != cen(pa) | cen(g1) != cen(x) | cen(g1) != cen(y) | g1 = pa | g1 = x | g1 = y | g1 = pb | pa = x | pa = y | y = x | pb = x | pb = y.  [factor(1451,d,g),flip(k),flip(l),unit_del(a,37),unit_del(m,47)].

given #4893 (F,wt=8): 32089 cen(f4(f4(g11))) != f4(f4(g11)).  [resolve(32076,a,15,a)].

given #4894 (F,wt=9): 12739 f2(cen(f3(g1))) != f1(cen(f3(g1))).  [resolve(5460,a,23,a)].

given #4895 (F,wt=9): 12753 f4(cen(f2(g1))) != f3(cen(f2(g1))).  [resolve(5518,a,28,a)].

given #4896 (F,wt=9): 12754 f4(cen(f2(g1))) != f2(cen(f2(g1))).  [resolve(5518,a,27,a)].

given #4897 (T,wt=5): 32090 car(cen(f4(f4(g11)))).  [resolve(32076,a,14,a)].

given #4898 (T,wt=6): 8825 mem(f4(g11),f3(f4(g11))).  [resolve(8777,a,21,a)].

given #4899 (T,wt=4): 32100 car(f3(f4(g11))).  [resolve(8825,a,17,a)].

given #4900 (T,wt=5): 32114 car(cen(f3(f4(g11)))).  [resolve(32100,a,14,a)].

given #4901 (A,wt=46): 1537 -car(x) | -car(y) | cen(g0) != cen(pa) | cen(g0) != cen(x) | cen(g0) != cen(y) | g0 = pa | g0 = x | g0 = y | g0 = pb | pa = x | pa = y | y = x | pb = x | pb = y.  [factor(1452,d,g),flip(k),flip(l),unit_del(a,37),unit_del(m,47)].

given #4902 (F,wt=8): 32113 cen(f3(f4(g11))) != f3(f4(g11)).  [resolve(32100,a,15,a)].

given #4903 (F,wt=9): 12755 f3(cen(f2(g1))) != f2(cen(f2(g1))).  [resolve(5518,a,26,a)].

given #4904 (F,wt=9): 12756 f4(cen(f2(g1))) != f1(cen(f2(g1))).  [resolve(5518,a,25,a)].

given #4905 (F,wt=9): 12757 f3(cen(f2(g1))) != f1(cen(f2(g1))).  [resolve(5518,a,24,a)].

given #4906 (T,wt=6): 8826 mem(f4(g11),f2(f4(g11))).  [resolve(8777,a,20,a)].

given #4907 (T,wt=4): 32124 car(f2(f4(g11))).  [resolve(8826,a,17,a)].

given #4908 (T,wt=5): 32138 car(cen(f2(f4(g11)))).  [resolve(32124,a,14,a)].

given #4909 (T,wt=6): 8827 mem(f4(g11),f1(f4(g11))).  [resolve(8777,a,19,a)].

given #4910 (A,wt=40): 1538 -car(x) | -car(y) | cen(oa) != cen(pa) | cen(oa) != cen(x) | cen(oa) != cen(y) | oa = x | oa = y | pa = x | pa = y | y = x | pb = x | pb = y.  [factor(1453,d,g),flip(j),flip(k),unit_del(a,37),unit_del(g,95),unit_del(l,47)].

given #4911 (F,wt=8): 32137 cen(f2(f4(g11))) != f2(f4(g11)).  [resolve(32124,a,15,a)].

given #4912 (F,wt=9): 12758 f2(cen(f2(g1))) != f1(cen(f2(g1))).  [resolve(5518,a,23,a)].

given #4913 (F,wt=9): 12772 f4(cen(f1(g1))) != f3(cen(f1(g1))).  [resolve(5665,a,28,a)].

given #4914 (F,wt=9): 12773 f4(cen(f1(g1))) != f2(cen(f1(g1))).  [resolve(5665,a,27,a)].

given #4915 (T,wt=4): 32148 car(f1(f4(g11))).  [resolve(8827,a,17,a)].

given #4916 (T,wt=5): 32162 car(cen(f1(f4(g11)))).  [resolve(32148,a,14,a)].

given #4917 (T,wt=6): 8849 blocked(f3(g11),cen(f3(g11))).  [resolve(8836,a,35,a)].

given #4918 (T,wt=6): 8856 mem(f3(g11),f4(f3(g11))).  [resolve(8836,a,22,a)].

given #4919 (A,wt=46): 1539 -car(x) | -car(y) | cen(c4) != cen(x) | cen(pa) != cen(x) | cen(y) != cen(x) | c4 = x | pa = x | y = x | pb = x | c4 = pa | c4 = y | c4 = pb | pa = y | pb = y.  [factor(1454,e,g),flip(n),unit_del(b,37),unit_del(o,47)].

given #4920 (F,wt=8): 32161 cen(f1(f4(g11))) != f1(f4(g11)).  [resolve(32148,a,15,a)].

given #4921 (F,wt=9): 12774 f3(cen(f1(g1))) != f2(cen(f1(g1))).  [resolve(5665,a,26,a)].

given #4922 (F,wt=9): 12775 f4(cen(f1(g1))) != f1(cen(f1(g1))).  [resolve(5665,a,25,a)].

given #4923 (F,wt=9): 12776 f3(cen(f1(g1))) != f1(cen(f1(g1))).  [resolve(5665,a,24,a)].

given #4924 (T,wt=4): 32172 car(f4(f3(g11))).  [resolve(8856,a,17,a)].

given #4925 (T,wt=5): 32186 car(cen(f4(f3(g11)))).  [resolve(32172,a,14,a)].

given #4926 (T,wt=6): 8857 mem(f3(g11),f3(f3(g11))).  [resolve(8836,a,21,a)].

given #4927 (T,wt=4): 32196 car(f3(f3(g11))).  [resolve(8857,a,17,a)].

given #4928 (A,wt=46): 1540 -car(x) | -car(y) | cen(c3) != cen(x) | cen(pa) != cen(x) | cen(y) != cen(x) | c3 = x | pa = x | y = x | pb = x | c3 = pa | c3 = y | c3 = pb | pa = y | pb = y.  [factor(1455,e,g),flip(n),unit_del(b,37),unit_del(o,47)].

given #4929 (F,wt=8): 32185 cen(f4(f3(g11))) != f4(f3(g11)).  [resolve(32172,a,15,a)].

given #4930 (F,wt=8): 32209 cen(f3(f3(g11))) != f3(f3(g11)).  [resolve(32196,a,15,a)].

given #4931 (F,wt=9): 12777 f2(cen(f1(g1))) != f1(cen(f1(g1))).  [resolve(5665,a,23,a)].

given #4932 (F,wt=9): 13059 f4(cen(f4(g2))) != f3(cen(f4(g2))).  [resolve(5724,a,28,a)].

given #4933 (T,wt=5): 32210 car(cen(f3(f3(g11)))).  [resolve(32196,a,14,a)].

given #4934 (T,wt=6): 8858 mem(f3(g11),f2(f3(g11))).  [resolve(8836,a,20,a)].

given #4935 (T,wt=4): 32220 car(f2(f3(g11))).  [resolve(8858,a,17,a)].

given #4936 (T,wt=5): 32234 car(cen(f2(f3(g11)))).  [resolve(32220,a,14,a)].

given #4937 (A,wt=46): 1541 -car(x) | -car(y) | cen(c2) != cen(x) | cen(pa) != cen(x) | cen(y) != cen(x) | c2 = x | pa = x | y = x | pb = x | c2 = pa | c2 = y | c2 = pb | pa = y | pb = y.  [factor(1456,e,g),flip(n),unit_del(b,37),unit_del(o,47)].

given #4938 (F,wt=8): 32233 cen(f2(f3(g11))) != f2(f3(g11)).  [resolve(32220,a,15,a)].

given #4939 (F,wt=9): 13060 f4(cen(f4(g2))) != f2(cen(f4(g2))).  [resolve(5724,a,27,a)].

given #4940 (F,wt=9): 13061 f3(cen(f4(g2))) != f2(cen(f4(g2))).  [resolve(5724,a,26,a)].

given #4941 (F,wt=9): 13062 f4(cen(f4(g2))) != f1(cen(f4(g2))).  [resolve(5724,a,25,a)].

given #4942 (T,wt=6): 8859 mem(f3(g11),f1(f3(g11))).  [resolve(8836,a,19,a)].

given #4943 (T,wt=4): 32244 car(f1(f3(g11))).  [resolve(8859,a,17,a)].

given #4944 (T,wt=5): 32258 car(cen(f1(f3(g11)))).  [resolve(32244,a,14,a)].

given #4945 (T,wt=6): 8894 blocked(f2(g11),cen(f2(g11))).  [resolve(8868,a,35,a)].

given #4946 (A,wt=51): 1542 -car(x) | -car(y) | cen(cen(c1)) != cen(x) | cen(pa) != cen(x) | cen(y) != cen(x) | cen(c1) = x | pa = x | y = x | pb = x | cen(c1) = pa | cen(c1) = y | cen(c1) = pb | pa = y | pb = y.  [factor(1457,e,g),flip(n),unit_del(b,37),unit_del(o,47)].

given #4947 (F,wt=8): 32257 cen(f1(f3(g11))) != f1(f3(g11)).  [resolve(32244,a,15,a)].

given #4948 (F,wt=9): 13063 f3(cen(f4(g2))) != f1(cen(f4(g2))).  [resolve(5724,a,24,a)].

given #4949 (F,wt=9): 13064 f2(cen(f4(g2))) != f1(cen(f4(g2))).  [resolve(5724,a,23,a)].

given #4950 (F,wt=9): 13083 f4(cen(f3(g2))) != f3(cen(f3(g2))).  [resolve(5783,a,28,a)].

given #4951 (T,wt=6): 8901 mem(f2(g11),f4(f2(g11))).  [resolve(8868,a,22,a)].

given #4952 (T,wt=4): 32268 car(f4(f2(g11))).  [resolve(8901,a,17,a)].

given #4953 (T,wt=5): 32282 car(cen(f4(f2(g11)))).  [resolve(32268,a,14,a)].

given #4954 (T,wt=6): 8902 mem(f2(g11),f3(f2(g11))).  [resolve(8868,a,21,a)].

given #4955 (A,wt=51): 1543 -car(x) | -car(y) | cen(cen(g14)) != cen(x) | cen(pa) != cen(x) | cen(y) != cen(x) | cen(g14) = x | pa = x | y = x | pb = x | cen(g14) = pa | cen(g14) = y | cen(g14) = pb | pa = y | pb = y.  [factor(1458,e,g),flip(n),unit_del(b,37),unit_del(o,47)].

given #4956 (F,wt=8): 32281 cen(f4(f2(g11))) != f4(f2(g11)).  [resolve(32268,a,15,a)].

given #4957 (F,wt=9): 13084 f4(cen(f3(g2))) != f2(cen(f3(g2))).  [resolve(5783,a,27,a)].

given #4958 (F,wt=9): 13085 f3(cen(f3(g2))) != f2(cen(f3(g2))).  [resolve(5783,a,26,a)].

given #4959 (F,wt=9): 13086 f4(cen(f3(g2))) != f1(cen(f3(g2))).  [resolve(5783,a,25,a)].

given #4960 (T,wt=4): 32292 car(f3(f2(g11))).  [resolve(8902,a,17,a)].

given #4961 (T,wt=5): 32306 car(cen(f3(f2(g11)))).  [resolve(32292,a,14,a)].

given #4962 (T,wt=6): 8903 mem(f2(g11),f2(f2(g11))).  [resolve(8868,a,20,a)].

given #4963 (T,wt=4): 32316 car(f2(f2(g11))).  [resolve(8903,a,17,a)].

given #4964 (A,wt=51): 1544 -car(x) | -car(y) | cen(cen(g13)) != cen(x) | cen(pa) != cen(x) | cen(y) != cen(x) | cen(g13) = x | pa = x | y = x | pb = x | cen(g13) = pa | cen(g13) = y | cen(g13) = pb | pa = y | pb = y.  [factor(1459,e,g),flip(n),unit_del(b,37),unit_del(o,47)].

given #4965 (F,wt=8): 32305 cen(f3(f2(g11))) != f3(f2(g11)).  [resolve(32292,a,15,a)].

given #4966 (F,wt=8): 32329 cen(f2(f2(g11))) != f2(f2(g11)).  [resolve(32316,a,15,a)].

given #4967 (F,wt=9): 13087 f3(cen(f3(g2))) != f1(cen(f3(g2))).  [resolve(5783,a,24,a)].

given #4968 (F,wt=9): 13088 f2(cen(f3(g2))) != f1(cen(f3(g2))).  [resolve(5783,a,23,a)].

given #4969 (T,wt=5): 32330 car(cen(f2(f2(g11)))).  [resolve(32316,a,14,a)].

given #4970 (T,wt=6): 8904 mem(f2(g11),f1(f2(g11))).  [resolve(8868,a,19,a)].

given #4971 (T,wt=4): 32340 car(f1(f2(g11))).  [resolve(8904,a,17,a)].

given #4972 (T,wt=5): 32354 car(cen(f1(f2(g11)))).  [resolve(32340,a,14,a)].

given #4973 (A,wt=51): 1545 -car(x) | -car(y) | cen(cen(g12)) != cen(x) | cen(pa) != cen(x) | cen(y) != cen(x) | cen(g12) = x | pa = x | y = x | pb = x | cen(g12) = pa | cen(g12) = y | cen(g12) = pb | pa = y | pb = y.  [factor(1460,e,g),flip(n),unit_del(b,37),unit_del(o,47)].

given #4974 (F,wt=8): 32353 cen(f1(f2(g11))) != f1(f2(g11)).  [resolve(32340,a,15,a)].

given #4975 (F,wt=9): 13103 f4(cen(f2(g2))) != f3(cen(f2(g2))).  [resolve(5844,a,28,a)].

given #4976 (F,wt=9): 13104 f4(cen(f2(g2))) != f2(cen(f2(g2))).  [resolve(5844,a,27,a)].

given #4977 (F,wt=9): 13105 f3(cen(f2(g2))) != f2(cen(f2(g2))).  [resolve(5844,a,26,a)].

given #4978 (T,wt=6): 8926 blocked(f1(g11),cen(f1(g11))).  [resolve(8913,a,35,a)].

given #4979 (T,wt=6): 8933 mem(f1(g11),f4(f1(g11))).  [resolve(8913,a,22,a)].

given #4980 (T,wt=4): 32364 car(f4(f1(g11))).  [resolve(8933,a,17,a)].

given #4981 (T,wt=5): 32378 car(cen(f4(f1(g11)))).  [resolve(32364,a,14,a)].

given #4982 (A,wt=51): 1546 -car(x) | -car(y) | cen(cen(g11)) != cen(x) | cen(pa) != cen(x) | cen(y) != cen(x) | cen(g11) = x | pa = x | y = x | pb = x | cen(g11) = pa | cen(g11) = y | cen(g11) = pb | pa = y | pb = y.  [factor(1461,e,g),flip(n),unit_del(b,37),unit_del(o,47)].

given #4983 (F,wt=8): 32377 cen(f4(f1(g11))) != f4(f1(g11)).  [resolve(32364,a,15,a)].

given #4984 (F,wt=9): 13106 f4(cen(f2(g2))) != f1(cen(f2(g2))).  [resolve(5844,a,25,a)].

given #4985 (F,wt=9): 13107 f3(cen(f2(g2))) != f1(cen(f2(g2))).  [resolve(5844,a,24,a)].

given #4986 (F,wt=9): 13108 f2(cen(f2(g2))) != f1(cen(f2(g2))).  [resolve(5844,a,23,a)].

given #4987 (T,wt=6): 8934 mem(f1(g11),f3(f1(g11))).  [resolve(8913,a,21,a)].

given #4988 (T,wt=4): 32388 car(f3(f1(g11))).  [resolve(8934,a,17,a)].

given #4989 (T,wt=5): 32402 car(cen(f3(f1(g11)))).  [resolve(32388,a,14,a)].

given #4990 (T,wt=6): 8935 mem(f1(g11),f2(f1(g11))).  [resolve(8913,a,20,a)].

given #4991 (A,wt=51): 1547 -car(x) | -car(y) | cen(cen(g10)) != cen(x) | cen(pa) != cen(x) | cen(y) != cen(x) | cen(g10) = x | pa = x | y = x | pb = x | cen(g10) = pa | cen(g10) = y | cen(g10) = pb | pa = y | pb = y.  [factor(1462,e,g),flip(n),unit_del(b,37),unit_del(o,47)].

given #4992 (F,wt=8): 32401 cen(f3(f1(g11))) != f3(f1(g11)).  [resolve(32388,a,15,a)].

given #4993 (F,wt=9): 13123 f4(cen(f1(g2))) != f3(cen(f1(g2))).  [resolve(5903,a,28,a)].

given #4994 (F,wt=9): 13124 f4(cen(f1(g2))) != f2(cen(f1(g2))).  [resolve(5903,a,27,a)].

given #4995 (F,wt=9): 13125 f3(cen(f1(g2))) != f2(cen(f1(g2))).  [resolve(5903,a,26,a)].

given #4996 (T,wt=4): 32412 car(f2(f1(g11))).  [resolve(8935,a,17,a)].

given #4997 (T,wt=5): 32426 car(cen(f2(f1(g11)))).  [resolve(32412,a,14,a)].

given #4998 (T,wt=6): 8936 mem(f1(g11),f1(f1(g11))).  [resolve(8913,a,19,a)].

given #4999 (T,wt=4): 32436 car(f1(f1(g11))).  [resolve(8936,a,17,a)].

given #5000 (A,wt=51): 1548 -car(x) | -car(y) | cen(cen(g9)) != cen(x) | cen(pa) != cen(x) | cen(y) != cen(x) | cen(g9) = x | pa = x | y = x | pb = x | cen(g9) = pa | cen(g9) = y | cen(g9) = pb | pa = y | pb = y.  [factor(1463,e,g),flip(n),unit_del(b,37),unit_del(o,47)].

given #5001 (F,wt=8): 32425 cen(f2(f1(g11))) != f2(f1(g11)).  [resolve(32412,a,15,a)].

given #5002 (F,wt=8): 32449 cen(f1(f1(g11))) != f1(f1(g11)).  [resolve(32436,a,15,a)].

given #5003 (F,wt=9): 13126 f4(cen(f1(g2))) != f1(cen(f1(g2))).  [resolve(5903,a,25,a)].

given #5004 (F,wt=9): 13127 f3(cen(f1(g2))) != f1(cen(f1(g2))).  [resolve(5903,a,24,a)].

given #5005 (T,wt=5): 32450 car(cen(f1(f1(g11)))).  [resolve(32436,a,14,a)].

given #5006 (T,wt=6): 8983 blocked(f4(g12),cen(f4(g12))).  [resolve(8970,a,35,a)].

given #5007 (T,wt=6): 8990 mem(f4(g12),f4(f4(g12))).  [resolve(8970,a,22,a)].

given #5008 (T,wt=4): 32460 car(f4(f4(g12))).  [resolve(8990,a,17,a)].

given #5009 (A,wt=51): 1549 -car(x) | -car(y) | cen(cen(g8)) != cen(x) | cen(pa) != cen(x) | cen(y) != cen(x) | cen(g8) = x | pa = x | y = x | pb = x | cen(g8) = pa | cen(g8) = y | cen(g8) = pb | pa = y | pb = y.  [factor(1464,e,g),flip(n),unit_del(b,37),unit_del(o,47)].

given #5010 (F,wt=8): 32473 cen(f4(f4(g12))) != f4(f4(g12)).  [resolve(32460,a,15,a)].

given #5011 (F,wt=9): 13128 f2(cen(f1(g2))) != f1(cen(f1(g2))).  [resolve(5903,a,23,a)].

given #5012 (F,wt=9): 13143 f4(cen(f4(g3))) != f3(cen(f4(g3))).  [resolve(6029,a,28,a)].

given #5013 (F,wt=9): 13144 f4(cen(f4(g3))) != f2(cen(f4(g3))).  [resolve(6029,a,27,a)].

given #5014 (T,wt=5): 32474 car(cen(f4(f4(g12)))).  [resolve(32460,a,14,a)].

given #5015 (T,wt=6): 8991 mem(f4(g12),f3(f4(g12))).  [resolve(8970,a,21,a)].

given #5016 (T,wt=4): 32484 car(f3(f4(g12))).  [resolve(8991,a,17,a)].

given #5017 (T,wt=5): 32498 car(cen(f3(f4(g12)))).  [resolve(32484,a,14,a)].

given #5018 (A,wt=51): 1550 -car(x) | -car(y) | cen(cen(g7)) != cen(x) | cen(pa) != cen(x) | cen(y) != cen(x) | cen(g7) = x | pa = x | y = x | pb = x | cen(g7) = pa | cen(g7) = y | cen(g7) = pb | pa = y | pb = y.  [factor(1465,e,g),flip(n),unit_del(b,37),unit_del(o,47)].

given #5019 (F,wt=8): 32497 cen(f3(f4(g12))) != f3(f4(g12)).  [resolve(32484,a,15,a)].

given #5020 (F,wt=9): 13145 f3(cen(f4(g3))) != f2(cen(f4(g3))).  [resolve(6029,a,26,a)].

given #5021 (F,wt=9): 13146 f4(cen(f4(g3))) != f1(cen(f4(g3))).  [resolve(6029,a,25,a)].

given #5022 (F,wt=9): 13147 f3(cen(f4(g3))) != f1(cen(f4(g3))).  [resolve(6029,a,24,a)].

given #5023 (T,wt=6): 8992 mem(f4(g12),f2(f4(g12))).  [resolve(8970,a,20,a)].

given #5024 (T,wt=4): 32508 car(f2(f4(g12))).  [resolve(8992,a,17,a)].

given #5025 (T,wt=5): 32522 car(cen(f2(f4(g12)))).  [resolve(32508,a,14,a)].

given #5026 (T,wt=6): 8993 mem(f4(g12),f1(f4(g12))).  [resolve(8970,a,19,a)].

given #5027 (A,wt=51): 1551 -car(x) | -car(y) | cen(cen(g6)) != cen(x) | cen(pa) != cen(x) | cen(y) != cen(x) | cen(g6) = x | pa = x | y = x | pb = x | cen(g6) = pa | cen(g6) = y | cen(g6) = pb | pa = y | pb = y.  [factor(1466,e,g),flip(n),unit_del(b,37),unit_del(o,47)].

given #5028 (F,wt=8): 32521 cen(f2(f4(g12))) != f2(f4(g12)).  [resolve(32508,a,15,a)].

given #5029 (F,wt=9): 13148 f2(cen(f4(g3))) != f1(cen(f4(g3))).  [resolve(6029,a,23,a)].

given #5030 (F,wt=9): 13165 f4(cen(f3(g3))) != f3(cen(f3(g3))).  [resolve(6181,a,28,a)].

given #5031 (F,wt=9): 13166 f4(cen(f3(g3))) != f2(cen(f3(g3))).  [resolve(6181,a,27,a)].

given #5032 (T,wt=4): 32532 car(f1(f4(g12))).  [resolve(8993,a,17,a)].

given #5033 (T,wt=5): 32546 car(cen(f1(f4(g12)))).  [resolve(32532,a,14,a)].

given #5034 (T,wt=6): 9015 blocked(f3(g12),cen(f3(g12))).  [resolve(9002,a,35,a)].

given #5035 (T,wt=6): 9022 mem(f3(g12),f4(f3(g12))).  [resolve(9002,a,22,a)].

given #5036 (A,wt=51): 1552 -car(x) | -car(y) | cen(cen(g5)) != cen(x) | cen(pa) != cen(x) | cen(y) != cen(x) | cen(g5) = x | pa = x | y = x | pb = x | cen(g5) = pa | cen(g5) = y | cen(g5) = pb | pa = y | pb = y.  [factor(1467,e,g),flip(n),unit_del(b,37),unit_del(o,47)].

given #5037 (F,wt=8): 32545 cen(f1(f4(g12))) != f1(f4(g12)).  [resolve(32532,a,15,a)].

given #5038 (F,wt=9): 13167 f3(cen(f3(g3))) != f2(cen(f3(g3))).  [resolve(6181,a,26,a)].

given #5039 (F,wt=9): 13168 f4(cen(f3(g3))) != f1(cen(f3(g3))).  [resolve(6181,a,25,a)].

given #5040 (F,wt=9): 13169 f3(cen(f3(g3))) != f1(cen(f3(g3))).  [resolve(6181,a,24,a)].

given #5041 (T,wt=4): 32556 car(f4(f3(g12))).  [resolve(9022,a,17,a)].

given #5042 (T,wt=5): 32570 car(cen(f4(f3(g12)))).  [resolve(32556,a,14,a)].

given #5043 (T,wt=6): 9023 mem(f3(g12),f3(f3(g12))).  [resolve(9002,a,21,a)].

given #5044 (T,wt=4): 32580 car(f3(f3(g12))).  [resolve(9023,a,17,a)].

given #5045 (A,wt=51): 1553 -car(x) | -car(y) | cen(cen(g4)) != cen(x) | cen(pa) != cen(x) | cen(y) != cen(x) | cen(g4) = x | pa = x | y = x | pb = x | cen(g4) = pa | cen(g4) = y | cen(g4) = pb | pa = y | pb = y.  [factor(1468,e,g),flip(n),unit_del(b,37),unit_del(o,47)].

given #5046 (F,wt=8): 32569 cen(f4(f3(g12))) != f4(f3(g12)).  [resolve(32556,a,15,a)].

given #5047 (F,wt=8): 32593 cen(f3(f3(g12))) != f3(f3(g12)).  [resolve(32580,a,15,a)].

given #5048 (F,wt=9): 13170 f2(cen(f3(g3))) != f1(cen(f3(g3))).  [resolve(6181,a,23,a)].

given #5049 (F,wt=9): 13185 f4(cen(f2(g3))) != f3(cen(f2(g3))).  [resolve(6245,a,28,a)].

given #5050 (T,wt=5): 32594 car(cen(f3(f3(g12)))).  [resolve(32580,a,14,a)].

given #5051 (T,wt=6): 9024 mem(f3(g12),f2(f3(g12))).  [resolve(9002,a,20,a)].

given #5052 (T,wt=4): 32604 car(f2(f3(g12))).  [resolve(9024,a,17,a)].

given #5053 (T,wt=5): 32618 car(cen(f2(f3(g12)))).  [resolve(32604,a,14,a)].

given #5054 (A,wt=51): 1554 -car(x) | -car(y) | cen(cen(g3)) != cen(x) | cen(pa) != cen(x) | cen(y) != cen(x) | cen(g3) = x | pa = x | y = x | pb = x | cen(g3) = pa | cen(g3) = y | cen(g3) = pb | pa = y | pb = y.  [factor(1469,e,g),flip(n),unit_del(b,37),unit_del(o,47)].

given #5055 (F,wt=8): 32617 cen(f2(f3(g12))) != f2(f3(g12)).  [resolve(32604,a,15,a)].

given #5056 (F,wt=9): 13186 f4(cen(f2(g3))) != f2(cen(f2(g3))).  [resolve(6245,a,27,a)].

given #5057 (F,wt=9): 13187 f3(cen(f2(g3))) != f2(cen(f2(g3))).  [resolve(6245,a,26,a)].

given #5058 (F,wt=9): 13188 f4(cen(f2(g3))) != f1(cen(f2(g3))).  [resolve(6245,a,25,a)].

given #5059 (T,wt=6): 9025 mem(f3(g12),f1(f3(g12))).  [resolve(9002,a,19,a)].

given #5060 (T,wt=4): 32628 car(f1(f3(g12))).  [resolve(9025,a,17,a)].

given #5061 (T,wt=5): 32642 car(cen(f1(f3(g12)))).  [resolve(32628,a,14,a)].

given #5062 (T,wt=6): 9059 blocked(f2(g12),cen(f2(g12))).  [resolve(9046,a,35,a)].

given #5063 (A,wt=51): 1555 -car(x) | -car(y) | cen(cen(g2)) != cen(x) | cen(pa) != cen(x) | cen(y) != cen(x) | cen(g2) = x | pa = x | y = x | pb = x | cen(g2) = pa | cen(g2) = y | cen(g2) = pb | pa = y | pb = y.  [factor(1470,e,g),flip(n),unit_del(b,37),unit_del(o,47)].

given #5064 (F,wt=8): 32641 cen(f1(f3(g12))) != f1(f3(g12)).  [resolve(32628,a,15,a)].

given #5065 (F,wt=9): 13189 f3(cen(f2(g3))) != f1(cen(f2(g3))).  [resolve(6245,a,24,a)].

given #5066 (F,wt=9): 13190 f2(cen(f2(g3))) != f1(cen(f2(g3))).  [resolve(6245,a,23,a)].

given #5067 (F,wt=9): 13205 f4(cen(f1(g3))) != f3(cen(f1(g3))).  [resolve(6306,a,28,a)].

given #5068 (T,wt=6): 9066 mem(f2(g12),f4(f2(g12))).  [resolve(9046,a,22,a)].

given #5069 (T,wt=4): 32652 car(f4(f2(g12))).  [resolve(9066,a,17,a)].

given #5070 (T,wt=5): 32666 car(cen(f4(f2(g12)))).  [resolve(32652,a,14,a)].

given #5071 (T,wt=6): 9067 mem(f2(g12),f3(f2(g12))).  [resolve(9046,a,21,a)].

given #5072 (A,wt=51): 1556 -car(x) | -car(y) | cen(cen(g1)) != cen(x) | cen(pa) != cen(x) | cen(y) != cen(x) | cen(g1) = x | pa = x | y = x | pb = x | cen(g1) = pa | cen(g1) = y | cen(g1) = pb | pa = y | pb = y.  [factor(1471,e,g),flip(n),unit_del(b,37),unit_del(o,47)].

given #5073 (F,wt=8): 32665 cen(f4(f2(g12))) != f4(f2(g12)).  [resolve(32652,a,15,a)].

given #5074 (F,wt=9): 13206 f4(cen(f1(g3))) != f2(cen(f1(g3))).  [resolve(6306,a,27,a)].

given #5075 (F,wt=9): 13207 f3(cen(f1(g3))) != f2(cen(f1(g3))).  [resolve(6306,a,26,a)].

given #5076 (F,wt=9): 13208 f4(cen(f1(g3))) != f1(cen(f1(g3))).  [resolve(6306,a,25,a)].

given #5077 (T,wt=4): 32676 car(f3(f2(g12))).  [resolve(9067,a,17,a)].

given #5078 (T,wt=5): 32690 car(cen(f3(f2(g12)))).  [resolve(32676,a,14,a)].

given #5079 (T,wt=6): 9068 mem(f2(g12),f2(f2(g12))).  [resolve(9046,a,20,a)].

given #5080 (T,wt=4): 32700 car(f2(f2(g12))).  [resolve(9068,a,17,a)].

given #5081 (A,wt=51): 1557 -car(x) | -car(y) | cen(cen(g0)) != cen(x) | cen(pa) != cen(x) | cen(y) != cen(x) | cen(g0) = x | pa = x | y = x | pb = x | cen(g0) = pa | cen(g0) = y | cen(g0) = pb | pa = y | pb = y.  [factor(1472,e,g),flip(n),unit_del(b,37),unit_del(o,47)].

given #5082 (F,wt=8): 32689 cen(f3(f2(g12))) != f3(f2(g12)).  [resolve(32676,a,15,a)].

given #5083 (F,wt=8): 32713 cen(f2(f2(g12))) != f2(f2(g12)).  [resolve(32700,a,15,a)].

given #5084 (F,wt=9): 13209 f3(cen(f1(g3))) != f1(cen(f1(g3))).  [resolve(6306,a,24,a)].

given #5085 (F,wt=9): 13210 f2(cen(f1(g3))) != f1(cen(f1(g3))).  [resolve(6306,a,23,a)].

given #5086 (T,wt=5): 32714 car(cen(f2(f2(g12)))).  [resolve(32700,a,14,a)].

given #5087 (T,wt=6): 9069 mem(f2(g12),f1(f2(g12))).  [resolve(9046,a,19,a)].

given #5088 (T,wt=4): 32724 car(f1(f2(g12))).  [resolve(9069,a,17,a)].

given #5089 (T,wt=5): 32738 car(cen(f1(f2(g12)))).  [resolve(32724,a,14,a)].

given #5090 (A,wt=51): 1558 -car(x) | -car(y) | cen(cen(oa)) != cen(x) | cen(pa) != cen(x) | cen(y) != cen(x) | cen(oa) = x | pa = x | y = x | pb = x | cen(oa) = pa | cen(oa) = y | cen(oa) = pb | pa = y | pb = y.  [factor(1473,e,g),flip(n),unit_del(b,37),unit_del(o,47)].

given #5091 (F,wt=8): 32737 cen(f1(f2(g12))) != f1(f2(g12)).  [resolve(32724,a,15,a)].

given #5092 (F,wt=9): 13225 f4(cen(f4(g4))) != f3(cen(f4(g4))).  [resolve(6369,a,28,a)].

given #5093 (F,wt=9): 13226 f4(cen(f4(g4))) != f2(cen(f4(g4))).  [resolve(6369,a,27,a)].

given #5094 (F,wt=9): 13227 f3(cen(f4(g4))) != f2(cen(f4(g4))).  [resolve(6369,a,26,a)].

given #5095 (T,wt=6): 9091 blocked(f1(g12),cen(f1(g12))).  [resolve(9078,a,35,a)].

given #5096 (T,wt=6): 9098 mem(f1(g12),f4(f1(g12))).  [resolve(9078,a,22,a)].

given #5097 (T,wt=4): 32748 car(f4(f1(g12))).  [resolve(9098,a,17,a)].

given #5098 (T,wt=5): 32762 car(cen(f4(f1(g12)))).  [resolve(32748,a,14,a)].

given #5099 (A,wt=51): 1559 -car(x) | -car(y) | cen(cen(ca)) != cen(x) | cen(pa) != cen(x) | cen(y) != cen(x) | cen(ca) = x | pa = x | y = x | pb = x | cen(ca) = pa | cen(ca) = y | cen(ca) = pb | pa = y | pb = y.  [factor(1474,e,g),flip(n),unit_del(b,37),unit_del(o,47)].

given #5100 (F,wt=8): 32761 cen(f4(f1(g12))) != f4(f1(g12)).  [resolve(32748,a,15,a)].

given #5101 (F,wt=9): 13228 f4(cen(f4(g4))) != f1(cen(f4(g4))).  [resolve(6369,a,25,a)].

given #5102 (F,wt=9): 13229 f3(cen(f4(g4))) != f1(cen(f4(g4))).  [resolve(6369,a,24,a)].

given #5103 (F,wt=9): 13230 f2(cen(f4(g4))) != f1(cen(f4(g4))).  [resolve(6369,a,23,a)].

given #5104 (T,wt=6): 9099 mem(f1(g12),f3(f1(g12))).  [resolve(9078,a,21,a)].

given #5105 (T,wt=4): 32772 car(f3(f1(g12))).  [resolve(9099,a,17,a)].

given #5106 (T,wt=5): 32786 car(cen(f3(f1(g12)))).  [resolve(32772,a,14,a)].

given #5107 (T,wt=6): 9100 mem(f1(g12),f2(f1(g12))).  [resolve(9078,a,20,a)].

given #5108 (A,wt=51): 1560 -car(x) | -car(y) | cen(cen(ra)) != cen(x) | cen(pa) != cen(x) | cen(y) != cen(x) | cen(ra) = x | pa = x | y = x | pb = x | cen(ra) = pa | cen(ra) = y | cen(ra) = pb | pa = y | pb = y.  [factor(1475,e,g),flip(n),unit_del(b,37),unit_del(o,47)].

given #5109 (F,wt=8): 32785 cen(f3(f1(g12))) != f3(f1(g12)).  [resolve(32772,a,15,a)].

given #5110 (F,wt=9): 13405 f4(cen(f3(g4))) != f3(cen(f3(g4))).  [resolve(6430,a,28,a)].

given #5111 (F,wt=9): 13406 f4(cen(f3(g4))) != f2(cen(f3(g4))).  [resolve(6430,a,27,a)].

given #5112 (F,wt=9): 13407 f3(cen(f3(g4))) != f2(cen(f3(g4))).  [resolve(6430,a,26,a)].

given #5113 (T,wt=4): 32796 car(f2(f1(g12))).  [resolve(9100,a,17,a)].

given #5114 (T,wt=5): 32810 car(cen(f2(f1(g12)))).  [resolve(32796,a,14,a)].

given #5115 (T,wt=6): 9101 mem(f1(g12),f1(f1(g12))).  [resolve(9078,a,19,a)].

given #5116 (T,wt=4): 32820 car(f1(f1(g12))).  [resolve(9101,a,17,a)].

given #5117 (A,wt=43): 1561 -car(x) | -car(y) | cen(cen(pa)) != cen(x) | cen(pa) != cen(x) | cen(y) != cen(x) | cen(pa) = x | pa = x | y = x | pb = x | cen(pa) = y | pa = y | pb = y.  [factor(1476,e,g),flip(m),unit_del(b,37),unit_del(k,369),unit_del(n,47)].

given #5118 (F,wt=8): 32809 cen(f2(f1(g12))) != f2(f1(g12)).  [resolve(32796,a,15,a)].

given #5119 (F,wt=8): 32833 cen(f1(f1(g12))) != f1(f1(g12)).  [resolve(32820,a,15,a)].

given #5120 (F,wt=9): 13408 f4(cen(f3(g4))) != f1(cen(f3(g4))).  [resolve(6430,a,25,a)].

given #5121 (F,wt=9): 13409 f3(cen(f3(g4))) != f1(cen(f3(g4))).  [resolve(6430,a,24,a)].

given #5122 (T,wt=5): 32834 car(cen(f1(f1(g12)))).  [resolve(32820,a,14,a)].

given #5123 (T,wt=6): 9146 blocked(f4(g13),cen(f4(g13))).  [resolve(9133,a,35,a)].

given #5124 (T,wt=6): 9153 mem(f4(g13),f4(f4(g13))).  [resolve(9133,a,22,a)].

given #5125 (T,wt=4): 32844 car(f4(f4(g13))).  [resolve(9153,a,17,a)].

given #5126 (A,wt=46): 1562 -car(x) | -car(y) | cen(c1) != cen(x) | cen(pa) != cen(x) | cen(y) != cen(x) | c1 = x | pa = x | y = x | pb = x | c1 = pa | c1 = y | c1 = pb | pa = y | pb = y.  [factor(1477,e,g),flip(n),unit_del(b,37),unit_del(o,47)].

given #5127 (F,wt=8): 32857 cen(f4(f4(g13))) != f4(f4(g13)).  [resolve(32844,a,15,a)].

given #5128 (F,wt=9): 13410 f2(cen(f3(g4))) != f1(cen(f3(g4))).  [resolve(6430,a,23,a)].

given #5129 (F,wt=9): 13425 f4(cen(f2(g4))) != f3(cen(f2(g4))).  [resolve(6493,a,28,a)].

given #5130 (F,wt=9): 13426 f4(cen(f2(g4))) != f2(cen(f2(g4))).  [resolve(6493,a,27,a)].

given #5131 (T,wt=5): 32858 car(cen(f4(f4(g13)))).  [resolve(32844,a,14,a)].

given #5132 (T,wt=6): 9154 mem(f4(g13),f3(f4(g13))).  [resolve(9133,a,21,a)].

given #5133 (T,wt=4): 32868 car(f3(f4(g13))).  [resolve(9154,a,17,a)].

given #5134 (T,wt=5): 32882 car(cen(f3(f4(g13)))).  [resolve(32868,a,14,a)].

given #5135 (A,wt=46): 1563 -car(x) | -car(y) | cen(g14) != cen(x) | cen(pa) != cen(x) | cen(y) != cen(x) | g14 = x | pa = x | y = x | pb = x | g14 = pa | g14 = y | g14 = pb | pa = y | pb = y.  [factor(1478,e,g),flip(n),unit_del(b,37),unit_del(o,47)].

given #5136 (F,wt=8): 32881 cen(f3(f4(g13))) != f3(f4(g13)).  [resolve(32868,a,15,a)].

given #5137 (F,wt=9): 13427 f3(cen(f2(g4))) != f2(cen(f2(g4))).  [resolve(6493,a,26,a)].

given #5138 (F,wt=9): 13428 f4(cen(f2(g4))) != f1(cen(f2(g4))).  [resolve(6493,a,25,a)].

given #5139 (F,wt=9): 13429 f3(cen(f2(g4))) != f1(cen(f2(g4))).  [resolve(6493,a,24,a)].

given #5140 (T,wt=6): 9155 mem(f4(g13),f2(f4(g13))).  [resolve(9133,a,20,a)].

given #5141 (T,wt=4): 32892 car(f2(f4(g13))).  [resolve(9155,a,17,a)].

given #5142 (T,wt=5): 32906 car(cen(f2(f4(g13)))).  [resolve(32892,a,14,a)].

given #5143 (T,wt=6): 9156 mem(f4(g13),f1(f4(g13))).  [resolve(9133,a,19,a)].

given #5144 (A,wt=46): 1564 -car(x) | -car(y) | cen(g13) != cen(x) | cen(pa) != cen(x) | cen(y) != cen(x) | g13 = x | pa = x | y = x | pb = x | g13 = pa | g13 = y | g13 = pb | pa = y | pb = y.  [factor(1479,e,g),flip(n),unit_del(b,37),unit_del(o,47)].

given #5145 (F,wt=8): 32905 cen(f2(f4(g13))) != f2(f4(g13)).  [resolve(32892,a,15,a)].

given #5146 (F,wt=9): 13430 f2(cen(f2(g4))) != f1(cen(f2(g4))).  [resolve(6493,a,23,a)].

given #5147 (F,wt=9): 13445 f4(cen(f1(g4))) != f3(cen(f1(g4))).  [resolve(6563,a,28,a)].

given #5148 (F,wt=9): 13446 f4(cen(f1(g4))) != f2(cen(f1(g4))).  [resolve(6563,a,27,a)].

given #5149 (T,wt=4): 32916 car(f1(f4(g13))).  [resolve(9156,a,17,a)].

given #5150 (T,wt=5): 32930 car(cen(f1(f4(g13)))).  [resolve(32916,a,14,a)].

given #5151 (T,wt=6): 9189 blocked(f3(g13),cen(f3(g13))).  [resolve(9165,a,35,a)].

given #5152 (T,wt=6): 9196 mem(f3(g13),f4(f3(g13))).  [resolve(9165,a,22,a)].

given #5153 (A,wt=46): 1565 -car(x) | -car(y) | cen(g12) != cen(x) | cen(pa) != cen(x) | cen(y) != cen(x) | g12 = x | pa = x | y = x | pb = x | g12 = pa | g12 = y | g12 = pb | pa = y | pb = y.  [factor(1480,e,g),flip(n),unit_del(b,37),unit_del(o,47)].

given #5154 (F,wt=8): 32929 cen(f1(f4(g13))) != f1(f4(g13)).  [resolve(32916,a,15,a)].

given #5155 (F,wt=9): 13447 f3(cen(f1(g4))) != f2(cen(f1(g4))).  [resolve(6563,a,26,a)].

given #5156 (F,wt=9): 13448 f4(cen(f1(g4))) != f1(cen(f1(g4))).  [resolve(6563,a,25,a)].

given #5157 (F,wt=9): 13449 f3(cen(f1(g4))) != f1(cen(f1(g4))).  [resolve(6563,a,24,a)].

given #5158 (T,wt=4): 32940 car(f4(f3(g13))).  [resolve(9196,a,17,a)].

given #5159 (T,wt=5): 32954 car(cen(f4(f3(g13)))).  [resolve(32940,a,14,a)].

given #5160 (T,wt=6): 9197 mem(f3(g13),f3(f3(g13))).  [resolve(9165,a,21,a)].

given #5161 (T,wt=4): 32964 car(f3(f3(g13))).  [resolve(9197,a,17,a)].

given #5162 (A,wt=46): 1566 -car(x) | -car(y) | cen(g11) != cen(x) | cen(pa) != cen(x) | cen(y) != cen(x) | g11 = x | pa = x | y = x | pb = x | g11 = pa | g11 = y | g11 = pb | pa = y | pb = y.  [factor(1481,e,g),flip(n),unit_del(b,37),unit_del(o,47)].

given #5163 (F,wt=8): 32953 cen(f4(f3(g13))) != f4(f3(g13)).  [resolve(32940,a,15,a)].

given #5164 (F,wt=8): 32977 cen(f3(f3(g13))) != f3(f3(g13)).  [resolve(32964,a,15,a)].

given #5165 (F,wt=9): 13450 f2(cen(f1(g4))) != f1(cen(f1(g4))).  [resolve(6563,a,23,a)].

given #5166 (F,wt=9): 13465 f4(cen(f4(g5))) != f3(cen(f4(g5))).  [resolve(6627,a,28,a)].

given #5167 (T,wt=5): 32978 car(cen(f3(f3(g13)))).  [resolve(32964,a,14,a)].

given #5168 (T,wt=6): 9198 mem(f3(g13),f2(f3(g13))).  [resolve(9165,a,20,a)].

given #5169 (T,wt=4): 32988 car(f2(f3(g13))).  [resolve(9198,a,17,a)].

given #5170 (T,wt=5): 33002 car(cen(f2(f3(g13)))).  [resolve(32988,a,14,a)].

given #5171 (A,wt=46): 1567 -car(x) | -car(y) | cen(g10) != cen(x) | cen(pa) != cen(x) | cen(y) != cen(x) | g10 = x | pa = x | y = x | pb = x | g10 = pa | g10 = y | g10 = pb | pa = y | pb = y.  [factor(1482,e,g),flip(n),unit_del(b,37),unit_del(o,47)].

given #5172 (F,wt=8): 33001 cen(f2(f3(g13))) != f2(f3(g13)).  [resolve(32988,a,15,a)].

given #5173 (F,wt=9): 13466 f4(cen(f4(g5))) != f2(cen(f4(g5))).  [resolve(6627,a,27,a)].

given #5174 (F,wt=9): 13467 f3(cen(f4(g5))) != f2(cen(f4(g5))).  [resolve(6627,a,26,a)].

given #5175 (F,wt=9): 13468 f4(cen(f4(g5))) != f1(cen(f4(g5))).  [resolve(6627,a,25,a)].

given #5176 (T,wt=6): 9199 mem(f3(g13),f1(f3(g13))).  [resolve(9165,a,19,a)].

given #5177 (T,wt=4): 33012 car(f1(f3(g13))).  [resolve(9199,a,17,a)].

given #5178 (T,wt=5): 33026 car(cen(f1(f3(g13)))).  [resolve(33012,a,14,a)].

given #5179 (T,wt=6): 9221 blocked(f2(g13),cen(f2(g13))).  [resolve(9208,a,35,a)].

given #5180 (A,wt=46): 1568 -car(x) | -car(y) | cen(g9) != cen(x) | cen(pa) != cen(x) | cen(y) != cen(x) | g9 = x | pa = x | y = x | pb = x | g9 = pa | g9 = y | g9 = pb | pa = y | pb = y.  [factor(1483,e,g),flip(n),unit_del(b,37),unit_del(o,47)].

given #5181 (F,wt=8): 33025 cen(f1(f3(g13))) != f1(f3(g13)).  [resolve(33012,a,15,a)].

given #5182 (F,wt=9): 13469 f3(cen(f4(g5))) != f1(cen(f4(g5))).  [resolve(6627,a,24,a)].

given #5183 (F,wt=9): 13470 f2(cen(f4(g5))) != f1(cen(f4(g5))).  [resolve(6627,a,23,a)].

given #5184 (F,wt=9): 13722 f4(cen(f3(g5))) != f3(cen(f3(g5))).  [resolve(6688,a,28,a)].

given #5185 (T,wt=6): 9228 mem(f2(g13),f4(f2(g13))).  [resolve(9208,a,22,a)].

given #5186 (T,wt=4): 33036 car(f4(f2(g13))).  [resolve(9228,a,17,a)].

given #5187 (T,wt=5): 33050 car(cen(f4(f2(g13)))).  [resolve(33036,a,14,a)].

given #5188 (T,wt=6): 9229 mem(f2(g13),f3(f2(g13))).  [resolve(9208,a,21,a)].

given #5189 (A,wt=46): 1569 -car(x) | -car(y) | cen(g8) != cen(x) | cen(pa) != cen(x) | cen(y) != cen(x) | g8 = x | pa = x | y = x | pb = x | g8 = pa | g8 = y | g8 = pb | pa = y | pb = y.  [factor(1484,e,g),flip(n),unit_del(b,37),unit_del(o,47)].

given #5190 (F,wt=8): 33049 cen(f4(f2(g13))) != f4(f2(g13)).  [resolve(33036,a,15,a)].

given #5191 (F,wt=9): 13723 f4(cen(f3(g5))) != f2(cen(f3(g5))).  [resolve(6688,a,27,a)].

given #5192 (F,wt=9): 13724 f3(cen(f3(g5))) != f2(cen(f3(g5))).  [resolve(6688,a,26,a)].

given #5193 (F,wt=9): 13725 f4(cen(f3(g5))) != f1(cen(f3(g5))).  [resolve(6688,a,25,a)].

given #5194 (T,wt=4): 33060 car(f3(f2(g13))).  [resolve(9229,a,17,a)].

given #5195 (T,wt=5): 33074 car(cen(f3(f2(g13)))).  [resolve(33060,a,14,a)].

given #5196 (T,wt=6): 9230 mem(f2(g13),f2(f2(g13))).  [resolve(9208,a,20,a)].

given #5197 (T,wt=4): 33084 car(f2(f2(g13))).  [resolve(9230,a,17,a)].

given #5198 (A,wt=46): 1570 -car(x) | -car(y) | cen(g7) != cen(x) | cen(pa) != cen(x) | cen(y) != cen(x) | g7 = x | pa = x | y = x | pb = x | g7 = pa | g7 = y | g7 = pb | pa = y | pb = y.  [factor(1485,e,g),flip(n),unit_del(b,37),unit_del(o,47)].

given #5199 (F,wt=8): 33073 cen(f3(f2(g13))) != f3(f2(g13)).  [resolve(33060,a,15,a)].

given #5200 (F,wt=8): 33097 cen(f2(f2(g13))) != f2(f2(g13)).  [resolve(33084,a,15,a)].

given #5201 (F,wt=9): 13726 f3(cen(f3(g5))) != f1(cen(f3(g5))).  [resolve(6688,a,24,a)].

given #5202 (F,wt=9): 13727 f2(cen(f3(g5))) != f1(cen(f3(g5))).  [resolve(6688,a,23,a)].

given #5203 (T,wt=5): 33098 car(cen(f2(f2(g13)))).  [resolve(33084,a,14,a)].

given #5204 (T,wt=6): 9231 mem(f2(g13),f1(f2(g13))).  [resolve(9208,a,19,a)].

given #5205 (T,wt=4): 33108 car(f1(f2(g13))).  [resolve(9231,a,17,a)].

given #5206 (T,wt=5): 33122 car(cen(f1(f2(g13)))).  [resolve(33108,a,14,a)].

given #5207 (A,wt=46): 1571 -car(x) | -car(y) | cen(g6) != cen(x) | cen(pa) != cen(x) | cen(y) != cen(x) | g6 = x | pa = x | y = x | pb = x | g6 = pa | g6 = y | g6 = pb | pa = y | pb = y.  [factor(1486,e,g),flip(n),unit_del(b,37),unit_del(o,47)].

given #5208 (F,wt=8): 33121 cen(f1(f2(g13))) != f1(f2(g13)).  [resolve(33108,a,15,a)].

given #5209 (F,wt=9): 13743 f4(cen(f2(g5))) != f3(cen(f2(g5))).  [resolve(6749,a,28,a)].

given #5210 (F,wt=9): 13744 f4(cen(f2(g5))) != f2(cen(f2(g5))).  [resolve(6749,a,27,a)].

given #5211 (F,wt=9): 13745 f3(cen(f2(g5))) != f2(cen(f2(g5))).  [resolve(6749,a,26,a)].

given #5212 (T,wt=6): 9274 blocked(f1(g13),cen(f1(g13))).  [resolve(9240,a,35,a)].

given #5213 (T,wt=6): 9281 mem(f1(g13),f4(f1(g13))).  [resolve(9240,a,22,a)].

given #5214 (T,wt=4): 33132 car(f4(f1(g13))).  [resolve(9281,a,17,a)].

given #5215 (T,wt=5): 33146 car(cen(f4(f1(g13)))).  [resolve(33132,a,14,a)].

given #5216 (A,wt=46): 1572 -car(x) | -car(y) | cen(g5) != cen(x) | cen(pa) != cen(x) | cen(y) != cen(x) | g5 = x | pa = x | y = x | pb = x | g5 = pa | g5 = y | g5 = pb | pa = y | pb = y.  [factor(1487,e,g),flip(n),unit_del(b,37),unit_del(o,47)].

given #5217 (F,wt=8): 33145 cen(f4(f1(g13))) != f4(f1(g13)).  [resolve(33132,a,15,a)].

given #5218 (F,wt=9): 13746 f4(cen(f2(g5))) != f1(cen(f2(g5))).  [resolve(6749,a,25,a)].

given #5219 (F,wt=9): 13747 f3(cen(f2(g5))) != f1(cen(f2(g5))).  [resolve(6749,a,24,a)].

given #5220 (F,wt=9): 13748 f2(cen(f2(g5))) != f1(cen(f2(g5))).  [resolve(6749,a,23,a)].

given #5221 (T,wt=6): 9282 mem(f1(g13),f3(f1(g13))).  [resolve(9240,a,21,a)].

given #5222 (T,wt=4): 33156 car(f3(f1(g13))).  [resolve(9282,a,17,a)].

given #5223 (T,wt=5): 33170 car(cen(f3(f1(g13)))).  [resolve(33156,a,14,a)].

given #5224 (T,wt=6): 9283 mem(f1(g13),f2(f1(g13))).  [resolve(9240,a,20,a)].

given #5225 (A,wt=46): 1573 -car(x) | -car(y) | cen(g4) != cen(x) | cen(pa) != cen(x) | cen(y) != cen(x) | g4 = x | pa = x | y = x | pb = x | g4 = pa | g4 = y | g4 = pb | pa = y | pb = y.  [factor(1488,e,g),flip(n),unit_del(b,37),unit_del(o,47)].

given #5226 (F,wt=8): 33169 cen(f3(f1(g13))) != f3(f1(g13)).  [resolve(33156,a,15,a)].

given #5227 (F,wt=9): 13764 f4(cen(f1(g5))) != f3(cen(f1(g5))).  [resolve(6810,a,28,a)].

given #5228 (F,wt=9): 13765 f4(cen(f1(g5))) != f2(cen(f1(g5))).  [resolve(6810,a,27,a)].

given #5229 (F,wt=9): 13766 f3(cen(f1(g5))) != f2(cen(f1(g5))).  [resolve(6810,a,26,a)].

given #5230 (T,wt=4): 33180 car(f2(f1(g13))).  [resolve(9283,a,17,a)].

given #5231 (T,wt=5): 33194 car(cen(f2(f1(g13)))).  [resolve(33180,a,14,a)].

given #5232 (T,wt=6): 9284 mem(f1(g13),f1(f1(g13))).  [resolve(9240,a,19,a)].

given #5233 (T,wt=4): 33204 car(f1(f1(g13))).  [resolve(9284,a,17,a)].

given #5234 (A,wt=46): 1574 -car(x) | -car(y) | cen(g3) != cen(x) | cen(pa) != cen(x) | cen(y) != cen(x) | g3 = x | pa = x | y = x | pb = x | g3 = pa | g3 = y | g3 = pb | pa = y | pb = y.  [factor(1489,e,g),flip(n),unit_del(b,37),unit_del(o,47)].

given #5235 (F,wt=8): 33193 cen(f2(f1(g13))) != f2(f1(g13)).  [resolve(33180,a,15,a)].

given #5236 (F,wt=8): 33217 cen(f1(f1(g13))) != f1(f1(g13)).  [resolve(33204,a,15,a)].

given #5237 (F,wt=9): 13767 f4(cen(f1(g5))) != f1(cen(f1(g5))).  [resolve(6810,a,25,a)].

given #5238 (F,wt=9): 13768 f3(cen(f1(g5))) != f1(cen(f1(g5))).  [resolve(6810,a,24,a)].

given #5239 (T,wt=5): 33218 car(cen(f1(f1(g13)))).  [resolve(33204,a,14,a)].

given #5240 (T,wt=6): 9306 blocked(f4(g14),cen(f4(g14))).  [resolve(9293,a,35,a)].

given #5241 (T,wt=6): 9313 mem(f4(g14),f4(f4(g14))).  [resolve(9293,a,22,a)].

given #5242 (T,wt=4): 33228 car(f4(f4(g14))).  [resolve(9313,a,17,a)].

given #5243 (A,wt=46): 1575 -car(x) | -car(y) | cen(g2) != cen(x) | cen(pa) != cen(x) | cen(y) != cen(x) | g2 = x | pa = x | y = x | pb = x | g2 = pa | g2 = y | g2 = pb | pa = y | pb = y.  [factor(1490,e,g),flip(n),unit_del(b,37),unit_del(o,47)].

given #5244 (F,wt=8): 33241 cen(f4(f4(g14))) != f4(f4(g14)).  [resolve(33228,a,15,a)].

given #5245 (F,wt=9): 13769 f2(cen(f1(g5))) != f1(cen(f1(g5))).  [resolve(6810,a,23,a)].

given #5246 (F,wt=9): 13785 f4(cen(f4(g6))) != f3(cen(f4(g6))).  [resolve(6877,a,28,a)].

given #5247 (F,wt=9): 13786 f4(cen(f4(g6))) != f2(cen(f4(g6))).  [resolve(6877,a,27,a)].

given #5248 (T,wt=5): 33242 car(cen(f4(f4(g14)))).  [resolve(33228,a,14,a)].

given #5249 (T,wt=6): 9314 mem(f4(g14),f3(f4(g14))).  [resolve(9293,a,21,a)].

given #5250 (T,wt=4): 33252 car(f3(f4(g14))).  [resolve(9314,a,17,a)].

given #5251 (T,wt=5): 33266 car(cen(f3(f4(g14)))).  [resolve(33252,a,14,a)].

given #5252 (A,wt=46): 1576 -car(x) | -car(y) | cen(g1) != cen(x) | cen(pa) != cen(x) | cen(y) != cen(x) | g1 = x | pa = x | y = x | pb = x | g1 = pa | g1 = y | g1 = pb | pa = y | pb = y.  [factor(1491,e,g),flip(n),unit_del(b,37),unit_del(o,47)].

given #5253 (F,wt=8): 33265 cen(f3(f4(g14))) != f3(f4(g14)).  [resolve(33252,a,15,a)].

given #5254 (F,wt=9): 13787 f3(cen(f4(g6))) != f2(cen(f4(g6))).  [resolve(6877,a,26,a)].

given #5255 (F,wt=9): 13788 f4(cen(f4(g6))) != f1(cen(f4(g6))).  [resolve(6877,a,25,a)].

given #5256 (F,wt=9): 13789 f3(cen(f4(g6))) != f1(cen(f4(g6))).  [resolve(6877,a,24,a)].

given #5257 (T,wt=6): 9315 mem(f4(g14),f2(f4(g14))).  [resolve(9293,a,20,a)].

given #5258 (T,wt=4): 33276 car(f2(f4(g14))).  [resolve(9315,a,17,a)].

given #5259 (T,wt=5): 33290 car(cen(f2(f4(g14)))).  [resolve(33276,a,14,a)].

given #5260 (T,wt=6): 9316 mem(f4(g14),f1(f4(g14))).  [resolve(9293,a,19,a)].

given #5261 (A,wt=46): 1577 -car(x) | -car(y) | cen(g0) != cen(x) | cen(pa) != cen(x) | cen(y) != cen(x) | g0 = x | pa = x | y = x | pb = x | g0 = pa | g0 = y | g0 = pb | pa = y | pb = y.  [factor(1492,e,g),flip(n),unit_del(b,37),unit_del(o,47)].

given #5262 (F,wt=8): 33289 cen(f2(f4(g14))) != f2(f4(g14)).  [resolve(33276,a,15,a)].

given #5263 (F,wt=9): 13790 f2(cen(f4(g6))) != f1(cen(f4(g6))).  [resolve(6877,a,23,a)].

given #5264 (F,wt=9): 13810 f4(cen(f3(g6))) != f3(cen(f3(g6))).  [resolve(6939,a,28,a)].

given #5265 (F,wt=9): 13811 f4(cen(f3(g6))) != f2(cen(f3(g6))).  [resolve(6939,a,27,a)].

given #5266 (T,wt=4): 33300 car(f1(f4(g14))).  [resolve(9316,a,17,a)].

given #5267 (T,wt=5): 33314 car(cen(f1(f4(g14)))).  [resolve(33300,a,14,a)].

given #5268 (T,wt=6): 9348 blocked(f3(g14),cen(f3(g14))).  [resolve(9335,a,35,a)].

given #5269 (T,wt=6): 9355 mem(f3(g14),f4(f3(g14))).  [resolve(9335,a,22,a)].

given #5270 (A,wt=40): 1578 -car(x) | -car(y) | cen(oa) != cen(x) | cen(pa) != cen(x) | cen(y) != cen(x) | oa = x | pa = x | y = x | pb = x | oa = y | pa = y | pb = y.  [factor(1493,e,g),flip(m),unit_del(b,37),unit_del(k,95),unit_del(n,47)].

given #5271 (F,wt=8): 33313 cen(f1(f4(g14))) != f1(f4(g14)).  [resolve(33300,a,15,a)].

given #5272 (F,wt=9): 13812 f3(cen(f3(g6))) != f2(cen(f3(g6))).  [resolve(6939,a,26,a)].

given #5273 (F,wt=9): 13813 f4(cen(f3(g6))) != f1(cen(f3(g6))).  [resolve(6939,a,25,a)].

given #5274 (F,wt=9): 13814 f3(cen(f3(g6))) != f1(cen(f3(g6))).  [resolve(6939,a,24,a)].

given #5275 (T,wt=4): 33324 car(f4(f3(g14))).  [resolve(9355,a,17,a)].

given #5276 (T,wt=5): 33338 car(cen(f4(f3(g14)))).  [resolve(33324,a,14,a)].

given #5277 (T,wt=6): 9356 mem(f3(g14),f3(f3(g14))).  [resolve(9335,a,21,a)].

given #5278 (T,wt=4): 33348 car(f3(f3(g14))).  [resolve(9356,a,17,a)].

given #5279 (A,wt=40): 1579 -car(x) | -car(y) | cen(ca) != cen(x) | cen(y) != cen(x) | cen(pa) != cen(x) | cb = x | ca = x | y = x | pb = x | cb = y | ca = y | pb = y.  [factor(1494,d,e),flip(m),unit_del(b,43),unit_del(k,61),unit_del(n,77)].

given #5280 (F,wt=8): 33337 cen(f4(f3(g14))) != f4(f3(g14)).  [resolve(33324,a,15,a)].

given #5281 (F,wt=8): 33361 cen(f3(f3(g14))) != f3(f3(g14)).  [resolve(33348,a,15,a)].

given #5282 (F,wt=9): 13815 f2(cen(f3(g6))) != f1(cen(f3(g6))).  [resolve(6939,a,23,a)].

given #5283 (F,wt=9): 13831 f4(cen(f2(g6))) != f3(cen(f2(g6))).  [resolve(7005,a,28,a)].

given #5284 (T,wt=5): 33362 car(cen(f3(f3(g14)))).  [resolve(33348,a,14,a)].

given #5285 (T,wt=6): 9357 mem(f3(g14),f2(f3(g14))).  [resolve(9335,a,20,a)].

given #5286 (T,wt=4): 33372 car(f2(f3(g14))).  [resolve(9357,a,17,a)].

given #5287 (T,wt=5): 33386 car(cen(f2(f3(g14)))).  [resolve(33372,a,14,a)].

given #5288 (A,wt=40): 1580 -car(x) | -car(y) | cen(ca) != cen(x) | cen(pa) != cen(x) | cen(y) != cen(x) | cb = x | pa = x | y = x | pb = x | cb = y | pa = y | pb = y.  [factor(1494,e,g),flip(k),flip(m),unit_del(b,37),unit_del(k,83),unit_del(n,47)].

given #5289 (F,wt=8): 33385 cen(f2(f3(g14))) != f2(f3(g14)).  [resolve(33372,a,15,a)].

given #5290 (F,wt=9): 13832 f4(cen(f2(g6))) != f2(cen(f2(g6))).  [resolve(7005,a,27,a)].

given #5291 (F,wt=9): 13833 f3(cen(f2(g6))) != f2(cen(f2(g6))).  [resolve(7005,a,26,a)].

given #5292 (F,wt=9): 13834 f4(cen(f2(g6))) != f1(cen(f2(g6))).  [resolve(7005,a,25,a)].

given #5293 (T,wt=6): 9358 mem(f3(g14),f1(f3(g14))).  [resolve(9335,a,19,a)].

given #5294 (T,wt=4): 33396 car(f1(f3(g14))).  [resolve(9358,a,17,a)].

given #5295 (T,wt=5): 33410 car(cen(f1(f3(g14)))).  [resolve(33396,a,14,a)].

given #5296 (T,wt=6): 9380 blocked(f2(g14),cen(f2(g14))).  [resolve(9367,a,35,a)].

given #5297 (A,wt=40): 1581 -car(x) | -car(y) | cen(ca) != cen(x) | cen(pa) != cen(x) | cen(y) != cen(x) | ca = x | pa = x | y = x | pb = x | ca = y | pa = y | pb = y.  [factor(1495,e,g),flip(k),flip(m),unit_del(b,37),unit_del(k,75),unit_del(n,47)].

given #5298 (F,wt=8): 33409 cen(f1(f3(g14))) != f1(f3(g14)).  [resolve(33396,a,15,a)].

given #5299 (F,wt=9): 13835 f3(cen(f2(g6))) != f1(cen(f2(g6))).  [resolve(7005,a,24,a)].

given #5300 (F,wt=9): 13836 f2(cen(f2(g6))) != f1(cen(f2(g6))).  [resolve(7005,a,23,a)].

given #5301 (F,wt=9): 13852 f4(cen(f1(g6))) != f3(cen(f1(g6))).  [resolve(7275,a,28,a)].

given #5302 (T,wt=6): 9387 mem(f2(g14),f4(f2(g14))).  [resolve(9367,a,22,a)].

given #5303 (T,wt=4): 33420 car(f4(f2(g14))).  [resolve(9387,a,17,a)].

given #5304 (T,wt=5): 33434 car(cen(f4(f2(g14)))).  [resolve(33420,a,14,a)].

given #5305 (T,wt=6): 9388 mem(f2(g14),f3(f2(g14))).  [resolve(9367,a,21,a)].

given #5306 (A,wt=43): 1582 -car(x) | -car(y) | cen(ca) != cen(x) | cen(y) != cen(x) | cen(pa) != cen(x) | qb = x | ca = x | y = x | pb = x | qb = ca | qb = y | ca = y | pb = y.  [factor(1496,d,e),flip(m),unit_del(b,43),unit_del(n,77)].

given #5307 (F,wt=8): 33433 cen(f4(f2(g14))) != f4(f2(g14)).  [resolve(33420,a,15,a)].

given #5308 (F,wt=9): 13853 f4(cen(f1(g6))) != f2(cen(f1(g6))).  [resolve(7275,a,27,a)].

given #5309 (F,wt=9): 13854 f3(cen(f1(g6))) != f2(cen(f1(g6))).  [resolve(7275,a,26,a)].

given #5310 (F,wt=9): 13855 f4(cen(f1(g6))) != f1(cen(f1(g6))).  [resolve(7275,a,25,a)].

given #5311 (T,wt=4): 33444 car(f3(f2(g14))).  [resolve(9388,a,17,a)].

given #5312 (T,wt=5): 33458 car(cen(f3(f2(g14)))).  [resolve(33444,a,14,a)].

given #5313 (T,wt=6): 9389 mem(f2(g14),f2(f2(g14))).  [resolve(9367,a,20,a)].

given #5314 (T,wt=4): 33468 car(f2(f2(g14))).  [resolve(9389,a,17,a)].

given #5315 (A,wt=40): 1583 -car(x) | -car(y) | cen(ca) != cen(x) | cen(pa) != cen(x) | cen(y) != cen(x) | qb = x | pa = x | y = x | pb = x | qb = y | pa = y | pb = y.  [factor(1496,e,g),flip(m),unit_del(b,37),unit_del(k,70),unit_del(n,47)].

given #5316 (F,wt=8): 33457 cen(f3(f2(g14))) != f3(f2(g14)).  [resolve(33444,a,15,a)].

given #5317 (F,wt=8): 33481 cen(f2(f2(g14))) != f2(f2(g14)).  [resolve(33468,a,15,a)].

given #5318 (F,wt=9): 13856 f3(cen(f1(g6))) != f1(cen(f1(g6))).  [resolve(7275,a,24,a)].

given #5319 (F,wt=9): 13857 f2(cen(f1(g6))) != f1(cen(f1(g6))).  [resolve(7275,a,23,a)].

given #5320 (T,wt=5): 33482 car(cen(f2(f2(g14)))).  [resolve(33468,a,14,a)].

given #5321 (T,wt=6): 9390 mem(f2(g14),f1(f2(g14))).  [resolve(9367,a,19,a)].

given #5322 (T,wt=4): 33492 car(f1(f2(g14))).  [resolve(9390,a,17,a)].

given #5323 (T,wt=5): 33506 car(cen(f1(f2(g14)))).  [resolve(33492,a,14,a)].

given #5324 (A,wt=43): 1584 -car(x) | -car(y) | cen(ca) != cen(x) | cen(y) != cen(x) | cen(pa) != cen(x) | qa = x | ca = x | y = x | pb = x | qa = ca | qa = y | ca = y | pb = y.  [factor(1497,d,e),flip(m),unit_del(b,43),unit_del(n,77)].

given #5325 (F,wt=8): 33505 cen(f1(f2(g14))) != f1(f2(g14)).  [resolve(33492,a,15,a)].

given #5326 (F,wt=9): 13873 f4(cen(f4(g7))) != f3(cen(f4(g7))).  [resolve(7443,a,28,a)].

given #5327 (F,wt=9): 13874 f4(cen(f4(g7))) != f2(cen(f4(g7))).  [resolve(7443,a,27,a)].

given #5328 (F,wt=9): 13875 f3(cen(f4(g7))) != f2(cen(f4(g7))).  [resolve(7443,a,26,a)].

given #5329 (T,wt=6): 9431 blocked(f1(g14),cen(f1(g14))).  [resolve(9418,a,35,a)].

given #5330 (T,wt=6): 9438 mem(f1(g14),f4(f1(g14))).  [resolve(9418,a,22,a)].

given #5331 (T,wt=4): 33516 car(f4(f1(g14))).  [resolve(9438,a,17,a)].

given #5332 (T,wt=5): 33530 car(cen(f4(f1(g14)))).  [resolve(33516,a,14,a)].

given #5333 (A,wt=40): 1585 -car(x) | -car(y) | cen(ca) != cen(x) | cen(pa) != cen(x) | cen(y) != cen(x) | qa = x | pa = x | y = x | pb = x | qa = y | pa = y | pb = y.  [factor(1497,e,g),flip(k),flip(m),unit_del(b,37),unit_del(k,63),unit_del(n,47)].

given #5334 (F,wt=8): 33529 cen(f4(f1(g14))) != f4(f1(g14)).  [resolve(33516,a,15,a)].

given #5335 (F,wt=9): 13876 f4(cen(f4(g7))) != f1(cen(f4(g7))).  [resolve(7443,a,25,a)].

given #5336 (F,wt=9): 13877 f3(cen(f4(g7))) != f1(cen(f4(g7))).  [resolve(7443,a,24,a)].

given #5337 (F,wt=9): 13878 f2(cen(f4(g7))) != f1(cen(f4(g7))).  [resolve(7443,a,23,a)].

given #5338 (T,wt=6): 9439 mem(f1(g14),f3(f1(g14))).  [resolve(9418,a,21,a)].

given #5339 (T,wt=4): 33540 car(f3(f1(g14))).  [resolve(9439,a,17,a)].

given #5340 (T,wt=5): 33554 car(cen(f3(f1(g14)))).  [resolve(33540,a,14,a)].

given #5341 (T,wt=6): 9440 mem(f1(g14),f2(f1(g14))).  [resolve(9418,a,20,a)].

given #5342 (A,wt=40): 1586 -car(x) | -car(y) | cen(ra) != cen(x) | cen(y) != cen(x) | cen(pa) != cen(x) | rb = x | ra = x | y = x | pb = x | rb = y | ra = y | pb = y.  [factor(1498,d,e),flip(m),flip(n),unit_del(b,39),unit_del(k,49),unit_del(n,55)].

given #5343 (F,wt=8): 33553 cen(f3(f1(g14))) != f3(f1(g14)).  [resolve(33540,a,15,a)].

given #5344 (F,wt=9): 13899 f4(cen(f3(g7))) != f3(cen(f3(g7))).  [resolve(7507,a,28,a)].

given #5345 (F,wt=9): 13900 f4(cen(f3(g7))) != f2(cen(f3(g7))).  [resolve(7507,a,27,a)].

given #5346 (F,wt=9): 13901 f3(cen(f3(g7))) != f2(cen(f3(g7))).  [resolve(7507,a,26,a)].

given #5347 (T,wt=4): 33564 car(f2(f1(g14))).  [resolve(9440,a,17,a)].

given #5348 (T,wt=5): 33578 car(cen(f2(f1(g14)))).  [resolve(33564,a,14,a)].

given #5349 (T,wt=6): 9441 mem(f1(g14),f1(f1(g14))).  [resolve(9418,a,19,a)].

given #5350 (T,wt=4): 33588 car(f1(f1(g14))).  [resolve(9441,a,17,a)].

given #5351 (A,wt=40): 1587 -car(x) | -car(y) | cen(ra) != cen(x) | cen(pa) != cen(x) | cen(y) != cen(x) | rb = x | pa = x | y = x | pb = x | rb = y | pa = y | pb = y.  [factor(1498,e,g),flip(m),unit_del(b,37),unit_del(k,53),unit_del(n,47)].

given #5352 (F,wt=8): 33577 cen(f2(f1(g14))) != f2(f1(g14)).  [resolve(33564,a,15,a)].

given #5353 (F,wt=8): 33601 cen(f1(f1(g14))) != f1(f1(g14)).  [resolve(33588,a,15,a)].

given #5354 (F,wt=9): 13902 f4(cen(f3(g7))) != f1(cen(f3(g7))).  [resolve(7507,a,25,a)].

given #5355 (F,wt=9): 13903 f3(cen(f3(g7))) != f1(cen(f3(g7))).  [resolve(7507,a,24,a)].

given #5356 (T,wt=5): 33602 car(cen(f1(f1(g14)))).  [resolve(33588,a,14,a)].

given #5357 (T,wt=6): 9472 blocked(f4(c1),cen(f4(c1))).  [resolve(9450,a,35,a)].

given #5358 (T,wt=6): 9479 mem(f4(c1),f4(f4(c1))).  [resolve(9450,a,22,a)].

given #5359 (T,wt=4): 33612 car(f4(f4(c1))).  [resolve(9479,a,17,a)].

given #5360 (A,wt=40): 1588 -car(x) | -car(y) | cen(ra) != cen(x) | cen(pa) != cen(x) | cen(y) != cen(x) | ra = x | pa = x | y = x | pb = x | ra = y | pa = y | pb = y.  [factor(1499,e,g),flip(m),unit_del(b,37),unit_del(k,51),unit_del(n,47)].

given #5361 (F,wt=8): 33625 cen(f4(f4(c1))) != f4(f4(c1)).  [resolve(33612,a,15,a)].

given #5362 (F,wt=9): 13904 f2(cen(f3(g7))) != f1(cen(f3(g7))).  [resolve(7507,a,23,a)].

given #5363 (F,wt=9): 13920 f4(cen(f2(g7))) != f3(cen(f2(g7))).  [resolve(7684,a,28,a)].

given #5364 (F,wt=9): 13921 f4(cen(f2(g7))) != f2(cen(f2(g7))).  [resolve(7684,a,27,a)].

given #5365 (T,wt=5): 33626 car(cen(f4(f4(c1)))).  [resolve(33612,a,14,a)].

given #5366 (T,wt=6): 9480 mem(f4(c1),f3(f4(c1))).  [resolve(9450,a,21,a)].

given #5367 (T,wt=4): 33636 car(f3(f4(c1))).  [resolve(9480,a,17,a)].

given #5368 (T,wt=5): 33650 car(cen(f3(f4(c1)))).  [resolve(33636,a,14,a)].

given #5369 (A,wt=24): 1589 -car(x) | cen(ca) != cen(x) | cen(pa) != cen(x) | cb = x | ca = x | pa = x | pb = x.  [factor(1579,d,e),flip(i),flip(j),unit_del(b,37),unit_del(i,83),unit_del(j,75),unit_del(k,47)].

given #5370 (F,wt=8): 33649 cen(f3(f4(c1))) != f3(f4(c1)).  [resolve(33636,a,15,a)].

given #5371 (F,wt=9): 13922 f3(cen(f2(g7))) != f2(cen(f2(g7))).  [resolve(7684,a,26,a)].

given #5372 (F,wt=9): 13923 f4(cen(f2(g7))) != f1(cen(f2(g7))).  [resolve(7684,a,25,a)].

given #5373 (F,wt=9): 13924 f3(cen(f2(g7))) != f1(cen(f2(g7))).  [resolve(7684,a,24,a)].

given #5374 (T,wt=6): 9481 mem(f4(c1),f2(f4(c1))).  [resolve(9450,a,20,a)].

given #5375 (T,wt=4): 33661 car(f2(f4(c1))).  [resolve(9481,a,17,a)].

given #5376 (T,wt=5): 33675 car(cen(f2(f4(c1)))).  [resolve(33661,a,14,a)].

given #5377 (T,wt=6): 9482 mem(f4(c1),f1(f4(c1))).  [resolve(9450,a,19,a)].

given #5378 (A,wt=27): 1590 -car(x) | cen(ca) != cen(x) | cen(pa) != cen(x) | qb = x | ca = x | pa = x | pb = x | qb = ca.  [factor(1582,d,e),flip(k),unit_del(b,37),unit_del(j,70),unit_del(k,75),unit_del(l,47)].

given #5379 (F,wt=8): 33674 cen(f2(f4(c1))) != f2(f4(c1)).  [resolve(33661,a,15,a)].

given #5380 (F,wt=9): 13925 f2(cen(f2(g7))) != f1(cen(f2(g7))).  [resolve(7684,a,23,a)].

given #5381 (F,wt=9): 13941 f4(cen(f1(g7))) != f3(cen(f1(g7))).  [resolve(7738,a,28,a)].

given #5382 (F,wt=9): 13942 f4(cen(f1(g7))) != f2(cen(f1(g7))).  [resolve(7738,a,27,a)].

given #5383 (T,wt=4): 33685 car(f1(f4(c1))).  [resolve(9482,a,17,a)].

given #5384 (T,wt=5): 33699 car(cen(f1(f4(c1)))).  [resolve(33685,a,14,a)].

given #5385 (T,wt=6): 9504 blocked(f3(c1),cen(f3(c1))).  [resolve(9491,a,35,a)].

given #5386 (T,wt=6): 9511 mem(f3(c1),f4(f3(c1))).  [resolve(9491,a,22,a)].

given #5387 (A,wt=27): 1591 -car(x) | cen(ca) != cen(x) | cen(pa) != cen(x) | qa = x | ca = x | pa = x | pb = x | qa = ca.  [factor(1584,d,e),flip(j),flip(k),unit_del(b,37),unit_del(j,63),unit_del(k,75),unit_del(l,47)].

given #5388 (F,wt=8): 33698 cen(f1(f4(c1))) != f1(f4(c1)).  [resolve(33685,a,15,a)].

given #5389 (F,wt=9): 13943 f3(cen(f1(g7))) != f2(cen(f1(g7))).  [resolve(7738,a,26,a)].

given #5390 (F,wt=9): 13944 f4(cen(f1(g7))) != f1(cen(f1(g7))).  [resolve(7738,a,25,a)].

given #5391 (F,wt=9): 13945 f3(cen(f1(g7))) != f1(cen(f1(g7))).  [resolve(7738,a,24,a)].

given #5392 (T,wt=4): 33709 car(f4(f3(c1))).  [resolve(9511,a,17,a)].

given #5393 (T,wt=5): 33723 car(cen(f4(f3(c1)))).  [resolve(33709,a,14,a)].

given #5394 (T,wt=6): 9512 mem(f3(c1),f3(f3(c1))).  [resolve(9491,a,21,a)].

given #5395 (T,wt=4): 33733 car(f3(f3(c1))).  [resolve(9512,a,17,a)].

given #5396 (A,wt=24): 1592 -car(x) | cen(ra) != cen(x) | cen(pa) != cen(x) | rb = x | ra = x | pa = x | pb = x.  [factor(1586,d,e),unit_del(b,37),unit_del(i,53),unit_del(j,51),unit_del(k,47)].

given #5397 (F,wt=8): 33722 cen(f4(f3(c1))) != f4(f3(c1)).  [resolve(33709,a,15,a)].

given #5398 (F,wt=8): 33746 cen(f3(f3(c1))) != f3(f3(c1)).  [resolve(33733,a,15,a)].

given #5399 (F,wt=9): 13946 f2(cen(f1(g7))) != f1(cen(f1(g7))).  [resolve(7738,a,23,a)].

given #5400 (F,wt=9): 13962 f4(cen(f4(g8))) != f3(cen(f4(g8))).  [resolve(7900,a,28,a)].

given #5401 (T,wt=5): 33747 car(cen(f3(f3(c1)))).  [resolve(33733,a,14,a)].

given #5402 (T,wt=6): 9513 mem(f3(c1),f2(f3(c1))).  [resolve(9491,a,20,a)].

given #5403 (T,wt=4): 33758 car(f2(f3(c1))).  [resolve(9513,a,17,a)].

given #5404 (T,wt=5): 33772 car(cen(f2(f3(c1)))).  [resolve(33758,a,14,a)].

given #5405 (A,wt=30): 1593 -car(x) | cen(c2) = cen(x) | -mem(x,cen(x)) | -mem(c2,cen(x)) | -mem(x,cen(c2)) | -mem(c2,cen(c2)) | -mem(x,c2) | cen(x) = c2.  [resolve(862,a,351,i),unit_del(b,772),unit_del(j,863)].

given #5406 (F,wt=8): 33771 cen(f2(f3(c1))) != f2(f3(c1)).  [resolve(33758,a,15,a)].

given #5407 (F,wt=9): 13963 f4(cen(f4(g8))) != f2(cen(f4(g8))).  [resolve(7900,a,27,a)].

given #5408 (F,wt=9): 13964 f3(cen(f4(g8))) != f2(cen(f4(g8))).  [resolve(7900,a,26,a)].

given #5409 (F,wt=9): 13965 f4(cen(f4(g8))) != f1(cen(f4(g8))).  [resolve(7900,a,25,a)].

given #5410 (T,wt=6): 9514 mem(f3(c1),f1(f3(c1))).  [resolve(9491,a,19,a)].

given #5411 (T,wt=4): 33782 car(f1(f3(c1))).  [resolve(9514,a,17,a)].

given #5412 (T,wt=5): 33796 car(cen(f1(f3(c1)))).  [resolve(33782,a,14,a)].

given #5413 (T,wt=6): 9553 blocked(f2(c1),cen(f2(c1))).  [resolve(9523,a,35,a)].

given #5414 (A,wt=31): 1594 -car(x) | cen(c2) = cen(x) | -mem(x,y) | -mem(c2,y) | -mem(x,z) | -mem(c2,z) | -mem(x,c2) | z = y | c2 = y | c2 = z.  [resolve(862,a,33,i),unit_del(b,772)].

given #5415 (F,wt=8): 33795 cen(f1(f3(c1))) != f1(f3(c1)).  [resolve(33782,a,15,a)].

given #5416 (F,wt=9): 13966 f3(cen(f4(g8))) != f1(cen(f4(g8))).  [resolve(7900,a,24,a)].

given #5417 (F,wt=9): 13967 f2(cen(f4(g8))) != f1(cen(f4(g8))).  [resolve(7900,a,23,a)].

given #5418 (F,wt=9): 14115 f4(cen(f3(g8))) != f3(cen(f3(g8))).  [resolve(7955,a,28,a)].

given #5419 (T,wt=6): 9560 mem(f2(c1),f4(f2(c1))).  [resolve(9523,a,22,a)].

given #5420 (T,wt=4): 33806 car(f4(f2(c1))).  [resolve(9560,a,17,a)].

given #5421 (T,wt=5): 33820 car(cen(f4(f2(c1)))).  [resolve(33806,a,14,a)].

given #5422 (T,wt=6): 9561 mem(f2(c1),f3(f2(c1))).  [resolve(9523,a,21,a)].

given #5423 (A,wt=10): 1595 -car(x) | cen(c2) != cen(x) | mem(x,c2).  [resolve(862,a,32,e),unit_del(b,772)].

given #5424 (F,wt=8): 33819 cen(f4(f2(c1))) != f4(f2(c1)).  [resolve(33806,a,15,a)].

given #5425 (F,wt=9): 14116 f4(cen(f3(g8))) != f2(cen(f3(g8))).  [resolve(7955,a,27,a)].

given #5426 (F,wt=9): 14117 f3(cen(f3(g8))) != f2(cen(f3(g8))).  [resolve(7955,a,26,a)].

given #5427 (F,wt=9): 14118 f4(cen(f3(g8))) != f1(cen(f3(g8))).  [resolve(7955,a,25,a)].

given #5428 (T,wt=4): 33830 car(f3(f2(c1))).  [resolve(9561,a,17,a)].

given #5429 (T,wt=5): 33866 car(cen(f3(f2(c1)))).  [resolve(33830,a,14,a)].

given #5430 (T,wt=6): 9562 mem(f2(c1),f2(f2(c1))).  [resolve(9523,a,20,a)].

given #5431 (T,wt=4): 33876 car(f2(f2(c1))).  [resolve(9562,a,17,a)].

given #5432 (A,wt=16): 1596 f1(c2) = c2 | f2(c2) = c2 | f3(c2) = c2 | f4(c2) = c2.  [resolve(862,a,30,b),unit_del(a,772)].

given #5433 (F,wt=8): 33865 cen(f3(f2(c1))) != f3(f2(c1)).  [resolve(33830,a,15,a)].

given #5434 (F,wt=8): 33889 cen(f2(f2(c1))) != f2(f2(c1)).  [resolve(33876,a,15,a)].

given #5435 (F,wt=9): 14119 f3(cen(f3(g8))) != f1(cen(f3(g8))).  [resolve(7955,a,24,a)].

given #5436 (F,wt=9): 14120 f2(cen(f3(g8))) != f1(cen(f3(g8))).  [resolve(7955,a,23,a)].

given #5437 (T,wt=5): 33890 car(cen(f2(f2(c1)))).  [resolve(33876,a,14,a)].

given #5438 (T,wt=6): 9563 mem(f2(c1),f1(f2(c1))).  [resolve(9523,a,19,a)].

given #5439 (T,wt=4): 33900 car(f1(f2(c1))).  [resolve(9563,a,17,a)].

given #5440 (T,wt=5): 33914 car(cen(f1(f2(c1)))).  [resolve(33900,a,14,a)].

given #5441 (A,wt=61): 1597 -car(x) | -car(y) | -car(z) | cen(y) != cen(x) | cen(z) != cen(x) | cen(cen(c2)) != cen(x) | cen(pa) != cen(x) | y = x | z = x | cen(c2) = x | pb = x | z = y | cen(c2) = y | pb = y | cen(c2) = z | pb = z | cen(c2) = pb.  [resolve(864,a,371,d),flip(q)].

given #5442 (F,wt=8): 33913 cen(f1(f2(c1))) != f1(f2(c1)).  [resolve(33900,a,15,a)].

given #5443 (F,wt=9): 14136 f4(cen(f2(g8))) != f3(cen(f2(g8))).  [resolve(8136,a,28,a)].

given #5444 (F,wt=9): 14137 f4(cen(f2(g8))) != f2(cen(f2(g8))).  [resolve(8136,a,27,a)].

given #5445 (F,wt=9): 14138 f3(cen(f2(g8))) != f2(cen(f2(g8))).  [resolve(8136,a,26,a)].

given #5446 (T,wt=6): 9585 blocked(f1(c1),cen(f1(c1))).  [resolve(9572,a,35,a)].

given #5447 (T,wt=6): 9592 mem(f1(c1),f4(f1(c1))).  [resolve(9572,a,22,a)].

given #5448 (T,wt=4): 33924 car(f4(f1(c1))).  [resolve(9592,a,17,a)].

given #5449 (T,wt=5): 33938 car(cen(f4(f1(c1)))).  [resolve(33924,a,14,a)].

given #5450 (A,wt=64): 1598 -car(x) | -car(y) | -car(z) | cen(cen(c2)) != cen(x) | cen(cen(c2)) != cen(y) | cen(cen(c2)) != cen(z) | cen(cen(c2)) != cen(pa) | cen(c2) = x | cen(c2) = y | cen(c2) = z | cen(c2) = pb | y = x | z = x | pb = x | z = y | pb = y | pb = z.  [resolve(864,a,371,a),flip(d),flip(e),flip(f),flip(g),flip(h),flip(i),flip(j),flip(k)].

given #5451 (F,wt=8): 33937 cen(f4(f1(c1))) != f4(f1(c1)).  [resolve(33924,a,15,a)].

given #5452 (F,wt=9): 14139 f4(cen(f2(g8))) != f1(cen(f2(g8))).  [resolve(8136,a,25,a)].

given #5453 (F,wt=9): 14140 f3(cen(f2(g8))) != f1(cen(f2(g8))).  [resolve(8136,a,24,a)].

given #5454 (F,wt=9): 14141 f2(cen(f2(g8))) != f1(cen(f2(g8))).  [resolve(8136,a,23,a)].

given #5455 (T,wt=6): 9593 mem(f1(c1),f3(f1(c1))).  [resolve(9572,a,21,a)].

given #5456 (T,wt=4): 33948 car(f3(f1(c1))).  [resolve(9593,a,17,a)].

given #5457 (T,wt=5): 33962 car(cen(f3(f1(c1)))).  [resolve(33948,a,14,a)].

given #5458 (T,wt=6): 9594 mem(f1(c1),f2(f1(c1))).  [resolve(9572,a,20,a)].

given #5459 (A,wt=61): 1599 -car(x) | -car(y) | -car(z) | cen(pa) != cen(x) | cen(pa) != cen(y) | cen(pa) != cen(z) | cen(cen(c2)) != cen(pa) | pa = x | pa = y | pa = z | cen(c2) = pa | y = x | z = x | cen(c2) = x | z = y | cen(c2) = y | cen(c2) = z.  [resolve(864,a,356,d),flip(g),flip(k)].

given #5460 (F,wt=8): 33961 cen(f3(f1(c1))) != f3(f1(c1)).  [resolve(33948,a,15,a)].

given #5461 (F,wt=9): 14157 f4(cen(f1(g8))) != f3(cen(f1(g8))).  [resolve(8192,a,28,a)].

given #5462 (F,wt=9): 14158 f4(cen(f1(g8))) != f2(cen(f1(g8))).  [resolve(8192,a,27,a)].

given #5463 (F,wt=9): 14159 f3(cen(f1(g8))) != f2(cen(f1(g8))).  [resolve(8192,a,26,a)].

given #5464 (T,wt=4): 33972 car(f2(f1(c1))).  [resolve(9594,a,17,a)].

given #5465 (T,wt=5): 33986 car(cen(f2(f1(c1)))).  [resolve(33972,a,14,a)].

given #5466 (T,wt=6): 9595 mem(f1(c1),f1(f1(c1))).  [resolve(9572,a,19,a)].

given #5467 (T,wt=4): 33996 car(f1(f1(c1))).  [resolve(9595,a,17,a)].

given #5468 (A,wt=61): 1600 -car(x) | -car(y) | -car(z) | cen(y) != cen(x) | cen(z) != cen(x) | cen(cen(c2)) != cen(x) | cen(pa) != cen(x) | y = x | z = x | cen(c2) = x | pa = x | z = y | cen(c2) = y | pa = y | cen(c2) = z | pa = z | cen(c2) = pa.  [resolve(864,a,355,d),flip(q)].

given #5469 (F,wt=8): 33985 cen(f2(f1(c1))) != f2(f1(c1)).  [resolve(33972,a,15,a)].

given #5470 (F,wt=8): 34009 cen(f1(f1(c1))) != f1(f1(c1)).  [resolve(33996,a,15,a)].

given #5471 (F,wt=9): 14160 f4(cen(f1(g8))) != f1(cen(f1(g8))).  [resolve(8192,a,25,a)].

given #5472 (F,wt=9): 14161 f3(cen(f1(g8))) != f1(cen(f1(g8))).  [resolve(8192,a,24,a)].

given #5473 (T,wt=5): 34010 car(cen(f1(f1(c1)))).  [resolve(33996,a,14,a)].

given #5474 (T,wt=6): 9625 blocked(f4(c2),cen(f4(c2))).  [resolve(9612,a,35,a)].

given #5475 (T,wt=6): 9632 mem(f4(c2),f4(f4(c2))).  [resolve(9612,a,22,a)].

given #5476 (T,wt=4): 34020 car(f4(f4(c2))).  [resolve(9632,a,17,a)].

given #5477 (A,wt=64): 1601 -car(x) | -car(y) | -car(z) | cen(cen(c2)) != cen(x) | cen(cen(c2)) != cen(y) | cen(cen(c2)) != cen(z) | cen(cen(c2)) != cen(pa) | cen(c2) = x | cen(c2) = y | cen(c2) = z | cen(c2) = pa | y = x | z = x | pa = x | z = y | pa = y | pa = z.  [resolve(864,a,355,a),flip(d),flip(e),flip(f),flip(g),flip(h),flip(i),flip(j),flip(k)].

given #5478 (F,wt=8): 34033 cen(f4(f4(c2))) != f4(f4(c2)).  [resolve(34020,a,15,a)].

given #5479 (F,wt=9): 14162 f2(cen(f1(g8))) != f1(cen(f1(g8))).  [resolve(8192,a,23,a)].

given #5480 (F,wt=9): 14178 f4(cen(f4(g9))) != f3(cen(f4(g9))).  [resolve(8359,a,28,a)].

given #5481 (F,wt=9): 14179 f4(cen(f4(g9))) != f2(cen(f4(g9))).  [resolve(8359,a,27,a)].

given #5482 (T,wt=5): 34034 car(cen(f4(f4(c2)))).  [resolve(34020,a,14,a)].

given #5483 (T,wt=6): 9633 mem(f4(c2),f3(f4(c2))).  [resolve(9612,a,21,a)].

given #5484 (T,wt=4): 34044 car(f3(f4(c2))).  [resolve(9633,a,17,a)].

given #5485 (T,wt=5): 34058 car(cen(f3(f4(c2)))).  [resolve(34044,a,14,a)].

given #5486 (A,wt=63): 1602 -car(x) | -car(y) | -car(z) | -car(u) | cen(y) != cen(x) | cen(z) != cen(x) | cen(u) != cen(x) | cen(cen(c2)) != cen(x) | y = x | z = x | u = x | cen(c2) = x | z = y | u = y | cen(c2) = y | u = z | cen(c2) = z | cen(c2) = u.  [resolve(864,a,36,e)].

given #5487 (F,wt=8): 34057 cen(f3(f4(c2))) != f3(f4(c2)).  [resolve(34044,a,15,a)].

given #5488 (F,wt=9): 14180 f3(cen(f4(g9))) != f2(cen(f4(g9))).  [resolve(8359,a,26,a)].

given #5489 (F,wt=9): 14181 f4(cen(f4(g9))) != f1(cen(f4(g9))).  [resolve(8359,a,25,a)].

given #5490 (F,wt=9): 14182 f3(cen(f4(g9))) != f1(cen(f4(g9))).  [resolve(8359,a,24,a)].

given #5491 (T,wt=6): 9634 mem(f4(c2),f2(f4(c2))).  [resolve(9612,a,20,a)].

given #5492 (T,wt=4): 34068 car(f2(f4(c2))).  [resolve(9634,a,17,a)].

given #5493 (T,wt=5): 34082 car(cen(f2(f4(c2)))).  [resolve(34068,a,14,a)].

given #5494 (T,wt=6): 9635 mem(f4(c2),f1(f4(c2))).  [resolve(9612,a,19,a)].

given #5495 (A,wt=66): 1603 -car(x) | -car(y) | -car(z) | -car(u) | cen(cen(c2)) != cen(x) | cen(cen(c2)) != cen(y) | cen(cen(c2)) != cen(z) | cen(cen(c2)) != cen(u) | cen(c2) = x | cen(c2) = y | cen(c2) = z | cen(c2) = u | y = x | z = x | u = x | z = y | u = y | u = z.  [resolve(864,a,36,a),flip(e),flip(f),flip(g),flip(h),flip(i),flip(j),flip(k),flip(l)].

given #5496 (F,wt=8): 34081 cen(f2(f4(c2))) != f2(f4(c2)).  [resolve(34068,a,15,a)].

given #5497 (F,wt=9): 14183 f2(cen(f4(g9))) != f1(cen(f4(g9))).  [resolve(8359,a,23,a)].

given #5498 (F,wt=9): 14499 f4(cen(f3(g9))) != f3(cen(f3(g9))).  [resolve(8517,a,28,a)].

given #5499 (F,wt=9): 14500 f4(cen(f3(g9))) != f2(cen(f3(g9))).  [resolve(8517,a,27,a)].

given #5500 (T,wt=4): 34092 car(f1(f4(c2))).  [resolve(9635,a,17,a)].

given #5501 (T,wt=5): 34106 car(cen(f1(f4(c2)))).  [resolve(34092,a,14,a)].

given #5502 (T,wt=6): 9657 blocked(f3(c2),cen(f3(c2))).  [resolve(9644,a,35,a)].

given #5503 (T,wt=6): 9664 mem(f3(c2),f4(f3(c2))).  [resolve(9644,a,22,a)].

given #5504 (A,wt=51): 1618 -car(x) | -car(y) | cen(pa) != cen(x) | cen(y) != cen(x) | cen(cen(c2)) != cen(x) | pa = x | y = x | cen(c2) = x | pb = x | pa = y | cen(c2) = pa | cen(c2) = y | pb = y | cen(c2) = pb.  [factor(1597,d,g),flip(k),unit_del(b,37),unit_del(m,47)].

given #5505 (F,wt=8): 34105 cen(f1(f4(c2))) != f1(f4(c2)).  [resolve(34092,a,15,a)].

given #5506 (F,wt=9): 14501 f3(cen(f3(g9))) != f2(cen(f3(g9))).  [resolve(8517,a,26,a)].

given #5507 (F,wt=9): 14502 f4(cen(f3(g9))) != f1(cen(f3(g9))).  [resolve(8517,a,25,a)].

given #5508 (F,wt=9): 14503 f3(cen(f3(g9))) != f1(cen(f3(g9))).  [resolve(8517,a,24,a)].

given #5509 (T,wt=4): 34116 car(f4(f3(c2))).  [resolve(9664,a,17,a)].

given #5510 (T,wt=5): 34130 car(cen(f4(f3(c2)))).  [resolve(34116,a,14,a)].

given #5511 (T,wt=6): 9665 mem(f3(c2),f3(f3(c2))).  [resolve(9644,a,21,a)].

given #5512 (T,wt=4): 34140 car(f3(f3(c2))).  [resolve(9665,a,17,a)].

given #5513 (A,wt=53): 1619 -car(x) | -car(y) | cen(cen(c2)) != cen(pa) | cen(cen(c2)) != cen(x) | cen(cen(c2)) != cen(y) | cen(c2) = pa | cen(c2) = x | cen(c2) = y | cen(c2) = pb | pa = x | pa = y | y = x | pb = x | pb = y.  [factor(1598,d,g),flip(k),flip(l),unit_del(a,37),unit_del(m,47)].

given #5514 (F,wt=8): 34129 cen(f4(f3(c2))) != f4(f3(c2)).  [resolve(34116,a,15,a)].

given #5515 (F,wt=8): 34153 cen(f3(f3(c2))) != f3(f3(c2)).  [resolve(34140,a,15,a)].

given #5516 (F,wt=9): 14504 f2(cen(f3(g9))) != f1(cen(f3(g9))).  [resolve(8517,a,23,a)].

given #5517 (F,wt=9): 14526 f4(cen(f2(g9))) != f3(cen(f2(g9))).  [resolve(8549,a,28,a)].

given #5518 (T,wt=5): 34154 car(cen(f3(f3(c2)))).  [resolve(34140,a,14,a)].

given #5519 (T,wt=6): 9666 mem(f3(c2),f2(f3(c2))).  [resolve(9644,a,20,a)].

given #5520 (T,wt=4): 34164 car(f2(f3(c2))).  [resolve(9666,a,17,a)].

given #5521 (T,wt=5): 34178 car(cen(f2(f3(c2)))).  [resolve(34164,a,14,a)].

given #5522 (A,wt=30): 1620 -car(x) | cen(c3) = cen(x) | -mem(x,cen(x)) | -mem(c3,cen(x)) | -mem(x,cen(c3)) | -mem(c3,cen(c3)) | -mem(x,c3) | cen(x) = c3.  [resolve(880,a,351,i),unit_del(b,781),unit_del(j,881)].

given #5523 (F,wt=8): 34177 cen(f2(f3(c2))) != f2(f3(c2)).  [resolve(34164,a,15,a)].

given #5524 (F,wt=9): 14527 f4(cen(f2(g9))) != f2(cen(f2(g9))).  [resolve(8549,a,27,a)].

given #5525 (F,wt=9): 14528 f3(cen(f2(g9))) != f2(cen(f2(g9))).  [resolve(8549,a,26,a)].

given #5526 (F,wt=9): 14529 f4(cen(f2(g9))) != f1(cen(f2(g9))).  [resolve(8549,a,25,a)].

given #5527 (T,wt=6): 9667 mem(f3(c2),f1(f3(c2))).  [resolve(9644,a,19,a)].

given #5528 (T,wt=4): 34188 car(f1(f3(c2))).  [resolve(9667,a,17,a)].

given #5529 (T,wt=5): 34202 car(cen(f1(f3(c2)))).  [resolve(34188,a,14,a)].

given #5530 (T,wt=6): 9704 blocked(f2(c2),cen(f2(c2))).  [resolve(9691,a,35,a)].

given #5531 (A,wt=31): 1621 -car(x) | cen(c3) = cen(x) | -mem(x,y) | -mem(c3,y) | -mem(x,z) | -mem(c3,z) | -mem(x,c3) | z = y | c3 = y | c3 = z.  [resolve(880,a,33,i),unit_del(b,781)].

given #5532 (F,wt=8): 34201 cen(f1(f3(c2))) != f1(f3(c2)).  [resolve(34188,a,15,a)].

given #5533 (F,wt=9): 14530 f3(cen(f2(g9))) != f1(cen(f2(g9))).  [resolve(8549,a,24,a)].

given #5534 (F,wt=9): 14531 f2(cen(f2(g9))) != f1(cen(f2(g9))).  [resolve(8549,a,23,a)].

given #5535 (F,wt=9): 14548 f4(cen(f1(g9))) != f3(cen(f1(g9))).  [resolve(8598,a,28,a)].

given #5536 (T,wt=6): 9711 mem(f2(c2),f4(f2(c2))).  [resolve(9691,a,22,a)].

given #5537 (T,wt=4): 34212 car(f4(f2(c2))).  [resolve(9711,a,17,a)].

given #5538 (T,wt=5): 34226 car(cen(f4(f2(c2)))).  [resolve(34212,a,14,a)].

given #5539 (T,wt=6): 9712 mem(f2(c2),f3(f2(c2))).  [resolve(9691,a,21,a)].

given #5540 (A,wt=10): 1622 -car(x) | cen(c3) != cen(x) | mem(x,c3).  [resolve(880,a,32,e),unit_del(b,781)].

given #5541 (F,wt=8): 34225 cen(f4(f2(c2))) != f4(f2(c2)).  [resolve(34212,a,15,a)].

given #5542 (F,wt=9): 14549 f4(cen(f1(g9))) != f2(cen(f1(g9))).  [resolve(8598,a,27,a)].

given #5543 (F,wt=9): 14550 f3(cen(f1(g9))) != f2(cen(f1(g9))).  [resolve(8598,a,26,a)].

given #5544 (F,wt=9): 14551 f4(cen(f1(g9))) != f1(cen(f1(g9))).  [resolve(8598,a,25,a)].

given #5545 (T,wt=4): 34236 car(f3(f2(c2))).  [resolve(9712,a,17,a)].

given #5546 (T,wt=5): 34272 car(cen(f3(f2(c2)))).  [resolve(34236,a,14,a)].

given #5547 (T,wt=6): 9713 mem(f2(c2),f2(f2(c2))).  [resolve(9691,a,20,a)].

given #5548 (T,wt=4): 34282 car(f2(f2(c2))).  [resolve(9713,a,17,a)].

given #5549 (A,wt=16): 1623 f1(c3) = c3 | f2(c3) = c3 | f3(c3) = c3 | f4(c3) = c3.  [resolve(880,a,30,b),unit_del(a,781)].

given #5550 (F,wt=8): 34271 cen(f3(f2(c2))) != f3(f2(c2)).  [resolve(34236,a,15,a)].

given #5551 (F,wt=8): 34295 cen(f2(f2(c2))) != f2(f2(c2)).  [resolve(34282,a,15,a)].

given #5552 (F,wt=9): 14552 f3(cen(f1(g9))) != f1(cen(f1(g9))).  [resolve(8598,a,24,a)].

given #5553 (F,wt=9): 14553 f2(cen(f1(g9))) != f1(cen(f1(g9))).  [resolve(8598,a,23,a)].

given #5554 (T,wt=5): 34296 car(cen(f2(f2(c2)))).  [resolve(34282,a,14,a)].

given #5555 (T,wt=6): 9714 mem(f2(c2),f1(f2(c2))).  [resolve(9691,a,19,a)].

given #5556 (T,wt=4): 34306 car(f1(f2(c2))).  [resolve(9714,a,17,a)].

given #5557 (T,wt=5): 34320 car(cen(f1(f2(c2)))).  [resolve(34306,a,14,a)].

given #5558 (A,wt=61): 1624 -car(x) | -car(y) | -car(z) | cen(y) != cen(x) | cen(z) != cen(x) | cen(cen(c3)) != cen(x) | cen(pa) != cen(x) | y = x | z = x | cen(c3) = x | pb = x | z = y | cen(c3) = y | pb = y | cen(c3) = z | pb = z | cen(c3) = pb.  [resolve(882,a,371,d),flip(q)].

given #5559 (F,wt=8): 34319 cen(f1(f2(c2))) != f1(f2(c2)).  [resolve(34306,a,15,a)].

given #5560 (F,wt=9): 14570 f4(cen(f4(g10))) != f3(cen(f4(g10))).  [resolve(8630,a,28,a)].

given #5561 (F,wt=9): 14571 f4(cen(f4(g10))) != f2(cen(f4(g10))).  [resolve(8630,a,27,a)].

given #5562 (F,wt=9): 14572 f3(cen(f4(g10))) != f2(cen(f4(g10))).  [resolve(8630,a,26,a)].

given #5563 (T,wt=6): 9736 blocked(f1(c2),cen(f1(c2))).  [resolve(9723,a,35,a)].

given #5564 (T,wt=6): 9743 mem(f1(c2),f4(f1(c2))).  [resolve(9723,a,22,a)].

given #5565 (T,wt=4): 34330 car(f4(f1(c2))).  [resolve(9743,a,17,a)].

given #5566 (T,wt=5): 34344 car(cen(f4(f1(c2)))).  [resolve(34330,a,14,a)].

given #5567 (A,wt=64): 1625 -car(x) | -car(y) | -car(z) | cen(cen(c3)) != cen(x) | cen(cen(c3)) != cen(y) | cen(cen(c3)) != cen(z) | cen(cen(c3)) != cen(pa) | cen(c3) = x | cen(c3) = y | cen(c3) = z | cen(c3) = pb | y = x | z = x | pb = x | z = y | pb = y | pb = z.  [resolve(882,a,371,a),flip(d),flip(e),flip(f),flip(g),flip(h),flip(i),flip(j),flip(k)].

given #5568 (F,wt=8): 34343 cen(f4(f1(c2))) != f4(f1(c2)).  [resolve(34330,a,15,a)].

given #5569 (F,wt=9): 14573 f4(cen(f4(g10))) != f1(cen(f4(g10))).  [resolve(8630,a,25,a)].

given #5570 (F,wt=9): 14574 f3(cen(f4(g10))) != f1(cen(f4(g10))).  [resolve(8630,a,24,a)].

given #5571 (F,wt=9): 14575 f2(cen(f4(g10))) != f1(cen(f4(g10))).  [resolve(8630,a,23,a)].

given #5572 (T,wt=6): 9744 mem(f1(c2),f3(f1(c2))).  [resolve(9723,a,21,a)].

given #5573 (T,wt=4): 34354 car(f3(f1(c2))).  [resolve(9744,a,17,a)].

given #5574 (T,wt=5): 34368 car(cen(f3(f1(c2)))).  [resolve(34354,a,14,a)].

given #5575 (T,wt=6): 9745 mem(f1(c2),f2(f1(c2))).  [resolve(9723,a,20,a)].

given #5576 (A,wt=61): 1626 -car(x) | -car(y) | -car(z) | cen(pa) != cen(x) | cen(pa) != cen(y) | cen(pa) != cen(z) | cen(cen(c3)) != cen(pa) | pa = x | pa = y | pa = z | cen(c3) = pa | y = x | z = x | cen(c3) = x | z = y | cen(c3) = y | cen(c3) = z.  [resolve(882,a,356,d),flip(g),flip(k)].

given #5577 (F,wt=8): 34367 cen(f3(f1(c2))) != f3(f1(c2)).  [resolve(34354,a,15,a)].

given #5578 (F,wt=9): 14592 f4(cen(f3(g10))) != f3(cen(f3(g10))).  [resolve(8693,a,28,a)].

given #5579 (F,wt=9): 14593 f4(cen(f3(g10))) != f2(cen(f3(g10))).  [resolve(8693,a,27,a)].

given #5580 (F,wt=9): 14594 f3(cen(f3(g10))) != f2(cen(f3(g10))).  [resolve(8693,a,26,a)].

given #5581 (T,wt=4): 34378 car(f2(f1(c2))).  [resolve(9745,a,17,a)].

given #5582 (T,wt=5): 34392 car(cen(f2(f1(c2)))).  [resolve(34378,a,14,a)].

given #5583 (T,wt=6): 9746 mem(f1(c2),f1(f1(c2))).  [resolve(9723,a,19,a)].

given #5584 (T,wt=4): 34402 car(f1(f1(c2))).  [resolve(9746,a,17,a)].

given #5585 (A,wt=61): 1627 -car(x) | -car(y) | -car(z) | cen(y) != cen(x) | cen(z) != cen(x) | cen(cen(c3)) != cen(x) | cen(pa) != cen(x) | y = x | z = x | cen(c3) = x | pa = x | z = y | cen(c3) = y | pa = y | cen(c3) = z | pa = z | cen(c3) = pa.  [resolve(882,a,355,d),flip(q)].

given #5586 (F,wt=8): 34391 cen(f2(f1(c2))) != f2(f1(c2)).  [resolve(34378,a,15,a)].

given #5587 (F,wt=8): 34415 cen(f1(f1(c2))) != f1(f1(c2)).  [resolve(34402,a,15,a)].

given #5588 (F,wt=9): 14595 f4(cen(f3(g10))) != f1(cen(f3(g10))).  [resolve(8693,a,25,a)].

given #5589 (F,wt=9): 14596 f3(cen(f3(g10))) != f1(cen(f3(g10))).  [resolve(8693,a,24,a)].

given #5590 (T,wt=5): 34416 car(cen(f1(f1(c2)))).  [resolve(34402,a,14,a)].

given #5591 (T,wt=6): 9775 blocked(f4(c3),cen(f4(c3))).  [resolve(9762,a,35,a)].

given #5592 (T,wt=6): 9782 mem(f4(c3),f4(f4(c3))).  [resolve(9762,a,22,a)].

given #5593 (T,wt=4): 34426 car(f4(f4(c3))).  [resolve(9782,a,17,a)].

given #5594 (A,wt=64): 1628 -car(x) | -car(y) | -car(z) | cen(cen(c3)) != cen(x) | cen(cen(c3)) != cen(y) | cen(cen(c3)) != cen(z) | cen(cen(c3)) != cen(pa) | cen(c3) = x | cen(c3) = y | cen(c3) = z | cen(c3) = pa | y = x | z = x | pa = x | z = y | pa = y | pa = z.  [resolve(882,a,355,a),flip(d),flip(e),flip(f),flip(g),flip(h),flip(i),flip(j),flip(k)].

given #5595 (F,wt=8): 34439 cen(f4(f4(c3))) != f4(f4(c3)).  [resolve(34426,a,15,a)].

given #5596 (F,wt=9): 14597 f2(cen(f3(g10))) != f1(cen(f3(g10))).  [resolve(8693,a,23,a)].

given #5597 (F,wt=9): 14616 f4(cen(f2(g10))) != f3(cen(f2(g10))).  [resolve(8725,a,28,a)].

given #5598 (F,wt=9): 14617 f4(cen(f2(g10))) != f2(cen(f2(g10))).  [resolve(8725,a,27,a)].

given #5599 (T,wt=5): 34440 car(cen(f4(f4(c3)))).  [resolve(34426,a,14,a)].

given #5600 (T,wt=6): 9783 mem(f4(c3),f3(f4(c3))).  [resolve(9762,a,21,a)].

given #5601 (T,wt=4): 34450 car(f3(f4(c3))).  [resolve(9783,a,17,a)].

given #5602 (T,wt=5): 34464 car(cen(f3(f4(c3)))).  [resolve(34450,a,14,a)].

given #5603 (A,wt=63): 1629 -car(x) | -car(y) | -car(z) | -car(u) | cen(y) != cen(x) | cen(z) != cen(x) | cen(u) != cen(x) | cen(cen(c3)) != cen(x) | y = x | z = x | u = x | cen(c3) = x | z = y | u = y | cen(c3) = y | u = z | cen(c3) = z | cen(c3) = u.  [resolve(882,a,36,e)].

given #5604 (F,wt=8): 34463 cen(f3(f4(c3))) != f3(f4(c3)).  [resolve(34450,a,15,a)].

given #5605 (F,wt=9): 14618 f3(cen(f2(g10))) != f2(cen(f2(g10))).  [resolve(8725,a,26,a)].

given #5606 (F,wt=9): 14619 f4(cen(f2(g10))) != f1(cen(f2(g10))).  [resolve(8725,a,25,a)].

given #5607 (F,wt=9): 14620 f3(cen(f2(g10))) != f1(cen(f2(g10))).  [resolve(8725,a,24,a)].

given #5608 (T,wt=6): 9784 mem(f4(c3),f2(f4(c3))).  [resolve(9762,a,20,a)].

given #5609 (T,wt=4): 34474 car(f2(f4(c3))).  [resolve(9784,a,17,a)].

given #5610 (T,wt=5): 34488 car(cen(f2(f4(c3)))).  [resolve(34474,a,14,a)].

given #5611 (T,wt=6): 9785 mem(f4(c3),f1(f4(c3))).  [resolve(9762,a,19,a)].

given #5612 (A,wt=66): 1630 -car(x) | -car(y) | -car(z) | -car(u) | cen(cen(c3)) != cen(x) | cen(cen(c3)) != cen(y) | cen(cen(c3)) != cen(z) | cen(cen(c3)) != cen(u) | cen(c3) = x | cen(c3) = y | cen(c3) = z | cen(c3) = u | y = x | z = x | u = x | z = y | u = y | u = z.  [resolve(882,a,36,a),flip(e),flip(f),flip(g),flip(h),flip(i),flip(j),flip(k),flip(l)].

given #5613 (F,wt=8): 34487 cen(f2(f4(c3))) != f2(f4(c3)).  [resolve(34474,a,15,a)].

given #5614 (F,wt=9): 14621 f2(cen(f2(g10))) != f1(cen(f2(g10))).  [resolve(8725,a,23,a)].

given #5615 (F,wt=9): 14638 f4(cen(f1(g10))) != f3(cen(f1(g10))).  [resolve(8771,a,28,a)].

given #5616 (F,wt=9): 14639 f4(cen(f1(g10))) != f2(cen(f1(g10))).  [resolve(8771,a,27,a)].

given #5617 (T,wt=4): 34498 car(f1(f4(c3))).  [resolve(9785,a,17,a)].

given #5618 (T,wt=5): 34512 car(cen(f1(f4(c3)))).  [resolve(34498,a,14,a)].

given #5619 (T,wt=6): 9820 blocked(f3(c3),cen(f3(c3))).  [resolve(9794,a,35,a)].

given #5620 (T,wt=6): 9827 mem(f3(c3),f4(f3(c3))).  [resolve(9794,a,22,a)].

given #5621 (A,wt=51): 1645 -car(x) | -car(y) | cen(pa) != cen(x) | cen(y) != cen(x) | cen(cen(c3)) != cen(x) | pa = x | y = x | cen(c3) = x | pb = x | pa = y | cen(c3) = pa | cen(c3) = y | pb = y | cen(c3) = pb.  [factor(1624,d,g),flip(k),unit_del(b,37),unit_del(m,47)].

given #5622 (F,wt=8): 34511 cen(f1(f4(c3))) != f1(f4(c3)).  [resolve(34498,a,15,a)].

given #5623 (F,wt=9): 14640 f3(cen(f1(g10))) != f2(cen(f1(g10))).  [resolve(8771,a,26,a)].

given #5624 (F,wt=9): 14641 f4(cen(f1(g10))) != f1(cen(f1(g10))).  [resolve(8771,a,25,a)].

given #5625 (F,wt=9): 14642 f3(cen(f1(g10))) != f1(cen(f1(g10))).  [resolve(8771,a,24,a)].

given #5626 (T,wt=4): 34522 car(f4(f3(c3))).  [resolve(9827,a,17,a)].

given #5627 (T,wt=5): 34536 car(cen(f4(f3(c3)))).  [resolve(34522,a,14,a)].

given #5628 (T,wt=6): 9828 mem(f3(c3),f3(f3(c3))).  [resolve(9794,a,21,a)].

given #5629 (T,wt=4): 34546 car(f3(f3(c3))).  [resolve(9828,a,17,a)].

given #5630 (A,wt=53): 1646 -car(x) | -car(y) | cen(cen(c3)) != cen(pa) | cen(cen(c3)) != cen(x) | cen(cen(c3)) != cen(y) | cen(c3) = pa | cen(c3) = x | cen(c3) = y | cen(c3) = pb | pa = x | pa = y | y = x | pb = x | pb = y.  [factor(1625,d,g),flip(k),flip(l),unit_del(a,37),unit_del(m,47)].

given #5631 (F,wt=8): 34535 cen(f4(f3(c3))) != f4(f3(c3)).  [resolve(34522,a,15,a)].

given #5632 (F,wt=8): 34559 cen(f3(f3(c3))) != f3(f3(c3)).  [resolve(34546,a,15,a)].

given #5633 (F,wt=9): 14643 f2(cen(f1(g10))) != f1(cen(f1(g10))).  [resolve(8771,a,23,a)].

given #5634 (F,wt=9): 14660 f4(cen(f4(g11))) != f3(cen(f4(g11))).  [resolve(8830,a,28,a)].

given #5635 (T,wt=5): 34560 car(cen(f3(f3(c3)))).  [resolve(34546,a,14,a)].

given #5636 (T,wt=6): 9829 mem(f3(c3),f2(f3(c3))).  [resolve(9794,a,20,a)].

given #5637 (T,wt=4): 34570 car(f2(f3(c3))).  [resolve(9829,a,17,a)].

given #5638 (T,wt=5): 34584 car(cen(f2(f3(c3)))).  [resolve(34570,a,14,a)].

given #5639 (A,wt=61): 1647 -car(x) | -car(y) | -car(z) | cen(cen(c3)) != cen(pa) | cen(pa) != cen(x) | cen(pa) != cen(y) | cen(pa) != cen(z) | cen(c3) = pb | pb = x | pb = y | pb = z | cen(c3) = x | cen(c3) = y | cen(c3) = z | y = x | z = x | z = y.  [resolve(372,a,882,a),flip(d),flip(h),flip(l),flip(m),flip(n)].

given #5640 (F,wt=8): 34583 cen(f2(f3(c3))) != f2(f3(c3)).  [resolve(34570,a,15,a)].

given #5641 (F,wt=9): 14661 f4(cen(f4(g11))) != f2(cen(f4(g11))).  [resolve(8830,a,27,a)].

given #5642 (F,wt=9): 14662 f3(cen(f4(g11))) != f2(cen(f4(g11))).  [resolve(8830,a,26,a)].

given #5643 (F,wt=9): 14663 f4(cen(f4(g11))) != f1(cen(f4(g11))).  [resolve(8830,a,25,a)].

given #5644 (T,wt=6): 9830 mem(f3(c3),f1(f3(c3))).  [resolve(9794,a,19,a)].

given #5645 (T,wt=4): 34594 car(f1(f3(c3))).  [resolve(9830,a,17,a)].

given #5646 (T,wt=5): 34608 car(cen(f1(f3(c3)))).  [resolve(34594,a,14,a)].

given #5647 (T,wt=6): 9852 blocked(f2(c3),cen(f2(c3))).  [resolve(9839,a,35,a)].

given #5648 (A,wt=61): 1648 -car(x) | -car(y) | -car(z) | cen(cen(c2)) != cen(pa) | cen(pa) != cen(x) | cen(pa) != cen(y) | cen(pa) != cen(z) | cen(c2) = pb | pb = x | pb = y | pb = z | cen(c2) = x | cen(c2) = y | cen(c2) = z | y = x | z = x | z = y.  [resolve(372,a,864,a),flip(d),flip(h),flip(l),flip(m),flip(n)].

given #5649 (F,wt=8): 34607 cen(f1(f3(c3))) != f1(f3(c3)).  [resolve(34594,a,15,a)].

given #5650 (F,wt=9): 14664 f3(cen(f4(g11))) != f1(cen(f4(g11))).  [resolve(8830,a,24,a)].

given #5651 (F,wt=9): 14665 f2(cen(f4(g11))) != f1(cen(f4(g11))).  [resolve(8830,a,23,a)].

given #5652 (F,wt=9): 14682 f4(cen(f3(g11))) != f3(cen(f3(g11))).  [resolve(8862,a,28,a)].

given #5653 (T,wt=6): 9859 mem(f2(c3),f4(f2(c3))).  [resolve(9839,a,22,a)].

given #5654 (T,wt=4): 34618 car(f4(f2(c3))).  [resolve(9859,a,17,a)].

given #5655 (T,wt=5): 34632 car(cen(f4(f2(c3)))).  [resolve(34618,a,14,a)].

given #5656 (T,wt=6): 9860 mem(f2(c3),f3(f2(c3))).  [resolve(9839,a,21,a)].

given #5657 (A,wt=56): 1649 -car(x) | -car(y) | -car(z) | cen(c4) != cen(pa) | cen(pa) != cen(x) | cen(pa) != cen(y) | cen(pa) != cen(z) | c4 = pb | pb = x | pb = y | pb = z | c4 = x | c4 = y | c4 = z | y = x | z = x | z = y.  [resolve(372,a,790,a),flip(d),flip(h),flip(l),flip(m),flip(n)].

given #5658 (F,wt=8): 34631 cen(f4(f2(c3))) != f4(f2(c3)).  [resolve(34618,a,15,a)].

given #5659 (F,wt=9): 14683 f4(cen(f3(g11))) != f2(cen(f3(g11))).  [resolve(8862,a,27,a)].

given #5660 (F,wt=9): 14684 f3(cen(f3(g11))) != f2(cen(f3(g11))).  [resolve(8862,a,26,a)].

given #5661 (F,wt=9): 14685 f4(cen(f3(g11))) != f1(cen(f3(g11))).  [resolve(8862,a,25,a)].

given #5662 (T,wt=4): 34642 car(f3(f2(c3))).  [resolve(9860,a,17,a)].

given #5663 (T,wt=5): 34656 car(cen(f3(f2(c3)))).  [resolve(34642,a,14,a)].

given #5664 (T,wt=6): 9861 mem(f2(c3),f2(f2(c3))).  [resolve(9839,a,20,a)].

given #5665 (T,wt=4): 34666 car(f2(f2(c3))).  [resolve(9861,a,17,a)].

given #5666 (A,wt=56): 1650 -car(x) | -car(y) | -car(z) | cen(c3) != cen(pa) | cen(pa) != cen(x) | cen(pa) != cen(y) | cen(pa) != cen(z) | c3 = pb | pb = x | pb = y | pb = z | c3 = x | c3 = y | c3 = z | y = x | z = x | z = y.  [resolve(372,a,781,a),flip(d),flip(h),flip(l),flip(m),flip(n)].

given #5667 (F,wt=8): 34655 cen(f3(f2(c3))) != f3(f2(c3)).  [resolve(34642,a,15,a)].

given #5668 (F,wt=8): 34679 cen(f2(f2(c3))) != f2(f2(c3)).  [resolve(34666,a,15,a)].

given #5669 (F,wt=9): 14686 f3(cen(f3(g11))) != f1(cen(f3(g11))).  [resolve(8862,a,24,a)].

given #5670 (F,wt=9): 14687 f2(cen(f3(g11))) != f1(cen(f3(g11))).  [resolve(8862,a,23,a)].

given #5671 (T,wt=5): 34680 car(cen(f2(f2(c3)))).  [resolve(34666,a,14,a)].

given #5672 (T,wt=6): 9862 mem(f2(c3),f1(f2(c3))).  [resolve(9839,a,19,a)].

given #5673 (T,wt=4): 34690 car(f1(f2(c3))).  [resolve(9862,a,17,a)].

given #5674 (T,wt=5): 34704 car(cen(f1(f2(c3)))).  [resolve(34690,a,14,a)].

given #5675 (A,wt=56): 1651 -car(x) | -car(y) | -car(z) | cen(c2) != cen(pa) | cen(pa) != cen(x) | cen(pa) != cen(y) | cen(pa) != cen(z) | c2 = pb | pb = x | pb = y | pb = z | c2 = x | c2 = y | c2 = z | y = x | z = x | z = y.  [resolve(372,a,772,a),flip(d),flip(h),flip(l),flip(m),flip(n)].

given #5676 (F,wt=8): 34703 cen(f1(f2(c3))) != f1(f2(c3)).  [resolve(34690,a,15,a)].

given #5677 (F,wt=9): 14827 f4(cen(f2(g11))) != f3(cen(f2(g11))).  [resolve(8907,a,28,a)].

given #5678 (F,wt=9): 14828 f4(cen(f2(g11))) != f2(cen(f2(g11))).  [resolve(8907,a,27,a)].

given #5679 (F,wt=9): 14829 f3(cen(f2(g11))) != f2(cen(f2(g11))).  [resolve(8907,a,26,a)].

given #5680 (T,wt=6): 9890 blocked(f1(c3),cen(f1(c3))).  [resolve(9871,a,35,a)].

given #5681 (T,wt=6): 9897 mem(f1(c3),f4(f1(c3))).  [resolve(9871,a,22,a)].

given #5682 (T,wt=4): 34714 car(f4(f1(c3))).  [resolve(9897,a,17,a)].

given #5683 (T,wt=5): 34728 car(cen(f4(f1(c3)))).  [resolve(34714,a,14,a)].

given #5684 (A,wt=61): 1652 -car(x) | -car(y) | -car(z) | cen(cen(c1)) != cen(pa) | cen(pa) != cen(x) | cen(pa) != cen(y) | cen(pa) != cen(z) | cen(c1) = pb | pb = x | pb = y | pb = z | cen(c1) = x | cen(c1) = y | cen(c1) = z | y = x | z = x | z = y.  [resolve(372,a,768,a),flip(d),flip(h),flip(l),flip(m),flip(n)].

given #5685 (F,wt=8): 34727 cen(f4(f1(c3))) != f4(f1(c3)).  [resolve(34714,a,15,a)].

given #5686 (F,wt=9): 14830 f4(cen(f2(g11))) != f1(cen(f2(g11))).  [resolve(8907,a,25,a)].

given #5687 (F,wt=9): 14831 f3(cen(f2(g11))) != f1(cen(f2(g11))).  [resolve(8907,a,24,a)].

given #5688 (F,wt=9): 14832 f2(cen(f2(g11))) != f1(cen(f2(g11))).  [resolve(8907,a,23,a)].

given #5689 (T,wt=6): 9898 mem(f1(c3),f3(f1(c3))).  [resolve(9871,a,21,a)].

given #5690 (T,wt=4): 34738 car(f3(f1(c3))).  [resolve(9898,a,17,a)].

given #5691 (T,wt=5): 34752 car(cen(f3(f1(c3)))).  [resolve(34738,a,14,a)].

given #5692 (T,wt=6): 9899 mem(f1(c3),f2(f1(c3))).  [resolve(9871,a,20,a)].

given #5693 (A,wt=61): 1653 -car(x) | -car(y) | -car(z) | cen(cen(g14)) != cen(pa) | cen(pa) != cen(x) | cen(pa) != cen(y) | cen(pa) != cen(z) | cen(g14) = pb | pb = x | pb = y | pb = z | cen(g14) = x | cen(g14) = y | cen(g14) = z | y = x | z = x | z = y.  [resolve(372,a,752,a),flip(d),flip(h),flip(l),flip(m),flip(n)].

given #5694 (F,wt=8): 34751 cen(f3(f1(c3))) != f3(f1(c3)).  [resolve(34738,a,15,a)].

given #5695 (F,wt=9): 14849 f4(cen(f1(g11))) != f3(cen(f1(g11))).  [resolve(8939,a,28,a)].

given #5696 (F,wt=9): 14850 f4(cen(f1(g11))) != f2(cen(f1(g11))).  [resolve(8939,a,27,a)].

given #5697 (F,wt=9): 14851 f3(cen(f1(g11))) != f2(cen(f1(g11))).  [resolve(8939,a,26,a)].

given #5698 (T,wt=4): 34762 car(f2(f1(c3))).  [resolve(9899,a,17,a)].

given #5699 (T,wt=5): 34776 car(cen(f2(f1(c3)))).  [resolve(34762,a,14,a)].

given #5700 (T,wt=6): 9900 mem(f1(c3),f1(f1(c3))).  [resolve(9871,a,19,a)].

given #5701 (T,wt=4): 34786 car(f1(f1(c3))).  [resolve(9900,a,17,a)].

given #5702 (A,wt=61): 1654 -car(x) | -car(y) | -car(z) | cen(cen(g13)) != cen(pa) | cen(pa) != cen(x) | cen(pa) != cen(y) | cen(pa) != cen(z) | cen(g13) = pb | pb = x | pb = y | pb = z | cen(g13) = x | cen(g13) = y | cen(g13) = z | y = x | z = x | z = y.  [resolve(372,a,736,a),flip(d),flip(h),flip(l),flip(m),flip(n)].

given #5703 (F,wt=8): 34775 cen(f2(f1(c3))) != f2(f1(c3)).  [resolve(34762,a,15,a)].

given #5704 (F,wt=8): 34799 cen(f1(f1(c3))) != f1(f1(c3)).  [resolve(34786,a,15,a)].

given #5705 (F,wt=9): 14852 f4(cen(f1(g11))) != f1(cen(f1(g11))).  [resolve(8939,a,25,a)].

given #5706 (F,wt=9): 14853 f3(cen(f1(g11))) != f1(cen(f1(g11))).  [resolve(8939,a,24,a)].

given #5707 (T,wt=5): 34800 car(cen(f1(f1(c3)))).  [resolve(34786,a,14,a)].

given #5708 (T,wt=6): 9922 blocked(f4(c4),cen(f4(c4))).  [resolve(9909,a,35,a)].

given #5709 (T,wt=6): 9929 mem(f4(c4),f4(f4(c4))).  [resolve(9909,a,22,a)].

given #5710 (T,wt=4): 34810 car(f4(f4(c4))).  [resolve(9929,a,17,a)].

given #5711 (A,wt=61): 1655 -car(x) | -car(y) | -car(z) | cen(cen(g12)) != cen(pa) | cen(pa) != cen(x) | cen(pa) != cen(y) | cen(pa) != cen(z) | cen(g12) = pb | pb = x | pb = y | pb = z | cen(g12) = x | cen(g12) = y | cen(g12) = z | y = x | z = x | z = y.  [resolve(372,a,720,a),flip(d),flip(h),flip(l),flip(m),flip(n)].

given #5712 (F,wt=8): 34823 cen(f4(f4(c4))) != f4(f4(c4)).  [resolve(34810,a,15,a)].

given #5713 (F,wt=9): 14854 f2(cen(f1(g11))) != f1(cen(f1(g11))).  [resolve(8939,a,23,a)].

given #5714 (F,wt=9): 14871 f4(cen(f4(g12))) != f3(cen(f4(g12))).  [resolve(8996,a,28,a)].

given #5715 (F,wt=9): 14872 f4(cen(f4(g12))) != f2(cen(f4(g12))).  [resolve(8996,a,27,a)].

given #5716 (T,wt=5): 34824 car(cen(f4(f4(c4)))).  [resolve(34810,a,14,a)].

given #5717 (T,wt=6): 9930 mem(f4(c4),f3(f4(c4))).  [resolve(9909,a,21,a)].

given #5718 (T,wt=4): 34834 car(f3(f4(c4))).  [resolve(9930,a,17,a)].

given #5719 (T,wt=5): 34848 car(cen(f3(f4(c4)))).  [resolve(34834,a,14,a)].

given #5720 (A,wt=61): 1656 -car(x) | -car(y) | -car(z) | cen(cen(g11)) != cen(pa) | cen(pa) != cen(x) | cen(pa) != cen(y) | cen(pa) != cen(z) | cen(g11) = pb | pb = x | pb = y | pb = z | cen(g11) = x | cen(g11) = y | cen(g11) = z | y = x | z = x | z = y.  [resolve(372,a,704,a),flip(d),flip(h),flip(l),flip(m),flip(n)].

given #5721 (F,wt=8): 34847 cen(f3(f4(c4))) != f3(f4(c4)).  [resolve(34834,a,15,a)].

given #5722 (F,wt=9): 14873 f3(cen(f4(g12))) != f2(cen(f4(g12))).  [resolve(8996,a,26,a)].

given #5723 (F,wt=9): 14874 f4(cen(f4(g12))) != f1(cen(f4(g12))).  [resolve(8996,a,25,a)].

given #5724 (F,wt=9): 14875 f3(cen(f4(g12))) != f1(cen(f4(g12))).  [resolve(8996,a,24,a)].

given #5725 (T,wt=6): 9931 mem(f4(c4),f2(f4(c4))).  [resolve(9909,a,20,a)].

given #5726 (T,wt=4): 34858 car(f2(f4(c4))).  [resolve(9931,a,17,a)].

given #5727 (T,wt=5): 34872 car(cen(f2(f4(c4)))).  [resolve(34858,a,14,a)].

given #5728 (T,wt=6): 9932 mem(f4(c4),f1(f4(c4))).  [resolve(9909,a,19,a)].

given #5729 (A,wt=61): 1657 -car(x) | -car(y) | -car(z) | cen(cen(g10)) != cen(pa) | cen(pa) != cen(x) | cen(pa) != cen(y) | cen(pa) != cen(z) | cen(g10) = pb | pb = x | pb = y | pb = z | cen(g10) = x | cen(g10) = y | cen(g10) = z | y = x | z = x | z = y.  [resolve(372,a,688,a),flip(d),flip(h),flip(l),flip(m),flip(n)].

given #5730 (F,wt=8): 34871 cen(f2(f4(c4))) != f2(f4(c4)).  [resolve(34858,a,15,a)].

given #5731 (F,wt=9): 14876 f2(cen(f4(g12))) != f1(cen(f4(g12))).  [resolve(8996,a,23,a)].

given #5732 (F,wt=9): 14893 f4(cen(f3(g12))) != f3(cen(f3(g12))).  [resolve(9028,a,28,a)].

given #5733 (F,wt=9): 14894 f4(cen(f3(g12))) != f2(cen(f3(g12))).  [resolve(9028,a,27,a)].

given #5734 (T,wt=4): 34882 car(f1(f4(c4))).  [resolve(9932,a,17,a)].

given #5735 (T,wt=5): 34896 car(cen(f1(f4(c4)))).  [resolve(34882,a,14,a)].

given #5736 (T,wt=6): 9965 blocked(f3(c4),cen(f3(c4))).  [resolve(9952,a,35,a)].

given #5737 (T,wt=6): 9972 mem(f3(c4),f4(f3(c4))).  [resolve(9952,a,22,a)].

given #5738 (A,wt=61): 1658 -car(x) | -car(y) | -car(z) | cen(cen(g9)) != cen(pa) | cen(pa) != cen(x) | cen(pa) != cen(y) | cen(pa) != cen(z) | cen(g9) = pb | pb = x | pb = y | pb = z | cen(g9) = x | cen(g9) = y | cen(g9) = z | y = x | z = x | z = y.  [resolve(372,a,672,a),flip(d),flip(h),flip(l),flip(m),flip(n)].

given #5739 (F,wt=8): 34895 cen(f1(f4(c4))) != f1(f4(c4)).  [resolve(34882,a,15,a)].

given #5740 (F,wt=9): 14895 f3(cen(f3(g12))) != f2(cen(f3(g12))).  [resolve(9028,a,26,a)].

given #5741 (F,wt=9): 14896 f4(cen(f3(g12))) != f1(cen(f3(g12))).  [resolve(9028,a,25,a)].

given #5742 (F,wt=9): 14897 f3(cen(f3(g12))) != f1(cen(f3(g12))).  [resolve(9028,a,24,a)].

given #5743 (T,wt=4): 34906 car(f4(f3(c4))).  [resolve(9972,a,17,a)].

given #5744 (T,wt=5): 34920 car(cen(f4(f3(c4)))).  [resolve(34906,a,14,a)].

given #5745 (T,wt=6): 9973 mem(f3(c4),f3(f3(c4))).  [resolve(9952,a,21,a)].

given #5746 (T,wt=4): 34930 car(f3(f3(c4))).  [resolve(9973,a,17,a)].

given #5747 (A,wt=61): 1659 -car(x) | -car(y) | -car(z) | cen(cen(g8)) != cen(pa) | cen(pa) != cen(x) | cen(pa) != cen(y) | cen(pa) != cen(z) | cen(g8) = pb | pb = x | pb = y | pb = z | cen(g8) = x | cen(g8) = y | cen(g8) = z | y = x | z = x | z = y.  [resolve(372,a,656,a),flip(d),flip(h),flip(l),flip(m),flip(n)].

given #5748 (F,wt=8): 34919 cen(f4(f3(c4))) != f4(f3(c4)).  [resolve(34906,a,15,a)].

given #5749 (F,wt=8): 34943 cen(f3(f3(c4))) != f3(f3(c4)).  [resolve(34930,a,15,a)].

given #5750 (F,wt=9): 14898 f2(cen(f3(g12))) != f1(cen(f3(g12))).  [resolve(9028,a,23,a)].

given #5751 (F,wt=9): 15041 f4(cen(f2(g12))) != f3(cen(f2(g12))).  [resolve(9072,a,28,a)].

given #5752 (T,wt=5): 34944 car(cen(f3(f3(c4)))).  [resolve(34930,a,14,a)].

given #5753 (T,wt=6): 9974 mem(f3(c4),f2(f3(c4))).  [resolve(9952,a,20,a)].

given #5754 (T,wt=4): 34954 car(f2(f3(c4))).  [resolve(9974,a,17,a)].

given #5755 (T,wt=5): 34968 car(cen(f2(f3(c4)))).  [resolve(34954,a,14,a)].

given #5756 (A,wt=61): 1660 -car(x) | -car(y) | -car(z) | cen(cen(g7)) != cen(pa) | cen(pa) != cen(x) | cen(pa) != cen(y) | cen(pa) != cen(z) | cen(g7) = pb | pb = x | pb = y | pb = z | cen(g7) = x | cen(g7) = y | cen(g7) = z | y = x | z = x | z = y.  [resolve(372,a,640,a),flip(d),flip(h),flip(l),flip(m),flip(n)].

given #5757 (F,wt=8): 34967 cen(f2(f3(c4))) != f2(f3(c4)).  [resolve(34954,a,15,a)].

given #5758 (F,wt=9): 15042 f4(cen(f2(g12))) != f2(cen(f2(g12))).  [resolve(9072,a,27,a)].

given #5759 (F,wt=9): 15043 f3(cen(f2(g12))) != f2(cen(f2(g12))).  [resolve(9072,a,26,a)].

given #5760 (F,wt=9): 15044 f4(cen(f2(g12))) != f1(cen(f2(g12))).  [resolve(9072,a,25,a)].

given #5761 (T,wt=6): 9975 mem(f3(c4),f1(f3(c4))).  [resolve(9952,a,19,a)].

given #5762 (T,wt=4): 34978 car(f1(f3(c4))).  [resolve(9975,a,17,a)].

given #5763 (T,wt=5): 34992 car(cen(f1(f3(c4)))).  [resolve(34978,a,14,a)].

given #5764 (T,wt=6): 9997 blocked(f2(c4),cen(f2(c4))).  [resolve(9984,a,35,a)].

given #5765 (A,wt=61): 1661 -car(x) | -car(y) | -car(z) | cen(cen(g6)) != cen(pa) | cen(pa) != cen(x) | cen(pa) != cen(y) | cen(pa) != cen(z) | cen(g6) = pb | pb = x | pb = y | pb = z | cen(g6) = x | cen(g6) = y | cen(g6) = z | y = x | z = x | z = y.  [resolve(372,a,624,a),flip(d),flip(h),flip(l),flip(m),flip(n)].

given #5766 (F,wt=8): 34991 cen(f1(f3(c4))) != f1(f3(c4)).  [resolve(34978,a,15,a)].

given #5767 (F,wt=9): 15045 f3(cen(f2(g12))) != f1(cen(f2(g12))).  [resolve(9072,a,24,a)].

given #5768 (F,wt=9): 15046 f2(cen(f2(g12))) != f1(cen(f2(g12))).  [resolve(9072,a,23,a)].

given #5769 (F,wt=9): 15063 f4(cen(f1(g12))) != f3(cen(f1(g12))).  [resolve(9104,a,28,a)].

given #5770 (T,wt=6): 10004 mem(f2(c4),f4(f2(c4))).  [resolve(9984,a,22,a)].

given #5771 (T,wt=4): 35002 car(f4(f2(c4))).  [resolve(10004,a,17,a)].

given #5772 (T,wt=5): 35016 car(cen(f4(f2(c4)))).  [resolve(35002,a,14,a)].

given #5773 (T,wt=6): 10005 mem(f2(c4),f3(f2(c4))).  [resolve(9984,a,21,a)].

given #5774 (A,wt=61): 1662 -car(x) | -car(y) | -car(z) | cen(cen(g5)) != cen(pa) | cen(pa) != cen(x) | cen(pa) != cen(y) | cen(pa) != cen(z) | cen(g5) = pb | pb = x | pb = y | pb = z | cen(g5) = x | cen(g5) = y | cen(g5) = z | y = x | z = x | z = y.  [resolve(372,a,608,a),flip(d),flip(h),flip(l),flip(m),flip(n)].

given #5775 (F,wt=8): 35015 cen(f4(f2(c4))) != f4(f2(c4)).  [resolve(35002,a,15,a)].

given #5776 (F,wt=9): 15064 f4(cen(f1(g12))) != f2(cen(f1(g12))).  [resolve(9104,a,27,a)].

given #5777 (F,wt=9): 15065 f3(cen(f1(g12))) != f2(cen(f1(g12))).  [resolve(9104,a,26,a)].

given #5778 (F,wt=9): 15066 f4(cen(f1(g12))) != f1(cen(f1(g12))).  [resolve(9104,a,25,a)].

given #5779 (T,wt=4): 35026 car(f3(f2(c4))).  [resolve(10005,a,17,a)].

given #5780 (T,wt=5): 35040 car(cen(f3(f2(c4)))).  [resolve(35026,a,14,a)].

given #5781 (T,wt=6): 10006 mem(f2(c4),f2(f2(c4))).  [resolve(9984,a,20,a)].

given #5782 (T,wt=4): 35050 car(f2(f2(c4))).  [resolve(10006,a,17,a)].

given #5783 (A,wt=61): 1663 -car(x) | -car(y) | -car(z) | cen(cen(g4)) != cen(pa) | cen(pa) != cen(x) | cen(pa) != cen(y) | cen(pa) != cen(z) | cen(g4) = pb | pb = x | pb = y | pb = z | cen(g4) = x | cen(g4) = y | cen(g4) = z | y = x | z = x | z = y.  [resolve(372,a,592,a),flip(d),flip(h),flip(l),flip(m),flip(n)].

given #5784 (F,wt=8): 35039 cen(f3(f2(c4))) != f3(f2(c4)).  [resolve(35026,a,15,a)].

given #5785 (F,wt=8): 35063 cen(f2(f2(c4))) != f2(f2(c4)).  [resolve(35050,a,15,a)].

given #5786 (F,wt=9): 15067 f3(cen(f1(g12))) != f1(cen(f1(g12))).  [resolve(9104,a,24,a)].

given #5787 (F,wt=9): 15068 f2(cen(f1(g12))) != f1(cen(f1(g12))).  [resolve(9104,a,23,a)].

given #5788 (T,wt=5): 35064 car(cen(f2(f2(c4)))).  [resolve(35050,a,14,a)].

given #5789 (T,wt=6): 10007 mem(f2(c4),f1(f2(c4))).  [resolve(9984,a,19,a)].

given #5790 (T,wt=4): 35074 car(f1(f2(c4))).  [resolve(10007,a,17,a)].

given #5791 (T,wt=5): 35088 car(cen(f1(f2(c4)))).  [resolve(35074,a,14,a)].

given #5792 (A,wt=61): 1664 -car(x) | -car(y) | -car(z) | cen(cen(g3)) != cen(pa) | cen(pa) != cen(x) | cen(pa) != cen(y) | cen(pa) != cen(z) | cen(g3) = pb | pb = x | pb = y | pb = z | cen(g3) = x | cen(g3) = y | cen(g3) = z | y = x | z = x | z = y.  [resolve(372,a,576,a),flip(d),flip(h),flip(l),flip(m),flip(n)].

given #5793 (F,wt=8): 35087 cen(f1(f2(c4))) != f1(f2(c4)).  [resolve(35074,a,15,a)].

given #5794 (F,wt=9): 15085 f4(cen(f4(g13))) != f3(cen(f4(g13))).  [resolve(9159,a,28,a)].

given #5795 (F,wt=9): 15086 f4(cen(f4(g13))) != f2(cen(f4(g13))).  [resolve(9159,a,27,a)].

given #5796 (F,wt=9): 15087 f3(cen(f4(g13))) != f2(cen(f4(g13))).  [resolve(9159,a,26,a)].

given #5797 (T,wt=6): 10034 blocked(f1(c4),cen(f1(c4))).  [resolve(10021,a,35,a)].

given #5798 (T,wt=6): 10041 mem(f1(c4),f4(f1(c4))).  [resolve(10021,a,22,a)].

given #5799 (T,wt=4): 35098 car(f4(f1(c4))).  [resolve(10041,a,17,a)].

given #5800 (T,wt=5): 35112 car(cen(f4(f1(c4)))).  [resolve(35098,a,14,a)].

given #5801 (A,wt=61): 1665 -car(x) | -car(y) | -car(z) | cen(cen(g2)) != cen(pa) | cen(pa) != cen(x) | cen(pa) != cen(y) | cen(pa) != cen(z) | cen(g2) = pb | pb = x | pb = y | pb = z | cen(g2) = x | cen(g2) = y | cen(g2) = z | y = x | z = x | z = y.  [resolve(372,a,560,a),flip(d),flip(h),flip(l),flip(m),flip(n)].

given #5802 (F,wt=8): 35111 cen(f4(f1(c4))) != f4(f1(c4)).  [resolve(35098,a,15,a)].

given #5803 (F,wt=9): 15088 f4(cen(f4(g13))) != f1(cen(f4(g13))).  [resolve(9159,a,25,a)].

given #5804 (F,wt=9): 15089 f3(cen(f4(g13))) != f1(cen(f4(g13))).  [resolve(9159,a,24,a)].

given #5805 (F,wt=9): 15090 f2(cen(f4(g13))) != f1(cen(f4(g13))).  [resolve(9159,a,23,a)].

given #5806 (T,wt=6): 10042 mem(f1(c4),f3(f1(c4))).  [resolve(10021,a,21,a)].

given #5807 (T,wt=4): 35122 car(f3(f1(c4))).  [resolve(10042,a,17,a)].

given #5808 (T,wt=5): 35136 car(cen(f3(f1(c4)))).  [resolve(35122,a,14,a)].

given #5809 (T,wt=6): 10043 mem(f1(c4),f2(f1(c4))).  [resolve(10021,a,20,a)].

given #5810 (A,wt=61): 1666 -car(x) | -car(y) | -car(z) | cen(cen(g1)) != cen(pa) | cen(pa) != cen(x) | cen(pa) != cen(y) | cen(pa) != cen(z) | cen(g1) = pb | pb = x | pb = y | pb = z | cen(g1) = x | cen(g1) = y | cen(g1) = z | y = x | z = x | z = y.  [resolve(372,a,544,a),flip(d),flip(h),flip(l),flip(m),flip(n)].

given #5811 (F,wt=8): 35135 cen(f3(f1(c4))) != f3(f1(c4)).  [resolve(35122,a,15,a)].

given #5812 (F,wt=9): 15107 f4(cen(f3(g13))) != f3(cen(f3(g13))).  [resolve(9202,a,28,a)].

given #5813 (F,wt=9): 15108 f4(cen(f3(g13))) != f2(cen(f3(g13))).  [resolve(9202,a,27,a)].

given #5814 (F,wt=9): 15109 f3(cen(f3(g13))) != f2(cen(f3(g13))).  [resolve(9202,a,26,a)].

given #5815 (T,wt=4): 35146 car(f2(f1(c4))).  [resolve(10043,a,17,a)].

given #5816 (T,wt=5): 35160 car(cen(f2(f1(c4)))).  [resolve(35146,a,14,a)].

given #5817 (T,wt=6): 10044 mem(f1(c4),f1(f1(c4))).  [resolve(10021,a,19,a)].

given #5818 (T,wt=4): 35170 car(f1(f1(c4))).  [resolve(10044,a,17,a)].

given #5819 (A,wt=61): 1667 -car(x) | -car(y) | -car(z) | cen(cen(g0)) != cen(pa) | cen(pa) != cen(x) | cen(pa) != cen(y) | cen(pa) != cen(z) | cen(g0) = pb | pb = x | pb = y | pb = z | cen(g0) = x | cen(g0) = y | cen(g0) = z | y = x | z = x | z = y.  [resolve(372,a,528,a),flip(d),flip(h),flip(l),flip(m),flip(n)].

given #5820 (F,wt=8): 35159 cen(f2(f1(c4))) != f2(f1(c4)).  [resolve(35146,a,15,a)].

given #5821 (F,wt=8): 35183 cen(f1(f1(c4))) != f1(f1(c4)).  [resolve(35170,a,15,a)].

given #5822 (F,wt=9): 15110 f4(cen(f3(g13))) != f1(cen(f3(g13))).  [resolve(9202,a,25,a)].

given #5823 (F,wt=9): 15111 f3(cen(f3(g13))) != f1(cen(f3(g13))).  [resolve(9202,a,24,a)].

given #5824 (T,wt=5): 35184 car(cen(f1(f1(c4)))).  [resolve(35170,a,14,a)].

given #5825 (T,wt=6): 16431 car(cen(cen(cen(cen(pa))))).  [resolve(10071,a,14,a)].

given #5826 (T,wt=6): 16453 car(cen(cen(cen(cen(ra))))).  [resolve(10095,a,14,a)].

given #5827 (T,wt=6): 16475 car(cen(cen(cen(cen(ca))))).  [resolve(10128,a,14,a)].

given #5828 (A,wt=61): 1668 -car(x) | -car(y) | -car(z) | cen(cen(oa)) != cen(pa) | cen(pa) != cen(x) | cen(pa) != cen(y) | cen(pa) != cen(z) | cen(oa) = pb | pb = x | pb = y | pb = z | cen(oa) = x | cen(oa) = y | cen(oa) = z | y = x | z = x | z = y.  [resolve(372,a,498,a),flip(d),flip(h),flip(l),flip(m),flip(n)].

given #5829 (F,wt=9): 15112 f2(cen(f3(g13))) != f1(cen(f3(g13))).  [resolve(9202,a,23,a)].

given #5830 (F,wt=9): 15280 f4(cen(f2(g13))) != f3(cen(f2(g13))).  [resolve(9234,a,28,a)].

given #5831 (F,wt=9): 15281 f4(cen(f2(g13))) != f2(cen(f2(g13))).  [resolve(9234,a,27,a)].

given #5832 (F,wt=9): 15282 f3(cen(f2(g13))) != f2(cen(f2(g13))).  [resolve(9234,a,26,a)].

given #5833 (T,wt=6): 16497 car(cen(cen(cen(cen(oa))))).  [resolve(10152,a,14,a)].

given #5834 (T,wt=6): 16519 car(cen(cen(cen(cen(g0))))).  [resolve(10176,a,14,a)].

given #5835 (T,wt=6): 16541 car(cen(cen(cen(cen(g1))))).  [resolve(10200,a,14,a)].

given #5836 (T,wt=6): 16563 car(cen(cen(cen(cen(g2))))).  [resolve(10228,a,14,a)].

given #5837 (A,wt=61): 1669 -car(x) | -car(y) | -car(z) | cen(cen(ca)) != cen(pa) | cen(pa) != cen(x) | cen(pa) != cen(y) | cen(pa) != cen(z) | cen(ca) = pb | pb = x | pb = y | pb = z | cen(ca) = x | cen(ca) = y | cen(ca) = z | y = x | z = x | z = y.  [resolve(372,a,434,a),flip(d),flip(h),flip(l),flip(m),flip(n)].

given #5838 (F,wt=9): 15283 f4(cen(f2(g13))) != f1(cen(f2(g13))).  [resolve(9234,a,25,a)].

given #5839 (F,wt=9): 15284 f3(cen(f2(g13))) != f1(cen(f2(g13))).  [resolve(9234,a,24,a)].

given #5840 (F,wt=9): 15285 f2(cen(f2(g13))) != f1(cen(f2(g13))).  [resolve(9234,a,23,a)].

given #5841 (F,wt=9): 15302 f4(cen(f1(g13))) != f3(cen(f1(g13))).  [resolve(9287,a,28,a)].

given #5842 (T,wt=6): 16585 car(cen(cen(cen(cen(g3))))).  [resolve(10252,a,14,a)].

given #5843 (T,wt=6): 16607 car(cen(cen(cen(cen(g4))))).  [resolve(10276,a,14,a)].

given #5844 (T,wt=6): 16629 car(cen(cen(cen(cen(g5))))).  [resolve(10300,a,14,a)].

given #5845 (T,wt=6): 16651 car(cen(cen(cen(cen(g6))))).  [resolve(10331,a,14,a)].

given #5846 (A,wt=61): 1670 -car(x) | -car(y) | -car(z) | cen(cen(ra)) != cen(pa) | cen(pa) != cen(x) | cen(pa) != cen(y) | cen(pa) != cen(z) | cen(ra) = pb | pb = x | pb = y | pb = z | cen(ra) = x | cen(ra) = y | cen(ra) = z | y = x | z = x | z = y.  [resolve(372,a,402,a),flip(d),flip(h),flip(l),flip(m),flip(n)].

given #5847 (F,wt=9): 15303 f4(cen(f1(g13))) != f2(cen(f1(g13))).  [resolve(9287,a,27,a)].

given #5848 (F,wt=9): 15304 f3(cen(f1(g13))) != f2(cen(f1(g13))).  [resolve(9287,a,26,a)].

given #5849 (F,wt=9): 15305 f4(cen(f1(g13))) != f1(cen(f1(g13))).  [resolve(9287,a,25,a)].

given #5850 (F,wt=9): 15306 f3(cen(f1(g13))) != f1(cen(f1(g13))).  [resolve(9287,a,24,a)].

given #5851 (T,wt=6): 16673 car(cen(cen(cen(cen(g7))))).  [resolve(10355,a,14,a)].

given #5852 (T,wt=6): 16695 car(cen(cen(cen(cen(g8))))).  [resolve(10379,a,14,a)].

given #5853 (T,wt=6): 16717 car(cen(cen(cen(cen(g9))))).  [resolve(10403,a,14,a)].

given #5854 (T,wt=6): 16739 car(cen(cen(cen(cen(g10))))).  [resolve(10430,a,14,a)].

given #5855 (A,wt=56): 1671 -car(x) | -car(y) | -car(z) | cen(c1) != cen(pa) | cen(pa) != cen(x) | cen(pa) != cen(y) | cen(pa) != cen(z) | c1 = pb | pb = x | pb = y | pb = z | c1 = x | c1 = y | c1 = z | y = x | z = x | z = y.  [resolve(372,a,339,a),flip(d),flip(h),flip(l),flip(m),flip(n)].

given #5856 (F,wt=9): 15307 f2(cen(f1(g13))) != f1(cen(f1(g13))).  [resolve(9287,a,23,a)].

given #5857 (F,wt=9): 15324 f4(cen(f4(g14))) != f3(cen(f4(g14))).  [resolve(9319,a,28,a)].

given #5858 (F,wt=9): 15325 f4(cen(f4(g14))) != f2(cen(f4(g14))).  [resolve(9319,a,27,a)].

given #5859 (F,wt=9): 15326 f3(cen(f4(g14))) != f2(cen(f4(g14))).  [resolve(9319,a,26,a)].

given #5860 (T,wt=6): 16761 car(cen(cen(cen(cen(g11))))).  [resolve(10454,a,14,a)].

given #5861 (T,wt=6): 16783 car(cen(cen(cen(cen(g12))))).  [resolve(10478,a,14,a)].

given #5862 (T,wt=6): 16805 car(cen(cen(cen(cen(g13))))).  [resolve(10502,a,14,a)].

given #5863 (T,wt=6): 16827 car(cen(cen(cen(cen(g14))))).  [resolve(10684,a,14,a)].

given #5864 (A,wt=56): 1672 -car(x) | -car(y) | -car(z) | cen(g14) != cen(pa) | cen(pa) != cen(x) | cen(pa) != cen(y) | cen(pa) != cen(z) | g14 = pb | pb = x | pb = y | pb = z | g14 = x | g14 = y | g14 = z | y = x | z = x | z = y.  [resolve(372,a,168,a),flip(d),flip(h),flip(l),flip(m),flip(n)].

given #5865 (F,wt=9): 15327 f4(cen(f4(g14))) != f1(cen(f4(g14))).  [resolve(9319,a,25,a)].

given #5866 (F,wt=9): 15328 f3(cen(f4(g14))) != f1(cen(f4(g14))).  [resolve(9319,a,24,a)].

given #5867 (F,wt=9): 15329 f2(cen(f4(g14))) != f1(cen(f4(g14))).  [resolve(9319,a,23,a)].

given #5868 (F,wt=9): 15346 f4(cen(f3(g14))) != f3(cen(f3(g14))).  [resolve(9361,a,28,a)].

given #5869 (T,wt=6): 16849 car(cen(cen(cen(cen(c1))))).  [resolve(10708,a,14,a)].

given #5870 (T,wt=6): 16871 car(cen(cen(cen(cen(c2))))).  [resolve(10732,a,14,a)].

given #5871 (T,wt=6): 16893 car(cen(cen(cen(cen(c3))))).  [resolve(10756,a,14,a)].

given #5872 (T,wt=6): 16915 car(cen(cen(cen(cen(c4))))).  [resolve(10959,a,14,a)].

given #5873 (A,wt=56): 1673 -car(x) | -car(y) | -car(z) | cen(g13) != cen(pa) | cen(pa) != cen(x) | cen(pa) != cen(y) | cen(pa) != cen(z) | g13 = pb | pb = x | pb = y | pb = z | g13 = x | g13 = y | g13 = z | y = x | z = x | z = y.  [resolve(372,a,167,a),flip(d),flip(h),flip(l),flip(m),flip(n)].

given #5874 (F,wt=9): 15347 f4(cen(f3(g14))) != f2(cen(f3(g14))).  [resolve(9361,a,27,a)].

given #5875 (F,wt=9): 15348 f3(cen(f3(g14))) != f2(cen(f3(g14))).  [resolve(9361,a,26,a)].

given #5876 (F,wt=9): 15349 f4(cen(f3(g14))) != f1(cen(f3(g14))).  [resolve(9361,a,25,a)].

given #5877 (F,wt=9): 15350 f3(cen(f3(g14))) != f1(cen(f3(g14))).  [resolve(9361,a,24,a)].

given #5878 (T,wt=6): 16937 car(cen(cen(cen(f4(pa))))).  [resolve(10984,a,14,a)].

given #5879 (T,wt=6): 16959 car(cen(cen(cen(f3(pa))))).  [resolve(11009,a,14,a)].

given #5880 (T,wt=6): 16981 car(cen(cen(cen(f2(pa))))).  [resolve(11034,a,14,a)].

given #5881 (T,wt=6): 17003 car(cen(cen(cen(f1(pa))))).  [resolve(11061,a,14,a)].

given #5882 (A,wt=56): 1674 -car(x) | -car(y) | -car(z) | cen(g12) != cen(pa) | cen(pa) != cen(x) | cen(pa) != cen(y) | cen(pa) != cen(z) | g12 = pb | pb = x | pb = y | pb = z | g12 = x | g12 = y | g12 = z | y = x | z = x | z = y.  [resolve(372,a,166,a),flip(d),flip(h),flip(l),flip(m),flip(n)].

given #5883 (F,wt=9): 15351 f2(cen(f3(g14))) != f1(cen(f3(g14))).  [resolve(9361,a,23,a)].

given #5884 (F,wt=9): 15518 f4(cen(f2(g14))) != f3(cen(f2(g14))).  [resolve(9393,a,28,a)].

given #5885 (F,wt=9): 15519 f4(cen(f2(g14))) != f2(cen(f2(g14))).  [resolve(9393,a,27,a)].

given #5886 (F,wt=9): 15520 f3(cen(f2(g14))) != f2(cen(f2(g14))).  [resolve(9393,a,26,a)].

given #5887 (T,wt=6): 17025 car(cen(cen(cen(f4(pb))))).  [resolve(11086,a,14,a)].

given #5888 (T,wt=6): 17047 car(cen(cen(cen(f3(pb))))).  [resolve(11111,a,14,a)].

given #5889 (T,wt=6): 17069 car(cen(cen(cen(f2(pb))))).  [resolve(11136,a,14,a)].

given #5890 (T,wt=6): 17091 car(cen(cen(cen(f1(pb))))).  [resolve(11166,a,14,a)].

given #5891 (A,wt=56): 1675 -car(x) | -car(y) | -car(z) | cen(g11) != cen(pa) | cen(pa) != cen(x) | cen(pa) != cen(y) | cen(pa) != cen(z) | g11 = pb | pb = x | pb = y | pb = z | g11 = x | g11 = y | g11 = z | y = x | z = x | z = y.  [resolve(372,a,165,a),flip(d),flip(h),flip(l),flip(m),flip(n)].

given #5892 (F,wt=9): 15521 f4(cen(f2(g14))) != f1(cen(f2(g14))).  [resolve(9393,a,25,a)].

given #5893 (F,wt=9): 15522 f3(cen(f2(g14))) != f1(cen(f2(g14))).  [resolve(9393,a,24,a)].

given #5894 (F,wt=9): 15523 f2(cen(f2(g14))) != f1(cen(f2(g14))).  [resolve(9393,a,23,a)].

given #5895 (F,wt=9): 15540 f4(cen(f1(g14))) != f3(cen(f1(g14))).  [resolve(9444,a,28,a)].

given #5896 (T,wt=6): 17113 car(cen(cen(cen(f4(ra))))).  [resolve(11191,a,14,a)].

given #5897 (T,wt=6): 17135 car(cen(cen(cen(f3(ra))))).  [resolve(11216,a,14,a)].

given #5898 (T,wt=6): 17157 car(cen(cen(cen(f2(ra))))).  [resolve(11241,a,14,a)].

given #5899 (T,wt=6): 17179 car(cen(cen(cen(f1(ra))))).  [resolve(11400,a,14,a)].

given #5900 (A,wt=56): 1676 -car(x) | -car(y) | -car(z) | cen(g10) != cen(pa) | cen(pa) != cen(x) | cen(pa) != cen(y) | cen(pa) != cen(z) | g10 = pb | pb = x | pb = y | pb = z | g10 = x | g10 = y | g10 = z | y = x | z = x | z = y.  [resolve(372,a,164,a),flip(d),flip(h),flip(l),flip(m),flip(n)].

given #5901 (F,wt=9): 15541 f4(cen(f1(g14))) != f2(cen(f1(g14))).  [resolve(9444,a,27,a)].

given #5902 (F,wt=9): 15542 f3(cen(f1(g14))) != f2(cen(f1(g14))).  [resolve(9444,a,26,a)].

given #5903 (F,wt=9): 15543 f4(cen(f1(g14))) != f1(cen(f1(g14))).  [resolve(9444,a,25,a)].

given #5904 (F,wt=9): 15544 f3(cen(f1(g14))) != f1(cen(f1(g14))).  [resolve(9444,a,24,a)].

given #5905 (T,wt=6): 17201 car(cen(cen(cen(f4(rb))))).  [resolve(11425,a,14,a)].

given #5906 (T,wt=6): 17223 car(cen(cen(cen(f3(rb))))).  [resolve(11450,a,14,a)].

given #5907 (T,wt=6): 17245 car(cen(cen(cen(f2(rb))))).  [resolve(11475,a,14,a)].

given #5908 (T,wt=6): 17267 car(cen(cen(cen(f1(rb))))).  [resolve(11731,a,14,a)].

given #5909 (A,wt=56): 1677 -car(x) | -car(y) | -car(z) | cen(g9) != cen(pa) | cen(pa) != cen(x) | cen(pa) != cen(y) | cen(pa) != cen(z) | g9 = pb | pb = x | pb = y | pb = z | g9 = x | g9 = y | g9 = z | y = x | z = x | z = y.  [resolve(372,a,163,a),flip(d),flip(h),flip(l),flip(m),flip(n)].

given #5910 (F,wt=9): 15545 f2(cen(f1(g14))) != f1(cen(f1(g14))).  [resolve(9444,a,23,a)].

given #5911 (F,wt=9): 15562 f4(cen(f4(c1))) != f3(cen(f4(c1))).  [resolve(9485,a,28,a)].

given #5912 (F,wt=9): 15563 f4(cen(f4(c1))) != f2(cen(f4(c1))).  [resolve(9485,a,27,a)].

given #5913 (F,wt=9): 15564 f3(cen(f4(c1))) != f2(cen(f4(c1))).  [resolve(9485,a,26,a)].

given #5914 (T,wt=6): 17289 car(cen(cen(cen(f4(qa))))).  [resolve(11755,a,14,a)].

given #5915 (T,wt=6): 17311 car(cen(cen(cen(f3(qa))))).  [resolve(11776,a,14,a)].

given #5916 (T,wt=6): 17333 car(cen(cen(cen(f2(qa))))).  [resolve(11797,a,14,a)].

given #5917 (T,wt=6): 17355 car(cen(cen(cen(f1(qa))))).  [resolve(11818,a,14,a)].

given #5918 (A,wt=56): 1678 -car(x) | -car(y) | -car(z) | cen(g8) != cen(pa) | cen(pa) != cen(x) | cen(pa) != cen(y) | cen(pa) != cen(z) | g8 = pb | pb = x | pb = y | pb = z | g8 = x | g8 = y | g8 = z | y = x | z = x | z = y.  [resolve(372,a,162,a),flip(d),flip(h),flip(l),flip(m),flip(n)].

given #5919 (F,wt=9): 15565 f4(cen(f4(c1))) != f1(cen(f4(c1))).  [resolve(9485,a,25,a)].

given #5920 (F,wt=9): 15566 f3(cen(f4(c1))) != f1(cen(f4(c1))).  [resolve(9485,a,24,a)].

given #5921 (F,wt=9): 15567 f2(cen(f4(c1))) != f1(cen(f4(c1))).  [resolve(9485,a,23,a)].

given #5922 (F,wt=9): 15584 f4(cen(f3(c1))) != f3(cen(f3(c1))).  [resolve(9517,a,28,a)].

given #5923 (T,wt=6): 17377 car(cen(cen(cen(f4(qb))))).  [resolve(11841,a,14,a)].

given #5924 (T,wt=6): 17399 car(cen(cen(cen(f3(qb))))).  [resolve(11862,a,14,a)].

given #5925 (T,wt=6): 17421 car(cen(cen(cen(f2(qb))))).  [resolve(11883,a,14,a)].

given #5926 (T,wt=6): 17443 car(cen(cen(cen(f1(qb))))).  [resolve(11901,a,14,a)].

given #5927 (A,wt=56): 1679 -car(x) | -car(y) | -car(z) | cen(g7) != cen(pa) | cen(pa) != cen(x) | cen(pa) != cen(y) | cen(pa) != cen(z) | g7 = pb | pb = x | pb = y | pb = z | g7 = x | g7 = y | g7 = z | y = x | z = x | z = y.  [resolve(372,a,161,a),flip(d),flip(h),flip(l),flip(m),flip(n)].

given #5928 (F,wt=9): 15585 f4(cen(f3(c1))) != f2(cen(f3(c1))).  [resolve(9517,a,27,a)].

given #5929 (F,wt=9): 15586 f3(cen(f3(c1))) != f2(cen(f3(c1))).  [resolve(9517,a,26,a)].

given #5930 (F,wt=9): 15587 f4(cen(f3(c1))) != f1(cen(f3(c1))).  [resolve(9517,a,25,a)].

given #5931 (F,wt=9): 15588 f3(cen(f3(c1))) != f1(cen(f3(c1))).  [resolve(9517,a,24,a)].

given #5932 (T,wt=6): 17465 car(cen(cen(cen(f4(ca))))).  [resolve(12078,a,14,a)].

given #5933 (T,wt=6): 17487 car(cen(cen(cen(f3(ca))))).  [resolve(12096,a,14,a)].

given #5934 (T,wt=6): 17509 car(cen(cen(cen(f2(ca))))).  [resolve(12114,a,14,a)].

given #5935 (T,wt=6): 17531 car(cen(cen(cen(f1(ca))))).  [resolve(12132,a,14,a)].

given #5936 (A,wt=56): 1680 -car(x) | -car(y) | -car(z) | cen(g6) != cen(pa) | cen(pa) != cen(x) | cen(pa) != cen(y) | cen(pa) != cen(z) | g6 = pb | pb = x | pb = y | pb = z | g6 = x | g6 = y | g6 = z | y = x | z = x | z = y.  [resolve(372,a,160,a),flip(d),flip(h),flip(l),flip(m),flip(n)].

given #5937 (F,wt=9): 15589 f2(cen(f3(c1))) != f1(cen(f3(c1))).  [resolve(9517,a,23,a)].

given #5938 (F,wt=9): 15626 f4(cen(f2(c1))) != f3(cen(f2(c1))).  [resolve(9566,a,28,a)].

given #5939 (F,wt=9): 15627 f4(cen(f2(c1))) != f2(cen(f2(c1))).  [resolve(9566,a,27,a)].

given #5940 (F,wt=9): 15628 f3(cen(f2(c1))) != f2(cen(f2(c1))).  [resolve(9566,a,26,a)].

given #5941 (T,wt=6): 17553 car(cen(cen(cen(f4(cb))))).  [resolve(12358,a,14,a)].

given #5942 (T,wt=6): 17575 car(cen(cen(cen(f3(cb))))).  [resolve(12377,a,14,a)].

given #5943 (T,wt=6): 17597 car(cen(cen(cen(f2(cb))))).  [resolve(12396,a,14,a)].

given #5944 (T,wt=6): 17619 car(cen(cen(cen(f1(cb))))).  [resolve(12415,a,14,a)].

given #5945 (A,wt=56): 1681 -car(x) | -car(y) | -car(z) | cen(g5) != cen(pa) | cen(pa) != cen(x) | cen(pa) != cen(y) | cen(pa) != cen(z) | g5 = pb | pb = x | pb = y | pb = z | g5 = x | g5 = y | g5 = z | y = x | z = x | z = y.  [resolve(372,a,159,a),flip(d),flip(h),flip(l),flip(m),flip(n)].

given #5946 (F,wt=9): 15629 f4(cen(f2(c1))) != f1(cen(f2(c1))).  [resolve(9566,a,25,a)].

given #5947 (F,wt=9): 15630 f3(cen(f2(c1))) != f1(cen(f2(c1))).  [resolve(9566,a,24,a)].

given #5948 (F,wt=9): 15631 f2(cen(f2(c1))) != f1(cen(f2(c1))).  [resolve(9566,a,23,a)].

given #5949 (F,wt=9): 15648 f4(cen(f1(c1))) != f3(cen(f1(c1))).  [resolve(9598,a,28,a)].

given #5950 (T,wt=6): 17641 car(cen(cen(cen(f4(oa))))).  [resolve(12437,a,14,a)].

given #5951 (T,wt=6): 17663 car(cen(cen(cen(f3(oa))))).  [resolve(12456,a,14,a)].

given #5952 (T,wt=6): 17685 car(cen(cen(cen(f2(oa))))).  [resolve(12475,a,14,a)].

given #5953 (T,wt=6): 17707 car(cen(cen(cen(f1(oa))))).  [resolve(12494,a,14,a)].

given #5954 (A,wt=56): 1682 -car(x) | -car(y) | -car(z) | cen(g4) != cen(pa) | cen(pa) != cen(x) | cen(pa) != cen(y) | cen(pa) != cen(z) | g4 = pb | pb = x | pb = y | pb = z | g4 = x | g4 = y | g4 = z | y = x | z = x | z = y.  [resolve(372,a,158,a),flip(d),flip(h),flip(l),flip(m),flip(n)].

given #5955 (F,wt=9): 15649 f4(cen(f1(c1))) != f2(cen(f1(c1))).  [resolve(9598,a,27,a)].

given #5956 (F,wt=9): 15650 f3(cen(f1(c1))) != f2(cen(f1(c1))).  [resolve(9598,a,26,a)].

given #5957 (F,wt=9): 15651 f4(cen(f1(c1))) != f1(cen(f1(c1))).  [resolve(9598,a,25,a)].

given #5958 (F,wt=9): 15652 f3(cen(f1(c1))) != f1(cen(f1(c1))).  [resolve(9598,a,24,a)].

given #5959 (T,wt=6): 17729 car(cen(cen(cen(f4(g0))))).  [resolve(12518,a,14,a)].

given #5960 (T,wt=6): 17751 car(cen(cen(cen(f3(g0))))).  [resolve(12537,a,14,a)].

given #5961 (T,wt=6): 17773 car(cen(cen(cen(f2(g0))))).  [resolve(12556,a,14,a)].

given #5962 (T,wt=6): 17795 car(cen(cen(cen(f1(g0))))).  [resolve(12575,a,14,a)].

given #5963 (A,wt=56): 1683 -car(x) | -car(y) | -car(z) | cen(g3) != cen(pa) | cen(pa) != cen(x) | cen(pa) != cen(y) | cen(pa) != cen(z) | g3 = pb | pb = x | pb = y | pb = z | g3 = x | g3 = y | g3 = z | y = x | z = x | z = y.  [resolve(372,a,157,a),flip(d),flip(h),flip(l),flip(m),flip(n)].

given #5964 (F,wt=9): 15653 f2(cen(f1(c1))) != f1(cen(f1(c1))).  [resolve(9598,a,23,a)].

given #5965 (F,wt=9): 15718 f4(cen(f4(c2))) != f3(cen(f4(c2))).  [resolve(9638,a,28,a)].

given #5966 (F,wt=9): 15719 f4(cen(f4(c2))) != f2(cen(f4(c2))).  [resolve(9638,a,27,a)].

given #5967 (F,wt=9): 15720 f3(cen(f4(c2))) != f2(cen(f4(c2))).  [resolve(9638,a,26,a)].

given #5968 (T,wt=6): 17817 car(cen(cen(cen(f4(g1))))).  [resolve(12727,a,14,a)].

given #5969 (T,wt=6): 17839 car(cen(cen(cen(f3(g1))))).  [resolve(12746,a,14,a)].

given #5970 (T,wt=6): 17861 car(cen(cen(cen(f2(g1))))).  [resolve(12765,a,14,a)].

given #5971 (T,wt=6): 17883 car(cen(cen(cen(f1(g1))))).  [resolve(12784,a,14,a)].

given #5972 (A,wt=56): 1684 -car(x) | -car(y) | -car(z) | cen(g2) != cen(pa) | cen(pa) != cen(x) | cen(pa) != cen(y) | cen(pa) != cen(z) | g2 = pb | pb = x | pb = y | pb = z | g2 = x | g2 = y | g2 = z | y = x | z = x | z = y.  [resolve(372,a,156,a),flip(d),flip(h),flip(l),flip(m),flip(n)].

given #5973 (F,wt=9): 15721 f4(cen(f4(c2))) != f1(cen(f4(c2))).  [resolve(9638,a,25,a)].

given #5974 (F,wt=9): 15722 f3(cen(f4(c2))) != f1(cen(f4(c2))).  [resolve(9638,a,24,a)].

given #5975 (F,wt=9): 15723 f2(cen(f4(c2))) != f1(cen(f4(c2))).  [resolve(9638,a,23,a)].

given #5976 (F,wt=9): 15740 f4(cen(f3(c2))) != f3(cen(f3(c2))).  [resolve(9670,a,28,a)].

given #5977 (T,wt=6): 17905 car(cen(cen(cen(f4(g2))))).  [resolve(13071,a,14,a)].

given #5978 (T,wt=6): 17927 car(cen(cen(cen(f3(g2))))).  [resolve(13095,a,14,a)].

given #5979 (T,wt=6): 17949 car(cen(cen(cen(f2(g2))))).  [resolve(13115,a,14,a)].

given #5980 (T,wt=6): 17971 car(cen(cen(cen(f1(g2))))).  [resolve(13135,a,14,a)].

given #5981 (A,wt=56): 1685 -car(x) | -car(y) | -car(z) | cen(g1) != cen(pa) | cen(pa) != cen(x) | cen(pa) != cen(y) | cen(pa) != cen(z) | g1 = pb | pb = x | pb = y | pb = z | g1 = x | g1 = y | g1 = z | y = x | z = x | z = y.  [resolve(372,a,155,a),flip(d),flip(h),flip(l),flip(m),flip(n)].

given #5982 (F,wt=9): 15741 f4(cen(f3(c2))) != f2(cen(f3(c2))).  [resolve(9670,a,27,a)].

given #5983 (F,wt=9): 15742 f3(cen(f3(c2))) != f2(cen(f3(c2))).  [resolve(9670,a,26,a)].

given #5984 (F,wt=9): 15743 f4(cen(f3(c2))) != f1(cen(f3(c2))).  [resolve(9670,a,25,a)].

given #5985 (F,wt=9): 15744 f3(cen(f3(c2))) != f1(cen(f3(c2))).  [resolve(9670,a,24,a)].

given #5986 (T,wt=6): 17993 car(cen(cen(cen(f4(g3))))).  [resolve(13155,a,14,a)].

given #5987 (T,wt=6): 18015 car(cen(cen(cen(f3(g3))))).  [resolve(13177,a,14,a)].

given #5988 (T,wt=6): 18037 car(cen(cen(cen(f2(g3))))).  [resolve(13197,a,14,a)].

given #5989 (T,wt=6): 18059 car(cen(cen(cen(f1(g3))))).  [resolve(13217,a,14,a)].

given #5990 (A,wt=56): 1686 -car(x) | -car(y) | -car(z) | cen(g0) != cen(pa) | cen(pa) != cen(x) | cen(pa) != cen(y) | cen(pa) != cen(z) | g0 = pb | pb = x | pb = y | pb = z | g0 = x | g0 = y | g0 = z | y = x | z = x | z = y.  [resolve(372,a,154,a),flip(d),flip(h),flip(l),flip(m),flip(n)].

given #5991 (F,wt=9): 15745 f2(cen(f3(c2))) != f1(cen(f3(c2))).  [resolve(9670,a,23,a)].

given #5992 (F,wt=9): 15762 f4(cen(f2(c2))) != f3(cen(f2(c2))).  [resolve(9717,a,28,a)].

given #5993 (F,wt=9): 15763 f4(cen(f2(c2))) != f2(cen(f2(c2))).  [resolve(9717,a,27,a)].

given #5994 (F,wt=9): 15764 f3(cen(f2(c2))) != f2(cen(f2(c2))).  [resolve(9717,a,26,a)].

given #5995 (T,wt=6): 18081 car(cen(cen(cen(f4(g4))))).  [resolve(13237,a,14,a)].

given #5996 (T,wt=6): 18103 car(cen(cen(cen(f3(g4))))).  [resolve(13417,a,14,a)].

given #5997 (T,wt=6): 18125 car(cen(cen(cen(f2(g4))))).  [resolve(13437,a,14,a)].

given #5998 (T,wt=6): 18147 car(cen(cen(cen(f1(g4))))).  [resolve(13457,a,14,a)].

given #5999 (A,wt=53): 1687 -car(x) | -car(y) | -car(z) | cen(oa) != cen(pa) | cen(pa) != cen(x) | cen(pa) != cen(y) | cen(pa) != cen(z) | pb = x | pb = y | pb = z | oa = x | oa = y | oa = z | y = x | z = x | z = y.  [resolve(372,a,45,a),flip(d),flip(h),flip(l),flip(m),flip(n),unit_del(h,97)].

given #6000 (F,wt=9): 15765 f4(cen(f2(c2))) != f1(cen(f2(c2))).  [resolve(9717,a,25,a)].

given #6001 (F,wt=9): 15766 f3(cen(f2(c2))) != f1(cen(f2(c2))).  [resolve(9717,a,24,a)].

given #6002 (F,wt=9): 15767 f2(cen(f2(c2))) != f1(cen(f2(c2))).  [resolve(9717,a,23,a)].

given #6003 (F,wt=9): 15784 f4(cen(f1(c2))) != f3(cen(f1(c2))).  [resolve(9749,a,28,a)].

given #6004 (T,wt=6): 18169 car(cen(cen(cen(f4(g5))))).  [resolve(13477,a,14,a)].

given #6005 (T,wt=6): 18191 car(cen(cen(cen(f3(g5))))).  [resolve(13734,a,14,a)].

given #6006 (T,wt=6): 18213 car(cen(cen(cen(f2(g5))))).  [resolve(13755,a,14,a)].

given #6007 (T,wt=6): 18235 car(cen(cen(cen(f1(g5))))).  [resolve(13776,a,14,a)].

given #6008 (A,wt=30): 1688 -car(x) | cen(c4) = cen(x) | -mem(x,cen(x)) | -mem(c4,cen(x)) | -mem(x,cen(c4)) | -mem(c4,cen(c4)) | -mem(x,c4) | cen(x) = c4.  [resolve(898,a,351,i),unit_del(b,790),unit_del(j,899)].

given #6009 (F,wt=9): 15785 f4(cen(f1(c2))) != f2(cen(f1(c2))).  [resolve(9749,a,27,a)].

given #6010 (F,wt=9): 15786 f3(cen(f1(c2))) != f2(cen(f1(c2))).  [resolve(9749,a,26,a)].

given #6011 (F,wt=9): 15787 f4(cen(f1(c2))) != f1(cen(f1(c2))).  [resolve(9749,a,25,a)].

given #6012 (F,wt=9): 15788 f3(cen(f1(c2))) != f1(cen(f1(c2))).  [resolve(9749,a,24,a)].

given #6013 (T,wt=6): 18257 car(cen(cen(cen(f4(g6))))).  [resolve(13797,a,14,a)].

given #6014 (T,wt=6): 18279 car(cen(cen(cen(f3(g6))))).  [resolve(13822,a,14,a)].

given #6015 (T,wt=6): 18301 car(cen(cen(cen(f2(g6))))).  [resolve(13843,a,14,a)].

given #6016 (T,wt=6): 18323 car(cen(cen(cen(f1(g6))))).  [resolve(13864,a,14,a)].

given #6017 (A,wt=31): 1689 -car(x) | cen(c4) = cen(x) | -mem(x,y) | -mem(c4,y) | -mem(x,z) | -mem(c4,z) | -mem(x,c4) | z = y | c4 = y | c4 = z.  [resolve(898,a,33,i),unit_del(b,790)].

given #6018 (F,wt=9): 15789 f2(cen(f1(c2))) != f1(cen(f1(c2))).  [resolve(9749,a,23,a)].

given #6019 (F,wt=9): 15806 f4(cen(f4(c3))) != f3(cen(f4(c3))).  [resolve(9788,a,28,a)].

given #6020 (F,wt=9): 15807 f4(cen(f4(c3))) != f2(cen(f4(c3))).  [resolve(9788,a,27,a)].

given #6021 (F,wt=9): 15808 f3(cen(f4(c3))) != f2(cen(f4(c3))).  [resolve(9788,a,26,a)].

given #6022 (T,wt=6): 18345 car(cen(cen(cen(f4(g7))))).  [resolve(13885,a,14,a)].

given #6023 (T,wt=6): 18367 car(cen(cen(cen(f3(g7))))).  [resolve(13911,a,14,a)].

given #6024 (T,wt=6): 18418 car(cen(cen(cen(f2(g7))))).  [resolve(13932,a,14,a)].

given #6025 (T,wt=6): 18440 car(cen(cen(cen(f1(g7))))).  [resolve(13953,a,14,a)].

given #6026 (A,wt=10): 1690 -car(x) | cen(c4) != cen(x) | mem(x,c4).  [resolve(898,a,32,e),unit_del(b,790)].

given #6027 (F,wt=9): 15809 f4(cen(f4(c3))) != f1(cen(f4(c3))).  [resolve(9788,a,25,a)].

given #6028 (F,wt=9): 15810 f3(cen(f4(c3))) != f1(cen(f4(c3))).  [resolve(9788,a,24,a)].

given #6029 (F,wt=9): 15811 f2(cen(f4(c3))) != f1(cen(f4(c3))).  [resolve(9788,a,23,a)].

given #6030 (F,wt=9): 15828 f4(cen(f3(c3))) != f3(cen(f3(c3))).  [resolve(9833,a,28,a)].

given #6031 (T,wt=6): 18462 car(cen(cen(cen(f4(g8))))).  [resolve(13974,a,14,a)].

given #6032 (T,wt=6): 18484 car(cen(cen(cen(f3(g8))))).  [resolve(14127,a,14,a)].

given #6033 (T,wt=6): 18880 car(cen(cen(cen(f2(g8))))).  [resolve(14148,a,14,a)].

given #6034 (T,wt=6): 18894 car(cen(cen(cen(f1(g8))))).  [resolve(14169,a,14,a)].

given #6035 (A,wt=16): 1691 f1(c4) = c4 | f2(c4) = c4 | f3(c4) = c4 | f4(c4) = c4.  [resolve(898,a,30,b),unit_del(a,790)].

given #6036 (F,wt=9): 15829 f4(cen(f3(c3))) != f2(cen(f3(c3))).  [resolve(9833,a,27,a)].

given #6037 (F,wt=9): 15830 f3(cen(f3(c3))) != f2(cen(f3(c3))).  [resolve(9833,a,26,a)].

given #6038 (F,wt=9): 15831 f4(cen(f3(c3))) != f1(cen(f3(c3))).  [resolve(9833,a,25,a)].

given #6039 (F,wt=9): 15832 f3(cen(f3(c3))) != f1(cen(f3(c3))).  [resolve(9833,a,24,a)].

given #6040 (T,wt=6): 18908 car(cen(cen(cen(f4(g9))))).  [resolve(14190,a,14,a)].

given #6041 (T,wt=6): 18922 car(cen(cen(cen(f3(g9))))).  [resolve(14511,a,14,a)].

given #6042 (T,wt=6): 18936 car(cen(cen(cen(f2(g9))))).  [resolve(14538,a,14,a)].

given #6043 (T,wt=6): 18950 car(cen(cen(cen(f1(g9))))).  [resolve(14560,a,14,a)].

given #6044 (A,wt=61): 1692 -car(x) | -car(y) | -car(z) | cen(pa) != cen(x) | cen(pa) != cen(y) | cen(pa) != cen(z) | cen(cen(c4)) != cen(pa) | pb = x | pb = y | pb = z | cen(c4) = pb | y = x | z = x | cen(c4) = x | z = y | cen(c4) = y | cen(c4) = z.  [resolve(900,a,372,d),flip(g),flip(k)].

given #6045 (F,wt=9): 15833 f2(cen(f3(c3))) != f1(cen(f3(c3))).  [resolve(9833,a,23,a)].

given #6046 (F,wt=9): 15850 f4(cen(f2(c3))) != f3(cen(f2(c3))).  [resolve(9865,a,28,a)].

given #6047 (F,wt=9): 15851 f4(cen(f2(c3))) != f2(cen(f2(c3))).  [resolve(9865,a,27,a)].

given #6048 (F,wt=9): 15852 f3(cen(f2(c3))) != f2(cen(f2(c3))).  [resolve(9865,a,26,a)].

given #6049 (T,wt=6): 18964 car(cen(cen(cen(f4(g10))))).  [resolve(14582,a,14,a)].

given #6050 (T,wt=6): 18978 car(cen(cen(cen(f3(g10))))).  [resolve(14604,a,14,a)].

given #6051 (T,wt=6): 18992 car(cen(cen(cen(f2(g10))))).  [resolve(14628,a,14,a)].

given #6052 (T,wt=6): 19006 car(cen(cen(cen(f1(g10))))).  [resolve(14650,a,14,a)].

given #6053 (A,wt=61): 1693 -car(x) | -car(y) | -car(z) | cen(y) != cen(x) | cen(z) != cen(x) | cen(cen(c4)) != cen(x) | cen(pa) != cen(x) | y = x | z = x | cen(c4) = x | pb = x | z = y | cen(c4) = y | pb = y | cen(c4) = z | pb = z | cen(c4) = pb.  [resolve(900,a,371,d),flip(q)].

given #6054 (F,wt=9): 15853 f4(cen(f2(c3))) != f1(cen(f2(c3))).  [resolve(9865,a,25,a)].

given #6055 (F,wt=9): 15854 f3(cen(f2(c3))) != f1(cen(f2(c3))).  [resolve(9865,a,24,a)].

given #6056 (F,wt=9): 15855 f2(cen(f2(c3))) != f1(cen(f2(c3))).  [resolve(9865,a,23,a)].

given #6057 (F,wt=9): 15872 f4(cen(f1(c3))) != f3(cen(f1(c3))).  [resolve(9903,a,28,a)].

given #6058 (T,wt=6): 19020 car(cen(cen(cen(f4(g11))))).  [resolve(14672,a,14,a)].

given #6059 (T,wt=6): 19034 car(cen(cen(cen(f3(g11))))).  [resolve(14694,a,14,a)].

given #6060 (T,wt=6): 19048 car(cen(cen(cen(f2(g11))))).  [resolve(14839,a,14,a)].

given #6061 (T,wt=6): 19062 car(cen(cen(cen(f1(g11))))).  [resolve(14861,a,14,a)].

given #6062 (A,wt=64): 1694 -car(x) | -car(y) | -car(z) | cen(cen(c4)) != cen(x) | cen(cen(c4)) != cen(y) | cen(cen(c4)) != cen(z) | cen(cen(c4)) != cen(pa) | cen(c4) = x | cen(c4) = y | cen(c4) = z | cen(c4) = pb | y = x | z = x | pb = x | z = y | pb = y | pb = z.  [resolve(900,a,371,a),flip(d),flip(e),flip(f),flip(g),flip(h),flip(i),flip(j),flip(k)].

given #6063 (F,wt=9): 15873 f4(cen(f1(c3))) != f2(cen(f1(c3))).  [resolve(9903,a,27,a)].

given #6064 (F,wt=9): 15874 f3(cen(f1(c3))) != f2(cen(f1(c3))).  [resolve(9903,a,26,a)].

given #6065 (F,wt=9): 15875 f4(cen(f1(c3))) != f1(cen(f1(c3))).  [resolve(9903,a,25,a)].

given #6066 (F,wt=9): 15876 f3(cen(f1(c3))) != f1(cen(f1(c3))).  [resolve(9903,a,24,a)].

given #6067 (T,wt=6): 19076 car(cen(cen(cen(f4(g12))))).  [resolve(14883,a,14,a)].

given #6068 (T,wt=6): 19090 car(cen(cen(cen(f3(g12))))).  [resolve(14905,a,14,a)].

given #6069 (T,wt=6): 19104 car(cen(cen(cen(f2(g12))))).  [resolve(15053,a,14,a)].

given #6070 (T,wt=6): 19118 car(cen(cen(cen(f1(g12))))).  [resolve(15075,a,14,a)].

given #6071 (A,wt=61): 1695 -car(x) | -car(y) | -car(z) | cen(pa) != cen(x) | cen(pa) != cen(y) | cen(pa) != cen(z) | cen(cen(c4)) != cen(pa) | pa = x | pa = y | pa = z | cen(c4) = pa | y = x | z = x | cen(c4) = x | z = y | cen(c4) = y | cen(c4) = z.  [resolve(900,a,356,d),flip(g),flip(k)].

given #6072 (F,wt=9): 15877 f2(cen(f1(c3))) != f1(cen(f1(c3))).  [resolve(9903,a,23,a)].

given #6073 (F,wt=9): 15894 f4(cen(f4(c4))) != f3(cen(f4(c4))).  [resolve(9935,a,28,a)].

given #6074 (F,wt=9): 15895 f4(cen(f4(c4))) != f2(cen(f4(c4))).  [resolve(9935,a,27,a)].

given #6075 (F,wt=9): 15896 f3(cen(f4(c4))) != f2(cen(f4(c4))).  [resolve(9935,a,26,a)].

given #6076 (T,wt=6): 19132 car(cen(cen(cen(f4(g13))))).  [resolve(15097,a,14,a)].

given #6077 (T,wt=6): 19146 car(cen(cen(cen(f3(g13))))).  [resolve(15119,a,14,a)].

given #6078 (T,wt=6): 19160 car(cen(cen(cen(f2(g13))))).  [resolve(15292,a,14,a)].

given #6079 (T,wt=6): 19174 car(cen(cen(cen(f1(g13))))).  [resolve(15314,a,14,a)].

given #6080 (A,wt=61): 1696 -car(x) | -car(y) | -car(z) | cen(y) != cen(x) | cen(z) != cen(x) | cen(cen(c4)) != cen(x) | cen(pa) != cen(x) | y = x | z = x | cen(c4) = x | pa = x | z = y | cen(c4) = y | pa = y | cen(c4) = z | pa = z | cen(c4) = pa.  [resolve(900,a,355,d),flip(q)].

given #6081 (F,wt=9): 15897 f4(cen(f4(c4))) != f1(cen(f4(c4))).  [resolve(9935,a,25,a)].

given #6082 (F,wt=9): 15898 f3(cen(f4(c4))) != f1(cen(f4(c4))).  [resolve(9935,a,24,a)].

given #6083 (F,wt=9): 15899 f2(cen(f4(c4))) != f1(cen(f4(c4))).  [resolve(9935,a,23,a)].

given #6084 (F,wt=9): 15916 f4(cen(f3(c4))) != f3(cen(f3(c4))).  [resolve(9978,a,28,a)].

given #6085 (T,wt=6): 19188 car(cen(cen(cen(f4(g14))))).  [resolve(15336,a,14,a)].

given #6086 (T,wt=6): 19202 car(cen(cen(cen(f3(g14))))).  [resolve(15358,a,14,a)].

given #6087 (T,wt=6): 19216 car(cen(cen(cen(f2(g14))))).  [resolve(15530,a,14,a)].

given #6088 (T,wt=6): 19230 car(cen(cen(cen(f1(g14))))).  [resolve(15552,a,14,a)].

given #6089 (A,wt=64): 1697 -car(x) | -car(y) | -car(z) | cen(cen(c4)) != cen(x) | cen(cen(c4)) != cen(y) | cen(cen(c4)) != cen(z) | cen(cen(c4)) != cen(pa) | cen(c4) = x | cen(c4) = y | cen(c4) = z | cen(c4) = pa | y = x | z = x | pa = x | z = y | pa = y | pa = z.  [resolve(900,a,355,a),flip(d),flip(e),flip(f),flip(g),flip(h),flip(i),flip(j),flip(k)].

given #6090 (F,wt=9): 15917 f4(cen(f3(c4))) != f2(cen(f3(c4))).  [resolve(9978,a,27,a)].

given #6091 (F,wt=9): 15918 f3(cen(f3(c4))) != f2(cen(f3(c4))).  [resolve(9978,a,26,a)].

given #6092 (F,wt=9): 15919 f4(cen(f3(c4))) != f1(cen(f3(c4))).  [resolve(9978,a,25,a)].

given #6093 (F,wt=9): 15920 f3(cen(f3(c4))) != f1(cen(f3(c4))).  [resolve(9978,a,24,a)].

given #6094 (T,wt=6): 19244 car(cen(cen(cen(f4(c1))))).  [resolve(15574,a,14,a)].

given #6095 (T,wt=6): 19258 car(cen(cen(cen(f3(c1))))).  [resolve(15596,a,14,a)].

given #6096 (T,wt=6): 19272 car(cen(cen(cen(f2(c1))))).  [resolve(15638,a,14,a)].

given #6097 (T,wt=6): 19286 car(cen(cen(cen(f1(c1))))).  [resolve(15660,a,14,a)].

given #6098 (A,wt=63): 1698 -car(x) | -car(y) | -car(z) | -car(u) | cen(y) != cen(x) | cen(z) != cen(x) | cen(u) != cen(x) | cen(cen(c4)) != cen(x) | y = x | z = x | u = x | cen(c4) = x | z = y | u = y | cen(c4) = y | u = z | cen(c4) = z | cen(c4) = u.  [resolve(900,a,36,e)].

given #6099 (F,wt=9): 15921 f2(cen(f3(c4))) != f1(cen(f3(c4))).  [resolve(9978,a,23,a)].

given #6100 (F,wt=9): 15938 f4(cen(f2(c4))) != f3(cen(f2(c4))).  [resolve(10010,a,28,a)].

given #6101 (F,wt=9): 15939 f4(cen(f2(c4))) != f2(cen(f2(c4))).  [resolve(10010,a,27,a)].

given #6102 (F,wt=9): 15940 f3(cen(f2(c4))) != f2(cen(f2(c4))).  [resolve(10010,a,26,a)].

given #6103 (T,wt=6): 19300 car(cen(cen(cen(f4(c2))))).  [resolve(15730,a,14,a)].

given #6104 (T,wt=6): 19314 car(cen(cen(cen(f3(c2))))).  [resolve(15752,a,14,a)].

given #6105 (T,wt=6): 19328 car(cen(cen(cen(f2(c2))))).  [resolve(15774,a,14,a)].

given #6106 (T,wt=6): 19342 car(cen(cen(cen(f1(c2))))).  [resolve(15796,a,14,a)].

given #6107 (A,wt=66): 1699 -car(x) | -car(y) | -car(z) | -car(u) | cen(cen(c4)) != cen(x) | cen(cen(c4)) != cen(y) | cen(cen(c4)) != cen(z) | cen(cen(c4)) != cen(u) | cen(c4) = x | cen(c4) = y | cen(c4) = z | cen(c4) = u | y = x | z = x | u = x | z = y | u = y | u = z.  [resolve(900,a,36,a),flip(e),flip(f),flip(g),flip(h),flip(i),flip(j),flip(k),flip(l)].

given #6108 (F,wt=9): 15941 f4(cen(f2(c4))) != f1(cen(f2(c4))).  [resolve(10010,a,25,a)].

given #6109 (F,wt=9): 15942 f3(cen(f2(c4))) != f1(cen(f2(c4))).  [resolve(10010,a,24,a)].

given #6110 (F,wt=9): 15943 f2(cen(f2(c4))) != f1(cen(f2(c4))).  [resolve(10010,a,23,a)].

given #6111 (F,wt=9): 15960 f4(cen(f1(c4))) != f3(cen(f1(c4))).  [resolve(10047,a,28,a)].

given #6112 (T,wt=6): 19356 car(cen(cen(cen(f4(c3))))).  [resolve(15818,a,14,a)].

given #6113 (T,wt=6): 19370 car(cen(cen(cen(f3(c3))))).  [resolve(15840,a,14,a)].

given #6114 (T,wt=6): 19384 car(cen(cen(cen(f2(c3))))).  [resolve(15862,a,14,a)].

given #6115 (T,wt=6): 19398 car(cen(cen(cen(f1(c3))))).  [resolve(15884,a,14,a)].

given #6116 (A,wt=51): 1714 -car(x) | -car(y) | cen(pa) != cen(x) | cen(y) != cen(x) | cen(cen(c4)) != cen(x) | pa = x | y = x | cen(c4) = x | pb = x | pa = y | cen(c4) = pa | cen(c4) = y | pb = y | cen(c4) = pb.  [factor(1693,d,g),flip(k),unit_del(b,37),unit_del(m,47)].

given #6117 (F,wt=9): 15961 f4(cen(f1(c4))) != f2(cen(f1(c4))).  [resolve(10047,a,27,a)].

given #6118 (F,wt=9): 15962 f3(cen(f1(c4))) != f2(cen(f1(c4))).  [resolve(10047,a,26,a)].

given #6119 (F,wt=9): 15963 f4(cen(f1(c4))) != f1(cen(f1(c4))).  [resolve(10047,a,25,a)].

given #6120 (F,wt=9): 15964 f3(cen(f1(c4))) != f1(cen(f1(c4))).  [resolve(10047,a,24,a)].

given #6121 (T,wt=6): 19412 car(cen(cen(cen(f4(c4))))).  [resolve(15906,a,14,a)].

given #6122 (T,wt=6): 19426 car(cen(cen(cen(f3(c4))))).  [resolve(15928,a,14,a)].

given #6123 (T,wt=6): 19440 car(cen(cen(cen(f2(c4))))).  [resolve(15950,a,14,a)].

given #6124 (T,wt=6): 19454 car(cen(cen(cen(f1(c4))))).  [resolve(15972,a,14,a)].

given #6125 (A,wt=53): 1715 -car(x) | -car(y) | cen(cen(c4)) != cen(pa) | cen(cen(c4)) != cen(x) | cen(cen(c4)) != cen(y) | cen(c4) = pa | cen(c4) = x | cen(c4) = y | cen(c4) = pb | pa = x | pa = y | y = x | pb = x | pb = y.  [factor(1694,d,g),flip(k),flip(l),unit_del(a,37),unit_del(m,47)].

given #6126 (F,wt=9): 15965 f2(cen(f1(c4))) != f1(cen(f1(c4))).  [resolve(10047,a,23,a)].

given #6127 (F,wt=9): 19467 f4(f4(cen(pa))) != f3(f4(cen(pa))).  [resolve(19456,a,28,a)].

given #6128 (F,wt=9): 19468 f4(f4(cen(pa))) != f2(f4(cen(pa))).  [resolve(19456,a,27,a)].

given #6129 (F,wt=9): 19469 f3(f4(cen(pa))) != f2(f4(cen(pa))).  [resolve(19456,a,26,a)].

given #6130 (T,wt=6): 19493 car(cen(cen(f4(cen(pa))))).  [resolve(19479,a,14,a)].

given #6131 (T,wt=6): 19532 car(cen(cen(f3(cen(pa))))).  [resolve(19518,a,14,a)].

given #6132 (T,wt=6): 19571 car(cen(cen(f2(cen(pa))))).  [resolve(19557,a,14,a)].

given #6133 (T,wt=6): 19610 car(cen(cen(f1(cen(pa))))).  [resolve(19596,a,14,a)].

given #6134 (A,wt=61): 1716 -car(x) | -car(y) | -car(z) | cen(pa) != cen(x) | cen(pa) != cen(y) | cen(pa) != cen(z) | cen(f4(pa)) != cen(pa) | pb = x | pb = y | pb = z | f4(pa) = pb | y = x | z = x | f4(pa) = x | z = y | f4(pa) = y | f4(pa) = z.  [resolve(1218,a,372,d),flip(g),flip(k)].

given #6135 (F,wt=9): 19470 f4(f4(cen(pa))) != f1(f4(cen(pa))).  [resolve(19456,a,25,a)].

given #6136 (F,wt=9): 19471 f3(f4(cen(pa))) != f1(f4(cen(pa))).  [resolve(19456,a,24,a)].

given #6137 (F,wt=9): 19472 f2(f4(cen(pa))) != f1(f4(cen(pa))).  [resolve(19456,a,23,a)].

given #6138 (F,wt=9): 19506 f4(f3(cen(pa))) != f3(f3(cen(pa))).  [resolve(19495,a,28,a)].

given #6139 (T,wt=6): 19649 car(cen(cen(f4(cen(ra))))).  [resolve(19635,a,14,a)].

given #6140 (T,wt=6): 19688 car(cen(cen(f3(cen(ra))))).  [resolve(19674,a,14,a)].

given #6141 (T,wt=6): 19727 car(cen(cen(f2(cen(ra))))).  [resolve(19713,a,14,a)].

given #6142 (T,wt=6): 19766 car(cen(cen(f1(cen(ra))))).  [resolve(19752,a,14,a)].

given #6143 (A,wt=61): 1717 -car(x) | -car(y) | -car(z) | cen(y) != cen(x) | cen(z) != cen(x) | cen(f4(pa)) != cen(x) | cen(pa) != cen(x) | y = x | z = x | f4(pa) = x | pb = x | z = y | f4(pa) = y | pb = y | f4(pa) = z | pb = z | f4(pa) = pb.  [resolve(1218,a,371,d),flip(q)].

given #6144 (F,wt=9): 19507 f4(f3(cen(pa))) != f2(f3(cen(pa))).  [resolve(19495,a,27,a)].

given #6145 (F,wt=9): 19508 f3(f3(cen(pa))) != f2(f3(cen(pa))).  [resolve(19495,a,26,a)].

given #6146 (F,wt=9): 19509 f4(f3(cen(pa))) != f1(f3(cen(pa))).  [resolve(19495,a,25,a)].

given #6147 (F,wt=9): 19510 f3(f3(cen(pa))) != f1(f3(cen(pa))).  [resolve(19495,a,24,a)].

given #6148 (T,wt=6): 19805 car(cen(cen(f4(cen(ca))))).  [resolve(19791,a,14,a)].

given #6149 (T,wt=6): 19844 car(cen(cen(f3(cen(ca))))).  [resolve(19830,a,14,a)].

given #6150 (T,wt=6): 19883 car(cen(cen(f2(cen(ca))))).  [resolve(19869,a,14,a)].

given #6151 (T,wt=6): 19922 car(cen(cen(f1(cen(ca))))).  [resolve(19908,a,14,a)].

given #6152 (A,wt=64): 1718 -car(x) | -car(y) | -car(z) | cen(f4(pa)) != cen(x) | cen(f4(pa)) != cen(y) | cen(f4(pa)) != cen(z) | cen(f4(pa)) != cen(pa) | f4(pa) = x | f4(pa) = y | f4(pa) = z | f4(pa) = pb | y = x | z = x | pb = x | z = y | pb = y | pb = z.  [resolve(1218,a,371,a),flip(d),flip(e),flip(f),flip(g),flip(h),flip(i),flip(j),flip(k)].

given #6153 (F,wt=9): 19511 f2(f3(cen(pa))) != f1(f3(cen(pa))).  [resolve(19495,a,23,a)].

given #6154 (F,wt=9): 19545 f4(f2(cen(pa))) != f3(f2(cen(pa))).  [resolve(19534,a,28,a)].

given #6155 (F,wt=9): 19546 f4(f2(cen(pa))) != f2(f2(cen(pa))).  [resolve(19534,a,27,a)].

given #6156 (F,wt=9): 19547 f3(f2(cen(pa))) != f2(f2(cen(pa))).  [resolve(19534,a,26,a)].

given #6157 (T,wt=6): 19961 car(cen(cen(f4(cen(oa))))).  [resolve(19947,a,14,a)].

given #6158 (T,wt=6): 20000 car(cen(cen(f3(cen(oa))))).  [resolve(19986,a,14,a)].

given #6159 (T,wt=6): 20039 car(cen(cen(f2(cen(oa))))).  [resolve(20025,a,14,a)].

given #6160 (T,wt=6): 20078 car(cen(cen(f1(cen(oa))))).  [resolve(20064,a,14,a)].

given #6161 (A,wt=61): 1719 -car(x) | -car(y) | -car(z) | cen(pa) != cen(x) | cen(pa) != cen(y) | cen(pa) != cen(z) | cen(f4(pa)) != cen(pa) | pa = x | pa = y | pa = z | f4(pa) = pa | y = x | z = x | f4(pa) = x | z = y | f4(pa) = y | f4(pa) = z.  [resolve(1218,a,356,d),flip(g),flip(k)].

given #6162 (F,wt=9): 19548 f4(f2(cen(pa))) != f1(f2(cen(pa))).  [resolve(19534,a,25,a)].

given #6163 (F,wt=9): 19549 f3(f2(cen(pa))) != f1(f2(cen(pa))).  [resolve(19534,a,24,a)].

given #6164 (F,wt=9): 19550 f2(f2(cen(pa))) != f1(f2(cen(pa))).  [resolve(19534,a,23,a)].

given #6165 (F,wt=9): 19584 f4(f1(cen(pa))) != f3(f1(cen(pa))).  [resolve(19573,a,28,a)].

given #6166 (T,wt=6): 20117 car(cen(cen(f4(cen(g0))))).  [resolve(20103,a,14,a)].

given #6167 (T,wt=6): 20156 car(cen(cen(f3(cen(g0))))).  [resolve(20142,a,14,a)].

given #6168 (T,wt=6): 20195 car(cen(cen(f2(cen(g0))))).  [resolve(20181,a,14,a)].

given #6169 (T,wt=6): 20234 car(cen(cen(f1(cen(g0))))).  [resolve(20220,a,14,a)].

given #6170 (A,wt=61): 1720 -car(x) | -car(y) | -car(z) | cen(y) != cen(x) | cen(z) != cen(x) | cen(f4(pa)) != cen(x) | cen(pa) != cen(x) | y = x | z = x | f4(pa) = x | pa = x | z = y | f4(pa) = y | pa = y | f4(pa) = z | pa = z | f4(pa) = pa.  [resolve(1218,a,355,d),flip(q)].

given #6171 (F,wt=9): 19585 f4(f1(cen(pa))) != f2(f1(cen(pa))).  [resolve(19573,a,27,a)].

given #6172 (F,wt=9): 19586 f3(f1(cen(pa))) != f2(f1(cen(pa))).  [resolve(19573,a,26,a)].

given #6173 (F,wt=9): 19587 f4(f1(cen(pa))) != f1(f1(cen(pa))).  [resolve(19573,a,25,a)].

given #6174 (F,wt=9): 19588 f3(f1(cen(pa))) != f1(f1(cen(pa))).  [resolve(19573,a,24,a)].

given #6175 (T,wt=6): 20572 car(cen(cen(f4(cen(g1))))).  [resolve(20558,a,14,a)].

given #6176 (T,wt=6): 20601 car(cen(cen(f3(cen(g1))))).  [resolve(20587,a,14,a)].

given #6177 (T,wt=6): 20630 car(cen(cen(f2(cen(g1))))).  [resolve(20616,a,14,a)].

given #6178 (T,wt=6): 20659 car(cen(cen(f1(cen(g1))))).  [resolve(20645,a,14,a)].

given #6179 (A,wt=64): 1721 -car(x) | -car(y) | -car(z) | cen(f4(pa)) != cen(x) | cen(f4(pa)) != cen(y) | cen(f4(pa)) != cen(z) | cen(f4(pa)) != cen(pa) | f4(pa) = x | f4(pa) = y | f4(pa) = z | f4(pa) = pa | y = x | z = x | pa = x | z = y | pa = y | pa = z.  [resolve(1218,a,355,a),flip(d),flip(e),flip(f),flip(g),flip(h),flip(i),flip(j),flip(k)].

given #6180 (F,wt=9): 19589 f2(f1(cen(pa))) != f1(f1(cen(pa))).  [resolve(19573,a,23,a)].

given #6181 (F,wt=9): 19623 f4(f4(cen(ra))) != f3(f4(cen(ra))).  [resolve(19612,a,28,a)].

given #6182 (F,wt=9): 19624 f4(f4(cen(ra))) != f2(f4(cen(ra))).  [resolve(19612,a,27,a)].

given #6183 (F,wt=9): 19625 f3(f4(cen(ra))) != f2(f4(cen(ra))).  [resolve(19612,a,26,a)].

given #6184 (T,wt=6): 20688 car(cen(cen(f4(cen(g2))))).  [resolve(20674,a,14,a)].

given #6185 (T,wt=6): 20871 car(cen(cen(f3(cen(g2))))).  [resolve(20857,a,14,a)].

given #6186 (T,wt=6): 20900 car(cen(cen(f2(cen(g2))))).  [resolve(20886,a,14,a)].

given #6187 (T,wt=6): 20929 car(cen(cen(f1(cen(g2))))).  [resolve(20915,a,14,a)].

given #6188 (A,wt=63): 1722 -car(x) | -car(y) | -car(z) | -car(u) | cen(y) != cen(x) | cen(z) != cen(x) | cen(u) != cen(x) | cen(f4(pa)) != cen(x) | y = x | z = x | u = x | f4(pa) = x | z = y | u = y | f4(pa) = y | u = z | f4(pa) = z | f4(pa) = u.  [resolve(1218,a,36,e)].

given #6189 (F,wt=9): 19626 f4(f4(cen(ra))) != f1(f4(cen(ra))).  [resolve(19612,a,25,a)].

given #6190 (F,wt=9): 19627 f3(f4(cen(ra))) != f1(f4(cen(ra))).  [resolve(19612,a,24,a)].

given #6191 (F,wt=9): 19628 f2(f4(cen(ra))) != f1(f4(cen(ra))).  [resolve(19612,a,23,a)].

given #6192 (F,wt=9): 19662 f4(f3(cen(ra))) != f3(f3(cen(ra))).  [resolve(19651,a,28,a)].

given #6193 (T,wt=6): 20958 car(cen(cen(f4(cen(g3))))).  [resolve(20944,a,14,a)].

given #6194 (T,wt=6): 20987 car(cen(cen(f3(cen(g3))))).  [resolve(20973,a,14,a)].

given #6195 (T,wt=6): 21016 car(cen(cen(f2(cen(g3))))).  [resolve(21002,a,14,a)].

given #6196 (T,wt=6): 21045 car(cen(cen(f1(cen(g3))))).  [resolve(21031,a,14,a)].

given #6197 (A,wt=66): 1723 -car(x) | -car(y) | -car(z) | -car(u) | cen(f4(pa)) != cen(x) | cen(f4(pa)) != cen(y) | cen(f4(pa)) != cen(z) | cen(f4(pa)) != cen(u) | f4(pa) = x | f4(pa) = y | f4(pa) = z | f4(pa) = u | y = x | z = x | u = x | z = y | u = y | u = z.  [resolve(1218,a,36,a),flip(e),flip(f),flip(g),flip(h),flip(i),flip(j),flip(k),flip(l)].

given #6198 (F,wt=9): 19663 f4(f3(cen(ra))) != f2(f3(cen(ra))).  [resolve(19651,a,27,a)].

given #6199 (F,wt=9): 19664 f3(f3(cen(ra))) != f2(f3(cen(ra))).  [resolve(19651,a,26,a)].

given #6200 (F,wt=9): 19665 f4(f3(cen(ra))) != f1(f3(cen(ra))).  [resolve(19651,a,25,a)].

given #6201 (F,wt=9): 19666 f3(f3(cen(ra))) != f1(f3(cen(ra))).  [resolve(19651,a,24,a)].

given #6202 (T,wt=6): 21074 car(cen(cen(f4(cen(g4))))).  [resolve(21060,a,14,a)].

given #6203 (T,wt=6): 21103 car(cen(cen(f3(cen(g4))))).  [resolve(21089,a,14,a)].

given #6204 (T,wt=6): 21132 car(cen(cen(f2(cen(g4))))).  [resolve(21118,a,14,a)].

given #6205 (T,wt=6): 21161 car(cen(cen(f1(cen(g4))))).  [resolve(21147,a,14,a)].

given #6206 (A,wt=51): 1738 -car(x) | -car(y) | cen(pa) != cen(x) | cen(y) != cen(x) | cen(f4(pa)) != cen(x) | pa = x | y = x | f4(pa) = x | pb = x | pa = y | f4(pa) = pa | f4(pa) = y | pb = y | f4(pa) = pb.  [factor(1717,d,g),flip(k),unit_del(b,37),unit_del(m,47)].

given #6207 (F,wt=9): 19667 f2(f3(cen(ra))) != f1(f3(cen(ra))).  [resolve(19651,a,23,a)].

given #6208 (F,wt=9): 19701 f4(f2(cen(ra))) != f3(f2(cen(ra))).  [resolve(19690,a,28,a)].

given #6209 (F,wt=9): 19702 f4(f2(cen(ra))) != f2(f2(cen(ra))).  [resolve(19690,a,27,a)].

given #6210 (F,wt=9): 19703 f3(f2(cen(ra))) != f2(f2(cen(ra))).  [resolve(19690,a,26,a)].

given #6211 (T,wt=6): 21344 car(cen(cen(f4(cen(g5))))).  [resolve(21330,a,14,a)].

given #6212 (T,wt=6): 21373 car(cen(cen(f3(cen(g5))))).  [resolve(21359,a,14,a)].

given #6213 (T,wt=6): 21402 car(cen(cen(f2(cen(g5))))).  [resolve(21388,a,14,a)].

given #6214 (T,wt=6): 21431 car(cen(cen(f1(cen(g5))))).  [resolve(21417,a,14,a)].

given #6215 (A,wt=53): 1739 -car(x) | -car(y) | cen(f4(pa)) != cen(pa) | cen(f4(pa)) != cen(x) | cen(f4(pa)) != cen(y) | f4(pa) = pa | f4(pa) = x | f4(pa) = y | f4(pa) = pb | pa = x | pa = y | y = x | pb = x | pb = y.  [factor(1718,d,g),flip(k),flip(l),unit_del(a,37),unit_del(m,47)].

given #6216 (F,wt=9): 19704 f4(f2(cen(ra))) != f1(f2(cen(ra))).  [resolve(19690,a,25,a)].

given #6217 (F,wt=9): 19705 f3(f2(cen(ra))) != f1(f2(cen(ra))).  [resolve(19690,a,24,a)].

given #6218 (F,wt=9): 19706 f2(f2(cen(ra))) != f1(f2(cen(ra))).  [resolve(19690,a,23,a)].

given #6219 (F,wt=9): 19740 f4(f1(cen(ra))) != f3(f1(cen(ra))).  [resolve(19729,a,28,a)].

given #6220 (T,wt=6): 21460 car(cen(cen(f4(cen(g6))))).  [resolve(21446,a,14,a)].

given #6221 (T,wt=6): 21489 car(cen(cen(f3(cen(g6))))).  [resolve(21475,a,14,a)].

given #6222 (T,wt=6): 21518 car(cen(cen(f2(cen(g6))))).  [resolve(21504,a,14,a)].

given #6223 (T,wt=6): 21547 car(cen(cen(f1(cen(g6))))).  [resolve(21533,a,14,a)].

given #6224 (A,wt=61): 1740 -car(x) | -car(y) | -car(z) | cen(pa) != cen(x) | cen(pa) != cen(y) | cen(pa) != cen(z) | cen(f3(pa)) != cen(pa) | pb = x | pb = y | pb = z | f3(pa) = pb | y = x | z = x | f3(pa) = x | z = y | f3(pa) = y | f3(pa) = z.  [resolve(1268,a,372,d),flip(g),flip(k)].

given #6225 (F,wt=9): 19741 f4(f1(cen(ra))) != f2(f1(cen(ra))).  [resolve(19729,a,27,a)].

given #6226 (F,wt=9): 19742 f3(f1(cen(ra))) != f2(f1(cen(ra))).  [resolve(19729,a,26,a)].

given #6227 (F,wt=9): 19743 f4(f1(cen(ra))) != f1(f1(cen(ra))).  [resolve(19729,a,25,a)].

given #6228 (F,wt=9): 19744 f3(f1(cen(ra))) != f1(f1(cen(ra))).  [resolve(19729,a,24,a)].

given #6229 (T,wt=6): 21576 car(cen(cen(f4(cen(g7))))).  [resolve(21562,a,14,a)].

given #6230 (T,wt=6): 21605 car(cen(cen(f3(cen(g7))))).  [resolve(21591,a,14,a)].

given #6231 (T,wt=6): 21634 car(cen(cen(f2(cen(g7))))).  [resolve(21620,a,14,a)].

given #6232 (T,wt=6): 21663 car(cen(cen(f1(cen(g7))))).  [resolve(21649,a,14,a)].

given #6233 (A,wt=61): 1741 -car(x) | -car(y) | -car(z) | cen(y) != cen(x) | cen(z) != cen(x) | cen(f3(pa)) != cen(x) | cen(pa) != cen(x) | y = x | z = x | f3(pa) = x | pb = x | z = y | f3(pa) = y | pb = y | f3(pa) = z | pb = z | f3(pa) = pb.  [resolve(1268,a,371,d),flip(q)].

given #6234 (F,wt=9): 19745 f2(f1(cen(ra))) != f1(f1(cen(ra))).  [resolve(19729,a,23,a)].

given #6235 (F,wt=9): 19779 f4(f4(cen(ca))) != f3(f4(cen(ca))).  [resolve(19768,a,28,a)].

given #6236 (F,wt=9): 19780 f4(f4(cen(ca))) != f2(f4(cen(ca))).  [resolve(19768,a,27,a)].

given #6237 (F,wt=9): 19781 f3(f4(cen(ca))) != f2(f4(cen(ca))).  [resolve(19768,a,26,a)].

given #6238 (T,wt=6): 21692 car(cen(cen(f4(cen(g8))))).  [resolve(21678,a,14,a)].

given #6239 (T,wt=6): 21721 car(cen(cen(f3(cen(g8))))).  [resolve(21707,a,14,a)].

given #6240 (T,wt=6): 21750 car(cen(cen(f2(cen(g8))))).  [resolve(21736,a,14,a)].

given #6241 (T,wt=6): 21779 car(cen(cen(f1(cen(g8))))).  [resolve(21765,a,14,a)].

given #6242 (A,wt=64): 1742 -car(x) | -car(y) | -car(z) | cen(f3(pa)) != cen(x) | cen(f3(pa)) != cen(y) | cen(f3(pa)) != cen(z) | cen(f3(pa)) != cen(pa) | f3(pa) = x | f3(pa) = y | f3(pa) = z | f3(pa) = pb | y = x | z = x | pb = x | z = y | pb = y | pb = z.  [resolve(1268,a,371,a),flip(d),flip(e),flip(f),flip(g),flip(h),flip(i),flip(j),flip(k)].

given #6243 (F,wt=9): 19782 f4(f4(cen(ca))) != f1(f4(cen(ca))).  [resolve(19768,a,25,a)].

given #6244 (F,wt=9): 19783 f3(f4(cen(ca))) != f1(f4(cen(ca))).  [resolve(19768,a,24,a)].

given #6245 (F,wt=9): 19784 f2(f4(cen(ca))) != f1(f4(cen(ca))).  [resolve(19768,a,23,a)].

given #6246 (F,wt=9): 19818 f4(f3(cen(ca))) != f3(f3(cen(ca))).  [resolve(19807,a,28,a)].

given #6247 (T,wt=6): 21808 car(cen(cen(f4(cen(g9))))).  [resolve(21794,a,14,a)].

given #6248 (T,wt=6): 21837 car(cen(cen(f3(cen(g9))))).  [resolve(21823,a,14,a)].

given #6249 (T,wt=6): 22019 car(cen(cen(f2(cen(g9))))).  [resolve(21852,a,14,a)].

given #6250 (T,wt=6): 22048 car(cen(cen(f1(cen(g9))))).  [resolve(22034,a,14,a)].

given #6251 (A,wt=61): 1743 -car(x) | -car(y) | -car(z) | cen(pa) != cen(x) | cen(pa) != cen(y) | cen(pa) != cen(z) | cen(f3(pa)) != cen(pa) | pa = x | pa = y | pa = z | f3(pa) = pa | y = x | z = x | f3(pa) = x | z = y | f3(pa) = y | f3(pa) = z.  [resolve(1268,a,356,d),flip(g),flip(k)].

given #6252 (F,wt=9): 19819 f4(f3(cen(ca))) != f2(f3(cen(ca))).  [resolve(19807,a,27,a)].

given #6253 (F,wt=9): 19820 f3(f3(cen(ca))) != f2(f3(cen(ca))).  [resolve(19807,a,26,a)].

given #6254 (F,wt=9): 19821 f4(f3(cen(ca))) != f1(f3(cen(ca))).  [resolve(19807,a,25,a)].

given #6255 (F,wt=9): 19822 f3(f3(cen(ca))) != f1(f3(cen(ca))).  [resolve(19807,a,24,a)].

given #6256 (T,wt=6): 22077 car(cen(cen(f4(cen(g10))))).  [resolve(22063,a,14,a)].

given #6257 (T,wt=6): 22106 car(cen(cen(f3(cen(g10))))).  [resolve(22092,a,14,a)].

given #6258 (T,wt=6): 22135 car(cen(cen(f2(cen(g10))))).  [resolve(22121,a,14,a)].

given #6259 (T,wt=6): 22317 car(cen(cen(f1(cen(g10))))).  [resolve(22150,a,14,a)].

given #6260 (A,wt=61): 1744 -car(x) | -car(y) | -car(z) | cen(y) != cen(x) | cen(z) != cen(x) | cen(f3(pa)) != cen(x) | cen(pa) != cen(x) | y = x | z = x | f3(pa) = x | pa = x | z = y | f3(pa) = y | pa = y | f3(pa) = z | pa = z | f3(pa) = pa.  [resolve(1268,a,355,d),flip(q)].

given #6261 (F,wt=9): 19823 f2(f3(cen(ca))) != f1(f3(cen(ca))).  [resolve(19807,a,23,a)].

given #6262 (F,wt=9): 19857 f4(f2(cen(ca))) != f3(f2(cen(ca))).  [resolve(19846,a,28,a)].

given #6263 (F,wt=9): 19858 f4(f2(cen(ca))) != f2(f2(cen(ca))).  [resolve(19846,a,27,a)].

given #6264 (F,wt=9): 19859 f3(f2(cen(ca))) != f2(f2(cen(ca))).  [resolve(19846,a,26,a)].

given #6265 (T,wt=6): 22346 car(cen(cen(f4(cen(g11))))).  [resolve(22332,a,14,a)].

given #6266 (T,wt=6): 22375 car(cen(cen(f3(cen(g11))))).  [resolve(22361,a,14,a)].

given #6267 (T,wt=6): 22404 car(cen(cen(f2(cen(g11))))).  [resolve(22390,a,14,a)].

given #6268 (T,wt=6): 22433 car(cen(cen(f1(cen(g11))))).  [resolve(22419,a,14,a)].

given #6269 (A,wt=64): 1745 -car(x) | -car(y) | -car(z) | cen(f3(pa)) != cen(x) | cen(f3(pa)) != cen(y) | cen(f3(pa)) != cen(z) | cen(f3(pa)) != cen(pa) | f3(pa) = x | f3(pa) = y | f3(pa) = z | f3(pa) = pa | y = x | z = x | pa = x | z = y | pa = y | pa = z.  [resolve(1268,a,355,a),flip(d),flip(e),flip(f),flip(g),flip(h),flip(i),flip(j),flip(k)].

given #6270 (F,wt=9): 19860 f4(f2(cen(ca))) != f1(f2(cen(ca))).  [resolve(19846,a,25,a)].

given #6271 (F,wt=9): 19861 f3(f2(cen(ca))) != f1(f2(cen(ca))).  [resolve(19846,a,24,a)].

given #6272 (F,wt=9): 19862 f2(f2(cen(ca))) != f1(f2(cen(ca))).  [resolve(19846,a,23,a)].

given #6273 (F,wt=9): 19896 f4(f1(cen(ca))) != f3(f1(cen(ca))).  [resolve(19885,a,28,a)].

given #6274 (T,wt=6): 22623 car(cen(cen(f4(cen(g12))))).  [resolve(22609,a,14,a)].

given #6275 (T,wt=6): 22652 car(cen(cen(f3(cen(g12))))).  [resolve(22638,a,14,a)].

given #6276 (T,wt=6): 22681 car(cen(cen(f2(cen(g12))))).  [resolve(22667,a,14,a)].

given #6277 (T,wt=6): 22710 car(cen(cen(f1(cen(g12))))).  [resolve(22696,a,14,a)].

given #6278 (A,wt=63): 1746 -car(x) | -car(y) | -car(z) | -car(u) | cen(y) != cen(x) | cen(z) != cen(x) | cen(u) != cen(x) | cen(f3(pa)) != cen(x) | y = x | z = x | u = x | f3(pa) = x | z = y | u = y | f3(pa) = y | u = z | f3(pa) = z | f3(pa) = u.  [resolve(1268,a,36,e)].

given #6279 (F,wt=9): 19897 f4(f1(cen(ca))) != f2(f1(cen(ca))).  [resolve(19885,a,27,a)].

given #6280 (F,wt=9): 19898 f3(f1(cen(ca))) != f2(f1(cen(ca))).  [resolve(19885,a,26,a)].

given #6281 (F,wt=9): 19899 f4(f1(cen(ca))) != f1(f1(cen(ca))).  [resolve(19885,a,25,a)].

given #6282 (F,wt=9): 19900 f3(f1(cen(ca))) != f1(f1(cen(ca))).  [resolve(19885,a,24,a)].

given #6283 (T,wt=6): 22739 car(cen(cen(f4(cen(g13))))).  [resolve(22725,a,14,a)].

given #6284 (T,wt=6): 22768 car(cen(cen(f3(cen(g13))))).  [resolve(22754,a,14,a)].

given #6285 (T,wt=6): 22797 car(cen(cen(f2(cen(g13))))).  [resolve(22783,a,14,a)].

given #6286 (T,wt=6): 22826 car(cen(cen(f1(cen(g13))))).  [resolve(22812,a,14,a)].

given #6287 (A,wt=66): 1747 -car(x) | -car(y) | -car(z) | -car(u) | cen(f3(pa)) != cen(x) | cen(f3(pa)) != cen(y) | cen(f3(pa)) != cen(z) | cen(f3(pa)) != cen(u) | f3(pa) = x | f3(pa) = y | f3(pa) = z | f3(pa) = u | y = x | z = x | u = x | z = y | u = y | u = z.  [resolve(1268,a,36,a),flip(e),flip(f),flip(g),flip(h),flip(i),flip(j),flip(k),flip(l)].

given #6288 (F,wt=9): 19901 f2(f1(cen(ca))) != f1(f1(cen(ca))).  [resolve(19885,a,23,a)].

given #6289 (F,wt=9): 19935 f4(f4(cen(oa))) != f3(f4(cen(oa))).  [resolve(19924,a,28,a)].

given #6290 (F,wt=9): 19936 f4(f4(cen(oa))) != f2(f4(cen(oa))).  [resolve(19924,a,27,a)].

given #6291 (F,wt=9): 19937 f3(f4(cen(oa))) != f2(f4(cen(oa))).  [resolve(19924,a,26,a)].

given #6292 (T,wt=6): 22855 car(cen(cen(f4(cen(g14))))).  [resolve(22841,a,14,a)].

given #6293 (T,wt=6): 22884 car(cen(cen(f3(cen(g14))))).  [resolve(22870,a,14,a)].

given #6294 (T,wt=6): 22913 car(cen(cen(f2(cen(g14))))).  [resolve(22899,a,14,a)].

given #6295 (T,wt=6): 23103 car(cen(cen(f1(cen(g14))))).  [resolve(22928,a,14,a)].

given #6296 (A,wt=51): 1762 -car(x) | -car(y) | cen(pa) != cen(x) | cen(y) != cen(x) | cen(f3(pa)) != cen(x) | pa = x | y = x | f3(pa) = x | pb = x | pa = y | f3(pa) = pa | f3(pa) = y | pb = y | f3(pa) = pb.  [factor(1741,d,g),flip(k),unit_del(b,37),unit_del(m,47)].

given #6297 (F,wt=9): 19938 f4(f4(cen(oa))) != f1(f4(cen(oa))).  [resolve(19924,a,25,a)].

given #6298 (F,wt=9): 19939 f3(f4(cen(oa))) != f1(f4(cen(oa))).  [resolve(19924,a,24,a)].

given #6299 (F,wt=9): 19940 f2(f4(cen(oa))) != f1(f4(cen(oa))).  [resolve(19924,a,23,a)].

given #6300 (F,wt=9): 19974 f4(f3(cen(oa))) != f3(f3(cen(oa))).  [resolve(19963,a,28,a)].

given #6301 (T,wt=6): 23132 car(cen(cen(f4(cen(c1))))).  [resolve(23118,a,14,a)].

given #6302 (T,wt=6): 23161 car(cen(cen(f3(cen(c1))))).  [resolve(23147,a,14,a)].

given #6303 (T,wt=6): 23190 car(cen(cen(f2(cen(c1))))).  [resolve(23176,a,14,a)].

given #6304 (T,wt=6): 23219 car(cen(cen(f1(cen(c1))))).  [resolve(23205,a,14,a)].

given #6305 (A,wt=53): 1763 -car(x) | -car(y) | cen(f3(pa)) != cen(pa) | cen(f3(pa)) != cen(x) | cen(f3(pa)) != cen(y) | f3(pa) = pa | f3(pa) = x | f3(pa) = y | f3(pa) = pb | pa = x | pa = y | y = x | pb = x | pb = y.  [factor(1742,d,g),flip(k),flip(l),unit_del(a,37),unit_del(m,47)].

given #6306 (F,wt=9): 19975 f4(f3(cen(oa))) != f2(f3(cen(oa))).  [resolve(19963,a,27,a)].

given #6307 (F,wt=9): 19976 f3(f3(cen(oa))) != f2(f3(cen(oa))).  [resolve(19963,a,26,a)].

given #6308 (F,wt=9): 19977 f4(f3(cen(oa))) != f1(f3(cen(oa))).  [resolve(19963,a,25,a)].

given #6309 (F,wt=9): 19978 f3(f3(cen(oa))) != f1(f3(cen(oa))).  [resolve(19963,a,24,a)].

given #6310 (T,wt=6): 23248 car(cen(cen(f4(cen(c2))))).  [resolve(23234,a,14,a)].

given #6311 (T,wt=6): 23277 car(cen(cen(f3(cen(c2))))).  [resolve(23263,a,14,a)].

given #6312 (T,wt=6): 23306 car(cen(cen(f2(cen(c2))))).  [resolve(23292,a,14,a)].

given #6313 (T,wt=6): 23335 car(cen(cen(f1(cen(c2))))).  [resolve(23321,a,14,a)].

given #6314 (A,wt=61): 1765 -car(x) | -car(y) | -car(z) | cen(pa) != cen(x) | cen(pa) != cen(y) | cen(pa) != cen(z) | cen(f2(pa)) != cen(pa) | pb = x | pb = y | pb = z | f2(pa) = pb | y = x | z = x | f2(pa) = x | z = y | f2(pa) = y | f2(pa) = z.  [resolve(1318,a,372,d),flip(g),flip(k)].

given #6315 (F,wt=9): 19979 f2(f3(cen(oa))) != f1(f3(cen(oa))).  [resolve(19963,a,23,a)].

given #6316 (F,wt=9): 20013 f4(f2(cen(oa))) != f3(f2(cen(oa))).  [resolve(20002,a,28,a)].

given #6317 (F,wt=9): 20014 f4(f2(cen(oa))) != f2(f2(cen(oa))).  [resolve(20002,a,27,a)].

given #6318 (F,wt=9): 20015 f3(f2(cen(oa))) != f2(f2(cen(oa))).  [resolve(20002,a,26,a)].

given #6319 (T,wt=6): 23364 car(cen(cen(f4(cen(c3))))).  [resolve(23350,a,14,a)].

given #6320 (T,wt=6): 23393 car(cen(cen(f3(cen(c3))))).  [resolve(23379,a,14,a)].

given #6321 (T,wt=6): 23583 car(cen(cen(f2(cen(c3))))).  [resolve(23408,a,14,a)].

given #6322 (T,wt=6): 23612 car(cen(cen(f1(cen(c3))))).  [resolve(23598,a,14,a)].

given #6323 (A,wt=61): 1766 -car(x) | -car(y) | -car(z) | cen(y) != cen(x) | cen(z) != cen(x) | cen(f2(pa)) != cen(x) | cen(pa) != cen(x) | y = x | z = x | f2(pa) = x | pb = x | z = y | f2(pa) = y | pb = y | f2(pa) = z | pb = z | f2(pa) = pb.  [resolve(1318,a,371,d),flip(q)].

given #6324 (F,wt=9): 20016 f4(f2(cen(oa))) != f1(f2(cen(oa))).  [resolve(20002,a,25,a)].

given #6325 (F,wt=9): 20017 f3(f2(cen(oa))) != f1(f2(cen(oa))).  [resolve(20002,a,24,a)].

given #6326 (F,wt=9): 20018 f2(f2(cen(oa))) != f1(f2(cen(oa))).  [resolve(20002,a,23,a)].

given #6327 (F,wt=9): 20052 f4(f1(cen(oa))) != f3(f1(cen(oa))).  [resolve(20041,a,28,a)].

given #6328 (T,wt=6): 23641 car(cen(cen(f4(cen(c4))))).  [resolve(23627,a,14,a)].

given #6329 (T,wt=6): 23670 car(cen(cen(f3(cen(c4))))).  [resolve(23656,a,14,a)].

given #6330 (T,wt=6): 23699 car(cen(cen(f2(cen(c4))))).  [resolve(23685,a,14,a)].

given #6331 (T,wt=6): 23728 car(cen(cen(f1(cen(c4))))).  [resolve(23714,a,14,a)].

given #6332 (A,wt=64): 1767 -car(x) | -car(y) | -car(z) | cen(f2(pa)) != cen(x) | cen(f2(pa)) != cen(y) | cen(f2(pa)) != cen(z) | cen(f2(pa)) != cen(pa) | f2(pa) = x | f2(pa) = y | f2(pa) = z | f2(pa) = pb | y = x | z = x | pb = x | z = y | pb = y | pb = z.  [resolve(1318,a,371,a),flip(d),flip(e),flip(f),flip(g),flip(h),flip(i),flip(j),flip(k)].

given #6333 (F,wt=9): 20053 f4(f1(cen(oa))) != f2(f1(cen(oa))).  [resolve(20041,a,27,a)].

given #6334 (F,wt=9): 20054 f3(f1(cen(oa))) != f2(f1(cen(oa))).  [resolve(20041,a,26,a)].

given #6335 (F,wt=9): 20055 f4(f1(cen(oa))) != f1(f1(cen(oa))).  [resolve(20041,a,25,a)].

given #6336 (F,wt=9): 20056 f3(f1(cen(oa))) != f1(f1(cen(oa))).  [resolve(20041,a,24,a)].

given #6337 (T,wt=6): 23757 car(cen(cen(f4(f4(pa))))).  [resolve(23743,a,14,a)].

given #6338 (T,wt=6): 23786 car(cen(cen(f3(f4(pa))))).  [resolve(23772,a,14,a)].

given #6339 (T,wt=6): 23815 car(cen(cen(f2(f4(pa))))).  [resolve(23801,a,14,a)].

given #6340 (T,wt=6): 23844 car(cen(cen(f1(f4(pa))))).  [resolve(23830,a,14,a)].

given #6341 (A,wt=61): 1768 -car(x) | -car(y) | -car(z) | cen(pa) != cen(x) | cen(pa) != cen(y) | cen(pa) != cen(z) | cen(f2(pa)) != cen(pa) | pa = x | pa = y | pa = z | f2(pa) = pa | y = x | z = x | f2(pa) = x | z = y | f2(pa) = y | f2(pa) = z.  [resolve(1318,a,356,d),flip(g),flip(k)].

given #6342 (F,wt=9): 20057 f2(f1(cen(oa))) != f1(f1(cen(oa))).  [resolve(20041,a,23,a)].

given #6343 (F,wt=9): 20091 f4(f4(cen(g0))) != f3(f4(cen(g0))).  [resolve(20080,a,28,a)].

given #6344 (F,wt=9): 20092 f4(f4(cen(g0))) != f2(f4(cen(g0))).  [resolve(20080,a,27,a)].

given #6345 (F,wt=9): 20093 f3(f4(cen(g0))) != f2(f4(cen(g0))).  [resolve(20080,a,26,a)].

given #6346 (T,wt=6): 23873 car(cen(cen(f4(f3(pa))))).  [resolve(23859,a,14,a)].

given #6347 (T,wt=6): 24063 car(cen(cen(f3(f3(pa))))).  [resolve(23888,a,14,a)].

given #6348 (T,wt=6): 24092 car(cen(cen(f2(f3(pa))))).  [resolve(24078,a,14,a)].

given #6349 (T,wt=6): 24121 car(cen(cen(f1(f3(pa))))).  [resolve(24107,a,14,a)].

given #6350 (A,wt=61): 1769 -car(x) | -car(y) | -car(z) | cen(y) != cen(x) | cen(z) != cen(x) | cen(f2(pa)) != cen(x) | cen(pa) != cen(x) | y = x | z = x | f2(pa) = x | pa = x | z = y | f2(pa) = y | pa = y | f2(pa) = z | pa = z | f2(pa) = pa.  [resolve(1318,a,355,d),flip(q)].

given #6351 (F,wt=9): 20094 f4(f4(cen(g0))) != f1(f4(cen(g0))).  [resolve(20080,a,25,a)].

given #6352 (F,wt=9): 20095 f3(f4(cen(g0))) != f1(f4(cen(g0))).  [resolve(20080,a,24,a)].

given #6353 (F,wt=9): 20096 f2(f4(cen(g0))) != f1(f4(cen(g0))).  [resolve(20080,a,23,a)].

given #6354 (F,wt=9): 20130 f4(f3(cen(g0))) != f3(f3(cen(g0))).  [resolve(20119,a,28,a)].

given #6355 (T,wt=6): 24150 car(cen(cen(f4(f2(pa))))).  [resolve(24136,a,14,a)].

given #6356 (T,wt=6): 24179 car(cen(cen(f3(f2(pa))))).  [resolve(24165,a,14,a)].

given #6357 (T,wt=6): 24208 car(cen(cen(f2(f2(pa))))).  [resolve(24194,a,14,a)].

given #6358 (T,wt=6): 24237 car(cen(cen(f1(f2(pa))))).  [resolve(24223,a,14,a)].

given #6359 (A,wt=64): 1770 -car(x) | -car(y) | -car(z) | cen(f2(pa)) != cen(x) | cen(f2(pa)) != cen(y) | cen(f2(pa)) != cen(z) | cen(f2(pa)) != cen(pa) | f2(pa) = x | f2(pa) = y | f2(pa) = z | f2(pa) = pa | y = x | z = x | pa = x | z = y | pa = y | pa = z.  [resolve(1318,a,355,a),flip(d),flip(e),flip(f),flip(g),flip(h),flip(i),flip(j),flip(k)].

given #6360 (F,wt=9): 20131 f4(f3(cen(g0))) != f2(f3(cen(g0))).  [resolve(20119,a,27,a)].

given #6361 (F,wt=9): 20132 f3(f3(cen(g0))) != f2(f3(cen(g0))).  [resolve(20119,a,26,a)].

given #6362 (F,wt=9): 20133 f4(f3(cen(g0))) != f1(f3(cen(g0))).  [resolve(20119,a,25,a)].

given #6363 (F,wt=9): 20134 f3(f3(cen(g0))) != f1(f3(cen(g0))).  [resolve(20119,a,24,a)].

given #6364 (T,wt=6): 24266 car(cen(cen(f4(f1(pa))))).  [resolve(24252,a,14,a)].

given #6365 (T,wt=6): 24295 car(cen(cen(f3(f1(pa))))).  [resolve(24281,a,14,a)].

given #6366 (T,wt=6): 24324 car(cen(cen(f2(f1(pa))))).  [resolve(24310,a,14,a)].

given #6367 (T,wt=6): 24348 car(cen(cen(f1(f1(pa))))).  [resolve(24339,a,14,a)].

given #6368 (A,wt=63): 1771 -car(x) | -car(y) | -car(z) | -car(u) | cen(y) != cen(x) | cen(z) != cen(x) | cen(u) != cen(x) | cen(f2(pa)) != cen(x) | y = x | z = x | u = x | f2(pa) = x | z = y | u = y | f2(pa) = y | u = z | f2(pa) = z | f2(pa) = u.  [resolve(1318,a,36,e)].

given #6369 (F,wt=9): 20135 f2(f3(cen(g0))) != f1(f3(cen(g0))).  [resolve(20119,a,23,a)].

given #6370 (F,wt=9): 20169 f4(f2(cen(g0))) != f3(f2(cen(g0))).  [resolve(20158,a,28,a)].

given #6371 (F,wt=9): 20170 f4(f2(cen(g0))) != f2(f2(cen(g0))).  [resolve(20158,a,27,a)].

given #6372 (F,wt=9): 20171 f3(f2(cen(g0))) != f2(f2(cen(g0))).  [resolve(20158,a,26,a)].

given #6373 (T,wt=6): 24399 car(cen(cen(f4(f4(pb))))).  [resolve(24363,a,14,a)].

given #6374 (T,wt=6): 24423 car(cen(cen(f3(f4(pb))))).  [resolve(24414,a,14,a)].

given #6375 (T,wt=6): 24447 car(cen(cen(f2(f4(pb))))).  [resolve(24438,a,14,a)].

given #6376 (T,wt=6): 24471 car(cen(cen(f1(f4(pb))))).  [resolve(24462,a,14,a)].

given #6377 (A,wt=66): 1772 -car(x) | -car(y) | -car(z) | -car(u) | cen(f2(pa)) != cen(x) | cen(f2(pa)) != cen(y) | cen(f2(pa)) != cen(z) | cen(f2(pa)) != cen(u) | f2(pa) = x | f2(pa) = y | f2(pa) = z | f2(pa) = u | y = x | z = x | u = x | z = y | u = y | u = z.  [resolve(1318,a,36,a),flip(e),flip(f),flip(g),flip(h),flip(i),flip(j),flip(k),flip(l)].

given #6378 (F,wt=9): 20172 f4(f2(cen(g0))) != f1(f2(cen(g0))).  [resolve(20158,a,25,a)].

given #6379 (F,wt=9): 20173 f3(f2(cen(g0))) != f1(f2(cen(g0))).  [resolve(20158,a,24,a)].

given #6380 (F,wt=9): 20174 f2(f2(cen(g0))) != f1(f2(cen(g0))).  [resolve(20158,a,23,a)].

given #6381 (F,wt=9): 20208 f4(f1(cen(g0))) != f3(f1(cen(g0))).  [resolve(20197,a,28,a)].

given #6382 (T,wt=6): 24495 car(cen(cen(f4(f3(pb))))).  [resolve(24486,a,14,a)].

given #6383 (T,wt=6): 24519 car(cen(cen(f3(f3(pb))))).  [resolve(24510,a,14,a)].

given #6384 (T,wt=6): 24543 car(cen(cen(f2(f3(pb))))).  [resolve(24534,a,14,a)].

given #6385 (T,wt=6): 24567 car(cen(cen(f1(f3(pb))))).  [resolve(24558,a,14,a)].

given #6386 (A,wt=51): 1787 -car(x) | -car(y) | cen(pa) != cen(x) | cen(y) != cen(x) | cen(f2(pa)) != cen(x) | pa = x | y = x | f2(pa) = x | pb = x | pa = y | f2(pa) = pa | f2(pa) = y | pb = y | f2(pa) = pb.  [factor(1766,d,g),flip(k),unit_del(b,37),unit_del(m,47)].

given #6387 (F,wt=9): 20209 f4(f1(cen(g0))) != f2(f1(cen(g0))).  [resolve(20197,a,27,a)].

given #6388 (F,wt=9): 20210 f3(f1(cen(g0))) != f2(f1(cen(g0))).  [resolve(20197,a,26,a)].

given #6389 (F,wt=9): 20211 f4(f1(cen(g0))) != f1(f1(cen(g0))).  [resolve(20197,a,25,a)].

given #6390 (F,wt=9): 20212 f3(f1(cen(g0))) != f1(f1(cen(g0))).  [resolve(20197,a,24,a)].

given #6391 (T,wt=6): 24591 car(cen(cen(f4(f2(pb))))).  [resolve(24582,a,14,a)].

given #6392 (T,wt=6): 24615 car(cen(cen(f3(f2(pb))))).  [resolve(24606,a,14,a)].

given #6393 (T,wt=6): 24639 car(cen(cen(f2(f2(pb))))).  [resolve(24630,a,14,a)].

given #6394 (T,wt=6): 24663 car(cen(cen(f1(f2(pb))))).  [resolve(24654,a,14,a)].

given #6395 (A,wt=53): 1788 -car(x) | -car(y) | cen(f2(pa)) != cen(pa) | cen(f2(pa)) != cen(x) | cen(f2(pa)) != cen(y) | f2(pa) = pa | f2(pa) = x | f2(pa) = y | f2(pa) = pb | pa = x | pa = y | y = x | pb = x | pb = y.  [factor(1767,d,g),flip(k),flip(l),unit_del(a,37),unit_del(m,47)].

given #6396 (F,wt=9): 20213 f2(f1(cen(g0))) != f1(f1(cen(g0))).  [resolve(20197,a,23,a)].

given #6397 (F,wt=9): 20546 f4(f4(cen(g1))) != f3(f4(cen(g1))).  [resolve(20544,a,28,a)].

given #6398 (F,wt=9): 20547 f4(f4(cen(g1))) != f2(f4(cen(g1))).  [resolve(20544,a,27,a)].

given #6399 (F,wt=9): 20548 f3(f4(cen(g1))) != f2(f4(cen(g1))).  [resolve(20544,a,26,a)].

given #6400 (T,wt=6): 24714 car(cen(cen(f4(f1(pb))))).  [resolve(24705,a,14,a)].

given #6401 (T,wt=6): 24738 car(cen(cen(f3(f1(pb))))).  [resolve(24729,a,14,a)].

given #6402 (T,wt=6): 24762 car(cen(cen(f2(f1(pb))))).  [resolve(24753,a,14,a)].

given #6403 (T,wt=6): 24786 car(cen(cen(f1(f1(pb))))).  [resolve(24777,a,14,a)].

given #6404 (A,wt=61): 1789 -car(x) | -car(y) | -car(z) | cen(pa) != cen(x) | cen(pa) != cen(y) | cen(pa) != cen(z) | cen(f1(pa)) != cen(pa) | pb = x | pb = y | pb = z | f1(pa) = pb | y = x | z = x | f1(pa) = x | z = y | f1(pa) = y | f1(pa) = z.  [resolve(1368,a,372,d),flip(g),flip(k)].

given #6405 (F,wt=9): 20549 f4(f4(cen(g1))) != f1(f4(cen(g1))).  [resolve(20544,a,25,a)].

given #6406 (F,wt=9): 20550 f3(f4(cen(g1))) != f1(f4(cen(g1))).  [resolve(20544,a,24,a)].

given #6407 (F,wt=9): 20551 f2(f4(cen(g1))) != f1(f4(cen(g1))).  [resolve(20544,a,23,a)].

given #6408 (F,wt=9): 20575 f4(f3(cen(g1))) != f3(f3(cen(g1))).  [resolve(20573,a,28,a)].

given #6409 (T,wt=6): 24810 car(cen(cen(f4(f4(ra))))).  [resolve(24801,a,14,a)].

given #6410 (T,wt=6): 24834 car(cen(cen(f3(f4(ra))))).  [resolve(24825,a,14,a)].

given #6411 (T,wt=6): 24858 car(cen(cen(f2(f4(ra))))).  [resolve(24849,a,14,a)].

given #6412 (T,wt=6): 24882 car(cen(cen(f1(f4(ra))))).  [resolve(24873,a,14,a)].

given #6413 (A,wt=61): 1790 -car(x) | -car(y) | -car(z) | cen(y) != cen(x) | cen(z) != cen(x) | cen(f1(pa)) != cen(x) | cen(pa) != cen(x) | y = x | z = x | f1(pa) = x | pb = x | z = y | f1(pa) = y | pb = y | f1(pa) = z | pb = z | f1(pa) = pb.  [resolve(1368,a,371,d),flip(q)].

given #6414 (F,wt=9): 20576 f4(f3(cen(g1))) != f2(f3(cen(g1))).  [resolve(20573,a,27,a)].

given #6415 (F,wt=9): 20577 f3(f3(cen(g1))) != f2(f3(cen(g1))).  [resolve(20573,a,26,a)].

given #6416 (F,wt=9): 20578 f4(f3(cen(g1))) != f1(f3(cen(g1))).  [resolve(20573,a,25,a)].

given #6417 (F,wt=9): 20579 f3(f3(cen(g1))) != f1(f3(cen(g1))).  [resolve(20573,a,24,a)].

given #6418 (T,wt=6): 24906 car(cen(cen(f4(f3(ra))))).  [resolve(24897,a,14,a)].

given #6419 (T,wt=6): 24930 car(cen(cen(f3(f3(ra))))).  [resolve(24921,a,14,a)].

given #6420 (T,wt=6): 24954 car(cen(cen(f2(f3(ra))))).  [resolve(24945,a,14,a)].

given #6421 (T,wt=6): 25005 car(cen(cen(f1(f3(ra))))).  [resolve(24996,a,14,a)].

given #6422 (A,wt=64): 1791 -car(x) | -car(y) | -car(z) | cen(f1(pa)) != cen(x) | cen(f1(pa)) != cen(y) | cen(f1(pa)) != cen(z) | cen(f1(pa)) != cen(pa) | f1(pa) = x | f1(pa) = y | f1(pa) = z | f1(pa) = pb | y = x | z = x | pb = x | z = y | pb = y | pb = z.  [resolve(1368,a,371,a),flip(d),flip(e),flip(f),flip(g),flip(h),flip(i),flip(j),flip(k)].

given #6423 (F,wt=9): 20580 f2(f3(cen(g1))) != f1(f3(cen(g1))).  [resolve(20573,a,23,a)].

given #6424 (F,wt=9): 20604 f4(f2(cen(g1))) != f3(f2(cen(g1))).  [resolve(20602,a,28,a)].

given #6425 (F,wt=9): 20605 f4(f2(cen(g1))) != f2(f2(cen(g1))).  [resolve(20602,a,27,a)].

given #6426 (F,wt=9): 20606 f3(f2(cen(g1))) != f2(f2(cen(g1))).  [resolve(20602,a,26,a)].

given #6427 (T,wt=6): 25029 car(cen(cen(f4(f2(ra))))).  [resolve(25020,a,14,a)].

given #6428 (T,wt=6): 25053 car(cen(cen(f3(f2(ra))))).  [resolve(25044,a,14,a)].

given #6429 (T,wt=6): 25077 car(cen(cen(f2(f2(ra))))).  [resolve(25068,a,14,a)].

given #6430 (T,wt=6): 25101 car(cen(cen(f1(f2(ra))))).  [resolve(25092,a,14,a)].

given #6431 (A,wt=61): 1792 -car(x) | -car(y) | -car(z) | cen(pa) != cen(x) | cen(pa) != cen(y) | cen(pa) != cen(z) | cen(f1(pa)) != cen(pa) | pa = x | pa = y | pa = z | f1(pa) = pa | y = x | z = x | f1(pa) = x | z = y | f1(pa) = y | f1(pa) = z.  [resolve(1368,a,356,d),flip(g),flip(k)].

given #6432 (F,wt=9): 20607 f4(f2(cen(g1))) != f1(f2(cen(g1))).  [resolve(20602,a,25,a)].

given #6433 (F,wt=9): 20608 f3(f2(cen(g1))) != f1(f2(cen(g1))).  [resolve(20602,a,24,a)].

given #6434 (F,wt=9): 20609 f2(f2(cen(g1))) != f1(f2(cen(g1))).  [resolve(20602,a,23,a)].

given #6435 (F,wt=9): 20633 f4(f1(cen(g1))) != f3(f1(cen(g1))).  [resolve(20631,a,28,a)].

given #6436 (T,wt=6): 25125 car(cen(cen(f4(f1(ra))))).  [resolve(25116,a,14,a)].

given #6437 (T,wt=6): 25149 car(cen(cen(f3(f1(ra))))).  [resolve(25140,a,14,a)].

given #6438 (T,wt=6): 25173 car(cen(cen(f2(f1(ra))))).  [resolve(25164,a,14,a)].

given #6439 (T,wt=6): 25197 car(cen(cen(f1(f1(ra))))).  [resolve(25188,a,14,a)].

given #6440 (A,wt=61): 1793 -car(x) | -car(y) | -car(z) | cen(y) != cen(x) | cen(z) != cen(x) | cen(f1(pa)) != cen(x) | cen(pa) != cen(x) | y = x | z = x | f1(pa) = x | pa = x | z = y | f1(pa) = y | pa = y | f1(pa) = z | pa = z | f1(pa) = pa.  [resolve(1368,a,355,d),flip(q)].

given #6441 (F,wt=9): 20634 f4(f1(cen(g1))) != f2(f1(cen(g1))).  [resolve(20631,a,27,a)].

given #6442 (F,wt=9): 20635 f3(f1(cen(g1))) != f2(f1(cen(g1))).  [resolve(20631,a,26,a)].

given #6443 (F,wt=9): 20636 f4(f1(cen(g1))) != f1(f1(cen(g1))).  [resolve(20631,a,25,a)].

given #6444 (F,wt=9): 20637 f3(f1(cen(g1))) != f1(f1(cen(g1))).  [resolve(20631,a,24,a)].

given #6445 (T,wt=6): 25221 car(cen(cen(f4(f4(rb))))).  [resolve(25212,a,14,a)].

given #6446 (T,wt=6): 25245 car(cen(cen(f3(f4(rb))))).  [resolve(25236,a,14,a)].

given #6447 (T,wt=6): 25296 car(cen(cen(f2(f4(rb))))).  [resolve(25287,a,14,a)].

given #6448 (T,wt=6): 25320 car(cen(cen(f1(f4(rb))))).  [resolve(25311,a,14,a)].

given #6449 (A,wt=64): 1794 -car(x) | -car(y) | -car(z) | cen(f1(pa)) != cen(x) | cen(f1(pa)) != cen(y) | cen(f1(pa)) != cen(z) | cen(f1(pa)) != cen(pa) | f1(pa) = x | f1(pa) = y | f1(pa) = z | f1(pa) = pa | y = x | z = x | pa = x | z = y | pa = y | pa = z.  [resolve(1368,a,355,a),flip(d),flip(e),flip(f),flip(g),flip(h),flip(i),flip(j),flip(k)].

given #6450 (F,wt=9): 20638 f2(f1(cen(g1))) != f1(f1(cen(g1))).  [resolve(20631,a,23,a)].

given #6451 (F,wt=9): 20662 f4(f4(cen(g2))) != f3(f4(cen(g2))).  [resolve(20660,a,28,a)].

given #6452 (F,wt=9): 20663 f4(f4(cen(g2))) != f2(f4(cen(g2))).  [resolve(20660,a,27,a)].

given #6453 (F,wt=9): 20664 f3(f4(cen(g2))) != f2(f4(cen(g2))).  [resolve(20660,a,26,a)].

given #6454 (T,wt=6): 25344 car(cen(cen(f4(f3(rb))))).  [resolve(25335,a,14,a)].

given #6455 (T,wt=6): 25368 car(cen(cen(f3(f3(rb))))).  [resolve(25359,a,14,a)].

given #6456 (T,wt=6): 25392 car(cen(cen(f2(f3(rb))))).  [resolve(25383,a,14,a)].

given #6457 (T,wt=6): 25416 car(cen(cen(f1(f3(rb))))).  [resolve(25407,a,14,a)].

given #6458 (A,wt=63): 1795 -car(x) | -car(y) | -car(z) | -car(u) | cen(y) != cen(x) | cen(z) != cen(x) | cen(u) != cen(x) | cen(f1(pa)) != cen(x) | y = x | z = x | u = x | f1(pa) = x | z = y | u = y | f1(pa) = y | u = z | f1(pa) = z | f1(pa) = u.  [resolve(1368,a,36,e)].

given #6459 (F,wt=9): 20665 f4(f4(cen(g2))) != f1(f4(cen(g2))).  [resolve(20660,a,25,a)].

given #6460 (F,wt=9): 20666 f3(f4(cen(g2))) != f1(f4(cen(g2))).  [resolve(20660,a,24,a)].

given #6461 (F,wt=9): 20667 f2(f4(cen(g2))) != f1(f4(cen(g2))).  [resolve(20660,a,23,a)].

given #6462 (F,wt=9): 20845 f4(f3(cen(g2))) != f3(f3(cen(g2))).  [resolve(20843,a,28,a)].

given #6463 (T,wt=6): 25440 car(cen(cen(f4(f2(rb))))).  [resolve(25431,a,14,a)].

given #6464 (T,wt=6): 25464 car(cen(cen(f3(f2(rb))))).  [resolve(25455,a,14,a)].

given #6465 (T,wt=6): 25488 car(cen(cen(f2(f2(rb))))).  [resolve(25479,a,14,a)].

given #6466 (T,wt=6): 25512 car(cen(cen(f1(f2(rb))))).  [resolve(25503,a,14,a)].

given #6467 (A,wt=66): 1796 -car(x) | -car(y) | -car(z) | -car(u) | cen(f1(pa)) != cen(x) | cen(f1(pa)) != cen(y) | cen(f1(pa)) != cen(z) | cen(f1(pa)) != cen(u) | f1(pa) = x | f1(pa) = y | f1(pa) = z | f1(pa) = u | y = x | z = x | u = x | z = y | u = y | u = z.  [resolve(1368,a,36,a),flip(e),flip(f),flip(g),flip(h),flip(i),flip(j),flip(k),flip(l)].

given #6468 (F,wt=9): 20846 f4(f3(cen(g2))) != f2(f3(cen(g2))).  [resolve(20843,a,27,a)].

given #6469 (F,wt=9): 20847 f3(f3(cen(g2))) != f2(f3(cen(g2))).  [resolve(20843,a,26,a)].

given #6470 (F,wt=9): 20848 f4(f3(cen(g2))) != f1(f3(cen(g2))).  [resolve(20843,a,25,a)].

given #6471 (F,wt=9): 20849 f3(f3(cen(g2))) != f1(f3(cen(g2))).  [resolve(20843,a,24,a)].

given #6472 (T,wt=6): 25536 car(cen(cen(f4(f1(rb))))).  [resolve(25527,a,14,a)].

given #6473 (T,wt=6): 25587 car(cen(cen(f3(f1(rb))))).  [resolve(25578,a,14,a)].

given #6474 (T,wt=6): 25611 car(cen(cen(f2(f1(rb))))).  [resolve(25602,a,14,a)].

given #6475 (T,wt=6): 25635 car(cen(cen(f1(f1(rb))))).  [resolve(25626,a,14,a)].

given #6476 (A,wt=51): 1811 -car(x) | -car(y) | cen(pa) != cen(x) | cen(y) != cen(x) | cen(f1(pa)) != cen(x) | pa = x | y = x | f1(pa) = x | pb = x | pa = y | f1(pa) = pa | f1(pa) = y | pb = y | f1(pa) = pb.  [factor(1790,d,g),flip(k),unit_del(b,37),unit_del(m,47)].

given #6477 (F,wt=9): 20850 f2(f3(cen(g2))) != f1(f3(cen(g2))).  [resolve(20843,a,23,a)].

given #6478 (F,wt=9): 20874 f4(f2(cen(g2))) != f3(f2(cen(g2))).  [resolve(20872,a,28,a)].

given #6479 (F,wt=9): 20875 f4(f2(cen(g2))) != f2(f2(cen(g2))).  [resolve(20872,a,27,a)].

given #6480 (F,wt=9): 20876 f3(f2(cen(g2))) != f2(f2(cen(g2))).  [resolve(20872,a,26,a)].

given #6481 (T,wt=6): 25659 car(cen(cen(f4(f4(qa))))).  [resolve(25650,a,14,a)].

given #6482 (T,wt=6): 25683 car(cen(cen(f3(f4(qa))))).  [resolve(25674,a,14,a)].

given #6483 (T,wt=6): 25707 car(cen(cen(f2(f4(qa))))).  [resolve(25698,a,14,a)].

given #6484 (T,wt=6): 25731 car(cen(cen(f1(f4(qa))))).  [resolve(25722,a,14,a)].

given #6485 (A,wt=53): 1812 -car(x) | -car(y) | cen(f1(pa)) != cen(pa) | cen(f1(pa)) != cen(x) | cen(f1(pa)) != cen(y) | f1(pa) = pa | f1(pa) = x | f1(pa) = y | f1(pa) = pb | pa = x | pa = y | y = x | pb = x | pb = y.  [factor(1791,d,g),flip(k),flip(l),unit_del(a,37),unit_del(m,47)].

given #6486 (F,wt=9): 20877 f4(f2(cen(g2))) != f1(f2(cen(g2))).  [resolve(20872,a,25,a)].

given #6487 (F,wt=9): 20878 f3(f2(cen(g2))) != f1(f2(cen(g2))).  [resolve(20872,a,24,a)].

given #6488 (F,wt=9): 20879 f2(f2(cen(g2))) != f1(f2(cen(g2))).  [resolve(20872,a,23,a)].

given #6489 (F,wt=9): 20903 f4(f1(cen(g2))) != f3(f1(cen(g2))).  [resolve(20901,a,28,a)].

given #6490 (T,wt=6): 25755 car(cen(cen(f4(f3(qa))))).  [resolve(25746,a,14,a)].

given #6491 (T,wt=6): 25779 car(cen(cen(f3(f3(qa))))).  [resolve(25770,a,14,a)].

given #6492 (T,wt=6): 25803 car(cen(cen(f2(f3(qa))))).  [resolve(25794,a,14,a)].

given #6493 (T,wt=6): 25827 car(cen(cen(f1(f3(qa))))).  [resolve(25818,a,14,a)].

given #6494 (A,wt=30): 1813 -car(x) | cen(pa) = cen(x) | -mem(x,cen(x)) | -mem(pa,cen(x)) | -mem(x,cen(pa)) | -mem(pa,cen(pa)) | -mem(x,pb) | cen(x) = pb.  [resolve(1764,a,351,i),unit_del(b,37),unit_del(j,385)].

given #6495 (F,wt=9): 20904 f4(f1(cen(g2))) != f2(f1(cen(g2))).  [resolve(20901,a,27,a)].

given #6496 (F,wt=9): 20905 f3(f1(cen(g2))) != f2(f1(cen(g2))).  [resolve(20901,a,26,a)].

given #6497 (F,wt=9): 20906 f4(f1(cen(g2))) != f1(f1(cen(g2))).  [resolve(20901,a,25,a)].

given #6498 (F,wt=9): 20907 f3(f1(cen(g2))) != f1(f1(cen(g2))).  [resolve(20901,a,24,a)].

given #6499 (T,wt=6): 25872 car(cen(cen(f4(f2(qa))))).  [resolve(25863,a,14,a)].

given #6500 (T,wt=6): 25896 car(cen(cen(f3(f2(qa))))).  [resolve(25887,a,14,a)].

given #6501 (T,wt=6): 25920 car(cen(cen(f2(f2(qa))))).  [resolve(25911,a,14,a)].

given #6502 (T,wt=6): 25971 car(cen(cen(f1(f2(qa))))).  [resolve(25935,a,14,a)].

given #6503 (A,wt=31): 1814 -car(x) | cen(pa) = cen(x) | -mem(x,y) | -mem(pa,y) | -mem(x,z) | -mem(pa,z) | -mem(x,pb) | z = y | pb = y | pb = z.  [resolve(1764,a,33,i),unit_del(b,37)].

given #6504 (F,wt=9): 20908 f2(f1(cen(g2))) != f1(f1(cen(g2))).  [resolve(20901,a,23,a)].

given #6505 (F,wt=9): 20932 f4(f4(cen(g3))) != f3(f4(cen(g3))).  [resolve(20930,a,28,a)].

given #6506 (F,wt=9): 20933 f4(f4(cen(g3))) != f2(f4(cen(g3))).  [resolve(20930,a,27,a)].

given #6507 (F,wt=9): 20934 f3(f4(cen(g3))) != f2(f4(cen(g3))).  [resolve(20930,a,26,a)].

given #6508 (T,wt=6): 25995 car(cen(cen(f4(f1(qa))))).  [resolve(25986,a,14,a)].

given #6509 (T,wt=6): 26019 car(cen(cen(f3(f1(qa))))).  [resolve(26010,a,14,a)].

given #6510 (T,wt=6): 26043 car(cen(cen(f2(f1(qa))))).  [resolve(26034,a,14,a)].

given #6511 (T,wt=6): 26067 car(cen(cen(f1(f1(qa))))).  [resolve(26058,a,14,a)].

given #6512 (A,wt=16): 1815 f1(pa) = pb | f2(pa) = pb | f3(pa) = pb | f4(pa) = pb.  [resolve(1764,a,30,b),unit_del(a,37)].

given #6513 (F,wt=9): 20935 f4(f4(cen(g3))) != f1(f4(cen(g3))).  [resolve(20930,a,25,a)].

given #6514 (F,wt=9): 20936 f3(f4(cen(g3))) != f1(f4(cen(g3))).  [resolve(20930,a,24,a)].

given #6515 (F,wt=9): 20937 f2(f4(cen(g3))) != f1(f4(cen(g3))).  [resolve(20930,a,23,a)].

given #6516 (F,wt=9): 20961 f4(f3(cen(g3))) != f3(f3(cen(g3))).  [resolve(20959,a,28,a)].

given #6517 (T,wt=6): 26091 car(cen(cen(f4(f4(qb))))).  [resolve(26082,a,14,a)].

given #6518 (T,wt=6): 26115 car(cen(cen(f3(f4(qb))))).  [resolve(26106,a,14,a)].

given #6519 (T,wt=6): 26139 car(cen(cen(f2(f4(qb))))).  [resolve(26130,a,14,a)].

given #6520 (T,wt=6): 26163 car(cen(cen(f1(f4(qb))))).  [resolve(26154,a,14,a)].

given #6521 (A,wt=37): 1816 -car(x) | cen(pa) = cen(x) | -mem(x,cen(x)) | -mem(pb,cen(x)) | -mem(x,cen(pa)) | -mem(pb,cen(pa)) | -mem(x,f4(pb)) | f4(pb) = cen(x) | f4(pb) = cen(pa).  [resolve(380,a,351,i),rewrite([150(5),150(14),150(18),150(28)]),flip(i),flip(j),unit_del(b,38)].

given #6522 (F,wt=9): 20962 f4(f3(cen(g3))) != f2(f3(cen(g3))).  [resolve(20959,a,27,a)].

given #6523 (F,wt=9): 20963 f3(f3(cen(g3))) != f2(f3(cen(g3))).  [resolve(20959,a,26,a)].

given #6524 (F,wt=9): 20964 f4(f3(cen(g3))) != f1(f3(cen(g3))).  [resolve(20959,a,25,a)].

given #6525 (F,wt=9): 20965 f3(f3(cen(g3))) != f1(f3(cen(g3))).  [resolve(20959,a,24,a)].

given #6526 (T,wt=6): 26187 car(cen(cen(f4(f3(qb))))).  [resolve(26178,a,14,a)].

given #6527 (T,wt=6): 26211 car(cen(cen(f3(f3(qb))))).  [resolve(26202,a,14,a)].

given #6528 (T,wt=6): 26262 car(cen(cen(f2(f3(qb))))).  [resolve(26226,a,14,a)].

given #6529 (T,wt=6): 26286 car(cen(cen(f1(f3(qb))))).  [resolve(26277,a,14,a)].

given #6530 (A,wt=34): 1817 -car(x) | cen(pa) = cen(x) | -mem(x,y) | -mem(pb,y) | -mem(x,z) | -mem(pb,z) | -mem(x,f4(pb)) | z = y | f4(pb) = y | f4(pb) = z.  [resolve(380,a,33,i),rewrite([150(5)]),unit_del(b,38)].

given #6531 (F,wt=9): 20966 f2(f3(cen(g3))) != f1(f3(cen(g3))).  [resolve(20959,a,23,a)].

given #6532 (F,wt=9): 20990 f4(f2(cen(g3))) != f3(f2(cen(g3))).  [resolve(20988,a,28,a)].

given #6533 (F,wt=9): 20991 f4(f2(cen(g3))) != f2(f2(cen(g3))).  [resolve(20988,a,27,a)].

given #6534 (F,wt=9): 20992 f3(f2(cen(g3))) != f2(f2(cen(g3))).  [resolve(20988,a,26,a)].

given #6535 (T,wt=6): 26310 car(cen(cen(f4(f2(qb))))).  [resolve(26301,a,14,a)].

given #6536 (T,wt=6): 26334 car(cen(cen(f3(f2(qb))))).  [resolve(26325,a,14,a)].

given #6537 (T,wt=6): 26358 car(cen(cen(f2(f2(qb))))).  [resolve(26349,a,14,a)].

given #6538 (T,wt=6): 26382 car(cen(cen(f1(f2(qb))))).  [resolve(26373,a,14,a)].

given #6539 (A,wt=11): 1818 -car(x) | cen(pa) != cen(x) | mem(x,f4(pb)).  [resolve(380,a,32,e),rewrite([150(5)]),unit_del(b,38)].

given #6540 (F,wt=9): 20993 f4(f2(cen(g3))) != f1(f2(cen(g3))).  [resolve(20988,a,25,a)].

given #6541 (F,wt=9): 20994 f3(f2(cen(g3))) != f1(f2(cen(g3))).  [resolve(20988,a,24,a)].

given #6542 (F,wt=9): 20995 f2(f2(cen(g3))) != f1(f2(cen(g3))).  [resolve(20988,a,23,a)].

given #6543 (F,wt=9): 21019 f4(f1(cen(g3))) != f3(f1(cen(g3))).  [resolve(21017,a,28,a)].

given #6544 (T,wt=4): 37788 mem(pa,f4(pb)).  [resolve(1818,a,37,a),xx(a)].

given #6545 (T,wt=6): 26406 car(cen(cen(f4(f1(qb))))).  [resolve(26397,a,14,a)].

given #6546 (T,wt=6): 26430 car(cen(cen(f3(f1(qb))))).  [resolve(26421,a,14,a)].

given #6547 (T,wt=6): 26454 car(cen(cen(f2(f1(qb))))).  [resolve(26445,a,14,a)].

given #6548 (A,wt=37): 1820 -car(x) | cen(pa) = cen(x) | -mem(x,cen(x)) | -mem(pb,cen(x)) | -mem(x,cen(pa)) | -mem(pb,cen(pa)) | -mem(x,f3(pb)) | f3(pb) = cen(x) | f3(pb) = cen(pa).  [resolve(381,a,351,i),rewrite([150(5),150(14),150(18),150(28)]),flip(i),flip(j),unit_del(b,38)].

given #6549 (F,wt=9): 21020 f4(f1(cen(g3))) != f2(f1(cen(g3))).  [resolve(21017,a,27,a)].

given #6550 (F,wt=9): 21021 f3(f1(cen(g3))) != f2(f1(cen(g3))).  [resolve(21017,a,26,a)].

given #6551 (F,wt=9): 21022 f4(f1(cen(g3))) != f1(f1(cen(g3))).  [resolve(21017,a,25,a)].

given #6552 (F,wt=9): 21023 f3(f1(cen(g3))) != f1(f1(cen(g3))).  [resolve(21017,a,24,a)].

given #6553 (T,wt=6): 26478 car(cen(cen(f1(f1(qb))))).  [resolve(26469,a,14,a)].

given #6554 (T,wt=6): 26502 car(cen(cen(f4(f4(ca))))).  [resolve(26493,a,14,a)].

given #6555 (T,wt=6): 26547 car(cen(cen(f3(f4(ca))))).  [resolve(26517,a,14,a)].

given #6556 (T,wt=6): 26571 car(cen(cen(f2(f4(ca))))).  [resolve(26562,a,14,a)].

given #6557 (A,wt=34): 1821 -car(x) | cen(pa) = cen(x) | -mem(x,y) | -mem(pb,y) | -mem(x,z) | -mem(pb,z) | -mem(x,f3(pb)) | z = y | f3(pb) = y | f3(pb) = z.  [resolve(381,a,33,i),rewrite([150(5)]),unit_del(b,38)].

given #6558 (F,wt=9): 21024 f2(f1(cen(g3))) != f1(f1(cen(g3))).  [resolve(21017,a,23,a)].

given #6559 (F,wt=9): 21048 f4(f4(cen(g4))) != f3(f4(cen(g4))).  [resolve(21046,a,28,a)].

given #6560 (F,wt=9): 21049 f4(f4(cen(g4))) != f2(f4(cen(g4))).  [resolve(21046,a,27,a)].

given #6561 (F,wt=9): 21050 f3(f4(cen(g4))) != f2(f4(cen(g4))).  [resolve(21046,a,26,a)].

given #6562 (T,wt=6): 26595 car(cen(cen(f1(f4(ca))))).  [resolve(26586,a,14,a)].

given #6563 (T,wt=6): 26619 car(cen(cen(f4(f3(ca))))).  [resolve(26610,a,14,a)].

given #6564 (T,wt=6): 26670 car(cen(cen(f3(f3(ca))))).  [resolve(26661,a,14,a)].

given #6565 (T,wt=6): 26694 car(cen(cen(f2(f3(ca))))).  [resolve(26685,a,14,a)].

given #6566 (A,wt=11): 1822 -car(x) | cen(pa) != cen(x) | mem(x,f3(pb)).  [resolve(381,a,32,e),rewrite([150(5)]),unit_del(b,38)].

given #6567 (F,wt=9): 21051 f4(f4(cen(g4))) != f1(f4(cen(g4))).  [resolve(21046,a,25,a)].

given #6568 (F,wt=9): 21052 f3(f4(cen(g4))) != f1(f4(cen(g4))).  [resolve(21046,a,24,a)].

given #6569 (F,wt=9): 21053 f2(f4(cen(g4))) != f1(f4(cen(g4))).  [resolve(21046,a,23,a)].

given #6570 (F,wt=9): 21077 f4(f3(cen(g4))) != f3(f3(cen(g4))).  [resolve(21075,a,28,a)].

given #6571 (T,wt=4): 37897 mem(pa,f3(pb)).  [resolve(1822,a,37,a),xx(a)].

given #6572 (T,wt=6): 26718 car(cen(cen(f1(f3(ca))))).  [resolve(26709,a,14,a)].

given #6573 (T,wt=6): 26742 car(cen(cen(f4(f2(ca))))).  [resolve(26733,a,14,a)].

given #6574 (T,wt=6): 26766 car(cen(cen(f3(f2(ca))))).  [resolve(26757,a,14,a)].

given #6575 (A,wt=61): 1824 -car(x) | -car(y) | -car(z) | cen(pa) != cen(x) | cen(pa) != cen(y) | cen(pa) != cen(z) | cen(f4(pb)) != cen(pa) | pb = x | pb = y | pb = z | f4(pb) = pb | y = x | z = x | f4(pb) = x | z = y | f4(pb) = y | f4(pb) = z.  [resolve(1819,a,372,d),flip(g),flip(k)].

given #6576 (F,wt=9): 21078 f4(f3(cen(g4))) != f2(f3(cen(g4))).  [resolve(21075,a,27,a)].

given #6577 (F,wt=9): 21079 f3(f3(cen(g4))) != f2(f3(cen(g4))).  [resolve(21075,a,26,a)].

given #6578 (F,wt=9): 21080 f4(f3(cen(g4))) != f1(f3(cen(g4))).  [resolve(21075,a,25,a)].

given #6579 (F,wt=9): 21081 f3(f3(cen(g4))) != f1(f3(cen(g4))).  [resolve(21075,a,24,a)].

given #6580 (T,wt=6): 26790 car(cen(cen(f2(f2(ca))))).  [resolve(26781,a,14,a)].

given #6581 (T,wt=6): 26814 car(cen(cen(f1(f2(ca))))).  [resolve(26805,a,14,a)].

given #6582 (T,wt=6): 26838 car(cen(cen(f4(f1(ca))))).  [resolve(26829,a,14,a)].

given #6583 (T,wt=6): 26862 car(cen(cen(f3(f1(ca))))).  [resolve(26853,a,14,a)].

given #6584 (A,wt=61): 1825 -car(x) | -car(y) | -car(z) | cen(y) != cen(x) | cen(z) != cen(x) | cen(f4(pb)) != cen(x) | cen(pa) != cen(x) | y = x | z = x | f4(pb) = x | pb = x | z = y | f4(pb) = y | pb = y | f4(pb) = z | pb = z | f4(pb) = pb.  [resolve(1819,a,371,d),flip(q)].

given #6585 (F,wt=9): 21082 f2(f3(cen(g4))) != f1(f3(cen(g4))).  [resolve(21075,a,23,a)].

given #6586 (F,wt=9): 21106 f4(f2(cen(g4))) != f3(f2(cen(g4))).  [resolve(21104,a,28,a)].

given #6587 (F,wt=9): 21107 f4(f2(cen(g4))) != f2(f2(cen(g4))).  [resolve(21104,a,27,a)].

given #6588 (F,wt=9): 21108 f3(f2(cen(g4))) != f2(f2(cen(g4))).  [resolve(21104,a,26,a)].

given #6589 (T,wt=6): 26886 car(cen(cen(f2(f1(ca))))).  [resolve(26877,a,14,a)].

given #6590 (T,wt=6): 26910 car(cen(cen(f1(f1(ca))))).  [resolve(26901,a,14,a)].

given #6591 (T,wt=6): 26961 car(cen(cen(f4(f4(cb))))).  [resolve(26952,a,14,a)].

given #6592 (T,wt=6): 26985 car(cen(cen(f3(f4(cb))))).  [resolve(26976,a,14,a)].

given #6593 (A,wt=64): 1826 -car(x) | -car(y) | -car(z) | cen(f4(pb)) != cen(x) | cen(f4(pb)) != cen(y) | cen(f4(pb)) != cen(z) | cen(f4(pb)) != cen(pa) | f4(pb) = x | f4(pb) = y | f4(pb) = z | f4(pb) = pb | y = x | z = x | pb = x | z = y | pb = y | pb = z.  [resolve(1819,a,371,a),flip(d),flip(e),flip(f),flip(g),flip(h),flip(i),flip(j),flip(k)].

given #6594 (F,wt=9): 21109 f4(f2(cen(g4))) != f1(f2(cen(g4))).  [resolve(21104,a,25,a)].

given #6595 (F,wt=9): 21110 f3(f2(cen(g4))) != f1(f2(cen(g4))).  [resolve(21104,a,24,a)].

given #6596 (F,wt=9): 21111 f2(f2(cen(g4))) != f1(f2(cen(g4))).  [resolve(21104,a,23,a)].

given #6597 (F,wt=9): 21135 f4(f1(cen(g4))) != f3(f1(cen(g4))).  [resolve(21133,a,28,a)].

given #6598 (T,wt=6): 27009 car(cen(cen(f2(f4(cb))))).  [resolve(27000,a,14,a)].

given #6599 (T,wt=6): 27033 car(cen(cen(f1(f4(cb))))).  [resolve(27024,a,14,a)].

given #6600 (T,wt=6): 27057 car(cen(cen(f4(f3(cb))))).  [resolve(27048,a,14,a)].

given #6601 (T,wt=6): 27081 car(cen(cen(f3(f3(cb))))).  [resolve(27072,a,14,a)].

given #6602 (A,wt=61): 1827 -car(x) | -car(y) | -car(z) | cen(pa) != cen(x) | cen(pa) != cen(y) | cen(pa) != cen(z) | cen(f4(pb)) != cen(pa) | pa = x | pa = y | pa = z | f4(pb) = pa | y = x | z = x | f4(pb) = x | z = y | f4(pb) = y | f4(pb) = z.  [resolve(1819,a,356,d),flip(g),flip(k)].

given #6603 (F,wt=9): 21136 f4(f1(cen(g4))) != f2(f1(cen(g4))).  [resolve(21133,a,27,a)].

given #6604 (F,wt=9): 21137 f3(f1(cen(g4))) != f2(f1(cen(g4))).  [resolve(21133,a,26,a)].

given #6605 (F,wt=9): 21138 f4(f1(cen(g4))) != f1(f1(cen(g4))).  [resolve(21133,a,25,a)].

given #6606 (F,wt=9): 21139 f3(f1(cen(g4))) != f1(f1(cen(g4))).  [resolve(21133,a,24,a)].

given #6607 (T,wt=6): 27105 car(cen(cen(f2(f3(cb))))).  [resolve(27096,a,14,a)].

given #6608 (T,wt=6): 27129 car(cen(cen(f1(f3(cb))))).  [resolve(27120,a,14,a)].

given #6609 (T,wt=6): 27153 car(cen(cen(f4(f2(cb))))).  [resolve(27144,a,14,a)].

given #6610 (T,wt=6): 27177 car(cen(cen(f3(f2(cb))))).  [resolve(27168,a,14,a)].

given #6611 (A,wt=61): 1828 -car(x) | -car(y) | -car(z) | cen(y) != cen(x) | cen(z) != cen(x) | cen(f4(pb)) != cen(x) | cen(pa) != cen(x) | y = x | z = x | f4(pb) = x | pa = x | z = y | f4(pb) = y | pa = y | f4(pb) = z | pa = z | f4(pb) = pa.  [resolve(1819,a,355,d),flip(q)].

given #6612 (F,wt=9): 21140 f2(f1(cen(g4))) != f1(f1(cen(g4))).  [resolve(21133,a,23,a)].

given #6613 (F,wt=9): 21318 f4(f4(cen(g5))) != f3(f4(cen(g5))).  [resolve(21316,a,28,a)].

given #6614 (F,wt=9): 21319 f4(f4(cen(g5))) != f2(f4(cen(g5))).  [resolve(21316,a,27,a)].

given #6615 (F,wt=9): 21320 f3(f4(cen(g5))) != f2(f4(cen(g5))).  [resolve(21316,a,26,a)].

given #6616 (T,wt=6): 27201 car(cen(cen(f2(f2(cb))))).  [resolve(27192,a,14,a)].

given #6617 (T,wt=6): 27246 car(cen(cen(f1(f2(cb))))).  [resolve(27237,a,14,a)].

given #6618 (T,wt=6): 27270 car(cen(cen(f4(f1(cb))))).  [resolve(27261,a,14,a)].

given #6619 (T,wt=6): 27294 car(cen(cen(f3(f1(cb))))).  [resolve(27285,a,14,a)].

given #6620 (A,wt=64): 1829 -car(x) | -car(y) | -car(z) | cen(f4(pb)) != cen(x) | cen(f4(pb)) != cen(y) | cen(f4(pb)) != cen(z) | cen(f4(pb)) != cen(pa) | f4(pb) = x | f4(pb) = y | f4(pb) = z | f4(pb) = pa | y = x | z = x | pa = x | z = y | pa = y | pa = z.  [resolve(1819,a,355,a),flip(d),flip(e),flip(f),flip(g),flip(h),flip(i),flip(j),flip(k)].

given #6621 (F,wt=9): 21321 f4(f4(cen(g5))) != f1(f4(cen(g5))).  [resolve(21316,a,25,a)].

given #6622 (F,wt=9): 21322 f3(f4(cen(g5))) != f1(f4(cen(g5))).  [resolve(21316,a,24,a)].

given #6623 (F,wt=9): 21323 f2(f4(cen(g5))) != f1(f4(cen(g5))).  [resolve(21316,a,23,a)].

given #6624 (F,wt=9): 21347 f4(f3(cen(g5))) != f3(f3(cen(g5))).  [resolve(21345,a,28,a)].

given #6625 (T,wt=6): 27345 car(cen(cen(f2(f1(cb))))).  [resolve(27309,a,14,a)].

given #6626 (T,wt=6): 27369 car(cen(cen(f1(f1(cb))))).  [resolve(27360,a,14,a)].

given #6627 (T,wt=6): 27393 car(cen(cen(f4(f4(oa))))).  [resolve(27384,a,14,a)].

given #6628 (T,wt=6): 27417 car(cen(cen(f3(f4(oa))))).  [resolve(27408,a,14,a)].

given #6629 (A,wt=63): 1830 -car(x) | -car(y) | -car(z) | -car(u) | cen(y) != cen(x) | cen(z) != cen(x) | cen(u) != cen(x) | cen(f4(pb)) != cen(x) | y = x | z = x | u = x | f4(pb) = x | z = y | u = y | f4(pb) = y | u = z | f4(pb) = z | f4(pb) = u.  [resolve(1819,a,36,e)].

given #6630 (F,wt=9): 21348 f4(f3(cen(g5))) != f2(f3(cen(g5))).  [resolve(21345,a,27,a)].

given #6631 (F,wt=9): 21349 f3(f3(cen(g5))) != f2(f3(cen(g5))).  [resolve(21345,a,26,a)].

given #6632 (F,wt=9): 21350 f4(f3(cen(g5))) != f1(f3(cen(g5))).  [resolve(21345,a,25,a)].

given #6633 (F,wt=9): 21351 f3(f3(cen(g5))) != f1(f3(cen(g5))).  [resolve(21345,a,24,a)].

given #6634 (T,wt=6): 27441 car(cen(cen(f2(f4(oa))))).  [resolve(27432,a,14,a)].

given #6635 (T,wt=6): 27465 car(cen(cen(f1(f4(oa))))).  [resolve(27456,a,14,a)].

given #6636 (T,wt=6): 27489 car(cen(cen(f4(f3(oa))))).  [resolve(27480,a,14,a)].

given #6637 (T,wt=6): 27513 car(cen(cen(f3(f3(oa))))).  [resolve(27504,a,14,a)].

given #6638 (A,wt=66): 1831 -car(x) | -car(y) | -car(z) | -car(u) | cen(f4(pb)) != cen(x) | cen(f4(pb)) != cen(y) | cen(f4(pb)) != cen(z) | cen(f4(pb)) != cen(u) | f4(pb) = x | f4(pb) = y | f4(pb) = z | f4(pb) = u | y = x | z = x | u = x | z = y | u = y | u = z.  [resolve(1819,a,36,a),flip(e),flip(f),flip(g),flip(h),flip(i),flip(j),flip(k),flip(l)].

given #6639 (F,wt=9): 21352 f2(f3(cen(g5))) != f1(f3(cen(g5))).  [resolve(21345,a,23,a)].

given #6640 (F,wt=9): 21376 f4(f2(cen(g5))) != f3(f2(cen(g5))).  [resolve(21374,a,28,a)].

given #6641 (F,wt=9): 21377 f4(f2(cen(g5))) != f2(f2(cen(g5))).  [resolve(21374,a,27,a)].

given #6642 (F,wt=9): 21378 f3(f2(cen(g5))) != f2(f2(cen(g5))).  [resolve(21374,a,26,a)].

given #6643 (T,wt=6): 27537 car(cen(cen(f2(f3(oa))))).  [resolve(27528,a,14,a)].

given #6644 (T,wt=6): 27561 car(cen(cen(f1(f3(oa))))).  [resolve(27552,a,14,a)].

given #6645 (T,wt=6): 27585 car(cen(cen(f4(f2(oa))))).  [resolve(27576,a,14,a)].

given #6646 (T,wt=6): 27636 car(cen(cen(f3(f2(oa))))).  [resolve(27600,a,14,a)].

given #6647 (A,wt=51): 1846 -car(x) | -car(y) | cen(pa) != cen(x) | cen(y) != cen(x) | cen(f4(pb)) != cen(x) | pa = x | y = x | f4(pb) = x | pb = x | pa = y | f4(pb) = pa | f4(pb) = y | pb = y | f4(pb) = pb.  [factor(1825,d,g),flip(k),unit_del(b,37),unit_del(m,47)].

given #6648 (F,wt=9): 21379 f4(f2(cen(g5))) != f1(f2(cen(g5))).  [resolve(21374,a,25,a)].

given #6649 (F,wt=9): 21380 f3(f2(cen(g5))) != f1(f2(cen(g5))).  [resolve(21374,a,24,a)].

given #6650 (F,wt=9): 21381 f2(f2(cen(g5))) != f1(f2(cen(g5))).  [resolve(21374,a,23,a)].

given #6651 (F,wt=9): 21405 f4(f1(cen(g5))) != f3(f1(cen(g5))).  [resolve(21403,a,28,a)].

given #6652 (T,wt=6): 27660 car(cen(cen(f2(f2(oa))))).  [resolve(27651,a,14,a)].

given #6653 (T,wt=6): 27684 car(cen(cen(f1(f2(oa))))).  [resolve(27675,a,14,a)].

given #6654 (T,wt=6): 27708 car(cen(cen(f4(f1(oa))))).  [resolve(27699,a,14,a)].

given #6655 (T,wt=6): 27732 car(cen(cen(f3(f1(oa))))).  [resolve(27723,a,14,a)].

given #6656 (A,wt=53): 1847 -car(x) | -car(y) | cen(f4(pb)) != cen(pa) | cen(f4(pb)) != cen(x) | cen(f4(pb)) != cen(y) | f4(pb) = pa | f4(pb) = x | f4(pb) = y | f4(pb) = pb | pa = x | pa = y | y = x | pb = x | pb = y.  [factor(1826,d,g),flip(k),flip(l),unit_del(a,37),unit_del(m,47)].

given #6657 (F,wt=9): 21406 f4(f1(cen(g5))) != f2(f1(cen(g5))).  [resolve(21403,a,27,a)].

given #6658 (F,wt=9): 21407 f3(f1(cen(g5))) != f2(f1(cen(g5))).  [resolve(21403,a,26,a)].

given #6659 (F,wt=9): 21408 f4(f1(cen(g5))) != f1(f1(cen(g5))).  [resolve(21403,a,25,a)].

given #6660 (F,wt=9): 21409 f3(f1(cen(g5))) != f1(f1(cen(g5))).  [resolve(21403,a,24,a)].

given #6661 (T,wt=6): 27756 car(cen(cen(f2(f1(oa))))).  [resolve(27747,a,14,a)].

given #6662 (T,wt=6): 27780 car(cen(cen(f1(f1(oa))))).  [resolve(27771,a,14,a)].

given #6663 (T,wt=6): 27804 car(cen(cen(f4(f4(g0))))).  [resolve(27795,a,14,a)].

given #6664 (T,wt=6): 27828 car(cen(cen(f3(f4(g0))))).  [resolve(27819,a,14,a)].

given #6665 (A,wt=61): 1848 -car(x) | -car(y) | -car(z) | cen(pa) != cen(x) | cen(pa) != cen(y) | cen(pa) != cen(z) | cen(f3(pb)) != cen(pa) | pb = x | pb = y | pb = z | f3(pb) = pb | y = x | z = x | f3(pb) = x | z = y | f3(pb) = y | f3(pb) = z.  [resolve(1823,a,372,d),flip(g),flip(k)].

given #6666 (F,wt=9): 21410 f2(f1(cen(g5))) != f1(f1(cen(g5))).  [resolve(21403,a,23,a)].

given #6667 (F,wt=9): 21434 f4(f4(cen(g6))) != f3(f4(cen(g6))).  [resolve(21432,a,28,a)].

given #6668 (F,wt=9): 21435 f4(f4(cen(g6))) != f2(f4(cen(g6))).  [resolve(21432,a,27,a)].

given #6669 (F,wt=9): 21436 f3(f4(cen(g6))) != f2(f4(cen(g6))).  [resolve(21432,a,26,a)].

given #6670 (T,wt=6): 27852 car(cen(cen(f2(f4(g0))))).  [resolve(27843,a,14,a)].

given #6671 (T,wt=6): 27876 car(cen(cen(f1(f4(g0))))).  [resolve(27867,a,14,a)].

given #6672 (T,wt=6): 27921 car(cen(cen(f4(f3(g0))))).  [resolve(27891,a,14,a)].

given #6673 (T,wt=6): 27945 car(cen(cen(f3(f3(g0))))).  [resolve(27936,a,14,a)].

given #6674 (A,wt=61): 1849 -car(x) | -car(y) | -car(z) | cen(y) != cen(x) | cen(z) != cen(x) | cen(f3(pb)) != cen(x) | cen(pa) != cen(x) | y = x | z = x | f3(pb) = x | pb = x | z = y | f3(pb) = y | pb = y | f3(pb) = z | pb = z | f3(pb) = pb.  [resolve(1823,a,371,d),flip(q)].

given #6675 (F,wt=9): 21437 f4(f4(cen(g6))) != f1(f4(cen(g6))).  [resolve(21432,a,25,a)].

given #6676 (F,wt=9): 21438 f3(f4(cen(g6))) != f1(f4(cen(g6))).  [resolve(21432,a,24,a)].

given #6677 (F,wt=9): 21439 f2(f4(cen(g6))) != f1(f4(cen(g6))).  [resolve(21432,a,23,a)].

given #6678 (F,wt=9): 21463 f4(f3(cen(g6))) != f3(f3(cen(g6))).  [resolve(21461,a,28,a)].

given #6679 (T,wt=6): 27969 car(cen(cen(f2(f3(g0))))).  [resolve(27960,a,14,a)].

given #6680 (T,wt=6): 27993 car(cen(cen(f1(f3(g0))))).  [resolve(27984,a,14,a)].

given #6681 (T,wt=6): 28044 car(cen(cen(f4(f2(g0))))).  [resolve(28035,a,14,a)].

given #6682 (T,wt=6): 28068 car(cen(cen(f3(f2(g0))))).  [resolve(28059,a,14,a)].

given #6683 (A,wt=64): 1850 -car(x) | -car(y) | -car(z) | cen(f3(pb)) != cen(x) | cen(f3(pb)) != cen(y) | cen(f3(pb)) != cen(z) | cen(f3(pb)) != cen(pa) | f3(pb) = x | f3(pb) = y | f3(pb) = z | f3(pb) = pb | y = x | z = x | pb = x | z = y | pb = y | pb = z.  [resolve(1823,a,371,a),flip(d),flip(e),flip(f),flip(g),flip(h),flip(i),flip(j),flip(k)].

given #6684 (F,wt=9): 21464 f4(f3(cen(g6))) != f2(f3(cen(g6))).  [resolve(21461,a,27,a)].

given #6685 (F,wt=9): 21465 f3(f3(cen(g6))) != f2(f3(cen(g6))).  [resolve(21461,a,26,a)].

given #6686 (F,wt=9): 21466 f4(f3(cen(g6))) != f1(f3(cen(g6))).  [resolve(21461,a,25,a)].

given #6687 (F,wt=9): 21467 f3(f3(cen(g6))) != f1(f3(cen(g6))).  [resolve(21461,a,24,a)].

given #6688 (T,wt=6): 28092 car(cen(cen(f2(f2(g0))))).  [resolve(28083,a,14,a)].

given #6689 (T,wt=6): 28116 car(cen(cen(f1(f2(g0))))).  [resolve(28107,a,14,a)].

given #6690 (T,wt=6): 28140 car(cen(cen(f4(f1(g0))))).  [resolve(28131,a,14,a)].

given #6691 (T,wt=6): 28164 car(cen(cen(f3(f1(g0))))).  [resolve(28155,a,14,a)].

given #6692 (A,wt=61): 1851 -car(x) | -car(y) | -car(z) | cen(pa) != cen(x) | cen(pa) != cen(y) | cen(pa) != cen(z) | cen(f3(pb)) != cen(pa) | pa = x | pa = y | pa = z | f3(pb) = pa | y = x | z = x | f3(pb) = x | z = y | f3(pb) = y | f3(pb) = z.  [resolve(1823,a,356,d),flip(g),flip(k)].

given #6693 (F,wt=9): 21468 f2(f3(cen(g6))) != f1(f3(cen(g6))).  [resolve(21461,a,23,a)].

given #6694 (F,wt=9): 21492 f4(f2(cen(g6))) != f3(f2(cen(g6))).  [resolve(21490,a,28,a)].

given #6695 (F,wt=9): 21493 f4(f2(cen(g6))) != f2(f2(cen(g6))).  [resolve(21490,a,27,a)].

given #6696 (F,wt=9): 21494 f3(f2(cen(g6))) != f2(f2(cen(g6))).  [resolve(21490,a,26,a)].

given #6697 (T,wt=6): 28188 car(cen(cen(f2(f1(g0))))).  [resolve(28179,a,14,a)].

given #6698 (T,wt=6): 28212 car(cen(cen(f1(f1(g0))))).  [resolve(28203,a,14,a)].

given #6699 (T,wt=6): 28236 car(cen(cen(f4(f4(g1))))).  [resolve(28227,a,14,a)].

given #6700 (T,wt=6): 28260 car(cen(cen(f3(f4(g1))))).  [resolve(28251,a,14,a)].

given #6701 (A,wt=61): 1852 -car(x) | -car(y) | -car(z) | cen(y) != cen(x) | cen(z) != cen(x) | cen(f3(pb)) != cen(x) | cen(pa) != cen(x) | y = x | z = x | f3(pb) = x | pa = x | z = y | f3(pb) = y | pa = y | f3(pb) = z | pa = z | f3(pb) = pa.  [resolve(1823,a,355,d),flip(q)].

given #6702 (F,wt=9): 21495 f4(f2(cen(g6))) != f1(f2(cen(g6))).  [resolve(21490,a,25,a)].

given #6703 (F,wt=9): 21496 f3(f2(cen(g6))) != f1(f2(cen(g6))).  [resolve(21490,a,24,a)].

given #6704 (F,wt=9): 21497 f2(f2(cen(g6))) != f1(f2(cen(g6))).  [resolve(21490,a,23,a)].

given #6705 (F,wt=9): 21521 f4(f1(cen(g6))) != f3(f1(cen(g6))).  [resolve(21519,a,28,a)].

given #6706 (T,wt=6): 28284 car(cen(cen(f2(f4(g1))))).  [resolve(28275,a,14,a)].

given #6707 (T,wt=6): 28331 car(cen(cen(f1(f4(g1))))).  [resolve(28322,a,14,a)].

given #6708 (T,wt=6): 28355 car(cen(cen(f4(f3(g1))))).  [resolve(28346,a,14,a)].

given #6709 (T,wt=6): 28379 car(cen(cen(f3(f3(g1))))).  [resolve(28370,a,14,a)].

given #6710 (A,wt=64): 1853 -car(x) | -car(y) | -car(z) | cen(f3(pb)) != cen(x) | cen(f3(pb)) != cen(y) | cen(f3(pb)) != cen(z) | cen(f3(pb)) != cen(pa) | f3(pb) = x | f3(pb) = y | f3(pb) = z | f3(pb) = pa | y = x | z = x | pa = x | z = y | pa = y | pa = z.  [resolve(1823,a,355,a),flip(d),flip(e),flip(f),flip(g),flip(h),flip(i),flip(j),flip(k)].

given #6711 (F,wt=9): 21522 f4(f1(cen(g6))) != f2(f1(cen(g6))).  [resolve(21519,a,27,a)].

given #6712 (F,wt=9): 21523 f3(f1(cen(g6))) != f2(f1(cen(g6))).  [resolve(21519,a,26,a)].

given #6713 (F,wt=9): 21524 f4(f1(cen(g6))) != f1(f1(cen(g6))).  [resolve(21519,a,25,a)].

given #6714 (F,wt=9): 21525 f3(f1(cen(g6))) != f1(f1(cen(g6))).  [resolve(21519,a,24,a)].

given #6715 (T,wt=6): 28403 car(cen(cen(f2(f3(g1))))).  [resolve(28394,a,14,a)].

given #6716 (T,wt=6): 28427 car(cen(cen(f1(f3(g1))))).  [resolve(28418,a,14,a)].

given #6717 (T,wt=6): 28451 car(cen(cen(f4(f2(g1))))).  [resolve(28442,a,14,a)].

given #6718 (T,wt=6): 28475 car(cen(cen(f3(f2(g1))))).  [resolve(28466,a,14,a)].

given #6719 (A,wt=63): 1854 -car(x) | -car(y) | -car(z) | -car(u) | cen(y) != cen(x) | cen(z) != cen(x) | cen(u) != cen(x) | cen(f3(pb)) != cen(x) | y = x | z = x | u = x | f3(pb) = x | z = y | u = y | f3(pb) = y | u = z | f3(pb) = z | f3(pb) = u.  [resolve(1823,a,36,e)].

given #6720 (F,wt=9): 21526 f2(f1(cen(g6))) != f1(f1(cen(g6))).  [resolve(21519,a,23,a)].

given #6721 (F,wt=9): 21550 f4(f4(cen(g7))) != f3(f4(cen(g7))).  [resolve(21548,a,28,a)].

given #6722 (F,wt=9): 21551 f4(f4(cen(g7))) != f2(f4(cen(g7))).  [resolve(21548,a,27,a)].

given #6723 (F,wt=9): 21552 f3(f4(cen(g7))) != f2(f4(cen(g7))).  [resolve(21548,a,26,a)].

given #6724 (T,wt=6): 28499 car(cen(cen(f2(f2(g1))))).  [resolve(28490,a,14,a)].

given #6725 (T,wt=6): 28523 car(cen(cen(f1(f2(g1))))).  [resolve(28514,a,14,a)].

given #6726 (T,wt=6): 28547 car(cen(cen(f4(f1(g1))))).  [resolve(28538,a,14,a)].

given #6727 (T,wt=6): 28571 car(cen(cen(f3(f1(g1))))).  [resolve(28562,a,14,a)].

given #6728 (A,wt=66): 1855 -car(x) | -car(y) | -car(z) | -car(u) | cen(f3(pb)) != cen(x) | cen(f3(pb)) != cen(y) | cen(f3(pb)) != cen(z) | cen(f3(pb)) != cen(u) | f3(pb) = x | f3(pb) = y | f3(pb) = z | f3(pb) = u | y = x | z = x | u = x | z = y | u = y | u = z.  [resolve(1823,a,36,a),flip(e),flip(f),flip(g),flip(h),flip(i),flip(j),flip(k),flip(l)].

given #6729 (F,wt=9): 21553 f4(f4(cen(g7))) != f1(f4(cen(g7))).  [resolve(21548,a,25,a)].

given #6730 (F,wt=9): 21554 f3(f4(cen(g7))) != f1(f4(cen(g7))).  [resolve(21548,a,24,a)].

given #6731 (F,wt=9): 21555 f2(f4(cen(g7))) != f1(f4(cen(g7))).  [resolve(21548,a,23,a)].

given #6732 (F,wt=9): 21579 f4(f3(cen(g7))) != f3(f3(cen(g7))).  [resolve(21577,a,28,a)].

given #6733 (T,wt=6): 28595 car(cen(cen(f2(f1(g1))))).  [resolve(28586,a,14,a)].

given #6734 (T,wt=6): 28619 car(cen(cen(f1(f1(g1))))).  [resolve(28610,a,14,a)].

given #6735 (T,wt=6): 28643 car(cen(cen(f4(f4(g2))))).  [resolve(28634,a,14,a)].

given #6736 (T,wt=6): 28667 car(cen(cen(f3(f4(g2))))).  [resolve(28658,a,14,a)].

given #6737 (A,wt=51): 1870 -car(x) | -car(y) | cen(pa) != cen(x) | cen(y) != cen(x) | cen(f3(pb)) != cen(x) | pa = x | y = x | f3(pb) = x | pb = x | pa = y | f3(pb) = pa | f3(pb) = y | pb = y | f3(pb) = pb.  [factor(1849,d,g),flip(k),unit_del(b,37),unit_del(m,47)].

given #6738 (F,wt=9): 21580 f4(f3(cen(g7))) != f2(f3(cen(g7))).  [resolve(21577,a,27,a)].

given #6739 (F,wt=9): 21581 f3(f3(cen(g7))) != f2(f3(cen(g7))).  [resolve(21577,a,26,a)].

given #6740 (F,wt=9): 21582 f4(f3(cen(g7))) != f1(f3(cen(g7))).  [resolve(21577,a,25,a)].

given #6741 (F,wt=9): 21583 f3(f3(cen(g7))) != f1(f3(cen(g7))).  [resolve(21577,a,24,a)].

given #6742 (T,wt=6): 28691 car(cen(cen(f2(f4(g2))))).  [resolve(28682,a,14,a)].

given #6743 (T,wt=6): 28715 car(cen(cen(f1(f4(g2))))).  [resolve(28706,a,14,a)].

given #6744 (T,wt=6): 28739 car(cen(cen(f4(f3(g2))))).  [resolve(28730,a,14,a)].

given #6745 (T,wt=6): 28763 car(cen(cen(f3(f3(g2))))).  [resolve(28754,a,14,a)].

given #6746 (A,wt=53): 1871 -car(x) | -car(y) | cen(f3(pb)) != cen(pa) | cen(f3(pb)) != cen(x) | cen(f3(pb)) != cen(y) | f3(pb) = pa | f3(pb) = x | f3(pb) = y | f3(pb) = pb | pa = x | pa = y | y = x | pb = x | pb = y.  [factor(1850,d,g),flip(k),flip(l),unit_del(a,37),unit_del(m,47)].

given #6747 (F,wt=9): 21584 f2(f3(cen(g7))) != f1(f3(cen(g7))).  [resolve(21577,a,23,a)].

given #6748 (F,wt=9): 21608 f4(f2(cen(g7))) != f3(f2(cen(g7))).  [resolve(21606,a,28,a)].

given #6749 (F,wt=9): 21609 f4(f2(cen(g7))) != f2(f2(cen(g7))).  [resolve(21606,a,27,a)].

given #6750 (F,wt=9): 21610 f3(f2(cen(g7))) != f2(f2(cen(g7))).  [resolve(21606,a,26,a)].

given #6751 (T,wt=6): 28787 car(cen(cen(f2(f3(g2))))).  [resolve(28778,a,14,a)].

given #6752 (T,wt=6): 28811 car(cen(cen(f1(f3(g2))))).  [resolve(28802,a,14,a)].

given #6753 (T,wt=6): 28835 car(cen(cen(f4(f2(g2))))).  [resolve(28826,a,14,a)].

given #6754 (T,wt=6): 28859 car(cen(cen(f3(f2(g2))))).  [resolve(28850,a,14,a)].

given #6755 (A,wt=37): 1872 -car(x) | cen(pa) = cen(x) | -mem(x,cen(x)) | -mem(pb,cen(x)) | -mem(x,cen(pa)) | -mem(pb,cen(pa)) | -mem(x,f2(pb)) | f2(pb) = cen(x) | f2(pb) = cen(pa).  [resolve(382,a,351,i),rewrite([150(5),150(14),150(18),150(28)]),flip(i),flip(j),unit_del(b,38)].

given #6756 (F,wt=9): 21611 f4(f2(cen(g7))) != f1(f2(cen(g7))).  [resolve(21606,a,25,a)].

given #6757 (F,wt=9): 21612 f3(f2(cen(g7))) != f1(f2(cen(g7))).  [resolve(21606,a,24,a)].

given #6758 (F,wt=9): 21613 f2(f2(cen(g7))) != f1(f2(cen(g7))).  [resolve(21606,a,23,a)].

given #6759 (F,wt=9): 21637 f4(f1(cen(g7))) != f3(f1(cen(g7))).  [resolve(21635,a,28,a)].

given #6760 (T,wt=6): 28883 car(cen(cen(f2(f2(g2))))).  [resolve(28874,a,14,a)].

given #6761 (T,wt=6): 28907 car(cen(cen(f1(f2(g2))))).  [resolve(28898,a,14,a)].

given #6762 (T,wt=6): 28931 car(cen(cen(f4(f1(g2))))).  [resolve(28922,a,14,a)].

given #6763 (T,wt=6): 28955 car(cen(cen(f3(f1(g2))))).  [resolve(28946,a,14,a)].

given #6764 (A,wt=34): 1873 -car(x) | cen(pa) = cen(x) | -mem(x,y) | -mem(pb,y) | -mem(x,z) | -mem(pb,z) | -mem(x,f2(pb)) | z = y | f2(pb) = y | f2(pb) = z.  [resolve(382,a,33,i),rewrite([150(5)]),unit_del(b,38)].

given #6765 (F,wt=9): 21638 f4(f1(cen(g7))) != f2(f1(cen(g7))).  [resolve(21635,a,27,a)].

given #6766 (F,wt=9): 21639 f3(f1(cen(g7))) != f2(f1(cen(g7))).  [resolve(21635,a,26,a)].

given #6767 (F,wt=9): 21640 f4(f1(cen(g7))) != f1(f1(cen(g7))).  [resolve(21635,a,25,a)].

given #6768 (F,wt=9): 21641 f3(f1(cen(g7))) != f1(f1(cen(g7))).  [resolve(21635,a,24,a)].

given #6769 (T,wt=6): 28979 car(cen(cen(f2(f1(g2))))).  [resolve(28970,a,14,a)].

given #6770 (T,wt=6): 29003 car(cen(cen(f1(f1(g2))))).  [resolve(28994,a,14,a)].

given #6771 (T,wt=6): 29027 car(cen(cen(f4(f4(g3))))).  [resolve(29018,a,14,a)].

given #6772 (T,wt=6): 29051 car(cen(cen(f3(f4(g3))))).  [resolve(29042,a,14,a)].

given #6773 (A,wt=11): 1874 -car(x) | cen(pa) != cen(x) | mem(x,f2(pb)).  [resolve(382,a,32,e),rewrite([150(5)]),unit_del(b,38)].

given #6774 (F,wt=9): 21642 f2(f1(cen(g7))) != f1(f1(cen(g7))).  [resolve(21635,a,23,a)].

given #6775 (F,wt=9): 21666 f4(f4(cen(g8))) != f3(f4(cen(g8))).  [resolve(21664,a,28,a)].

given #6776 (F,wt=9): 21667 f4(f4(cen(g8))) != f2(f4(cen(g8))).  [resolve(21664,a,27,a)].

given #6777 (F,wt=9): 21668 f3(f4(cen(g8))) != f2(f4(cen(g8))).  [resolve(21664,a,26,a)].

given #6778 (T,wt=4): 38646 mem(pa,f2(pb)).  [resolve(1874,a,37,a),xx(a)].

given #6779 (T,wt=6): 29075 car(cen(cen(f2(f4(g3))))).  [resolve(29066,a,14,a)].

given #6780 (T,wt=6): 29099 car(cen(cen(f1(f4(g3))))).  [resolve(29090,a,14,a)].

given #6781 (T,wt=6): 29123 car(cen(cen(f4(f3(g3))))).  [resolve(29114,a,14,a)].

given #6782 (A,wt=61): 1876 -car(x) | -car(y) | -car(z) | cen(pa) != cen(x) | cen(pa) != cen(y) | cen(pa) != cen(z) | cen(f2(pb)) != cen(pa) | pb = x | pb = y | pb = z | f2(pb) = pb | y = x | z = x | f2(pb) = x | z = y | f2(pb) = y | f2(pb) = z.  [resolve(1875,a,372,d),flip(g),flip(k)].

given #6783 (F,wt=9): 21669 f4(f4(cen(g8))) != f1(f4(cen(g8))).  [resolve(21664,a,25,a)].

given #6784 (F,wt=9): 21670 f3(f4(cen(g8))) != f1(f4(cen(g8))).  [resolve(21664,a,24,a)].

given #6785 (F,wt=9): 21671 f2(f4(cen(g8))) != f1(f4(cen(g8))).  [resolve(21664,a,23,a)].

given #6786 (F,wt=9): 21695 f4(f3(cen(g8))) != f3(f3(cen(g8))).  [resolve(21693,a,28,a)].

given #6787 (T,wt=6): 29147 car(cen(cen(f3(f3(g3))))).  [resolve(29138,a,14,a)].

given #6788 (T,wt=6): 29171 car(cen(cen(f2(f3(g3))))).  [resolve(29162,a,14,a)].

given #6789 (T,wt=6): 29195 car(cen(cen(f1(f3(g3))))).  [resolve(29186,a,14,a)].

given #6790 (T,wt=6): 29219 car(cen(cen(f4(f2(g3))))).  [resolve(29210,a,14,a)].

given #6791 (A,wt=61): 1877 -car(x) | -car(y) | -car(z) | cen(y) != cen(x) | cen(z) != cen(x) | cen(f2(pb)) != cen(x) | cen(pa) != cen(x) | y = x | z = x | f2(pb) = x | pb = x | z = y | f2(pb) = y | pb = y | f2(pb) = z | pb = z | f2(pb) = pb.  [resolve(1875,a,371,d),flip(q)].

given #6792 (F,wt=9): 21696 f4(f3(cen(g8))) != f2(f3(cen(g8))).  [resolve(21693,a,27,a)].

given #6793 (F,wt=9): 21697 f3(f3(cen(g8))) != f2(f3(cen(g8))).  [resolve(21693,a,26,a)].

given #6794 (F,wt=9): 21698 f4(f3(cen(g8))) != f1(f3(cen(g8))).  [resolve(21693,a,25,a)].

given #6795 (F,wt=9): 21699 f3(f3(cen(g8))) != f1(f3(cen(g8))).  [resolve(21693,a,24,a)].

given #6796 (T,wt=6): 29243 car(cen(cen(f3(f2(g3))))).  [resolve(29234,a,14,a)].

given #6797 (T,wt=6): 29267 car(cen(cen(f2(f2(g3))))).  [resolve(29258,a,14,a)].

given #6798 (T,wt=6): 29291 car(cen(cen(f1(f2(g3))))).  [resolve(29282,a,14,a)].

given #6799 (T,wt=6): 29315 car(cen(cen(f4(f1(g3))))).  [resolve(29306,a,14,a)].

given #6800 (A,wt=64): 1878 -car(x) | -car(y) | -car(z) | cen(f2(pb)) != cen(x) | cen(f2(pb)) != cen(y) | cen(f2(pb)) != cen(z) | cen(f2(pb)) != cen(pa) | f2(pb) = x | f2(pb) = y | f2(pb) = z | f2(pb) = pb | y = x | z = x | pb = x | z = y | pb = y | pb = z.  [resolve(1875,a,371,a),flip(d),flip(e),flip(f),flip(g),flip(h),flip(i),flip(j),flip(k)].

given #6801 (F,wt=9): 21700 f2(f3(cen(g8))) != f1(f3(cen(g8))).  [resolve(21693,a,23,a)].

given #6802 (F,wt=9): 21724 f4(f2(cen(g8))) != f3(f2(cen(g8))).  [resolve(21722,a,28,a)].

given #6803 (F,wt=9): 21725 f4(f2(cen(g8))) != f2(f2(cen(g8))).  [resolve(21722,a,27,a)].

given #6804 (F,wt=9): 21726 f3(f2(cen(g8))) != f2(f2(cen(g8))).  [resolve(21722,a,26,a)].

given #6805 (T,wt=6): 29339 car(cen(cen(f3(f1(g3))))).  [resolve(29330,a,14,a)].

given #6806 (T,wt=6): 29363 car(cen(cen(f2(f1(g3))))).  [resolve(29354,a,14,a)].

given #6807 (T,wt=6): 29387 car(cen(cen(f1(f1(g3))))).  [resolve(29378,a,14,a)].

given #6808 (T,wt=6): 29411 car(cen(cen(f4(f4(g4))))).  [resolve(29402,a,14,a)].

given #6809 (A,wt=61): 1879 -car(x) | -car(y) | -car(z) | cen(pa) != cen(x) | cen(pa) != cen(y) | cen(pa) != cen(z) | cen(f2(pb)) != cen(pa) | pa = x | pa = y | pa = z | f2(pb) = pa | y = x | z = x | f2(pb) = x | z = y | f2(pb) = y | f2(pb) = z.  [resolve(1875,a,356,d),flip(g),flip(k)].

given #6810 (F,wt=9): 21727 f4(f2(cen(g8))) != f1(f2(cen(g8))).  [resolve(21722,a,25,a)].

given #6811 (F,wt=9): 21728 f3(f2(cen(g8))) != f1(f2(cen(g8))).  [resolve(21722,a,24,a)].

given #6812 (F,wt=9): 21729 f2(f2(cen(g8))) != f1(f2(cen(g8))).  [resolve(21722,a,23,a)].

given #6813 (F,wt=9): 21753 f4(f1(cen(g8))) != f3(f1(cen(g8))).  [resolve(21751,a,28,a)].

given #6814 (T,wt=6): 29435 car(cen(cen(f3(f4(g4))))).  [resolve(29426,a,14,a)].

given #6815 (T,wt=6): 29459 car(cen(cen(f2(f4(g4))))).  [resolve(29450,a,14,a)].

given #6816 (T,wt=6): 29483 car(cen(cen(f1(f4(g4))))).  [resolve(29474,a,14,a)].

given #6817 (T,wt=6): 29507 car(cen(cen(f4(f3(g4))))).  [resolve(29498,a,14,a)].

given #6818 (A,wt=61): 1880 -car(x) | -car(y) | -car(z) | cen(y) != cen(x) | cen(z) != cen(x) | cen(f2(pb)) != cen(x) | cen(pa) != cen(x) | y = x | z = x | f2(pb) = x | pa = x | z = y | f2(pb) = y | pa = y | f2(pb) = z | pa = z | f2(pb) = pa.  [resolve(1875,a,355,d),flip(q)].

given #6819 (F,wt=9): 21754 f4(f1(cen(g8))) != f2(f1(cen(g8))).  [resolve(21751,a,27,a)].

given #6820 (F,wt=9): 21755 f3(f1(cen(g8))) != f2(f1(cen(g8))).  [resolve(21751,a,26,a)].

given #6821 (F,wt=9): 21756 f4(f1(cen(g8))) != f1(f1(cen(g8))).  [resolve(21751,a,25,a)].

given #6822 (F,wt=9): 21757 f3(f1(cen(g8))) != f1(f1(cen(g8))).  [resolve(21751,a,24,a)].

given #6823 (T,wt=6): 29531 car(cen(cen(f3(f3(g4))))).  [resolve(29522,a,14,a)].

given #6824 (T,wt=6): 29555 car(cen(cen(f2(f3(g4))))).  [resolve(29546,a,14,a)].

given #6825 (T,wt=6): 29579 car(cen(cen(f1(f3(g4))))).  [resolve(29570,a,14,a)].

given #6826 (T,wt=6): 29603 car(cen(cen(f4(f2(g4))))).  [resolve(29594,a,14,a)].

given #6827 (A,wt=64): 1881 -car(x) | -car(y) | -car(z) | cen(f2(pb)) != cen(x) | cen(f2(pb)) != cen(y) | cen(f2(pb)) != cen(z) | cen(f2(pb)) != cen(pa) | f2(pb) = x | f2(pb) = y | f2(pb) = z | f2(pb) = pa | y = x | z = x | pa = x | z = y | pa = y | pa = z.  [resolve(1875,a,355,a),flip(d),flip(e),flip(f),flip(g),flip(h),flip(i),flip(j),flip(k)].

given #6828 (F,wt=9): 21758 f2(f1(cen(g8))) != f1(f1(cen(g8))).  [resolve(21751,a,23,a)].

given #6829 (F,wt=9): 21782 f4(f4(cen(g9))) != f3(f4(cen(g9))).  [resolve(21780,a,28,a)].

given #6830 (F,wt=9): 21783 f4(f4(cen(g9))) != f2(f4(cen(g9))).  [resolve(21780,a,27,a)].

given #6831 (F,wt=9): 21784 f3(f4(cen(g9))) != f2(f4(cen(g9))).  [resolve(21780,a,26,a)].

given #6832 (T,wt=6): 29627 car(cen(cen(f3(f2(g4))))).  [resolve(29618,a,14,a)].

given #6833 (T,wt=6): 29651 car(cen(cen(f2(f2(g4))))).  [resolve(29642,a,14,a)].

given #6834 (T,wt=6): 29675 car(cen(cen(f1(f2(g4))))).  [resolve(29666,a,14,a)].

given #6835 (T,wt=6): 29699 car(cen(cen(f4(f1(g4))))).  [resolve(29690,a,14,a)].

given #6836 (A,wt=63): 1882 -car(x) | -car(y) | -car(z) | -car(u) | cen(y) != cen(x) | cen(z) != cen(x) | cen(u) != cen(x) | cen(f2(pb)) != cen(x) | y = x | z = x | u = x | f2(pb) = x | z = y | u = y | f2(pb) = y | u = z | f2(pb) = z | f2(pb) = u.  [resolve(1875,a,36,e)].

given #6837 (F,wt=9): 21785 f4(f4(cen(g9))) != f1(f4(cen(g9))).  [resolve(21780,a,25,a)].

given #6838 (F,wt=9): 21786 f3(f4(cen(g9))) != f1(f4(cen(g9))).  [resolve(21780,a,24,a)].

given #6839 (F,wt=9): 21787 f2(f4(cen(g9))) != f1(f4(cen(g9))).  [resolve(21780,a,23,a)].

given #6840 (F,wt=9): 21811 f4(f3(cen(g9))) != f3(f3(cen(g9))).  [resolve(21809,a,28,a)].

given #6841 (T,wt=6): 29723 car(cen(cen(f3(f1(g4))))).  [resolve(29714,a,14,a)].

given #6842 (T,wt=6): 29747 car(cen(cen(f2(f1(g4))))).  [resolve(29738,a,14,a)].

given #6843 (T,wt=6): 29771 car(cen(cen(f1(f1(g4))))).  [resolve(29762,a,14,a)].

given #6844 (T,wt=6): 29795 car(cen(cen(f4(f4(g5))))).  [resolve(29786,a,14,a)].

given #6845 (A,wt=66): 1883 -car(x) | -car(y) | -car(z) | -car(u) | cen(f2(pb)) != cen(x) | cen(f2(pb)) != cen(y) | cen(f2(pb)) != cen(z) | cen(f2(pb)) != cen(u) | f2(pb) = x | f2(pb) = y | f2(pb) = z | f2(pb) = u | y = x | z = x | u = x | z = y | u = y | u = z.  [resolve(1875,a,36,a),flip(e),flip(f),flip(g),flip(h),flip(i),flip(j),flip(k),flip(l)].

given #6846 (F,wt=9): 21812 f4(f3(cen(g9))) != f2(f3(cen(g9))).  [resolve(21809,a,27,a)].

given #6847 (F,wt=9): 21813 f3(f3(cen(g9))) != f2(f3(cen(g9))).  [resolve(21809,a,26,a)].

given #6848 (F,wt=9): 21814 f4(f3(cen(g9))) != f1(f3(cen(g9))).  [resolve(21809,a,25,a)].

given #6849 (F,wt=9): 21815 f3(f3(cen(g9))) != f1(f3(cen(g9))).  [resolve(21809,a,24,a)].

given #6850 (T,wt=6): 29819 car(cen(cen(f3(f4(g5))))).  [resolve(29810,a,14,a)].

============================== STATISTICS ============================

Given=6850. Generated=3653929. Kept=38772. proofs=0.
Usable=6850. Sos=19994. Demods=5. Limbo=0, Disabled=12157. Hints=0.
Kept_by_rule=0, Deleted_by_rule=0.
Forward_subsumed=254603. Back_subsumed=2.
Sos_limit_deleted=3360554. Sos_displaced=11839. Sos_removed=0.
New_demodulators=6 (0 lex), Back_demodulated=3. Back_unit_deleted=84.
Demod_attempts=198396586. Demod_rewrites=78549.
Res_instance_prunes=0. Para_instance_prunes=0. Basic_paramod_prunes=0.
Nonunit_fsub_feature_tests=73257. Nonunit_bsub_feature_tests=4626.
Megabytes=70.41.
User_CPU=30.00, System_CPU=1.81, Wall_clock=33.

============================== end of statistics =====================

============================== end of search =========================

SEARCH FAILED

SEARCH FAILED

Exiting with failure.

------ process 26509 exit (max_seconds) ------

Process 26509 exit (max_seconds) Wed Aug 12 15:29:27 2026
