lake-build: building — don't just wait on it. Update docstrings/module docs/blueprint entries for what you just wrote, stage the next edit or commit message, or line up the next module while this runs.
⚠ [8004/8329] Replayed Erdos9796Proof.P97.Cap.Partition
warning: Erdos9796Proof/P97/Cap/Partition.lean:15:0: This line exceeds the 100 character limit, please shorten it!

Note: This linter can be disabled with `set_option linter.style.longLine false`
⚠ [8005/8329] Replayed Erdos9796Proof.P97.Dumitrescu.L9
warning: Erdos9796Proof/P97/Dumitrescu/L9.lean:53:20: unused variable `h₁`

Note: This linter can be disabled with `set_option linter.unusedVariables false`
warning: Erdos9796Proof/P97/Dumitrescu/L9.lean:53:34: unused variable `h₂`

Note: This linter can be disabled with `set_option linter.unusedVariables false`
warning: Erdos9796Proof/P97/Dumitrescu/L9.lean:53:48: unused variable `h₃`

Note: This linter can be disabled with `set_option linter.unusedVariables false`
⚠ [8231/8648] Replayed Erdos9796Proof.P97.NoDiameterUnderK4
warning: Erdos9796Proof/P97/NoDiameterUnderK4.lean:319:29: 'simp' is a flexible tactic modifying '⊢'. Try 'simp?' and use the suggested 'simp only [...]'. Alternatively, use `suffices` to explicitly state the simplified form.

Note: This linter can be disabled with `set_option linter.flexible false`
info: Erdos9796Proof/P97/NoDiameterUnderK4.lean:319:29: Try this:
  [apply] simp only [Nat.succ_eq_add_one, Nat.reduceAdd, Fin.zero_eta, Fin.isValue, Matrix.cons_val_zero]
info: Erdos9796Proof/P97/NoDiameterUnderK4.lean:319:38: 'assumption' uses '⊢'!
warning: Erdos9796Proof/P97/NoDiameterUnderK4.lean:319:29: 'simp' is a flexible tactic modifying '⊢'. Try 'simp?' and use the suggested 'simp only [...]'. Alternatively, use `suffices` to explicitly state the simplified form.

Note: This linter can be disabled with `set_option linter.flexible false`
info: Erdos9796Proof/P97/NoDiameterUnderK4.lean:319:29: Try this:
  [apply] simp only [Nat.succ_eq_add_one, Nat.reduceAdd, Fin.mk_one, Fin.isValue, Matrix.cons_val_one,
    Matrix.cons_val_zero]
info: Erdos9796Proof/P97/NoDiameterUnderK4.lean:319:38: 'assumption' uses '⊢'!
warning: Erdos9796Proof/P97/NoDiameterUnderK4.lean:319:29: 'simp' is a flexible tactic modifying '⊢'. Try 'simp?' and use the suggested 'simp only [...]'. Alternatively, use `suffices` to explicitly state the simplified form.

Note: This linter can be disabled with `set_option linter.flexible false`
info: Erdos9796Proof/P97/NoDiameterUnderK4.lean:319:29: Try this:
  [apply] simp only [Nat.succ_eq_add_one, Nat.reduceAdd, Fin.reduceFinMk, Matrix.cons_val]
info: Erdos9796Proof/P97/NoDiameterUnderK4.lean:319:38: 'assumption' uses '⊢'!
warning: Erdos9796Proof/P97/NoDiameterUnderK4.lean:325:4: 'simp [Fin.sum_univ_three]' is a flexible tactic modifying '⊢'. Try 'simp?' and use the suggested 'simp only [...]'. Alternatively, use `suffices` to explicitly state the simplified form.

Note: This linter can be disabled with `set_option linter.flexible false`
info: Erdos9796Proof/P97/NoDiameterUnderK4.lean:325:4: Try this:
  [apply] simp only [Nat.succ_eq_add_one, Nat.reduceAdd]
info: Erdos9796Proof/P97/NoDiameterUnderK4.lean:326:4: 'exact hq' uses '⊢'!
warning: Erdos9796Proof/P97/NoDiameterUnderK4.lean:333:0: Please, add a comment explaining the need for modifying the maxHeartbeat limit, as in
set_option maxHeartbeats 600000 in
-- reason for change
...

Note: This linter can be disabled with `set_option linter.style.maxHeartbeats false`
warning: Erdos9796Proof/P97/NoDiameterUnderK4.lean:576:0: Please, add a comment explaining the need for modifying the maxHeartbeat limit, as in
set_option maxHeartbeats 400000 in
-- reason for change
...

Note: This linter can be disabled with `set_option linter.style.maxHeartbeats false`
warning: Erdos9796Proof/P97/NoDiameterUnderK4.lean:886:8: 'simp' is a flexible tactic modifying '⊢'. Try 'simp?' and use the suggested 'simp only [...]'. Alternatively, use `suffices` to explicitly state the simplified form.

Note: This linter can be disabled with `set_option linter.flexible false`
info: Erdos9796Proof/P97/NoDiameterUnderK4.lean:886:8: Try this:
  [apply] simp only [mem_singleton]
info: Erdos9796Proof/P97/NoDiameterUnderK4.lean:886:14: 'exact hq_b.symm' uses '⊢'!
warning: Erdos9796Proof/P97/NoDiameterUnderK4.lean:887:8: 'simp' is a flexible tactic modifying '⊢'. Try 'simp?' and use the suggested 'simp only [...]'. Alternatively, use `suffices` to explicitly state the simplified form.

Note: This linter can be disabled with `set_option linter.flexible false`
info: Erdos9796Proof/P97/NoDiameterUnderK4.lean:887:8: Try this:
  [apply] simp only [mem_insert, mem_singleton, not_or]
info: Erdos9796Proof/P97/NoDiameterUnderK4.lean:888:10: 'exact hab_ne' uses '⊢'!
warning: Erdos9796Proof/P97/NoDiameterUnderK4.lean:887:8: 'simp' is a flexible tactic modifying '⊢'. Try 'simp?' and use the suggested 'simp only [...]'. Alternatively, use `suffices` to explicitly state the simplified form.

Note: This linter can be disabled with `set_option linter.flexible false`
info: Erdos9796Proof/P97/NoDiameterUnderK4.lean:887:8: Try this:
  [apply] simp only [mem_insert, mem_singleton, not_or]
info: Erdos9796Proof/P97/NoDiameterUnderK4.lean:889:10: 'exact hq_a.symm' uses '⊢'!
⚠ [8233/8648] Replayed Erdos9796Proof.P97.Cap.Structure
warning: Erdos9796Proof/P97/Cap/Structure.lean:282:0: This file has more than one module docstring (`/-! ... -/`). Only the first one is treated as module documentation; convert additional ones to regular comments (`/- ... -/`).

Note: This linter can be disabled with `set_option linter.style.moduleDocstring false`
⚠ [8248/8648] Replayed Erdos9796Proof.P97.CGN.CGN
warning: Erdos9796Proof/P97/CGN/CGN.lean:300:4: 'simp [edgeAt] at hx' is a flexible tactic modifying 'hx'. Try 'simp?' and use the suggested 'simp only [...]'. Alternatively, use `suffices` to explicitly state the simplified form.

Note: This linter can be disabled with `set_option linter.flexible false`
info: Erdos9796Proof/P97/CGN/CGN.lean:301:4: 'rcases hx with rfl | rfl' uses 'hx'!
warning: Erdos9796Proof/P97/CGN/CGN.lean:300:4: 'simp [edgeAt] at hx' is a flexible tactic modifying 'hx'. Try 'simp?' and use the suggested 'simp only [...]'. Alternatively, use `suffices` to explicitly state the simplified form.

Note: This linter can be disabled with `set_option linter.flexible false`
info: Erdos9796Proof/P97/CGN/CGN.lean:302:6: 'exact hmem r' uses 'hx'!
warning: Erdos9796Proof/P97/CGN/CGN.lean:300:4: 'simp [edgeAt] at hx' is a flexible tactic modifying 'hx'. Try 'simp?' and use the suggested 'simp only [...]'. Alternatively, use `suffices` to explicitly state the simplified form.

Note: This linter can be disabled with `set_option linter.flexible false`
info: Erdos9796Proof/P97/CGN/CGN.lean:303:6: 'exact hmem s' uses 'hx'!
warning: Erdos9796Proof/P97/CGN/CGN.lean:336:33: Try `simp at hp_lt` instead of `simpa using hp_lt`

Note: This linter can be disabled with `set_option linter.unnecessarySimpa false`
warning: Erdos9796Proof/P97/CGN/CGN.lean:344:33: Try `simp at hp_lt` instead of `simpa using hp_lt`

Note: This linter can be disabled with `set_option linter.unnecessarySimpa false`
warning: Erdos9796Proof/P97/CGN/CGN.lean:324:2: 'simp [edgeAt] at hp1mem hp2mem' is a flexible tactic modifying 'hp1mem'. Try 'simp?' and use the suggested 'simp only [...]'. Alternatively, use `suffices` to explicitly state the simplified form.

Note: This linter can be disabled with `set_option linter.flexible false`
info: Erdos9796Proof/P97/CGN/CGN.lean:325:2: 'have hp1idx : p.1 = q.1 ∨ p.1 = q.2 := by
  rcases hp1mem with hp1mem | hp1mem
  · exact Or.inl (L.injective hp1mem)
  · exact Or.inr (L.injective hp1mem)' uses 'hp1mem'!
warning: Erdos9796Proof/P97/CGN/CGN.lean:324:2: 'simp [edgeAt] at hp1mem hp2mem' is a flexible tactic modifying 'hp2mem'. Try 'simp?' and use the suggested 'simp only [...]'. Alternatively, use `suffices` to explicitly state the simplified form.

Note: This linter can be disabled with `set_option linter.flexible false`
info: Erdos9796Proof/P97/CGN/CGN.lean:329:2: 'have hp2idx : p.2 = q.1 ∨ p.2 = q.2 := by
  rcases hp2mem with hp2mem | hp2mem
  · exact Or.inl (L.injective hp2mem)
  · exact Or.inr (L.injective hp2mem)' uses 'hp2mem'!
⚠ [8253/8648] Replayed Erdos9796Proof.P97.ConvexCyclicOrder.Construct
warning: Erdos9796Proof/P97/ConvexCyclicOrder/Construct.lean:1296:4: try 'simp' instead of 'simpa'

Note: This linter can be disabled with `set_option linter.unnecessarySimpa false`
⚠ [8255/8648] Replayed Erdos9796Proof.P97.CGN.CGN4g
warning: Erdos9796Proof/P97/CGN/CGN4g.lean:585:4: try 'simp' instead of 'simpa'

Note: This linter can be disabled with `set_option linter.unnecessarySimpa false`
warning: Erdos9796Proof/P97/CGN/CGN4g.lean:593:4: try 'simp' instead of 'simpa'

Note: This linter can be disabled with `set_option linter.unnecessarySimpa false`
warning: Erdos9796Proof/P97/CGN/CGN4g.lean:610:4: try 'simp' instead of 'simpa'

Note: This linter can be disabled with `set_option linter.unnecessarySimpa false`
warning: Erdos9796Proof/P97/CGN/CGN4g.lean:616:8: try 'simp' instead of 'simpa'

Note: This linter can be disabled with `set_option linter.unnecessarySimpa false`
warning: Erdos9796Proof/P97/CGN/CGN4g.lean:623:4: try 'simp' instead of 'simpa'

Note: This linter can be disabled with `set_option linter.unnecessarySimpa false`
warning: Erdos9796Proof/P97/CGN/CGN4g.lean:752:8: try 'simp' instead of 'simpa'

Note: This linter can be disabled with `set_option linter.unnecessarySimpa false`
warning: Erdos9796Proof/P97/CGN/CGN4g.lean:1334:12: try 'simp' instead of 'simpa'

Note: This linter can be disabled with `set_option linter.unnecessarySimpa false`
warning: Erdos9796Proof/P97/CGN/CGN4g.lean:1345:4: try 'simp' instead of 'simpa'

Note: This linter can be disabled with `set_option linter.unnecessarySimpa false`
warning: Erdos9796Proof/P97/CGN/CGN4g.lean:1376:20: try 'simp' instead of 'simpa'

Note: This linter can be disabled with `set_option linter.unnecessarySimpa false`
warning: Erdos9796Proof/P97/CGN/CGN4g.lean:1376:52: try 'simp' instead of 'simpa'

Note: This linter can be disabled with `set_option linter.unnecessarySimpa false`
warning: Erdos9796Proof/P97/CGN/CGN4g.lean:1471:23: try 'simp' instead of 'simpa'

Note: This linter can be disabled with `set_option linter.unnecessarySimpa false`
warning: Erdos9796Proof/P97/CGN/CGN4g.lean:1479:23: try 'simp' instead of 'simpa'

Note: This linter can be disabled with `set_option linter.unnecessarySimpa false`
warning: Erdos9796Proof/P97/CGN/CGN4g.lean:1518:20: try 'simp' instead of 'simpa'

Note: This linter can be disabled with `set_option linter.unnecessarySimpa false`
warning: Erdos9796Proof/P97/CGN/CGN4g.lean:1518:52: try 'simp' instead of 'simpa'

Note: This linter can be disabled with `set_option linter.unnecessarySimpa false`
warning: Erdos9796Proof/P97/CGN/CGN4g.lean:1613:23: try 'simp' instead of 'simpa'

Note: This linter can be disabled with `set_option linter.unnecessarySimpa false`
warning: Erdos9796Proof/P97/CGN/CGN4g.lean:1621:23: try 'simp' instead of 'simpa'

Note: This linter can be disabled with `set_option linter.unnecessarySimpa false`
warning: Erdos9796Proof/P97/CGN/CGN4g.lean:1650:8: unused variable `Hside`

Note: This linter can be disabled with `set_option linter.unusedVariables false`
warning: Erdos9796Proof/P97/CGN/CGN4g.lean:1651:8: unused variable `Hord`

Note: This linter can be disabled with `set_option linter.unusedVariables false`
warning: Erdos9796Proof/P97/CGN/CGN4g.lean:1696:8: unused variable `Hside`

Note: This linter can be disabled with `set_option linter.unusedVariables false`
warning: Erdos9796Proof/P97/CGN/CGN4g.lean:1697:8: unused variable `Hord`

Note: This linter can be disabled with `set_option linter.unusedVariables false`
⚠ [8257/8648] Replayed Erdos9796Proof.P97.CGN.CGN6
warning: Erdos9796Proof/P97/CGN/CGN6.lean:205:20: unused variable `hn`

Note: This linter can be disabled with `set_option linter.unusedVariables false`
warning: Erdos9796Proof/P97/CGN/CGN6.lean:216:5: unused variable `he`

Note: This linter can be disabled with `set_option linter.unusedVariables false`
warning: Erdos9796Proof/P97/CGN/CGN6.lean:229:2: try 'simp' instead of 'simpa'

Note: This linter can be disabled with `set_option linter.unnecessarySimpa false`
warning: Erdos9796Proof/P97/CGN/CGN6.lean:236:64: This simp argument is unused:
  inner_add_right

Hint: Omit it from the simp argument list.
  simp [chordFrame, inner_add_left,̵ ̵i̵n̵n̵e̵r̵_̵a̵d̵d̵_̵r̵i̵g̵h̵t̵]

Note: This linter can be disabled with `set_option linter.unusedSimpArgs false`
warning: Erdos9796Proof/P97/CGN/CGN6.lean:240:65: This simp argument is unused:
  inner_smul_right

Hint: Omit it from the simp argument list.
  simp [chordFrame, inner_smul_left,̵ ̵i̵n̵n̵e̵r̵_̵s̵m̵u̵l̵_̵r̵i̵g̵h̵t̵]

Note: This linter can be disabled with `set_option linter.unusedSimpArgs false`
warning: Erdos9796Proof/P97/CGN/CGN6.lean:236:10: Used `tac1 <;> tac2` where `(tac1; tac2)` would suffice

Note: This linter can be disabled with `set_option linter.unnecessarySeqFocus false`
warning: Erdos9796Proof/P97/CGN/CGN6.lean:240:10: Used `tac1 <;> tac2` where `(tac1; tac2)` would suffice

Note: This linter can be disabled with `set_option linter.unnecessarySeqFocus false`
warning: Erdos9796Proof/P97/CGN/CGN6.lean:252:4: try 'simp' instead of 'simpa'

Note: This linter can be disabled with `set_option linter.unnecessarySimpa false`
warning: Erdos9796Proof/P97/CGN/CGN6.lean:254:4: try 'simp' instead of 'simpa'

Note: This linter can be disabled with `set_option linter.unnecessarySimpa false`
warning: Erdos9796Proof/P97/CGN/CGN6.lean:256:4: try 'simp' instead of 'simpa'

Note: This linter can be disabled with `set_option linter.unnecessarySimpa false`
warning: Erdos9796Proof/P97/CGN/CGN6.lean:272:6: try 'simp' instead of 'simpa'

Note: This linter can be disabled with `set_option linter.unnecessarySimpa false`
warning: Erdos9796Proof/P97/CGN/CGN6.lean:285:4: try 'simp' instead of 'simpa'

Note: This linter can be disabled with `set_option linter.unnecessarySimpa false`
warning: Erdos9796Proof/P97/CGN/CGN6.lean:289:4: try 'simp' instead of 'simpa'

Note: This linter can be disabled with `set_option linter.unnecessarySimpa false`
warning: Erdos9796Proof/P97/CGN/CGN6.lean:343:8: Used `tac1 <;> tac2` where `(tac1; tac2)` would suffice

Note: This linter can be disabled with `set_option linter.unnecessarySeqFocus false`
warning: Erdos9796Proof/P97/CGN/CGN6.lean:410:4: try 'simp' instead of 'simpa'

Note: This linter can be disabled with `set_option linter.unnecessarySimpa false`
warning: Erdos9796Proof/P97/CGN/CGN6.lean:412:4: try 'simp' instead of 'simpa'

Note: This linter can be disabled with `set_option linter.unnecessarySimpa false`
warning: Erdos9796Proof/P97/CGN/CGN6.lean:421:6: try 'simp' instead of 'simpa'

Note: This linter can be disabled with `set_option linter.unnecessarySimpa false`
warning: Erdos9796Proof/P97/CGN/CGN6.lean:491:8: try 'simp' instead of 'simpa'

Note: This linter can be disabled with `set_option linter.unnecessarySimpa false`
warning: Erdos9796Proof/P97/CGN/CGN6.lean:556:8: try 'simp' instead of 'simpa'

Note: This linter can be disabled with `set_option linter.unnecessarySimpa false`
warning: Erdos9796Proof/P97/CGN/CGN6.lean:558:33: try 'simp' instead of 'simpa'

Note: This linter can be disabled with `set_option linter.unnecessarySimpa false`
warning: Erdos9796Proof/P97/CGN/CGN6.lean:561:4: try 'simp' instead of 'simpa'

Note: This linter can be disabled with `set_option linter.unnecessarySimpa false`
warning: Erdos9796Proof/P97/CGN/CGN6.lean:596:8: try 'simp' instead of 'simpa'

Note: This linter can be disabled with `set_option linter.unnecessarySimpa false`
warning: Erdos9796Proof/P97/CGN/CGN6.lean:376:40: unused variable `tau`

Note: This linter can be disabled with `set_option linter.unusedVariables false`
warning: Erdos9796Proof/P97/CGN/CGN6.lean:513:40: This simp argument is unused:
  map_sub

Hint: Omit it from the simp argument list.
  simp [T, sub_eq_add_neg, map_add, m̵ap̵_̵s̵u̵b̵,̵ ̵a̵dd_comm, add_left_comm, add_assoc]

Note: This linter can be disabled with `set_option linter.unusedSimpArgs false`
warning: Erdos9796Proof/P97/CGN/CGN6.lean:513:59: This simp argument is unused:
  add_left_comm

Hint: Omit it from the simp argument list.
  simp [T, sub_eq_add_neg, map_add, map_sub, add_comm, a̵d̵d̵_̵l̵e̵f̵t̵_̵c̵o̵m̵m̵,̵ ̵add_assoc]

Note: This linter can be disabled with `set_option linter.unusedSimpArgs false`
warning: Erdos9796Proof/P97/CGN/CGN6.lean:513:74: This simp argument is unused:
  add_assoc

Hint: Omit it from the simp argument list.
  simp [T, sub_eq_add_neg, map_add, map_sub, add_comm, add_left_comm,̵ ̵a̵d̵d̵_̵a̵s̵s̵o̵c̵]

Note: This linter can be disabled with `set_option linter.unusedSimpArgs false`
warning: Erdos9796Proof/P97/CGN/CGN6.lean:603:78: This simp argument is unused:
  EuclideanSpace.ofLp_single

Hint: Omit it from the simp argument list.
  simp [T, F, chordLinear, chordFrame, vec2, EuclideanSpace.single_apply,̵ ̵E̵u̵c̵l̵i̵d̵e̵a̵n̵S̵p̵a̵c̵e̵.̵o̵f̵L̵p̵_̵s̵i̵n̵g̵l̵e̵]

Note: This linter can be disabled with `set_option linter.unusedSimpArgs false`
warning: Erdos9796Proof/P97/CGN/CGN6.lean:657:43: This simp argument is unused:
  real_inner_self_eq_norm_sq

Hint: Omit it from the simp argument list.
  simp [e, u, real_inner_smul_right, r̵e̵a̵l̵_̵i̵n̵n̵e̵r̵_̵s̵e̵l̵f̵_̵e̵q̵_̵n̵o̵r̵m̵_̵s̵q̵,̵ ̵hu_norm.ne']

Note: This linter can be disabled with `set_option linter.unusedSimpArgs false`
warning: Erdos9796Proof/P97/CGN/CGN6.lean:464:12: Used `tac1 <;> tac2` where `(tac1; tac2)` would suffice

Note: This linter can be disabled with `set_option linter.unnecessarySeqFocus false`
warning: Erdos9796Proof/P97/CGN/CGN6.lean:467:12: Used `tac1 <;> tac2` where `(tac1; tac2)` would suffice

Note: This linter can be disabled with `set_option linter.unnecessarySeqFocus false`
warning: Erdos9796Proof/P97/CGN/CGN6.lean:602:10: Used `tac1 <;> tac2` where `(tac1; tac2)` would suffice

Note: This linter can be disabled with `set_option linter.unnecessarySeqFocus false`
warning: Erdos9796Proof/P97/CGN/CGN6.lean:756:16: Used `tac1 <;> tac2` where `(tac1; tac2)` would suffice

Note: This linter can be disabled with `set_option linter.unnecessarySeqFocus false`
warning: Erdos9796Proof/P97/CGN/CGN6.lean:366:0: Please, add a comment explaining the need for modifying the maxHeartbeat limit, as in
set_option maxHeartbeats 600000 in
-- reason for change
...

Note: This linter can be disabled with `set_option linter.style.maxHeartbeats false`
warning: Erdos9796Proof/P97/CGN/CGN6.lean:461:0: This line exceeds the 100 character limit, please shorten it!

Note: This linter can be disabled with `set_option linter.style.longLine false`
warning: Erdos9796Proof/P97/CGN/CGN6.lean:603:0: This line exceeds the 100 character limit, please shorten it!

Note: This linter can be disabled with `set_option linter.style.longLine false`
warning: Erdos9796Proof/P97/CGN/CGN6.lean:775:0: This line exceeds the 100 character limit, please shorten it!

Note: This linter can be disabled with `set_option linter.style.longLine false`
warning: Erdos9796Proof/P97/CGN/CGN6.lean:847:0: This line exceeds the 100 character limit, please shorten it!

Note: This linter can be disabled with `set_option linter.style.longLine false`
warning: Erdos9796Proof/P97/CGN/CGN6.lean:1120:6: 'simp [xCoord, ht0, ht1]' is a flexible tactic modifying '⊢'. Try 'simp?' and use the suggested 'simp only [...]'. Alternatively, use `suffices` to explicitly state the simplified form.

Note: This linter can be disabled with `set_option linter.flexible false`
info: Erdos9796Proof/P97/CGN/CGN6.lean:1121:6: 'exact L.x_strict (by simp [finIndex])' uses '⊢'!
warning: Erdos9796Proof/P97/CGN/CGN6.lean:1138:10: 'simp [xCoord, ht0, ht1]' is a flexible tactic modifying '⊢'. Try 'simp?' and use the suggested 'simp only [...]'. Alternatively, use `suffices` to explicitly state the simplified form.

Note: This linter can be disabled with `set_option linter.flexible false`
info: Erdos9796Proof/P97/CGN/CGN6.lean:1141:10: 'exact L.x_strict hlt_fin' uses '⊢'!
warning: Erdos9796Proof/P97/CGN/CGN6.lean:1382:6: try 'simp' instead of 'simpa'

Note: This linter can be disabled with `set_option linter.unnecessarySimpa false`
warning: Erdos9796Proof/P97/CGN/CGN6.lean:1409:8: try 'simp' instead of 'simpa'

Note: This linter can be disabled with `set_option linter.unnecessarySimpa false`
warning: Erdos9796Proof/P97/CGN/CGN6.lean:1415:29: Used `tac1 <;> tac2` where `(tac1; tac2)` would suffice

Note: This linter can be disabled with `set_option linter.unnecessarySeqFocus false`
warning: Erdos9796Proof/P97/CGN/CGN6.lean:1435:29: Used `tac1 <;> tac2` where `(tac1; tac2)` would suffice

Note: This linter can be disabled with `set_option linter.unnecessarySeqFocus false`
warning: Erdos9796Proof/P97/CGN/CGN6.lean:1491:47: Used `tac1 <;> tac2` where `(tac1; tac2)` would suffice

Note: This linter can be disabled with `set_option linter.unnecessarySeqFocus false`
warning: Erdos9796Proof/P97/CGN/CGN6.lean:1263:6: 'simp [xCoord, ht0, ht1]' is a flexible tactic modifying '⊢'. Try 'simp?' and use the suggested 'simp only [...]'. Alternatively, use `suffices` to explicitly state the simplified form.

Note: This linter can be disabled with `set_option linter.flexible false`
info: Erdos9796Proof/P97/CGN/CGN6.lean:1264:6: 'exact L.x_strict (by simp [finIndex])' uses '⊢'!
warning: Erdos9796Proof/P97/CGN/CGN6.lean:1300:10: 'simp [xCoord, ht0, ht1]' is a flexible tactic modifying '⊢'. Try 'simp?' and use the suggested 'simp only [...]'. Alternatively, use `suffices` to explicitly state the simplified form.

Note: This linter can be disabled with `set_option linter.flexible false`
info: Erdos9796Proof/P97/CGN/CGN6.lean:1303:10: 'exact L.x_strict hlt_fin' uses '⊢'!
warning: Erdos9796Proof/P97/CGN/CGN6.lean:1524:6: try 'simp' instead of 'simpa'

Note: This linter can be disabled with `set_option linter.unnecessarySimpa false`
warning: Erdos9796Proof/P97/CGN/CGN6.lean:1581:6: try 'simp' instead of 'simpa'

Note: This linter can be disabled with `set_option linter.unnecessarySimpa false`
warning: Erdos9796Proof/P97/CGN/CGN6.lean:1586:8: try 'simp' instead of 'simpa'

Note: This linter can be disabled with `set_option linter.unnecessarySimpa false`
warning: Erdos9796Proof/P97/CGN/CGN6.lean:1771:4: try 'simp' instead of 'simpa'

Note: This linter can be disabled with `set_option linter.unnecessarySimpa false`
warning: Erdos9796Proof/P97/CGN/CGN6.lean:2053:5: unused variable `Model`

Note: This linter can be disabled with `set_option linter.unusedVariables false`
⚠ [8258/8648] Replayed Erdos9796Proof.P97.CGN.CGN7
warning: Erdos9796Proof/P97/CGN/CGN7.lean:209:10: try 'simp' instead of 'simpa'

Note: This linter can be disabled with `set_option linter.unnecessarySimpa false`
warning: Erdos9796Proof/P97/CGN/CGN7.lean:211:10: try 'simp' instead of 'simpa'

Note: This linter can be disabled with `set_option linter.unnecessarySimpa false`
warning: Erdos9796Proof/P97/CGN/CGN7.lean:76:5: unused variable `Hord`

Note: This linter can be disabled with `set_option linter.unusedVariables false`
warning: Erdos9796Proof/P97/CGN/CGN7.lean:77:5: unused variable `hconv`

Note: This linter can be disabled with `set_option linter.unusedVariables false`
warning: Erdos9796Proof/P97/CGN/CGN7.lean:78:5: unused variable `hmem`

Note: This linter can be disabled with `set_option linter.unusedVariables false`
warning: Erdos9796Proof/P97/CGN/CGN7.lean:119:32: This simp argument is unused:
  ih

Hint: Omit it from the simp argument list.
  simp [Finset.sigma, ha, i̵h̵,̵ ̵Finset.card_disjUnion]

Note: This linter can be disabled with `set_option linter.unusedSimpArgs false`
warning: Erdos9796Proof/P97/CGN/CGN7.lean:119:36: This simp argument is unused:
  Finset.card_disjUnion

Hint: Omit it from the simp argument list.
  simp [Finset.sigma, ha, ih,̵ ̵F̵i̵n̵s̵e̵t̵.̵c̵a̵r̵d̵_̵d̵i̵s̵j̵U̵n̵i̵o̵n̵]

Note: This linter can be disabled with `set_option linter.unusedSimpArgs false`
⚠ [8259/8648] Replayed Erdos9796Proof.P97.ArcPartitionCount
warning: Erdos9796Proof/P97/ArcPartitionCount.lean:67:12: please avoid 'open (scoped) Classical' statements: this can hide theorem statements which would be better stated with explicit decidability statements.
Instead, use `open Classical in` for definitions or instances, the `classical` tactic for proofs.
For theorem statements, either add missing decidability assumptions or use `open Classical in`.

Note: This linter can be disabled with `set_option linter.style.openClassical false`
warning: Erdos9796Proof/P97/ArcPartitionCount.lean:605:8: 'simp [Fin.sum_univ_three]
        -- a • V1 + b • V2 + (1 - a - b) • V3 = v.
        -- From h_decomp: v - V3 = a • (V1 - V3) + b • (V2 - V3).
        -- So v = a • V1 + b • V2 + (1 - a - b) • V3.' is a flexible tactic modifying '⊢'. Try 'simp?' and use the suggested 'simp only [...]'. Alternatively, use `suffices` to explicitly state the simplified form.

Note: This linter can be disabled with `set_option linter.flexible false`
info: Erdos9796Proof/P97/ArcPartitionCount.lean:618:8: 'rw [h_decomp']' uses '⊢'!
⚠ [8262/8648] Replayed Erdos9796Proof.P97.Dumitrescu.L10
warning: Erdos9796Proof/P97/Dumitrescu/L10.lean:85:0: This file has more than one module docstring (`/-! ... -/`). Only the first one is treated as module documentation; convert additional ones to regular comments (`/- ... -/`).

Note: This linter can be disabled with `set_option linter.style.moduleDocstring false`
⚠ [8263/8648] Replayed Erdos9796Proof.P97.CGN.CGN8
warning: Erdos9796Proof/P97/CGN/CGN8.lean:277:12: try 'simp' instead of 'simpa'

Note: This linter can be disabled with `set_option linter.unnecessarySimpa false`
warning: Erdos9796Proof/P97/CGN/CGN8.lean:280:12: try 'simp' instead of 'simpa'

Note: This linter can be disabled with `set_option linter.unnecessarySimpa false`
warning: Erdos9796Proof/P97/CGN/CGN8.lean:175:34: This simp argument is unused:
  ih

Hint: Omit it from the simp argument list.
  simp [Finset.sigma, ha, i̵h̵,̵ ̵Finset.card_disjUnion]

Note: This linter can be disabled with `set_option linter.unusedSimpArgs false`
warning: Erdos9796Proof/P97/CGN/CGN8.lean:175:38: This simp argument is unused:
  Finset.card_disjUnion

Hint: Omit it from the simp argument list.
  simp [Finset.sigma, ha, ih,̵ ̵F̵i̵n̵s̵e̵t̵.̵c̵a̵r̵d̵_̵d̵i̵s̵j̵U̵n̵i̵o̵n̵]

Note: This linter can be disabled with `set_option linter.unusedSimpArgs false`
warning: Erdos9796Proof/P97/CGN/CGN8.lean:485:34: This simp argument is unused:
  nsmul_eq_mul

Hint: Omit it from the simp argument list.
  simp [Finset.sum_const, n̵s̵m̵u̵l̵_̵e̵q̵_̵m̵u̵l̵,̵ ̵Nat.mul_comm]

Note: This linter can be disabled with `set_option linter.unusedSimpArgs false`
warning: Erdos9796Proof/P97/CGN/CGN8.lean:551:6: 'simp at hx' is a flexible tactic modifying 'hx'. Try 'simp?' and use the suggested 'simp only [...]'. Alternatively, use `suffices` to explicitly state the simplified form.

Note: This linter can be disabled with `set_option linter.flexible false`
info: Erdos9796Proof/P97/CGN/CGN8.lean:552:6: 'rcases hx with rfl | rfl' uses 'hx'!
warning: Erdos9796Proof/P97/CGN/CGN8.lean:551:6: 'simp at hx' is a flexible tactic modifying 'hx'. Try 'simp?' and use the suggested 'simp only [...]'. Alternatively, use `suffices` to explicitly state the simplified form.

Note: This linter can be disabled with `set_option linter.flexible false`
info: Erdos9796Proof/P97/CGN/CGN8.lean:553:8: 'exact CP.v2_mem_C1' uses 'hx'!
warning: Erdos9796Proof/P97/CGN/CGN8.lean:551:6: 'simp at hx' is a flexible tactic modifying 'hx'. Try 'simp?' and use the suggested 'simp only [...]'. Alternatively, use `suffices` to explicitly state the simplified form.

Note: This linter can be disabled with `set_option linter.flexible false`
info: Erdos9796Proof/P97/CGN/CGN8.lean:554:8: 'exact CP.v3_mem_C1' uses 'hx'!
warning: Erdos9796Proof/P97/CGN/CGN8.lean:562:6: 'simp at hx' is a flexible tactic modifying 'hx'. Try 'simp?' and use the suggested 'simp only [...]'. Alternatively, use `suffices` to explicitly state the simplified form.

Note: This linter can be disabled with `set_option linter.flexible false`
info: Erdos9796Proof/P97/CGN/CGN8.lean:563:6: 'rcases hx with rfl | rfl' uses 'hx'!
warning: Erdos9796Proof/P97/CGN/CGN8.lean:562:6: 'simp at hx' is a flexible tactic modifying 'hx'. Try 'simp?' and use the suggested 'simp only [...]'. Alternatively, use `suffices` to explicitly state the simplified form.

Note: This linter can be disabled with `set_option linter.flexible false`
info: Erdos9796Proof/P97/CGN/CGN8.lean:564:8: 'exact CP.v3_mem_C2' uses 'hx'!
warning: Erdos9796Proof/P97/CGN/CGN8.lean:562:6: 'simp at hx' is a flexible tactic modifying 'hx'. Try 'simp?' and use the suggested 'simp only [...]'. Alternatively, use `suffices` to explicitly state the simplified form.

Note: This linter can be disabled with `set_option linter.flexible false`
info: Erdos9796Proof/P97/CGN/CGN8.lean:565:8: 'exact CP.v1_mem_C2' uses 'hx'!
warning: Erdos9796Proof/P97/CGN/CGN8.lean:573:6: 'simp at hx' is a flexible tactic modifying 'hx'. Try 'simp?' and use the suggested 'simp only [...]'. Alternatively, use `suffices` to explicitly state the simplified form.

Note: This linter can be disabled with `set_option linter.flexible false`
info: Erdos9796Proof/P97/CGN/CGN8.lean:574:6: 'rcases hx with rfl | rfl' uses 'hx'!
warning: Erdos9796Proof/P97/CGN/CGN8.lean:573:6: 'simp at hx' is a flexible tactic modifying 'hx'. Try 'simp?' and use the suggested 'simp only [...]'. Alternatively, use `suffices` to explicitly state the simplified form.

Note: This linter can be disabled with `set_option linter.flexible false`
info: Erdos9796Proof/P97/CGN/CGN8.lean:575:8: 'exact CP.v1_mem_C3' uses 'hx'!
warning: Erdos9796Proof/P97/CGN/CGN8.lean:573:6: 'simp at hx' is a flexible tactic modifying 'hx'. Try 'simp?' and use the suggested 'simp only [...]'. Alternatively, use `suffices` to explicitly state the simplified form.

Note: This linter can be disabled with `set_option linter.flexible false`
info: Erdos9796Proof/P97/CGN/CGN8.lean:576:8: 'exact CP.v2_mem_C3' uses 'hx'!
warning: Erdos9796Proof/P97/CGN/CGN8.lean:214:0: This line exceeds the 100 character limit, please shorten it!

Note: This linter can be disabled with `set_option linter.style.longLine false`
⚠ [8266/8648] Replayed Erdos9796Proof.P97.N9Endpoint.Shell
warning: Erdos9796Proof/P97/N9Endpoint/Shell.lean:214:12: Try `simp at hone` instead of `simpa using hone`

Note: This linter can be disabled with `set_option linter.unnecessarySimpa false`
warning: Erdos9796Proof/P97/N9Endpoint/Shell.lean:293:12: Try `simp at hone` instead of `simpa using hone`

Note: This linter can be disabled with `set_option linter.unnecessarySimpa false`
warning: Erdos9796Proof/P97/N9Endpoint/Shell.lean:372:12: Try `simp at hone` instead of `simpa using hone`

Note: This linter can be disabled with `set_option linter.unnecessarySimpa false`
warning: Erdos9796Proof/P97/N9Endpoint/Shell.lean:410:6: 'simp at hx' is a flexible tactic modifying 'hx'. Try 'simp?' and use the suggested 'simp only [...]'. Alternatively, use `suffices` to explicitly state the simplified form.

Note: This linter can be disabled with `set_option linter.flexible false`
info: Erdos9796Proof/P97/N9Endpoint/Shell.lean:411:6: 'rcases hx with rfl | rfl' uses 'hx'!
warning: Erdos9796Proof/P97/N9Endpoint/Shell.lean:410:6: 'simp at hx' is a flexible tactic modifying 'hx'. Try 'simp?' and use the suggested 'simp only [...]'. Alternatively, use `suffices` to explicitly state the simplified form.

Note: This linter can be disabled with `set_option linter.flexible false`
info: Erdos9796Proof/P97/N9Endpoint/Shell.lean:412:8: 'exact S.CP.v2_mem_C1' uses 'hx'!
warning: Erdos9796Proof/P97/N9Endpoint/Shell.lean:410:6: 'simp at hx' is a flexible tactic modifying 'hx'. Try 'simp?' and use the suggested 'simp only [...]'. Alternatively, use `suffices` to explicitly state the simplified form.

Note: This linter can be disabled with `set_option linter.flexible false`
info: Erdos9796Proof/P97/N9Endpoint/Shell.lean:413:8: 'exact S.CP.v3_mem_C1' uses 'hx'!
warning: Erdos9796Proof/P97/N9Endpoint/Shell.lean:439:6: 'simp at hx' is a flexible tactic modifying 'hx'. Try 'simp?' and use the suggested 'simp only [...]'. Alternatively, use `suffices` to explicitly state the simplified form.

Note: This linter can be disabled with `set_option linter.flexible false`
info: Erdos9796Proof/P97/N9Endpoint/Shell.lean:440:6: 'rcases hx with rfl | rfl' uses 'hx'!
warning: Erdos9796Proof/P97/N9Endpoint/Shell.lean:439:6: 'simp at hx' is a flexible tactic modifying 'hx'. Try 'simp?' and use the suggested 'simp only [...]'. Alternatively, use `suffices` to explicitly state the simplified form.

Note: This linter can be disabled with `set_option linter.flexible false`
info: Erdos9796Proof/P97/N9Endpoint/Shell.lean:441:8: 'exact S.CP.v3_mem_C2' uses 'hx'!
warning: Erdos9796Proof/P97/N9Endpoint/Shell.lean:439:6: 'simp at hx' is a flexible tactic modifying 'hx'. Try 'simp?' and use the suggested 'simp only [...]'. Alternatively, use `suffices` to explicitly state the simplified form.

Note: This linter can be disabled with `set_option linter.flexible false`
info: Erdos9796Proof/P97/N9Endpoint/Shell.lean:442:8: 'exact S.CP.v1_mem_C2' uses 'hx'!
warning: Erdos9796Proof/P97/N9Endpoint/Shell.lean:475:6: 'simp at hx' is a flexible tactic modifying 'hx'. Try 'simp?' and use the suggested 'simp only [...]'. Alternatively, use `suffices` to explicitly state the simplified form.

Note: This linter can be disabled with `set_option linter.flexible false`
info: Erdos9796Proof/P97/N9Endpoint/Shell.lean:476:6: 'rcases hx with rfl | rfl' uses 'hx'!
warning: Erdos9796Proof/P97/N9Endpoint/Shell.lean:475:6: 'simp at hx' is a flexible tactic modifying 'hx'. Try 'simp?' and use the suggested 'simp only [...]'. Alternatively, use `suffices` to explicitly state the simplified form.

Note: This linter can be disabled with `set_option linter.flexible false`
info: Erdos9796Proof/P97/N9Endpoint/Shell.lean:477:8: 'exact S.CP.v1_mem_C3' uses 'hx'!
warning: Erdos9796Proof/P97/N9Endpoint/Shell.lean:475:6: 'simp at hx' is a flexible tactic modifying 'hx'. Try 'simp?' and use the suggested 'simp only [...]'. Alternatively, use `suffices` to explicitly state the simplified form.

Note: This linter can be disabled with `set_option linter.flexible false`
info: Erdos9796Proof/P97/N9Endpoint/Shell.lean:478:8: 'exact S.CP.v2_mem_C3' uses 'hx'!
⚠ [8272/8648] Replayed Erdos9796Proof.P97.N9Endpoint.N4e
warning: Erdos9796Proof/P97/N9Endpoint/N4e.lean:235:12: Try `simp at hone` instead of `simpa using hone`

Note: This linter can be disabled with `set_option linter.unnecessarySimpa false`
warning: Erdos9796Proof/P97/N9Endpoint/N4e.lean:312:12: Try `simp at hone` instead of `simpa using hone`

Note: This linter can be disabled with `set_option linter.unnecessarySimpa false`
warning: Erdos9796Proof/P97/N9Endpoint/N4e.lean:387:12: Try `simp at hone` instead of `simpa using hone`

Note: This linter can be disabled with `set_option linter.unnecessarySimpa false`
warning: Erdos9796Proof/P97/N9Endpoint/N4e.lean:503:21: try 'simp' instead of 'simpa'

Note: This linter can be disabled with `set_option linter.unnecessarySimpa false`
warning: Erdos9796Proof/P97/N9Endpoint/N4e.lean:506:21: try 'simp' instead of 'simpa'

Note: This linter can be disabled with `set_option linter.unnecessarySimpa false`
warning: Erdos9796Proof/P97/N9Endpoint/N4e.lean:494:7: unused variable `h`

Note: This linter can be disabled with `set_option linter.unusedVariables false`
warning: Erdos9796Proof/P97/N9Endpoint/N4e.lean:496:9: unused variable `h`

Note: This linter can be disabled with `set_option linter.unusedVariables false`
warning: Erdos9796Proof/P97/N9Endpoint/N4e.lean:523:21: try 'simp' instead of 'simpa'

Note: This linter can be disabled with `set_option linter.unnecessarySimpa false`
warning: Erdos9796Proof/P97/N9Endpoint/N4e.lean:526:21: try 'simp' instead of 'simpa'

Note: This linter can be disabled with `set_option linter.unnecessarySimpa false`
warning: Erdos9796Proof/P97/N9Endpoint/N4e.lean:514:7: unused variable `h`

Note: This linter can be disabled with `set_option linter.unusedVariables false`
warning: Erdos9796Proof/P97/N9Endpoint/N4e.lean:516:9: unused variable `h`

Note: This linter can be disabled with `set_option linter.unusedVariables false`
warning: Erdos9796Proof/P97/N9Endpoint/N4e.lean:555:23: try 'simp' instead of 'simpa'

Note: This linter can be disabled with `set_option linter.unnecessarySimpa false`
warning: Erdos9796Proof/P97/N9Endpoint/N4e.lean:555:52: try 'simp' instead of 'simpa'

Note: This linter can be disabled with `set_option linter.unnecessarySimpa false`
warning: Erdos9796Proof/P97/N9Endpoint/N4e.lean:558:31: try 'simp' instead of 'simpa'

Note: This linter can be disabled with `set_option linter.unnecessarySimpa false`
warning: Erdos9796Proof/P97/N9Endpoint/N4e.lean:558:60: try 'simp' instead of 'simpa'

Note: This linter can be disabled with `set_option linter.unnecessarySimpa false`
warning: Erdos9796Proof/P97/N9Endpoint/N4e.lean:563:12: try 'simp' instead of 'simpa'

Note: This linter can be disabled with `set_option linter.unnecessarySimpa false`
warning: Erdos9796Proof/P97/N9Endpoint/N4e.lean:563:41: try 'simp' instead of 'simpa'

Note: This linter can be disabled with `set_option linter.unnecessarySimpa false`
warning: Erdos9796Proof/P97/N9Endpoint/N4e.lean:567:12: try 'simp' instead of 'simpa'

Note: This linter can be disabled with `set_option linter.unnecessarySimpa false`
warning: Erdos9796Proof/P97/N9Endpoint/N4e.lean:567:41: try 'simp' instead of 'simpa'

Note: This linter can be disabled with `set_option linter.unnecessarySimpa false`
warning: Erdos9796Proof/P97/N9Endpoint/N4e.lean:534:8: unused variable `h2`

Note: This linter can be disabled with `set_option linter.unusedVariables false`
warning: Erdos9796Proof/P97/N9Endpoint/N4e.lean:534:35: unused variable `h3`

Note: This linter can be disabled with `set_option linter.unusedVariables false`
warning: Erdos9796Proof/P97/N9Endpoint/N4e.lean:537:8: unused variable `h2`

Note: This linter can be disabled with `set_option linter.unusedVariables false`
warning: Erdos9796Proof/P97/N9Endpoint/N4e.lean:537:35: unused variable `h3`

Note: This linter can be disabled with `set_option linter.unusedVariables false`
warning: Erdos9796Proof/P97/N9Endpoint/N4e.lean:540:8: unused variable `h2`

Note: This linter can be disabled with `set_option linter.unusedVariables false`
warning: Erdos9796Proof/P97/N9Endpoint/N4e.lean:540:35: unused variable `h3`

Note: This linter can be disabled with `set_option linter.unusedVariables false`
warning: Erdos9796Proof/P97/N9Endpoint/N4e.lean:543:8: unused variable `h2`

Note: This linter can be disabled with `set_option linter.unusedVariables false`
warning: Erdos9796Proof/P97/N9Endpoint/N4e.lean:543:35: unused variable `h3`

Note: This linter can be disabled with `set_option linter.unusedVariables false`
warning: Erdos9796Proof/P97/N9Endpoint/N4e.lean:635:12: Try `simp at hone` instead of `simpa using hone`

Note: This linter can be disabled with `set_option linter.unnecessarySimpa false`
warning: Erdos9796Proof/P97/N9Endpoint/N4e.lean:778:12: Try `simp at hone` instead of `simpa using hone`

Note: This linter can be disabled with `set_option linter.unnecessarySimpa false`
warning: Erdos9796Proof/P97/N9Endpoint/N4e.lean:1008:6: Try `simp at this` instead of `simpa using this`

Note: This linter can be disabled with `set_option linter.unnecessarySimpa false`
warning: Erdos9796Proof/P97/N9Endpoint/N4e.lean:1012:6: Try `simp at this` instead of `simpa using this`

Note: This linter can be disabled with `set_option linter.unnecessarySimpa false`
warning: Erdos9796Proof/P97/N9Endpoint/N4e.lean:1016:6: Try `simp at this` instead of `simpa using this`

Note: This linter can be disabled with `set_option linter.unnecessarySimpa false`
warning: Erdos9796Proof/P97/N9Endpoint/N4e.lean:1020:6: Try `simp at this` instead of `simpa using this`

Note: This linter can be disabled with `set_option linter.unnecessarySimpa false`
warning: Erdos9796Proof/P97/N9Endpoint/N4e.lean:1037:8: Try `simp at this` instead of `simpa using this`

Note: This linter can be disabled with `set_option linter.unnecessarySimpa false`
warning: Erdos9796Proof/P97/N9Endpoint/N4e.lean:1073:6: Try `simp at this` instead of `simpa using this`

Note: This linter can be disabled with `set_option linter.unnecessarySimpa false`
warning: Erdos9796Proof/P97/N9Endpoint/N4e.lean:1077:6: Try `simp at this` instead of `simpa using this`

Note: This linter can be disabled with `set_option linter.unnecessarySimpa false`
warning: Erdos9796Proof/P97/N9Endpoint/N4e.lean:1081:6: Try `simp at this` instead of `simpa using this`

Note: This linter can be disabled with `set_option linter.unnecessarySimpa false`
warning: Erdos9796Proof/P97/N9Endpoint/N4e.lean:1085:6: Try `simp at this` instead of `simpa using this`

Note: This linter can be disabled with `set_option linter.unnecessarySimpa false`
warning: Erdos9796Proof/P97/N9Endpoint/N4e.lean:1102:8: Try `simp at this` instead of `simpa using this`

Note: This linter can be disabled with `set_option linter.unnecessarySimpa false`
warning: Erdos9796Proof/P97/N9Endpoint/N4e.lean:1056:0: This line exceeds the 100 character limit, please shorten it!

Note: This linter can be disabled with `set_option linter.style.longLine false`
warning: Erdos9796Proof/P97/N9Endpoint/N4e.lean:1176:46: Try `simp at this` instead of `simpa using this`

Note: This linter can be disabled with `set_option linter.unnecessarySimpa false`
warning: Erdos9796Proof/P97/N9Endpoint/N4e.lean:1199:75: Try `simp at this` instead of `simpa using this`

Note: This linter can be disabled with `set_option linter.unnecessarySimpa false`
warning: Erdos9796Proof/P97/N9Endpoint/N4e.lean:1201:74: Try `simp at this` instead of `simpa using this`

Note: This linter can be disabled with `set_option linter.unnecessarySimpa false`
warning: Erdos9796Proof/P97/N9Endpoint/N4e.lean:1203:75: Try `simp at this` instead of `simpa using this`

Note: This linter can be disabled with `set_option linter.unnecessarySimpa false`
warning: Erdos9796Proof/P97/N9Endpoint/N4e.lean:1205:74: Try `simp at this` instead of `simpa using this`

Note: This linter can be disabled with `set_option linter.unnecessarySimpa false`
warning: Erdos9796Proof/P97/N9Endpoint/N4e.lean:1245:75: Try `simp at this` instead of `simpa using this`

Note: This linter can be disabled with `set_option linter.unnecessarySimpa false`
warning: Erdos9796Proof/P97/N9Endpoint/N4e.lean:1247:74: Try `simp at this` instead of `simpa using this`

Note: This linter can be disabled with `set_option linter.unnecessarySimpa false`
warning: Erdos9796Proof/P97/N9Endpoint/N4e.lean:1249:75: Try `simp at this` instead of `simpa using this`

Note: This linter can be disabled with `set_option linter.unnecessarySimpa false`
warning: Erdos9796Proof/P97/N9Endpoint/N4e.lean:1251:74: Try `simp at this` instead of `simpa using this`

Note: This linter can be disabled with `set_option linter.unnecessarySimpa false`
warning: Erdos9796Proof/P97/N9Endpoint/N4e.lean:1431:19: unused variable `tau`

Note: This linter can be disabled with `set_option linter.unusedVariables false`
warning: Erdos9796Proof/P97/N9Endpoint/N4e.lean:1444:19: unused variable `tau`

Note: This linter can be disabled with `set_option linter.unusedVariables false`
warning: Erdos9796Proof/P97/N9Endpoint/N4e.lean:1486:0: This file has more than one module docstring (`/-! ... -/`). Only the first one is treated as module documentation; convert additional ones to regular comments (`/- ... -/`).

Note: This linter can be disabled with `set_option linter.style.moduleDocstring false`
warning: Erdos9796Proof/P97/N9Endpoint/N4e.lean:1675:0: This file has more than one module docstring (`/-! ... -/`). Only the first one is treated as module documentation; convert additional ones to regular comments (`/- ... -/`).

Note: This linter can be disabled with `set_option linter.style.moduleDocstring false`
warning: Erdos9796Proof/P97/N9Endpoint/N4e.lean:1698:5: unused variable `hpd`

Note: This linter can be disabled with `set_option linter.unusedVariables false`
warning: Erdos9796Proof/P97/N9Endpoint/N4e.lean:1699:5: unused variable `hsd`

Note: This linter can be disabled with `set_option linter.unusedVariables false`
warning: Erdos9796Proof/P97/N9Endpoint/N4e.lean:1762:0: Please, add a comment explaining the need for modifying the maxHeartbeat limit, as in
set_option maxHeartbeats 400000 in
-- reason for change
...

Note: This linter can be disabled with `set_option linter.style.maxHeartbeats false`
warning: Erdos9796Proof/P97/N9Endpoint/N4e.lean:1784:0: This line exceeds the 100 character limit, please shorten it!

Note: This linter can be disabled with `set_option linter.style.longLine false`
warning: Erdos9796Proof/P97/N9Endpoint/N4e.lean:1785:0: This line exceeds the 100 character limit, please shorten it!

Note: This linter can be disabled with `set_option linter.style.longLine false`
warning: Erdos9796Proof/P97/N9Endpoint/N4e.lean:1786:0: This line exceeds the 100 character limit, please shorten it!

Note: This linter can be disabled with `set_option linter.style.longLine false`
warning: Erdos9796Proof/P97/N9Endpoint/N4e.lean:1849:18: unused variable `hr1`

Note: This linter can be disabled with `set_option linter.unusedVariables false`
warning: Erdos9796Proof/P97/N9Endpoint/N4e.lean:1841:0: Please, add a comment explaining the need for modifying the maxHeartbeat limit, as in
set_option maxHeartbeats 400000 in
-- reason for change
...

Note: This linter can be disabled with `set_option linter.style.maxHeartbeats false`
warning: Erdos9796Proof/P97/N9Endpoint/N4e.lean:1896:0: Please, add a comment explaining the need for modifying the maxHeartbeat limit, as in
set_option maxHeartbeats 400000 in
-- reason for change
...

Note: This linter can be disabled with `set_option linter.style.maxHeartbeats false`
warning: Erdos9796Proof/P97/N9Endpoint/N4e.lean:2139:6: try 'simp' instead of 'simpa'

Note: This linter can be disabled with `set_option linter.unnecessarySimpa false`
warning: Erdos9796Proof/P97/N9Endpoint/N4e.lean:2141:4: 'simp [Problem97.CGN.vec2, EuclideanSpace.single_apply]' is a flexible tactic modifying '⊢'. Try 'simp?' and use the suggested 'simp only [...]'. Alternatively, use `suffices` to explicitly state the simplified form.

Note: This linter can be disabled with `set_option linter.flexible false`
info: Erdos9796Proof/P97/N9Endpoint/N4e.lean:2141:4: Try this:
  [apply] simp only [Fin.isValue, one_div]
info: Erdos9796Proof/P97/N9Endpoint/N4e.lean:2142:4: 'rw [Real.sin_two_mul, Real.cos_two_mul]' uses '⊢'!
warning: Erdos9796Proof/P97/N9Endpoint/N4e.lean:2179:4: 'simp [Problem97.CGN.vec2, EuclideanSpace.single_apply]' is a flexible tactic modifying '⊢'. Try 'simp?' and use the suggested 'simp only [...]'. Alternatively, use `suffices` to explicitly state the simplified form.

Note: This linter can be disabled with `set_option linter.flexible false`
info: Erdos9796Proof/P97/N9Endpoint/N4e.lean:2179:4: Try this:
  [apply] simp only [Fin.isValue]
info: Erdos9796Proof/P97/N9Endpoint/N4e.lean:2180:4: 'rw [Real.sin_two_mul]' uses '⊢'!
warning: Erdos9796Proof/P97/N9Endpoint/N4e.lean:2225:27: Try `simp at hx` instead of `simpa using hx`

Note: This linter can be disabled with `set_option linter.unnecessarySimpa false`
warning: Erdos9796Proof/P97/N9Endpoint/N4e.lean:2228:4: try 'simp' instead of 'simpa'

Note: This linter can be disabled with `set_option linter.unnecessarySimpa false`
warning: Erdos9796Proof/P97/N9Endpoint/N4e.lean:2397:4: unused variable `h2`

Note: This linter can be disabled with `set_option linter.unusedVariables false`
warning: Erdos9796Proof/P97/N9Endpoint/N4e.lean:2526:6: try 'simp' instead of 'simpa'

Note: This linter can be disabled with `set_option linter.unnecessarySimpa false`
warning: Erdos9796Proof/P97/N9Endpoint/N4e.lean:2530:6: try 'simp' instead of 'simpa'

Note: This linter can be disabled with `set_option linter.unnecessarySimpa false`
warning: Erdos9796Proof/P97/N9Endpoint/N4e.lean:2545:10: try 'simp' instead of 'simpa'

Note: This linter can be disabled with `set_option linter.unnecessarySimpa false`
warning: Erdos9796Proof/P97/N9Endpoint/N4e.lean:2552:6: try 'simp' instead of 'simpa'

Note: This linter can be disabled with `set_option linter.unnecessarySimpa false`
warning: Erdos9796Proof/P97/N9Endpoint/N4e.lean:2677:8: try 'simp' instead of 'simpa'

Note: This linter can be disabled with `set_option linter.unnecessarySimpa false`
warning: Erdos9796Proof/P97/N9Endpoint/N4e.lean:2680:8: try 'simp' instead of 'simpa'

Note: This linter can be disabled with `set_option linter.unnecessarySimpa false`
warning: Erdos9796Proof/P97/N9Endpoint/N4e.lean:2450:0: Please, add a comment explaining the need for modifying the maxHeartbeat limit, as in
set_option maxHeartbeats 2000000 in
-- reason for change
...

Note: This linter can be disabled with `set_option linter.style.maxHeartbeats false`
warning: Erdos9796Proof/P97/N9Endpoint/N4e.lean:2484:0: This line exceeds the 100 character limit, please shorten it!

Note: This linter can be disabled with `set_option linter.style.longLine false`
warning: Erdos9796Proof/P97/N9Endpoint/N4e.lean:2489:0: This line exceeds the 100 character limit, please shorten it!

Note: This linter can be disabled with `set_option linter.style.longLine false`
warning: Erdos9796Proof/P97/N9Endpoint/N4e.lean:2991:4: try 'simp' instead of 'simpa'

Note: This linter can be disabled with `set_option linter.unnecessarySimpa false`
warning: Erdos9796Proof/P97/N9Endpoint/N4e.lean:2993:4: try 'simp' instead of 'simpa'

Note: This linter can be disabled with `set_option linter.unnecessarySimpa false`
warning: Erdos9796Proof/P97/N9Endpoint/N4e.lean:3012:4: try 'simp' instead of 'simpa'

Note: This linter can be disabled with `set_option linter.unnecessarySimpa false`
warning: Erdos9796Proof/P97/N9Endpoint/N4e.lean:3057:8: try 'simp' instead of 'simpa'

Note: This linter can be disabled with `set_option linter.unnecessarySimpa false`
warning: Erdos9796Proof/P97/N9Endpoint/N4e.lean:3061:4: try 'simp' instead of 'simpa'

Note: This linter can be disabled with `set_option linter.unnecessarySimpa false`
warning: Erdos9796Proof/P97/N9Endpoint/N4e.lean:2882:0: Please, add a comment explaining the need for modifying the maxHeartbeat limit, as in
set_option maxHeartbeats 4000000 in
-- reason for change
...

Note: This linter can be disabled with `set_option linter.style.maxHeartbeats false`
warning: Erdos9796Proof/P97/N9Endpoint/N4e.lean:3240:8: Used `tac1 <;> tac2` where `(tac1; tac2)` would suffice

Note: This linter can be disabled with `set_option linter.unnecessarySeqFocus false`
warning: Erdos9796Proof/P97/N9Endpoint/N4e.lean:3254:78: This simp argument is unused:
  Pi.add_apply

Hint: Omit it from the simp argument list.
  simp [halfShift, F, c, Problem97.CGN.vec2, EuclideanSpace.single_apply,̵ ̵P̵i̵.̵a̵d̵d̵_̵a̵p̵p̵l̵y̵]

Note: This linter can be disabled with `set_option linter.unusedSimpArgs false`
warning: Erdos9796Proof/P97/N9Endpoint/N4e.lean:3253:10: Used `tac1 <;> tac2` where `(tac1; tac2)` would suffice

Note: This linter can be disabled with `set_option linter.unnecessarySeqFocus false`
warning: Erdos9796Proof/P97/N9Endpoint/N4e.lean:3263:12: Used `tac1 <;> tac2` where `(tac1; tac2)` would suffice

Note: This linter can be disabled with `set_option linter.unnecessarySeqFocus false`
warning: Erdos9796Proof/P97/N9Endpoint/N4e.lean:3307:8: Used `tac1 <;> tac2` where `(tac1; tac2)` would suffice

Note: This linter can be disabled with `set_option linter.unnecessarySeqFocus false`
warning: Erdos9796Proof/P97/N9Endpoint/N4e.lean:3357:4: try 'simp' instead of 'simpa'

Note: This linter can be disabled with `set_option linter.unnecessarySimpa false`
warning: Erdos9796Proof/P97/N9Endpoint/N4e.lean:3320:14: Used `tac1 <;> tac2` where `(tac1; tac2)` would suffice

Note: This linter can be disabled with `set_option linter.unnecessarySeqFocus false`
warning: Erdos9796Proof/P97/N9Endpoint/N4e.lean:3325:14: Used `tac1 <;> tac2` where `(tac1; tac2)` would suffice

Note: This linter can be disabled with `set_option linter.unnecessarySeqFocus false`
warning: Erdos9796Proof/P97/N9Endpoint/N4e.lean:3330:10: Used `tac1 <;> tac2` where `(tac1; tac2)` would suffice

Note: This linter can be disabled with `set_option linter.unnecessarySeqFocus false`
warning: Erdos9796Proof/P97/N9Endpoint/N4e.lean:3403:10: try 'simp' instead of 'simpa'

Note: This linter can be disabled with `set_option linter.unnecessarySimpa false`
warning: Erdos9796Proof/P97/N9Endpoint/N4e.lean:3407:10: try 'simp' instead of 'simpa'

Note: This linter can be disabled with `set_option linter.unnecessarySimpa false`
warning: Erdos9796Proof/P97/N9Endpoint/N4e.lean:3412:8: try 'simp' instead of 'simpa'

Note: This linter can be disabled with `set_option linter.unnecessarySimpa false`
warning: Erdos9796Proof/P97/N9Endpoint/N4e.lean:3415:8: try 'simp' instead of 'simpa'

Note: This linter can be disabled with `set_option linter.unnecessarySimpa false`
warning: Erdos9796Proof/P97/N9Endpoint/N4e.lean:3376:12: unused variable `tau0`

Note: This linter can be disabled with `set_option linter.unusedVariables false`
warning: Erdos9796Proof/P97/N9Endpoint/N4e.lean:3405:14: this tactic is never executed

Note: This linter can be disabled with `set_option linter.unreachableTactic false`
warning: Erdos9796Proof/P97/N9Endpoint/N4e.lean:3409:14: this tactic is never executed

Note: This linter can be disabled with `set_option linter.unreachableTactic false`
warning: Erdos9796Proof/P97/N9Endpoint/N4e.lean:3467:10: Used `tac1 <;> tac2` where `(tac1; tac2)` would suffice

Note: This linter can be disabled with `set_option linter.unnecessarySeqFocus false`
warning: Erdos9796Proof/P97/N9Endpoint/N4e.lean:3485:10: Used `tac1 <;> tac2` where `(tac1; tac2)` would suffice

Note: This linter can be disabled with `set_option linter.unnecessarySeqFocus false`
warning: Erdos9796Proof/P97/N9Endpoint/N4e.lean:3450:12: 'simp [A2] at hxA' is a flexible tactic modifying 'hxA'. Try 'simp?' and use the suggested 'simp only [...]'. Alternatively, use `suffices` to explicitly state the simplified form.

Note: This linter can be disabled with `set_option linter.flexible false`
info: Erdos9796Proof/P97/N9Endpoint/N4e.lean:3451:12: 'rcases hxA with rfl | rfl' uses 'hxA'!
warning: Erdos9796Proof/P97/N9Endpoint/N4e.lean:3405:14: 'simpa [div_eq_mul_inv, mul_comm, mul_left_comm, mul_assoc] using
  (dist_midpoint_left (𝕜 := ℝ) q1 q2)' tactic does nothing

Note: This linter can be disabled with `set_option linter.unusedTactic false`
warning: Erdos9796Proof/P97/N9Endpoint/N4e.lean:3409:14: 'simpa [div_eq_mul_inv, mul_comm, mul_left_comm, mul_assoc] using
  (dist_midpoint_right (𝕜 := ℝ) q1 q2)' tactic does nothing

Note: This linter can be disabled with `set_option linter.unusedTactic false`
warning: Erdos9796Proof/P97/N9Endpoint/N4e.lean:3412:0: This line exceeds the 100 character limit, please shorten it!

Note: This linter can be disabled with `set_option linter.style.longLine false`
warning: Erdos9796Proof/P97/N9Endpoint/N4e.lean:3415:0: This line exceeds the 100 character limit, please shorten it!

Note: This linter can be disabled with `set_option linter.style.longLine false`
warning: Erdos9796Proof/P97/N9Endpoint/N4e.lean:3420:0: This line exceeds the 100 character limit, please shorten it!

Note: This linter can be disabled with `set_option linter.style.longLine false`
warning: Erdos9796Proof/P97/N9Endpoint/N4e.lean:3422:0: This line exceeds the 100 character limit, please shorten it!

Note: This linter can be disabled with `set_option linter.style.longLine false`
warning: Erdos9796Proof/P97/N9Endpoint/N4e.lean:3435:0: This line exceeds the 100 character limit, please shorten it!

Note: This linter can be disabled with `set_option linter.style.longLine false`
warning: Erdos9796Proof/P97/N9Endpoint/N4e.lean:3524:89: This simp argument is unused:
  q3

Hint: Omit it from the simp argument list.
  simp [a,̵ ̵q̵3̵]

Note: This linter can be disabled with `set_option linter.unusedSimpArgs false`
warning: Erdos9796Proof/P97/N9Endpoint/N4e.lean:3677:64: try 'simp' instead of 'simpa'

Note: This linter can be disabled with `set_option linter.unnecessarySimpa false`
warning: Erdos9796Proof/P97/N9Endpoint/N4e.lean:3714:65: try 'simp' instead of 'simpa'

Note: This linter can be disabled with `set_option linter.unnecessarySimpa false`
warning: Erdos9796Proof/P97/N9Endpoint/N4e.lean:3789:64: try 'simp' instead of 'simpa'

Note: This linter can be disabled with `set_option linter.unnecessarySimpa false`
warning: Erdos9796Proof/P97/N9Endpoint/N4e.lean:3824:65: try 'simp' instead of 'simpa'

Note: This linter can be disabled with `set_option linter.unnecessarySimpa false`
warning: Erdos9796Proof/P97/N9Endpoint/N4e.lean:3744:14: unused variable `h`

Note: This linter can be disabled with `set_option linter.unusedVariables false`
warning: Erdos9796Proof/P97/N9Endpoint/N4e.lean:3867:16: Used `tac1 <;> tac2` where `(tac1; tac2)` would suffice

Note: This linter can be disabled with `set_option linter.unnecessarySeqFocus false`
warning: Erdos9796Proof/P97/N9Endpoint/N4e.lean:3884:16: Used `tac1 <;> tac2` where `(tac1; tac2)` would suffice

Note: This linter can be disabled with `set_option linter.unnecessarySeqFocus false`
warning: Erdos9796Proof/P97/N9Endpoint/N4e.lean:3922:8: Used `tac1 <;> tac2` where `(tac1; tac2)` would suffice

Note: This linter can be disabled with `set_option linter.unnecessarySeqFocus false`
warning: Erdos9796Proof/P97/N9Endpoint/N4e.lean:4058:8: Used `tac1 <;> tac2` where `(tac1; tac2)` would suffice

Note: This linter can be disabled with `set_option linter.unnecessarySeqFocus false`
warning: Erdos9796Proof/P97/N9Endpoint/N4e.lean:4184:92: This simp argument is unused:
  q3

Hint: Omit it from the simp argument list.
  simp [a,̵ ̵q̵3̵]

Note: This linter can be disabled with `set_option linter.unusedSimpArgs false`
warning: Erdos9796Proof/P97/N9Endpoint/N4e.lean:4224:12: Used `tac1 <;> tac2` where `(tac1; tac2)` would suffice

Note: This linter can be disabled with `set_option linter.unnecessarySeqFocus false`
warning: Erdos9796Proof/P97/N9Endpoint/N4e.lean:4229:12: Used `tac1 <;> tac2` where `(tac1; tac2)` would suffice

Note: This linter can be disabled with `set_option linter.unnecessarySeqFocus false`
warning: Erdos9796Proof/P97/N9Endpoint/N4e.lean:4234:12: Used `tac1 <;> tac2` where `(tac1; tac2)` would suffice

Note: This linter can be disabled with `set_option linter.unnecessarySeqFocus false`
warning: Erdos9796Proof/P97/N9Endpoint/N4e.lean:4256:14: Used `tac1 <;> tac2` where `(tac1; tac2)` would suffice

Note: This linter can be disabled with `set_option linter.unnecessarySeqFocus false`
warning: Erdos9796Proof/P97/N9Endpoint/N4e.lean:4303:16: Used `tac1 <;> tac2` where `(tac1; tac2)` would suffice

Note: This linter can be disabled with `set_option linter.unnecessarySeqFocus false`
warning: Erdos9796Proof/P97/N9Endpoint/N4e.lean:4325:12: Used `tac1 <;> tac2` where `(tac1; tac2)` would suffice

Note: This linter can be disabled with `set_option linter.unnecessarySeqFocus false`
warning: Erdos9796Proof/P97/N9Endpoint/N4e.lean:4330:12: Used `tac1 <;> tac2` where `(tac1; tac2)` would suffice

Note: This linter can be disabled with `set_option linter.unnecessarySeqFocus false`
warning: Erdos9796Proof/P97/N9Endpoint/N4e.lean:4069:0: Please, add a comment explaining the need for modifying the maxHeartbeat limit, as in
set_option maxHeartbeats 8000000 in
-- reason for change
...

Note: This linter can be disabled with `set_option linter.style.maxHeartbeats false`
warning: Erdos9796Proof/P97/N9Endpoint/N4e.lean:4413:4: unused variable `h2`

Note: This linter can be disabled with `set_option linter.unusedVariables false`
warning: Erdos9796Proof/P97/N9Endpoint/N4e.lean:4518:65: try 'simp' instead of 'simpa'

Note: This linter can be disabled with `set_option linter.unnecessarySimpa false`
warning: Erdos9796Proof/P97/N9Endpoint/N4e.lean:4532:68: try 'simp' instead of 'simpa'

Note: This linter can be disabled with `set_option linter.unnecessarySimpa false`
warning: Erdos9796Proof/P97/N9Endpoint/N4e.lean:4559:67: try 'simp' instead of 'simpa'

Note: This linter can be disabled with `set_option linter.unnecessarySimpa false`
warning: Erdos9796Proof/P97/N9Endpoint/N4e.lean:4637:64: try 'simp' instead of 'simpa'

Note: This linter can be disabled with `set_option linter.unnecessarySimpa false`
warning: Erdos9796Proof/P97/N9Endpoint/N4e.lean:4672:65: try 'simp' instead of 'simpa'

Note: This linter can be disabled with `set_option linter.unnecessarySimpa false`
warning: Erdos9796Proof/P97/N9Endpoint/N4e.lean:4776:65: try 'simp' instead of 'simpa'

Note: This linter can be disabled with `set_option linter.unnecessarySimpa false`
warning: Erdos9796Proof/P97/N9Endpoint/N4e.lean:4790:68: try 'simp' instead of 'simpa'

Note: This linter can be disabled with `set_option linter.unnecessarySimpa false`
warning: Erdos9796Proof/P97/N9Endpoint/N4e.lean:4817:67: try 'simp' instead of 'simpa'

Note: This linter can be disabled with `set_option linter.unnecessarySimpa false`
warning: Erdos9796Proof/P97/N9Endpoint/N4e.lean:4897:63: try 'simp' instead of 'simpa'

Note: This linter can be disabled with `set_option linter.unnecessarySimpa false`
warning: Erdos9796Proof/P97/N9Endpoint/N4e.lean:4925:64: try 'simp' instead of 'simpa'

Note: This linter can be disabled with `set_option linter.unnecessarySimpa false`
warning: Erdos9796Proof/P97/N9Endpoint/N4e.lean:5019:12: Used `tac1 <;> tac2` where `(tac1; tac2)` would suffice

Note: This linter can be disabled with `set_option linter.unnecessarySeqFocus false`
warning: Erdos9796Proof/P97/N9Endpoint/N4e.lean:5023:12: Used `tac1 <;> tac2` where `(tac1; tac2)` would suffice

Note: This linter can be disabled with `set_option linter.unnecessarySeqFocus false`
warning: Erdos9796Proof/P97/N9Endpoint/N4e.lean:5152:12: Used `tac1 <;> tac2` where `(tac1; tac2)` would suffice

Note: This linter can be disabled with `set_option linter.unnecessarySeqFocus false`
warning: Erdos9796Proof/P97/N9Endpoint/N4e.lean:5156:12: Used `tac1 <;> tac2` where `(tac1; tac2)` would suffice

Note: This linter can be disabled with `set_option linter.unnecessarySeqFocus false`
warning: Erdos9796Proof/P97/N9Endpoint/N4e.lean:5388:48: This simp argument is unused:
  EuclideanSpace.single_apply

Hint: Omit it from the simp argument list.
  simp only [halfShift, Problem97.CGN.vec2,̵ ̵E̵u̵c̵l̵i̵d̵e̵a̵n̵S̵p̵a̵c̵e̵.̵s̵i̵n̵g̵l̵e̵_̵a̵p̵p̵l̵y̵]

Note: This linter can be disabled with `set_option linter.unusedSimpArgs false`
warning: Erdos9796Proof/P97/N9Endpoint/N4e.lean:5459:48: This simp argument is unused:
  EuclideanSpace.single_apply

Hint: Omit it from the simp argument list.
  simp only [halfShift, Problem97.CGN.vec2,̵ ̵E̵u̵c̵l̵i̵d̵e̵a̵n̵S̵p̵a̵c̵e̵.̵s̵i̵n̵g̵l̵e̵_̵a̵p̵p̵l̵y̵]

Note: This linter can be disabled with `set_option linter.unusedSimpArgs false`
warning: Erdos9796Proof/P97/N9Endpoint/N4e.lean:5660:44: This simp argument is unused:
  EuclideanSpace.single_apply

Hint: Omit it from the simp argument list.
  simp only [flipY, Problem97.CGN.vec2,̵ ̵E̵u̵c̵l̵i̵d̵e̵a̵n̵S̵p̵a̵c̵e̵.̵s̵i̵n̵g̵l̵e̵_̵a̵p̵p̵l̵y̵]

Note: This linter can be disabled with `set_option linter.unusedSimpArgs false`
warning: Erdos9796Proof/P97/N9Endpoint/N4e.lean:5379:12: Used `tac1 <;> tac2` where `(tac1; tac2)` would suffice

Note: This linter can be disabled with `set_option linter.unnecessarySeqFocus false`
warning: Erdos9796Proof/P97/N9Endpoint/N4e.lean:5383:12: Used `tac1 <;> tac2` where `(tac1; tac2)` would suffice

Note: This linter can be disabled with `set_option linter.unnecessarySeqFocus false`
warning: Erdos9796Proof/P97/N9Endpoint/N4e.lean:5518:16: Used `tac1 <;> tac2` where `(tac1; tac2)` would suffice

Note: This linter can be disabled with `set_option linter.unnecessarySeqFocus false`
warning: Erdos9796Proof/P97/N9Endpoint/N4e.lean:5547:16: Used `tac1 <;> tac2` where `(tac1; tac2)` would suffice

Note: This linter can be disabled with `set_option linter.unnecessarySeqFocus false`
warning: Erdos9796Proof/P97/N9Endpoint/N4e.lean:5640:12: Used `tac1 <;> tac2` where `(tac1; tac2)` would suffice

Note: This linter can be disabled with `set_option linter.unnecessarySeqFocus false`
warning: Erdos9796Proof/P97/N9Endpoint/N4e.lean:5652:12: Used `tac1 <;> tac2` where `(tac1; tac2)` would suffice

Note: This linter can be disabled with `set_option linter.unnecessarySeqFocus false`
warning: Erdos9796Proof/P97/N9Endpoint/N4e.lean:5656:12: Used `tac1 <;> tac2` where `(tac1; tac2)` would suffice

Note: This linter can be disabled with `set_option linter.unnecessarySeqFocus false`
warning: Erdos9796Proof/P97/N9Endpoint/N4e.lean:5717:17: unused variable `hr`

Note: This linter can be disabled with `set_option linter.unusedVariables false`
warning: Erdos9796Proof/P97/N9Endpoint/N4e.lean:5718:37: unused variable `hsinθ`

Note: This linter can be disabled with `set_option linter.unusedVariables false`
warning: Erdos9796Proof/P97/N9Endpoint/N4e.lean:5813:12: Used `tac1 <;> tac2` where `(tac1; tac2)` would suffice

Note: This linter can be disabled with `set_option linter.unnecessarySeqFocus false`
warning: Erdos9796Proof/P97/N9Endpoint/N4e.lean:6015:48: This simp argument is unused:
  EuclideanSpace.single_apply

Hint: Omit it from the simp argument list.
  simp only [halfShift, Problem97.CGN.vec2,̵ ̵E̵u̵c̵l̵i̵d̵e̵a̵n̵S̵p̵a̵c̵e̵.̵s̵i̵n̵g̵l̵e̵_̵a̵p̵p̵l̵y̵]

Note: This linter can be disabled with `set_option linter.unusedSimpArgs false`
warning: Erdos9796Proof/P97/N9Endpoint/N4e.lean:6087:48: This simp argument is unused:
  EuclideanSpace.single_apply

Hint: Omit it from the simp argument list.
  simp only [halfShift, Problem97.CGN.vec2,̵ ̵E̵u̵c̵l̵i̵d̵e̵a̵n̵S̵p̵a̵c̵e̵.̵s̵i̵n̵g̵l̵e̵_̵a̵p̵p̵l̵y̵]

Note: This linter can be disabled with `set_option linter.unusedSimpArgs false`
warning: Erdos9796Proof/P97/N9Endpoint/N4e.lean:6119:48: This simp argument is unused:
  EuclideanSpace.single_apply

Hint: Omit it from the simp argument list.
  simp only [halfShift, Problem97.CGN.vec2,̵ ̵E̵u̵c̵l̵i̵d̵e̵a̵n̵S̵p̵a̵c̵e̵.̵s̵i̵n̵g̵l̵e̵_̵a̵p̵p̵l̵y̵]

Note: This linter can be disabled with `set_option linter.unusedSimpArgs false`
warning: Erdos9796Proof/P97/N9Endpoint/N4e.lean:6297:44: This simp argument is unused:
  EuclideanSpace.single_apply

Hint: Omit it from the simp argument list.
  simp only [flipY, Problem97.CGN.vec2,̵ ̵E̵u̵c̵l̵i̵d̵e̵a̵n̵S̵p̵a̵c̵e̵.̵s̵i̵n̵g̵l̵e̵_̵a̵p̵p̵l̵y̵]

Note: This linter can be disabled with `set_option linter.unusedSimpArgs false`
warning: Erdos9796Proof/P97/N9Endpoint/N4e.lean:6006:12: Used `tac1 <;> tac2` where `(tac1; tac2)` would suffice

Note: This linter can be disabled with `set_option linter.unnecessarySeqFocus false`
warning: Erdos9796Proof/P97/N9Endpoint/N4e.lean:6010:12: Used `tac1 <;> tac2` where `(tac1; tac2)` would suffice

Note: This linter can be disabled with `set_option linter.unnecessarySeqFocus false`
warning: Erdos9796Proof/P97/N9Endpoint/N4e.lean:6179:14: Used `tac1 <;> tac2` where `(tac1; tac2)` would suffice

Note: This linter can be disabled with `set_option linter.unnecessarySeqFocus false`
warning: Erdos9796Proof/P97/N9Endpoint/N4e.lean:6289:12: Used `tac1 <;> tac2` where `(tac1; tac2)` would suffice

Note: This linter can be disabled with `set_option linter.unnecessarySeqFocus false`
warning: Erdos9796Proof/P97/N9Endpoint/N4e.lean:6293:12: Used `tac1 <;> tac2` where `(tac1; tac2)` would suffice

Note: This linter can be disabled with `set_option linter.unnecessarySeqFocus false`
warning: Erdos9796Proof/P97/N9Endpoint/N4e.lean:6616:5: unused variable `r`

Note: This linter can be disabled with `set_option linter.unusedVariables false`
warning: Erdos9796Proof/P97/N9Endpoint/N4e.lean:6702:0: Please, add a comment explaining the need for modifying the maxHeartbeat limit, as in
set_option maxHeartbeats 800000 in
-- reason for change
...

Note: This linter can be disabled with `set_option linter.style.maxHeartbeats false`
warning: Erdos9796Proof/P97/N9Endpoint/N4e.lean:6714:0: Please, add a comment explaining the need for modifying the maxHeartbeat limit, as in
set_option maxHeartbeats 800000 in
-- reason for change
...

Note: This linter can be disabled with `set_option linter.style.maxHeartbeats false`
warning: Erdos9796Proof/P97/N9Endpoint/N4e.lean:6726:0: Please, add a comment explaining the need for modifying the maxHeartbeat limit, as in
set_option maxHeartbeats 800000 in
-- reason for change
...

Note: This linter can be disabled with `set_option linter.style.maxHeartbeats false`
warning: Erdos9796Proof/P97/N9Endpoint/N4e.lean:6871:48: This simp argument is unused:
  EuclideanSpace.single_apply

Hint: Omit it from the simp argument list.
  simp only [halfShift, Problem97.CGN.vec2,̵ ̵E̵u̵c̵l̵i̵d̵e̵a̵n̵S̵p̵a̵c̵e̵.̵s̵i̵n̵g̵l̵e̵_̵a̵p̵p̵l̵y̵]

Note: This linter can be disabled with `set_option linter.unusedSimpArgs false`
warning: Erdos9796Proof/P97/N9Endpoint/N4e.lean:6957:48: This simp argument is unused:
  EuclideanSpace.single_apply

Hint: Omit it from the simp argument list.
  simp only [halfShift, Problem97.CGN.vec2,̵ ̵E̵u̵c̵l̵i̵d̵e̵a̵n̵S̵p̵a̵c̵e̵.̵s̵i̵n̵g̵l̵e̵_̵a̵p̵p̵l̵y̵]

Note: This linter can be disabled with `set_option linter.unusedSimpArgs false`
warning: Erdos9796Proof/P97/N9Endpoint/N4e.lean:6991:48: This simp argument is unused:
  EuclideanSpace.single_apply

Hint: Omit it from the simp argument list.
  simp only [halfShift, Problem97.CGN.vec2,̵ ̵E̵u̵c̵l̵i̵d̵e̵a̵n̵S̵p̵a̵c̵e̵.̵s̵i̵n̵g̵l̵e̵_̵a̵p̵p̵l̵y̵]

Note: This linter can be disabled with `set_option linter.unusedSimpArgs false`
warning: Erdos9796Proof/P97/N9Endpoint/N4e.lean:7258:44: This simp argument is unused:
  EuclideanSpace.single_apply

Hint: Omit it from the simp argument list.
  simp only [flipY, Problem97.CGN.vec2,̵ ̵E̵u̵c̵l̵i̵d̵e̵a̵n̵S̵p̵a̵c̵e̵.̵s̵i̵n̵g̵l̵e̵_̵a̵p̵p̵l̵y̵]

Note: This linter can be disabled with `set_option linter.unusedSimpArgs false`
warning: Erdos9796Proof/P97/N9Endpoint/N4e.lean:6863:12: Used `tac1 <;> tac2` where `(tac1; tac2)` would suffice

Note: This linter can be disabled with `set_option linter.unnecessarySeqFocus false`
warning: Erdos9796Proof/P97/N9Endpoint/N4e.lean:6867:12: Used `tac1 <;> tac2` where `(tac1; tac2)` would suffice

Note: This linter can be disabled with `set_option linter.unnecessarySeqFocus false`
warning: Erdos9796Proof/P97/N9Endpoint/N4e.lean:7089:14: Used `tac1 <;> tac2` where `(tac1; tac2)` would suffice

Note: This linter can be disabled with `set_option linter.unnecessarySeqFocus false`
warning: Erdos9796Proof/P97/N9Endpoint/N4e.lean:7250:12: Used `tac1 <;> tac2` where `(tac1; tac2)` would suffice

Note: This linter can be disabled with `set_option linter.unnecessarySeqFocus false`
warning: Erdos9796Proof/P97/N9Endpoint/N4e.lean:7254:12: Used `tac1 <;> tac2` where `(tac1; tac2)` would suffice

Note: This linter can be disabled with `set_option linter.unnecessarySeqFocus false`
warning: Erdos9796Proof/P97/N9Endpoint/N4e.lean:7149:6: The `show` tactic should only be used to indicate intermediate goal states for readability.
However, this tactic invocation changed the goal. Please use `change` instead for these purposes.

Note: This linter can be disabled with `set_option linter.style.show false`
warning: Erdos9796Proof/P97/N9Endpoint/N4e.lean:7278:5: unused variable `hsmall`

Note: This linter can be disabled with `set_option linter.unusedVariables false`
warning: Erdos9796Proof/P97/N9Endpoint/N4e.lean:7280:5: unused variable `hAEgt`

Note: This linter can be disabled with `set_option linter.unusedVariables false`
warning: Erdos9796Proof/P97/N9Endpoint/N4e.lean:7344:48: This simp argument is unused:
  EuclideanSpace.single_apply

Hint: Omit it from the simp argument list.
  simp only [halfShift, Problem97.CGN.vec2,̵ ̵E̵u̵c̵l̵i̵d̵e̵a̵n̵S̵p̵a̵c̵e̵.̵s̵i̵n̵g̵l̵e̵_̵a̵p̵p̵l̵y̵]

Note: This linter can be disabled with `set_option linter.unusedSimpArgs false`
warning: Erdos9796Proof/P97/N9Endpoint/N4e.lean:7430:48: This simp argument is unused:
  EuclideanSpace.single_apply

Hint: Omit it from the simp argument list.
  simp only [halfShift, Problem97.CGN.vec2,̵ ̵E̵u̵c̵l̵i̵d̵e̵a̵n̵S̵p̵a̵c̵e̵.̵s̵i̵n̵g̵l̵e̵_̵a̵p̵p̵l̵y̵]

Note: This linter can be disabled with `set_option linter.unusedSimpArgs false`
warning: Erdos9796Proof/P97/N9Endpoint/N4e.lean:7464:48: This simp argument is unused:
  EuclideanSpace.single_apply

Hint: Omit it from the simp argument list.
  simp only [halfShift, Problem97.CGN.vec2,̵ ̵E̵u̵c̵l̵i̵d̵e̵a̵n̵S̵p̵a̵c̵e̵.̵s̵i̵n̵g̵l̵e̵_̵a̵p̵p̵l̵y̵]

Note: This linter can be disabled with `set_option linter.unusedSimpArgs false`
warning: Erdos9796Proof/P97/N9Endpoint/N4e.lean:7746:44: This simp argument is unused:
  EuclideanSpace.single_apply

Hint: Omit it from the simp argument list.
  simp only [flipY, Problem97.CGN.vec2,̵ ̵E̵u̵c̵l̵i̵d̵e̵a̵n̵S̵p̵a̵c̵e̵.̵s̵i̵n̵g̵l̵e̵_̵a̵p̵p̵l̵y̵]

Note: This linter can be disabled with `set_option linter.unusedSimpArgs false`
warning: Erdos9796Proof/P97/N9Endpoint/N4e.lean:7336:12: Used `tac1 <;> tac2` where `(tac1; tac2)` would suffice

Note: This linter can be disabled with `set_option linter.unnecessarySeqFocus false`
warning: Erdos9796Proof/P97/N9Endpoint/N4e.lean:7340:12: Used `tac1 <;> tac2` where `(tac1; tac2)` would suffice

Note: This linter can be disabled with `set_option linter.unnecessarySeqFocus false`
warning: Erdos9796Proof/P97/N9Endpoint/N4e.lean:7609:14: Used `tac1 <;> tac2` where `(tac1; tac2)` would suffice

Note: This linter can be disabled with `set_option linter.unnecessarySeqFocus false`
warning: Erdos9796Proof/P97/N9Endpoint/N4e.lean:7738:12: Used `tac1 <;> tac2` where `(tac1; tac2)` would suffice

Note: This linter can be disabled with `set_option linter.unnecessarySeqFocus false`
warning: Erdos9796Proof/P97/N9Endpoint/N4e.lean:7742:12: Used `tac1 <;> tac2` where `(tac1; tac2)` would suffice

Note: This linter can be disabled with `set_option linter.unnecessarySeqFocus false`
warning: Erdos9796Proof/P97/N9Endpoint/N4e.lean:7265:0: Please, add a comment explaining the need for modifying the maxHeartbeat limit, as in
set_option maxHeartbeats 8000000 in
-- reason for change
...

Note: This linter can be disabled with `set_option linter.style.maxHeartbeats false`
warning: Erdos9796Proof/P97/N9Endpoint/N4e.lean:7644:6: The `show` tactic should only be used to indicate intermediate goal states for readability.
However, this tactic invocation changed the goal. Please use `change` instead for these purposes.

Note: This linter can be disabled with `set_option linter.style.show false`
warning: Erdos9796Proof/P97/N9Endpoint/N4e.lean:7885:6: try 'simp' instead of 'simpa'

Note: This linter can be disabled with `set_option linter.unnecessarySimpa false`
warning: Erdos9796Proof/P97/N9Endpoint/N4e.lean:7890:6: try 'simp' instead of 'simpa'

Note: This linter can be disabled with `set_option linter.unnecessarySimpa false`
warning: Erdos9796Proof/P97/N9Endpoint/N4e.lean:7894:10: try 'simp' instead of 'simpa'

Note: This linter can be disabled with `set_option linter.unnecessarySimpa false`
warning: Erdos9796Proof/P97/N9Endpoint/N4e.lean:7901:6: try 'simp' instead of 'simpa'

Note: This linter can be disabled with `set_option linter.unnecessarySimpa false`
warning: Erdos9796Proof/P97/N9Endpoint/N4e.lean:8037:8: try 'simp' instead of 'simpa'

Note: This linter can be disabled with `set_option linter.unnecessarySimpa false`
warning: Erdos9796Proof/P97/N9Endpoint/N4e.lean:8040:8: try 'simp' instead of 'simpa'

Note: This linter can be disabled with `set_option linter.unnecessarySimpa false`
warning: Erdos9796Proof/P97/N9Endpoint/N4e.lean:8060:43: try 'simp' instead of 'simpa'

Note: This linter can be disabled with `set_option linter.unnecessarySimpa false`
warning: Erdos9796Proof/P97/N9Endpoint/N4e.lean:8061:45: try 'simp' instead of 'simpa'

Note: This linter can be disabled with `set_option linter.unnecessarySimpa false`
warning: Erdos9796Proof/P97/N9Endpoint/N4e.lean:8138:43: try 'simp' instead of 'simpa'

Note: This linter can be disabled with `set_option linter.unnecessarySimpa false`
warning: Erdos9796Proof/P97/N9Endpoint/N4e.lean:8139:45: try 'simp' instead of 'simpa'

Note: This linter can be disabled with `set_option linter.unnecessarySimpa false`
warning: Erdos9796Proof/P97/N9Endpoint/N4e.lean:7810:0: Please, add a comment explaining the need for modifying the maxHeartbeat limit, as in
set_option maxHeartbeats 2000000 in
-- reason for change
...

Note: This linter can be disabled with `set_option linter.style.maxHeartbeats false`
warning: Erdos9796Proof/P97/N9Endpoint/N4e.lean:8297:65: This simp argument is unused:
  S.triangle.v13_ne

Hint: Omit it from the simp argument list.
  simp [ha2_ne_b2, ha2_ne_v1, hb2_ne_v1, ha2_ne_v3, hb2_ne_v3, S̵.̵t̵r̵i̵a̵n̵g̵l̵e̵.̵v̵1̵3̵_̵n̵e̵,̵S.triangle.v13_ne.symm]

Note: This linter can be disabled with `set_option linter.unusedSimpArgs false`
warning: Erdos9796Proof/P97/N9Endpoint/N4e.lean:8289:4: 'simp at hx' is a flexible tactic modifying 'hx'. Try 'simp?' and use the suggested 'simp only [...]'. Alternatively, use `suffices` to explicitly state the simplified form.

Note: This linter can be disabled with `set_option linter.flexible false`
info: Erdos9796Proof/P97/N9Endpoint/N4e.lean:8290:4: 'rcases hx with rfl | rfl | rfl | rfl' uses 'hx'!
warning: Erdos9796Proof/P97/N9Endpoint/N4e.lean:8289:4: 'simp at hx' is a flexible tactic modifying 'hx'. Try 'simp?' and use the suggested 'simp only [...]'. Alternatively, use `suffices` to explicitly state the simplified form.

Note: This linter can be disabled with `set_option linter.flexible false`
info: Erdos9796Proof/P97/N9Endpoint/N4e.lean:8291:6: 'exact ha2T' uses 'hx'!
warning: Erdos9796Proof/P97/N9Endpoint/N4e.lean:8289:4: 'simp at hx' is a flexible tactic modifying 'hx'. Try 'simp?' and use the suggested 'simp only [...]'. Alternatively, use `suffices` to explicitly state the simplified form.

Note: This linter can be disabled with `set_option linter.flexible false`
info: Erdos9796Proof/P97/N9Endpoint/N4e.lean:8292:6: 'exact hb2T' uses 'hx'!
warning: Erdos9796Proof/P97/N9Endpoint/N4e.lean:8289:4: 'simp at hx' is a flexible tactic modifying 'hx'. Try 'simp?' and use the suggested 'simp only [...]'. Alternatively, use `suffices` to explicitly state the simplified form.

Note: This linter can be disabled with `set_option linter.flexible false`
info: Erdos9796Proof/P97/N9Endpoint/N4e.lean:8293:6: 'exact hv3T' uses 'hx'!
warning: Erdos9796Proof/P97/N9Endpoint/N4e.lean:8289:4: 'simp at hx' is a flexible tactic modifying 'hx'. Try 'simp?' and use the suggested 'simp only [...]'. Alternatively, use `suffices` to explicitly state the simplified form.

Note: This linter can be disabled with `set_option linter.flexible false`
info: Erdos9796Proof/P97/N9Endpoint/N4e.lean:8294:6: 'exact hv1T' uses 'hx'!
warning: Erdos9796Proof/P97/N9Endpoint/N4e.lean:8346:2: try 'simp' instead of 'simpa'

Note: This linter can be disabled with `set_option linter.unnecessarySimpa false`
warning: Erdos9796Proof/P97/N9Endpoint/N4e.lean:8371:4: try 'simp' instead of 'simpa'

Note: This linter can be disabled with `set_option linter.unnecessarySimpa false`
warning: Erdos9796Proof/P97/N9Endpoint/N4e.lean:8390:4: try 'simp' instead of 'simpa'

Note: This linter can be disabled with `set_option linter.unnecessarySimpa false`
warning: Erdos9796Proof/P97/N9Endpoint/N4e.lean:8393:4: try 'simp' instead of 'simpa'

Note: This linter can be disabled with `set_option linter.unnecessarySimpa false`
warning: Erdos9796Proof/P97/N9Endpoint/N4e.lean:8467:12: Try `simp at hone` instead of `simpa using hone`

Note: This linter can be disabled with `set_option linter.unnecessarySimpa false`
warning: Erdos9796Proof/P97/N9Endpoint/N4e.lean:8614:12: Try `simp at hone` instead of `simpa using hone`

Note: This linter can be disabled with `set_option linter.unnecessarySimpa false`
warning: Erdos9796Proof/P97/N9Endpoint/N4e.lean:8759:12: Try `simp at hone` instead of `simpa using hone`

Note: This linter can be disabled with `set_option linter.unnecessarySimpa false`
warning: Erdos9796Proof/P97/N9Endpoint/N4e.lean:8925:5: unused variable `classify`

Note: This linter can be disabled with `set_option linter.unusedVariables false`
warning: Erdos9796Proof/P97/N9Endpoint/N4e.lean:8926:13: unused variable `hr`

Note: This linter can be disabled with `set_option linter.unusedVariables false`
warning: Erdos9796Proof/P97/N9Endpoint/N4e.lean:8926:26: unused variable `hcard`

Note: This linter can be disabled with `set_option linter.unusedVariables false`
warning: Erdos9796Proof/P97/N9Endpoint/N4e.lean:8927:7: unused variable `hesc`

Note: This linter can be disabled with `set_option linter.unusedVariables false`
warning: Erdos9796Proof/P97/N9Endpoint/N4e.lean:8932:5: unused variable `classify`

Note: This linter can be disabled with `set_option linter.unusedVariables false`
warning: Erdos9796Proof/P97/N9Endpoint/N4e.lean:8933:13: unused variable `hr`

Note: This linter can be disabled with `set_option linter.unusedVariables false`
warning: Erdos9796Proof/P97/N9Endpoint/N4e.lean:8933:26: unused variable `hcard`

Note: This linter can be disabled with `set_option linter.unusedVariables false`
warning: Erdos9796Proof/P97/N9Endpoint/N4e.lean:8934:7: unused variable `hesc`

Note: This linter can be disabled with `set_option linter.unusedVariables false`
warning: Erdos9796Proof/P97/N9Endpoint/N4e.lean:8939:5: unused variable `classify`

Note: This linter can be disabled with `set_option linter.unusedVariables false`
warning: Erdos9796Proof/P97/N9Endpoint/N4e.lean:8940:13: unused variable `hr`

Note: This linter can be disabled with `set_option linter.unusedVariables false`
warning: Erdos9796Proof/P97/N9Endpoint/N4e.lean:8940:26: unused variable `hcard`

Note: This linter can be disabled with `set_option linter.unusedVariables false`
warning: Erdos9796Proof/P97/N9Endpoint/N4e.lean:8941:7: unused variable `hesc`

Note: This linter can be disabled with `set_option linter.unusedVariables false`
warning: Erdos9796Proof/P97/N9Endpoint/N4e.lean:8946:13: unused variable `hr`

Note: This linter can be disabled with `set_option linter.unusedVariables false`
warning: Erdos9796Proof/P97/N9Endpoint/N4e.lean:8946:26: unused variable `hcard`

Note: This linter can be disabled with `set_option linter.unusedVariables false`
warning: Erdos9796Proof/P97/N9Endpoint/N4e.lean:8947:7: unused variable `hesc`

Note: This linter can be disabled with `set_option linter.unusedVariables false`
warning: Erdos9796Proof/P97/N9Endpoint/N4e.lean:8956:13: unused variable `hr`

Note: This linter can be disabled with `set_option linter.unusedVariables false`
warning: Erdos9796Proof/P97/N9Endpoint/N4e.lean:8956:26: unused variable `hcard`

Note: This linter can be disabled with `set_option linter.unusedVariables false`
warning: Erdos9796Proof/P97/N9Endpoint/N4e.lean:8957:7: unused variable `hesc`

Note: This linter can be disabled with `set_option linter.unusedVariables false`
warning: Erdos9796Proof/P97/N9Endpoint/N4e.lean:8966:13: unused variable `hr`

Note: This linter can be disabled with `set_option linter.unusedVariables false`
warning: Erdos9796Proof/P97/N9Endpoint/N4e.lean:8966:26: unused variable `hcard`

Note: This linter can be disabled with `set_option linter.unusedVariables false`
warning: Erdos9796Proof/P97/N9Endpoint/N4e.lean:8967:7: unused variable `hesc`

Note: This linter can be disabled with `set_option linter.unusedVariables false`
warning: Erdos9796Proof/P97/N9Endpoint/N4e.lean:8976:13: unused variable `hr`

Note: This linter can be disabled with `set_option linter.unusedVariables false`
warning: Erdos9796Proof/P97/N9Endpoint/N4e.lean:8976:26: unused variable `hcard`

Note: This linter can be disabled with `set_option linter.unusedVariables false`
warning: Erdos9796Proof/P97/N9Endpoint/N4e.lean:8977:7: unused variable `hesc`

Note: This linter can be disabled with `set_option linter.unusedVariables false`
warning: Erdos9796Proof/P97/N9Endpoint/N4e.lean:8986:13: unused variable `hr`

Note: This linter can be disabled with `set_option linter.unusedVariables false`
warning: Erdos9796Proof/P97/N9Endpoint/N4e.lean:8986:26: unused variable `hcard`

Note: This linter can be disabled with `set_option linter.unusedVariables false`
warning: Erdos9796Proof/P97/N9Endpoint/N4e.lean:8987:7: unused variable `hesc`

Note: This linter can be disabled with `set_option linter.unusedVariables false`
warning: Erdos9796Proof/P97/N9Endpoint/N4e.lean:8996:13: unused variable `hr`

Note: This linter can be disabled with `set_option linter.unusedVariables false`
warning: Erdos9796Proof/P97/N9Endpoint/N4e.lean:8996:26: unused variable `hcard`

Note: This linter can be disabled with `set_option linter.unusedVariables false`
warning: Erdos9796Proof/P97/N9Endpoint/N4e.lean:8997:7: unused variable `hesc`

Note: This linter can be disabled with `set_option linter.unusedVariables false`
warning: Erdos9796Proof/P97/N9Endpoint/N4e.lean:9006:13: unused variable `hr`

Note: This linter can be disabled with `set_option linter.unusedVariables false`
warning: Erdos9796Proof/P97/N9Endpoint/N4e.lean:9006:26: unused variable `hcard`

Note: This linter can be disabled with `set_option linter.unusedVariables false`
warning: Erdos9796Proof/P97/N9Endpoint/N4e.lean:9007:7: unused variable `hesc`

Note: This linter can be disabled with `set_option linter.unusedVariables false`
warning: Erdos9796Proof/P97/N9Endpoint/N4e.lean:9016:13: unused variable `hr`

Note: This linter can be disabled with `set_option linter.unusedVariables false`
warning: Erdos9796Proof/P97/N9Endpoint/N4e.lean:9016:26: unused variable `hcard`

Note: This linter can be disabled with `set_option linter.unusedVariables false`
warning: Erdos9796Proof/P97/N9Endpoint/N4e.lean:9017:7: unused variable `hesc`

Note: This linter can be disabled with `set_option linter.unusedVariables false`
warning: Erdos9796Proof/P97/N9Endpoint/N4e.lean:9026:13: unused variable `hr`

Note: This linter can be disabled with `set_option linter.unusedVariables false`
warning: Erdos9796Proof/P97/N9Endpoint/N4e.lean:9026:26: unused variable `hcard`

Note: This linter can be disabled with `set_option linter.unusedVariables false`
warning: Erdos9796Proof/P97/N9Endpoint/N4e.lean:9027:7: unused variable `hesc`

Note: This linter can be disabled with `set_option linter.unusedVariables false`
warning: Erdos9796Proof/P97/N9Endpoint/N4e.lean:9098:0: This file has more than one module docstring (`/-! ... -/`). Only the first one is treated as module documentation; convert additional ones to regular comments (`/- ... -/`).

Note: This linter can be disabled with `set_option linter.style.moduleDocstring false`
warning: Erdos9796Proof/P97/N9Endpoint/N4e.lean:9193:0: This line exceeds the 100 character limit, please shorten it!

Note: This linter can be disabled with `set_option linter.style.longLine false`
warning: Erdos9796Proof/P97/N9Endpoint/N4e.lean:9199:0: This line exceeds the 100 character limit, please shorten it!

Note: This linter can be disabled with `set_option linter.style.longLine false`
warning: Erdos9796Proof/P97/N9Endpoint/N4e.lean:9208:0: This line exceeds the 100 character limit, please shorten it!

Note: This linter can be disabled with `set_option linter.style.longLine false`
warning: Erdos9796Proof/P97/N9Endpoint/N4e.lean:9210:0: This line exceeds the 100 character limit, please shorten it!

Note: This linter can be disabled with `set_option linter.style.longLine false`
⚠ [8274/8648] Replayed Erdos9796Proof.P97.N4d.FormAEndpointPairKill
warning: Erdos9796Proof/P97/N4d/FormAEndpointPairKill.lean:269:10: try 'simp' instead of 'simpa'

Note: This linter can be disabled with `set_option linter.unnecessarySimpa false`
warning: Erdos9796Proof/P97/N4d/FormAEndpointPairKill.lean:279:4: try 'simp' instead of 'simpa'

Note: This linter can be disabled with `set_option linter.unnecessarySimpa false`
warning: Erdos9796Proof/P97/N4d/FormAEndpointPairKill.lean:281:4: try 'simp' instead of 'simpa'

Note: This linter can be disabled with `set_option linter.unnecessarySimpa false`
warning: Erdos9796Proof/P97/N4d/FormAEndpointPairKill.lean:283:4: try 'simp' instead of 'simpa'

Note: This linter can be disabled with `set_option linter.unnecessarySimpa false`
warning: Erdos9796Proof/P97/N4d/FormAEndpointPairKill.lean:605:4: try 'simp' instead of 'simpa'

Note: This linter can be disabled with `set_option linter.unnecessarySimpa false`
warning: Erdos9796Proof/P97/N4d/FormAEndpointPairKill.lean:607:4: try 'simp' instead of 'simpa'

Note: This linter can be disabled with `set_option linter.unnecessarySimpa false`
warning: Erdos9796Proof/P97/N4d/FormAEndpointPairKill.lean:624:4: try 'simp' instead of 'simpa'

Note: This linter can be disabled with `set_option linter.unnecessarySimpa false`
warning: Erdos9796Proof/P97/N4d/FormAEndpointPairKill.lean:667:8: try 'simp' instead of 'simpa'

Note: This linter can be disabled with `set_option linter.unnecessarySimpa false`
warning: Erdos9796Proof/P97/N4d/FormAEndpointPairKill.lean:671:4: try 'simp' instead of 'simpa'

Note: This linter can be disabled with `set_option linter.unnecessarySimpa false`
warning: Erdos9796Proof/P97/N4d/FormAEndpointPairKill.lean:508:0: Please, add a comment explaining the need for modifying the maxHeartbeat limit, as in
set_option maxHeartbeats 4000000 in
-- reason for change
...

Note: This linter can be disabled with `set_option linter.style.maxHeartbeats false`
warning: Erdos9796Proof/P97/N4d/FormAEndpointPairKill.lean:1103:5: unused variable `hv2v3`

Note: This linter can be disabled with `set_option linter.unusedVariables false`
warning: Erdos9796Proof/P97/N4d/FormAEndpointPairKill.lean:1104:5: unused variable `hv2x`

Note: This linter can be disabled with `set_option linter.unusedVariables false`
warning: Erdos9796Proof/P97/N4d/FormAEndpointPairKill.lean:1575:4: try 'simp' instead of 'simpa'

Note: This linter can be disabled with `set_option linter.unnecessarySimpa false`
warning: Erdos9796Proof/P97/N4d/FormAEndpointPairKill.lean:1592:4: try 'simp' instead of 'simpa'

Note: This linter can be disabled with `set_option linter.unnecessarySimpa false`
warning: Erdos9796Proof/P97/N4d/FormAEndpointPairKill.lean:1611:8: try 'simp' instead of 'simpa'

Note: This linter can be disabled with `set_option linter.unnecessarySimpa false`
warning: Erdos9796Proof/P97/N4d/FormAEndpointPairKill.lean:1615:4: try 'simp' instead of 'simpa'

Note: This linter can be disabled with `set_option linter.unnecessarySimpa false`
warning: Erdos9796Proof/P97/N4d/FormAEndpointPairKill.lean:1549:5: unused variable `ht`

Note: This linter can be disabled with `set_option linter.unusedVariables false`
warning: Erdos9796Proof/P97/N4d/FormAEndpointPairKill.lean:1504:0: Please, add a comment explaining the need for modifying the maxHeartbeat limit, as in
set_option maxHeartbeats 4000000 in
-- reason for change
...

Note: This linter can be disabled with `set_option linter.style.maxHeartbeats false`
warning: Erdos9796Proof/P97/N4d/FormAEndpointPairKill.lean:1807:0: Please, add a comment explaining the need for modifying the maxHeartbeat limit, as in
set_option maxHeartbeats 1600000 in
-- reason for change
...

Note: This linter can be disabled with `set_option linter.style.maxHeartbeats false`
warning: Erdos9796Proof/P97/N4d/FormAEndpointPairKill.lean:2135:0: Please, add a comment explaining the need for modifying the maxHeartbeat limit, as in
set_option maxHeartbeats 1600000 in
-- reason for change
...

Note: This linter can be disabled with `set_option linter.style.maxHeartbeats false`
warning: Erdos9796Proof/P97/N4d/FormAEndpointPairKill.lean:2286:0: Please, add a comment explaining the need for modifying the maxHeartbeat limit, as in
set_option maxHeartbeats 2000000 in
-- reason for change
...

Note: This linter can be disabled with `set_option linter.style.maxHeartbeats false`
warning: Erdos9796Proof/P97/N4d/FormAEndpointPairKill.lean:2318:0: Please, add a comment explaining the need for modifying the maxHeartbeat limit, as in
set_option maxHeartbeats 2000000 in
-- reason for change
...

Note: This linter can be disabled with `set_option linter.style.maxHeartbeats false`
warning: Erdos9796Proof/P97/N4d/FormAEndpointPairKill.lean:2394:18: unused variable `hr`

Note: This linter can be disabled with `set_option linter.unusedVariables false`
warning: Erdos9796Proof/P97/N4d/FormAEndpointPairKill.lean:2400:39: unused variable `hx_ne_v1`

Note: This linter can be disabled with `set_option linter.unusedVariables false`
warning: Erdos9796Proof/P97/N4d/FormAEndpointPairKill.lean:2383:0: Please, add a comment explaining the need for modifying the maxHeartbeat limit, as in
set_option maxHeartbeats 4000000 in
-- reason for change
...

Note: This linter can be disabled with `set_option linter.style.maxHeartbeats false`
warning: Erdos9796Proof/P97/N4d/FormAEndpointPairKill.lean:2625:49: unused variable `Z`

Note: This linter can be disabled with `set_option linter.unusedVariables false`
warning: Erdos9796Proof/P97/N4d/FormAEndpointPairKill.lean:2628:23: unused variable `hyI3`

Note: This linter can be disabled with `set_option linter.unusedVariables false`
warning: Erdos9796Proof/P97/N4d/FormAEndpointPairKill.lean:2633:39: unused variable `hv1y`

Note: This linter can be disabled with `set_option linter.unusedVariables false`
warning: Erdos9796Proof/P97/N4d/FormAEndpointPairKill.lean:2634:39: unused variable `hv3y`

Note: This linter can be disabled with `set_option linter.unusedVariables false`
warning: Erdos9796Proof/P97/N4d/FormAEndpointPairKill.lean:2575:0: Please, add a comment explaining the need for modifying the maxHeartbeat limit, as in
set_option maxHeartbeats 4000000 in
-- reason for change
...

Note: This linter can be disabled with `set_option linter.style.maxHeartbeats false`
warning: Erdos9796Proof/P97/N4d/FormAEndpointPairKill.lean:3239:0: Please, add a comment explaining the need for modifying the maxHeartbeat limit, as in
set_option maxHeartbeats 1600000 in
-- reason for change
...

Note: This linter can be disabled with `set_option linter.style.maxHeartbeats false`
warning: Erdos9796Proof/P97/N4d/FormAEndpointPairKill.lean:3312:0: Please, add a comment explaining the need for modifying the maxHeartbeat limit, as in
set_option maxHeartbeats 1600000 in
-- reason for change
...

Note: This linter can be disabled with `set_option linter.style.maxHeartbeats false`
warning: Erdos9796Proof/P97/N4d/FormAEndpointPairKill.lean:3479:18: unused variable `hr`

Note: This linter can be disabled with `set_option linter.unusedVariables false`
warning: Erdos9796Proof/P97/N4d/FormAEndpointPairKill.lean:3439:0: Please, add a comment explaining the need for modifying the maxHeartbeat limit, as in
set_option maxHeartbeats 1600000 in
-- reason for change
...

Note: This linter can be disabled with `set_option linter.style.maxHeartbeats false`
warning: Erdos9796Proof/P97/N4d/FormAEndpointPairKill.lean:3565:0: Please, add a comment explaining the need for modifying the maxHeartbeat limit, as in
set_option maxHeartbeats 1600000 in
-- reason for change
...

Note: This linter can be disabled with `set_option linter.style.maxHeartbeats false`
warning: Erdos9796Proof/P97/N4d/FormAEndpointPairKill.lean:3711:23: unused variable `hyI3`

Note: This linter can be disabled with `set_option linter.unusedVariables false`
warning: Erdos9796Proof/P97/N4d/FormAEndpointPairKill.lean:3716:39: unused variable `hv1y`

Note: This linter can be disabled with `set_option linter.unusedVariables false`
warning: Erdos9796Proof/P97/N4d/FormAEndpointPairKill.lean:3717:39: unused variable `hv3y`

Note: This linter can be disabled with `set_option linter.unusedVariables false`
warning: Erdos9796Proof/P97/N4d/FormAEndpointPairKill.lean:3667:0: Please, add a comment explaining the need for modifying the maxHeartbeat limit, as in
set_option maxHeartbeats 4000000 in
-- reason for change
...

Note: This linter can be disabled with `set_option linter.style.maxHeartbeats false`
warning: Erdos9796Proof/P97/N4d/FormAEndpointPairKill.lean:4078:10: Try `simp at hone` instead of `simpa using hone`

Note: This linter can be disabled with `set_option linter.unnecessarySimpa false`
warning: Erdos9796Proof/P97/N4d/FormAEndpointPairKill.lean:4081:10: Try `simp at hone` instead of `simpa using hone`

Note: This linter can be disabled with `set_option linter.unnecessarySimpa false`
⚠ [8275/8648] Replayed Erdos9796Proof.P97.N4d.ExcludesFormAv1
warning: Erdos9796Proof/P97/N4d/ExcludesFormAv1.lean:269:10: try 'simp' instead of 'simpa'

Note: This linter can be disabled with `set_option linter.unnecessarySimpa false`
warning: Erdos9796Proof/P97/N4d/ExcludesFormAv1.lean:279:4: try 'simp' instead of 'simpa'

Note: This linter can be disabled with `set_option linter.unnecessarySimpa false`
warning: Erdos9796Proof/P97/N4d/ExcludesFormAv1.lean:281:4: try 'simp' instead of 'simpa'

Note: This linter can be disabled with `set_option linter.unnecessarySimpa false`
warning: Erdos9796Proof/P97/N4d/ExcludesFormAv1.lean:283:4: try 'simp' instead of 'simpa'

Note: This linter can be disabled with `set_option linter.unnecessarySimpa false`
warning: Erdos9796Proof/P97/N4d/ExcludesFormAv1.lean:544:12: Try `simp at hone` instead of `simpa using hone`

Note: This linter can be disabled with `set_option linter.unnecessarySimpa false`
warning: Erdos9796Proof/P97/N4d/ExcludesFormAv1.lean:547:12: Try `simp at hone` instead of `simpa using hone`

Note: This linter can be disabled with `set_option linter.unnecessarySimpa false`
warning: Erdos9796Proof/P97/N4d/ExcludesFormAv1.lean:615:12: Try `simp at hone` instead of `simpa using hone`

Note: This linter can be disabled with `set_option linter.unnecessarySimpa false`
warning: Erdos9796Proof/P97/N4d/ExcludesFormAv1.lean:618:12: Try `simp at hone` instead of `simpa using hone`

Note: This linter can be disabled with `set_option linter.unnecessarySimpa false`
⚠ [8280/8648] Replayed Erdos9796Proof.P97.A1B2FrameNormalization
warning: Erdos9796Proof/P97/A1B2FrameNormalization.lean:48:0: This file has more than one module docstring (`/-! ... -/`). Only the first one is treated as module documentation; convert additional ones to regular comments (`/- ... -/`).

Note: This linter can be disabled with `set_option linter.style.moduleDocstring false`
warning: Erdos9796Proof/P97/A1B2FrameNormalization.lean:107:8: Used `tac1 <;> tac2` where `(tac1; tac2)` would suffice

Note: This linter can be disabled with `set_option linter.unnecessarySeqFocus false`
warning: Erdos9796Proof/P97/A1B2FrameNormalization.lean:121:78: This simp argument is unused:
  Pi.add_apply

Hint: Omit it from the simp argument list.
  simp [halfShift, F, c, Problem97.CGN.vec2, EuclideanSpace.single_apply,̵ ̵P̵i̵.̵a̵d̵d̵_̵a̵p̵p̵l̵y̵]

Note: This linter can be disabled with `set_option linter.unusedSimpArgs false`
warning: Erdos9796Proof/P97/A1B2FrameNormalization.lean:120:10: Used `tac1 <;> tac2` where `(tac1; tac2)` would suffice

Note: This linter can be disabled with `set_option linter.unnecessarySeqFocus false`
warning: Erdos9796Proof/P97/A1B2FrameNormalization.lean:130:12: Used `tac1 <;> tac2` where `(tac1; tac2)` would suffice

Note: This linter can be disabled with `set_option linter.unnecessarySeqFocus false`
warning: Erdos9796Proof/P97/A1B2FrameNormalization.lean:174:8: Used `tac1 <;> tac2` where `(tac1; tac2)` would suffice

Note: This linter can be disabled with `set_option linter.unnecessarySeqFocus false`
warning: Erdos9796Proof/P97/A1B2FrameNormalization.lean:224:4: try 'simp' instead of 'simpa'

Note: This linter can be disabled with `set_option linter.unnecessarySimpa false`
warning: Erdos9796Proof/P97/A1B2FrameNormalization.lean:187:14: Used `tac1 <;> tac2` where `(tac1; tac2)` would suffice

Note: This linter can be disabled with `set_option linter.unnecessarySeqFocus false`
warning: Erdos9796Proof/P97/A1B2FrameNormalization.lean:192:14: Used `tac1 <;> tac2` where `(tac1; tac2)` would suffice

Note: This linter can be disabled with `set_option linter.unnecessarySeqFocus false`
warning: Erdos9796Proof/P97/A1B2FrameNormalization.lean:197:10: Used `tac1 <;> tac2` where `(tac1; tac2)` would suffice

Note: This linter can be disabled with `set_option linter.unnecessarySeqFocus false`
warning: Erdos9796Proof/P97/A1B2FrameNormalization.lean:270:10: try 'simp' instead of 'simpa'

Note: This linter can be disabled with `set_option linter.unnecessarySimpa false`
warning: Erdos9796Proof/P97/A1B2FrameNormalization.lean:274:10: try 'simp' instead of 'simpa'

Note: This linter can be disabled with `set_option linter.unnecessarySimpa false`
warning: Erdos9796Proof/P97/A1B2FrameNormalization.lean:279:8: try 'simp' instead of 'simpa'

Note: This linter can be disabled with `set_option linter.unnecessarySimpa false`
warning: Erdos9796Proof/P97/A1B2FrameNormalization.lean:283:8: try 'simp' instead of 'simpa'

Note: This linter can be disabled with `set_option linter.unnecessarySimpa false`
warning: Erdos9796Proof/P97/A1B2FrameNormalization.lean:243:12: unused variable `tau0`

Note: This linter can be disabled with `set_option linter.unusedVariables false`
warning: Erdos9796Proof/P97/A1B2FrameNormalization.lean:272:14: this tactic is never executed

Note: This linter can be disabled with `set_option linter.unreachableTactic false`
warning: Erdos9796Proof/P97/A1B2FrameNormalization.lean:276:14: this tactic is never executed

Note: This linter can be disabled with `set_option linter.unreachableTactic false`
warning: Erdos9796Proof/P97/A1B2FrameNormalization.lean:339:10: Used `tac1 <;> tac2` where `(tac1; tac2)` would suffice

Note: This linter can be disabled with `set_option linter.unnecessarySeqFocus false`
warning: Erdos9796Proof/P97/A1B2FrameNormalization.lean:357:10: Used `tac1 <;> tac2` where `(tac1; tac2)` would suffice

Note: This linter can be disabled with `set_option linter.unnecessarySeqFocus false`
warning: Erdos9796Proof/P97/A1B2FrameNormalization.lean:322:12: 'simp [A2] at hxA' is a flexible tactic modifying 'hxA'. Try 'simp?' and use the suggested 'simp only [...]'. Alternatively, use `suffices` to explicitly state the simplified form.

Note: This linter can be disabled with `set_option linter.flexible false`
info: Erdos9796Proof/P97/A1B2FrameNormalization.lean:323:12: 'rcases hxA with rfl | rfl' uses 'hxA'!
warning: Erdos9796Proof/P97/A1B2FrameNormalization.lean:272:14: 'simpa [div_eq_mul_inv, mul_comm, mul_left_comm, mul_assoc] using
  (dist_midpoint_left (𝕜 := ℝ) q1 q2)' tactic does nothing

Note: This linter can be disabled with `set_option linter.unusedTactic false`
warning: Erdos9796Proof/P97/A1B2FrameNormalization.lean:276:14: 'simpa [div_eq_mul_inv, mul_comm, mul_left_comm, mul_assoc] using
  (dist_midpoint_right (𝕜 := ℝ) q1 q2)' tactic does nothing

Note: This linter can be disabled with `set_option linter.unusedTactic false`
warning: Erdos9796Proof/P97/A1B2FrameNormalization.lean:375:0: This file has more than one module docstring (`/-! ... -/`). Only the first one is treated as module documentation; convert additional ones to regular comments (`/- ... -/`).

Note: This linter can be disabled with `set_option linter.style.moduleDocstring false`
warning: Erdos9796Proof/P97/A1B2FrameNormalization.lean:401:0: This file has more than one module docstring (`/-! ... -/`). Only the first one is treated as module documentation; convert additional ones to regular comments (`/- ... -/`).

Note: This linter can be disabled with `set_option linter.style.moduleDocstring false`
warning: Erdos9796Proof/P97/A1B2FrameNormalization.lean:411:19: unused variable `tau`

Note: This linter can be disabled with `set_option linter.unusedVariables false`
warning: Erdos9796Proof/P97/A1B2FrameNormalization.lean:550:76: this tactic is never executed

Note: This linter can be disabled with `set_option linter.unreachableTactic false`
warning: Erdos9796Proof/P97/A1B2FrameNormalization.lean:553:76: this tactic is never executed

Note: This linter can be disabled with `set_option linter.unreachableTactic false`
warning: Erdos9796Proof/P97/A1B2FrameNormalization.lean:549:10: Used `tac1 <;> tac2` where `(tac1; tac2)` would suffice

Note: This linter can be disabled with `set_option linter.unnecessarySeqFocus false`
warning: Erdos9796Proof/P97/A1B2FrameNormalization.lean:552:10: Used `tac1 <;> tac2` where `(tac1; tac2)` would suffice

Note: This linter can be disabled with `set_option linter.unnecessarySeqFocus false`
warning: Erdos9796Proof/P97/A1B2FrameNormalization.lean:568:12: Used `tac1 <;> tac2` where `(tac1; tac2)` would suffice

Note: This linter can be disabled with `set_option linter.unnecessarySeqFocus false`
warning: Erdos9796Proof/P97/A1B2FrameNormalization.lean:571:12: Used `tac1 <;> tac2` where `(tac1; tac2)` would suffice

Note: This linter can be disabled with `set_option linter.unnecessarySeqFocus false`
warning: Erdos9796Proof/P97/A1B2FrameNormalization.lean:550:76: 'norm_num' tactic does nothing

Note: This linter can be disabled with `set_option linter.unusedTactic false`
warning: Erdos9796Proof/P97/A1B2FrameNormalization.lean:553:76: 'norm_num' tactic does nothing

Note: This linter can be disabled with `set_option linter.unusedTactic false`
warning: Erdos9796Proof/P97/A1B2FrameNormalization.lean:558:4: The `show` tactic should only be used to indicate intermediate goal states for readability.
However, this tactic invocation changed the goal. Please use `change` instead for these purposes.

Note: This linter can be disabled with `set_option linter.style.show false`
warning: Erdos9796Proof/P97/A1B2FrameNormalization.lean:561:4: The `show` tactic should only be used to indicate intermediate goal states for readability.
However, this tactic invocation changed the goal. Please use `change` instead for these purposes.

Note: This linter can be disabled with `set_option linter.style.show false`
warning: Erdos9796Proof/P97/A1B2FrameNormalization.lean:580:6: The `show` tactic should only be used to indicate intermediate goal states for readability.
However, this tactic invocation changed the goal. Please use `change` instead for these purposes.

Note: This linter can be disabled with `set_option linter.style.show false`
warning: Erdos9796Proof/P97/A1B2FrameNormalization.lean:583:6: The `show` tactic should only be used to indicate intermediate goal states for readability.
However, this tactic invocation changed the goal. Please use `change` instead for these purposes.

Note: This linter can be disabled with `set_option linter.style.show false`
warning: Erdos9796Proof/P97/A1B2FrameNormalization.lean:588:6: The `show` tactic should only be used to indicate intermediate goal states for readability.
However, this tactic invocation changed the goal. Please use `change` instead for these purposes.

Note: This linter can be disabled with `set_option linter.style.show false`
warning: Erdos9796Proof/P97/A1B2FrameNormalization.lean:606:0: This file has more than one module docstring (`/-! ... -/`). Only the first one is treated as module documentation; convert additional ones to regular comments (`/- ... -/`).

Note: This linter can be disabled with `set_option linter.style.moduleDocstring false`
warning: Erdos9796Proof/P97/A1B2FrameNormalization.lean:608:0: Please, add a comment explaining the need for modifying the maxHeartbeat limit, as in
set_option maxHeartbeats 800000 in
-- reason for change
...

Note: This linter can be disabled with `set_option linter.style.maxHeartbeats false`
warning: Erdos9796Proof/P97/A1B2FrameNormalization.lean:646:0: Please, add a comment explaining the need for modifying the maxHeartbeat limit, as in
set_option maxHeartbeats 800000 in
-- reason for change
...

Note: This linter can be disabled with `set_option linter.style.maxHeartbeats false`
⚠ [8281/8648] Replayed Erdos9796Proof.P97.N4d.FaithfulFrame
warning: Erdos9796Proof/P97/N4d/FaithfulFrame.lean:102:8: Used `tac1 <;> tac2` where `(tac1; tac2)` would suffice

Note: This linter can be disabled with `set_option linter.unnecessarySeqFocus false`
warning: Erdos9796Proof/P97/N4d/FaithfulFrame.lean:116:78: This simp argument is unused:
  Pi.add_apply

Hint: Omit it from the simp argument list.
  simp [halfShift, F, c, Problem97.CGN.vec2, EuclideanSpace.single_apply,̵ ̵P̵i̵.̵a̵d̵d̵_̵a̵p̵p̵l̵y̵]

Note: This linter can be disabled with `set_option linter.unusedSimpArgs false`
warning: Erdos9796Proof/P97/N4d/FaithfulFrame.lean:115:10: Used `tac1 <;> tac2` where `(tac1; tac2)` would suffice

Note: This linter can be disabled with `set_option linter.unnecessarySeqFocus false`
warning: Erdos9796Proof/P97/N4d/FaithfulFrame.lean:125:12: Used `tac1 <;> tac2` where `(tac1; tac2)` would suffice

Note: This linter can be disabled with `set_option linter.unnecessarySeqFocus false`
warning: Erdos9796Proof/P97/N4d/FaithfulFrame.lean:169:8: Used `tac1 <;> tac2` where `(tac1; tac2)` would suffice

Note: This linter can be disabled with `set_option linter.unnecessarySeqFocus false`
warning: Erdos9796Proof/P97/N4d/FaithfulFrame.lean:219:4: try 'simp' instead of 'simpa'

Note: This linter can be disabled with `set_option linter.unnecessarySimpa false`
warning: Erdos9796Proof/P97/N4d/FaithfulFrame.lean:182:14: Used `tac1 <;> tac2` where `(tac1; tac2)` would suffice

Note: This linter can be disabled with `set_option linter.unnecessarySeqFocus false`
warning: Erdos9796Proof/P97/N4d/FaithfulFrame.lean:187:14: Used `tac1 <;> tac2` where `(tac1; tac2)` would suffice

Note: This linter can be disabled with `set_option linter.unnecessarySeqFocus false`
warning: Erdos9796Proof/P97/N4d/FaithfulFrame.lean:192:10: Used `tac1 <;> tac2` where `(tac1; tac2)` would suffice

Note: This linter can be disabled with `set_option linter.unnecessarySeqFocus false`
warning: Erdos9796Proof/P97/N4d/FaithfulFrame.lean:265:10: try 'simp' instead of 'simpa'

Note: This linter can be disabled with `set_option linter.unnecessarySimpa false`
warning: Erdos9796Proof/P97/N4d/FaithfulFrame.lean:269:10: try 'simp' instead of 'simpa'

Note: This linter can be disabled with `set_option linter.unnecessarySimpa false`
warning: Erdos9796Proof/P97/N4d/FaithfulFrame.lean:274:8: try 'simp' instead of 'simpa'

Note: This linter can be disabled with `set_option linter.unnecessarySimpa false`
warning: Erdos9796Proof/P97/N4d/FaithfulFrame.lean:278:8: try 'simp' instead of 'simpa'

Note: This linter can be disabled with `set_option linter.unnecessarySimpa false`
warning: Erdos9796Proof/P97/N4d/FaithfulFrame.lean:238:12: unused variable `tau0`

Note: This linter can be disabled with `set_option linter.unusedVariables false`
warning: Erdos9796Proof/P97/N4d/FaithfulFrame.lean:267:14: this tactic is never executed

Note: This linter can be disabled with `set_option linter.unreachableTactic false`
warning: Erdos9796Proof/P97/N4d/FaithfulFrame.lean:271:14: this tactic is never executed

Note: This linter can be disabled with `set_option linter.unreachableTactic false`
warning: Erdos9796Proof/P97/N4d/FaithfulFrame.lean:334:10: Used `tac1 <;> tac2` where `(tac1; tac2)` would suffice

Note: This linter can be disabled with `set_option linter.unnecessarySeqFocus false`
warning: Erdos9796Proof/P97/N4d/FaithfulFrame.lean:352:10: Used `tac1 <;> tac2` where `(tac1; tac2)` would suffice

Note: This linter can be disabled with `set_option linter.unnecessarySeqFocus false`
warning: Erdos9796Proof/P97/N4d/FaithfulFrame.lean:317:12: 'simp [A2] at hxA' is a flexible tactic modifying 'hxA'. Try 'simp?' and use the suggested 'simp only [...]'. Alternatively, use `suffices` to explicitly state the simplified form.

Note: This linter can be disabled with `set_option linter.flexible false`
info: Erdos9796Proof/P97/N4d/FaithfulFrame.lean:318:12: 'rcases hxA with rfl | rfl' uses 'hxA'!
warning: Erdos9796Proof/P97/N4d/FaithfulFrame.lean:267:14: 'simpa [div_eq_mul_inv, mul_comm, mul_left_comm, mul_assoc] using
  (dist_midpoint_left (𝕜 := ℝ) q1 q2)' tactic does nothing

Note: This linter can be disabled with `set_option linter.unusedTactic false`
warning: Erdos9796Proof/P97/N4d/FaithfulFrame.lean:271:14: 'simpa [div_eq_mul_inv, mul_comm, mul_left_comm, mul_assoc] using
  (dist_midpoint_right (𝕜 := ℝ) q1 q2)' tactic does nothing

Note: This linter can be disabled with `set_option linter.unusedTactic false`
warning: Erdos9796Proof/P97/N4d/FaithfulFrame.lean:467:21: unused variable `tau`

Note: This linter can be disabled with `set_option linter.unusedVariables false`
warning: Erdos9796Proof/P97/N4d/FaithfulFrame.lean:476:76: this tactic is never executed

Note: This linter can be disabled with `set_option linter.unreachableTactic false`
warning: Erdos9796Proof/P97/N4d/FaithfulFrame.lean:479:76: this tactic is never executed

Note: This linter can be disabled with `set_option linter.unreachableTactic false`
warning: Erdos9796Proof/P97/N4d/FaithfulFrame.lean:475:10: Used `tac1 <;> tac2` where `(tac1; tac2)` would suffice

Note: This linter can be disabled with `set_option linter.unnecessarySeqFocus false`
warning: Erdos9796Proof/P97/N4d/FaithfulFrame.lean:478:10: Used `tac1 <;> tac2` where `(tac1; tac2)` would suffice

Note: This linter can be disabled with `set_option linter.unnecessarySeqFocus false`
warning: Erdos9796Proof/P97/N4d/FaithfulFrame.lean:521:12: Used `tac1 <;> tac2` where `(tac1; tac2)` would suffice

Note: This linter can be disabled with `set_option linter.unnecessarySeqFocus false`
warning: Erdos9796Proof/P97/N4d/FaithfulFrame.lean:524:12: Used `tac1 <;> tac2` where `(tac1; tac2)` would suffice

Note: This linter can be disabled with `set_option linter.unnecessarySeqFocus false`
warning: Erdos9796Proof/P97/N4d/FaithfulFrame.lean:476:76: 'norm_num' tactic does nothing

Note: This linter can be disabled with `set_option linter.unusedTactic false`
warning: Erdos9796Proof/P97/N4d/FaithfulFrame.lean:479:76: 'norm_num' tactic does nothing

Note: This linter can be disabled with `set_option linter.unusedTactic false`
⚠ [8285/8648] Replayed Erdos9796Proof.P97.N4d.SmallSReductions
warning: Erdos9796Proof/P97/N4d/SmallSReductions.lean:699:14: missing space in the source

This part of the code
  '(bx-1)^2'
should be written as
  '(bx - 1)'


Note: This linter can be disabled with `set_option linter.style.whitespace false`
warning: Erdos9796Proof/P97/N4d/SmallSReductions.lean:699:17: missing space in the source

This part of the code
  '(bx-1)^2 + bw^2'
should be written as
  '1) ^ 2'


Note: This linter can be disabled with `set_option linter.style.whitespace false`
warning: Erdos9796Proof/P97/N4d/SmallSReductions.lean:699:24: missing space in the source

This part of the code
  'bw^2 = (X-1)^2+Y^2)'
should be written as
  'bw ^ 2'


Note: This linter can be disabled with `set_option linter.style.whitespace false`
warning: Erdos9796Proof/P97/N4d/SmallSReductions.lean:699:31: missing space in the source

This part of the code
  '(X-1)^2+Y^2)'
should be written as
  '(X - 1)'


Note: This linter can be disabled with `set_option linter.style.whitespace false`
warning: Erdos9796Proof/P97/N4d/SmallSReductions.lean:699:34: missing space in the source

This part of the code
  '(X-1)^2+Y^2)
 '
should be written as
  '1) ^ 2'


Note: This linter can be disabled with `set_option linter.style.whitespace false`
warning: Erdos9796Proof/P97/N4d/SmallSReductions.lean:700:14: missing space in the source

This part of the code
  '(bx-X)^2'
should be written as
  '(bx - X)'


Note: This linter can be disabled with `set_option linter.style.whitespace false`
warning: Erdos9796Proof/P97/N4d/SmallSReductions.lean:700:17: missing space in the source

This part of the code
  '(bx-X)^2 + (bw-Y)^2'
should be written as
  'X) ^ 2'


Note: This linter can be disabled with `set_option linter.style.whitespace false`
warning: Erdos9796Proof/P97/N4d/SmallSReductions.lean:700:25: missing space in the source

This part of the code
  '(bw-Y)^2'
should be written as
  '(bw - Y)'


Note: This linter can be disabled with `set_option linter.style.whitespace false`
warning: Erdos9796Proof/P97/N4d/SmallSReductions.lean:700:28: missing space in the source

This part of the code
  '(bw-Y)^2 = (X-1)^2+Y^2)'
should be written as
  'Y) ^ 2'


Note: This linter can be disabled with `set_option linter.style.whitespace false`
warning: Erdos9796Proof/P97/N4d/SmallSReductions.lean:700:35: missing space in the source

This part of the code
  '(X-1)^2+Y^2)'
should be written as
  '(X - 1)'


Note: This linter can be disabled with `set_option linter.style.whitespace false`
warning: Erdos9796Proof/P97/N4d/SmallSReductions.lean:700:38: missing space in the source

This part of the code
  '(X-1)^2+Y^2)
 '
should be written as
  '1) ^ 2'


Note: This linter can be disabled with `set_option linter.style.whitespace false`
warning: Erdos9796Proof/P97/N4d/SmallSReductions.lean:702:21: missing space in the source

This part of the code
  'X)/2 - Oy*(bw'
should be written as
  'X) / 2'


Note: This linter can be disabled with `set_option linter.style.whitespace false`
warning: Erdos9796Proof/P97/N4d/SmallSReductions.lean:702:28: missing space in the source

This part of the code
  'Oy*(bw -'
should be written as
  'Oy * (bw'


Note: This linter can be disabled with `set_option linter.style.whitespace false`
warning: Erdos9796Proof/P97/N4d/SmallSReductions.lean:703:18: missing space in the source

This part of the code
  '(X^2 - X'
should be written as
  '(X ^ 2'


Note: This linter can be disabled with `set_option linter.style.whitespace false`
warning: Erdos9796Proof/P97/N4d/SmallSReductions.lean:703:28: missing space in the source

This part of the code
  'Y^2)/(2*Y))'
should be written as
  'Y ^ 2)'


Note: This linter can be disabled with `set_option linter.style.whitespace false`
warning: Erdos9796Proof/P97/N4d/SmallSReductions.lean:703:31: missing space in the source

This part of the code
  'Y^2)/(2*Y))'
should be written as
  '2) / (2'


Note: This linter can be disabled with `set_option linter.style.whitespace false`
warning: Erdos9796Proof/P97/N4d/SmallSReductions.lean:703:34: missing space in the source

This part of the code
  'Y^2)/(2*Y))
'
should be written as
  '(2 * Y))'


Note: This linter can be disabled with `set_option linter.style.whitespace false`
warning: Erdos9796Proof/P97/N4d/SmallSReductions.lean:749:14: missing space in the source

This part of the code
  '(bx-1)^2'
should be written as
  '(bx - 1)'


Note: This linter can be disabled with `set_option linter.style.whitespace false`
warning: Erdos9796Proof/P97/N4d/SmallSReductions.lean:749:17: missing space in the source

This part of the code
  '(bx-1)^2 + bw^2'
should be written as
  '1) ^ 2'


Note: This linter can be disabled with `set_option linter.style.whitespace false`
warning: Erdos9796Proof/P97/N4d/SmallSReductions.lean:749:24: missing space in the source

This part of the code
  'bw^2 = (X-1)^2+Y^2)'
should be written as
  'bw ^ 2'


Note: This linter can be disabled with `set_option linter.style.whitespace false`
warning: Erdos9796Proof/P97/N4d/SmallSReductions.lean:749:31: missing space in the source

This part of the code
  '(X-1)^2+Y^2)'
should be written as
  '(X - 1)'


Note: This linter can be disabled with `set_option linter.style.whitespace false`
warning: Erdos9796Proof/P97/N4d/SmallSReductions.lean:749:34: missing space in the source

This part of the code
  '(X-1)^2+Y^2)
 '
should be written as
  '1) ^ 2'


Note: This linter can be disabled with `set_option linter.style.whitespace false`
warning: Erdos9796Proof/P97/N4d/SmallSReductions.lean:750:14: missing space in the source

This part of the code
  '(bx-X)^2'
should be written as
  '(bx - X)'


Note: This linter can be disabled with `set_option linter.style.whitespace false`
warning: Erdos9796Proof/P97/N4d/SmallSReductions.lean:750:17: missing space in the source

This part of the code
  '(bx-X)^2 + (bw-Y)^2'
should be written as
  'X) ^ 2'


Note: This linter can be disabled with `set_option linter.style.whitespace false`
warning: Erdos9796Proof/P97/N4d/SmallSReductions.lean:750:25: missing space in the source

This part of the code
  '(bw-Y)^2'
should be written as
  '(bw - Y)'


Note: This linter can be disabled with `set_option linter.style.whitespace false`
warning: Erdos9796Proof/P97/N4d/SmallSReductions.lean:750:28: missing space in the source

This part of the code
  '(bw-Y)^2 = (X-1)^2+Y^2)'
should be written as
  'Y) ^ 2'


Note: This linter can be disabled with `set_option linter.style.whitespace false`
warning: Erdos9796Proof/P97/N4d/SmallSReductions.lean:750:35: missing space in the source

This part of the code
  '(X-1)^2+Y^2)'
should be written as
  '(X - 1)'


Note: This linter can be disabled with `set_option linter.style.whitespace false`
warning: Erdos9796Proof/P97/N4d/SmallSReductions.lean:750:38: missing space in the source

This part of the code
  '(X-1)^2+Y^2)
 '
should be written as
  '1) ^ 2'


Note: This linter can be disabled with `set_option linter.style.whitespace false`
warning: Erdos9796Proof/P97/N4d/SmallSReductions.lean:752:19: missing space in the source

This part of the code
  'Y/2 + Real.sqrt'
should be written as
  'Y / 2'


Note: This linter can be disabled with `set_option linter.style.whitespace false`
warning: Erdos9796Proof/P97/N4d/SmallSReductions.lean:752:40: missing space in the source

This part of the code
  '(X-1)/2)'
should be written as
  '(X - 1)'


Note: This linter can be disabled with `set_option linter.style.whitespace false`
warning: Erdos9796Proof/P97/N4d/SmallSReductions.lean:752:43: missing space in the source

This part of the code
  '(X-1)/2) :'
should be written as
  '1) / 2)'


Note: This linter can be disabled with `set_option linter.style.whitespace false`
warning: Erdos9796Proof/P97/N4d/SmallSReductions.lean:956:20: missing space in the source

This part of the code
  'X/2 - Real.sqrt'
should be written as
  'X / 2'


Note: This linter can be disabled with `set_option linter.style.whitespace false`
warning: Erdos9796Proof/P97/N4d/SmallSReductions.lean:956:40: missing space in the source

This part of the code
  'Y/2 + 1/2)'
should be written as
  'Y / 2'


Note: This linter can be disabled with `set_option linter.style.whitespace false`
warning: Erdos9796Proof/P97/N4d/SmallSReductions.lean:956:46: missing space in the source

This part of the code
  '1/2)
 '
should be written as
  '1 / 2)'


Note: This linter can be disabled with `set_option linter.style.whitespace false`
warning: Erdos9796Proof/P97/N4d/SmallSReductions.lean:957:20: missing space in the source

This part of the code
  'Y/2 + Real.sqrt'
should be written as
  'Y / 2'


Note: This linter can be disabled with `set_option linter.style.whitespace false`
warning: Erdos9796Proof/P97/N4d/SmallSReductions.lean:957:41: missing space in the source

This part of the code
  '(X-1)/2)'
should be written as
  '(X - 1)'


Note: This linter can be disabled with `set_option linter.style.whitespace false`
warning: Erdos9796Proof/P97/N4d/SmallSReductions.lean:957:44: missing space in the source

This part of the code
  '(X-1)/2)
 '
should be written as
  '1) / 2)'


Note: This linter can be disabled with `set_option linter.style.whitespace false`
warning: Erdos9796Proof/P97/N4d/SmallSReductions.lean:1220:0: This line exceeds the 100 character limit, please shorten it!

Note: This linter can be disabled with `set_option linter.style.longLine false`
info: Erdos9796Proof/P97/N4d/SmallSReductions.lean:1400:8: Try this:
  [apply] ring_nf
  
  The `ring` tactic failed to close the goal. Use `ring_nf` to obtain a normal form.
    
  Note that `ring` works primarily in *commutative* rings. If you have a noncommutative ring, abelian group or module, consider using `noncomm_ring`, `abel` or `module` instead.
warning: Erdos9796Proof/P97/N4d/SmallSReductions.lean:1308:0: Please, add a comment explaining the need for modifying the maxHeartbeat limit, as in
set_option maxHeartbeats 4000000 in
-- reason for change
...

Note: This linter can be disabled with `set_option linter.style.maxHeartbeats false`
warning: Erdos9796Proof/P97/N4d/SmallSReductions.lean:1412:0: Please, add a comment explaining the need for modifying the maxHeartbeat limit, as in
set_option maxHeartbeats 1000000 in
-- reason for change
...

Note: This linter can be disabled with `set_option linter.style.maxHeartbeats false`
warning: Erdos9796Proof/P97/N4d/SmallSReductions.lean:1508:2: 'simp [familyBChordEqLowerAnglePoint, vec2, EuclideanSpace.single_apply]' is a flexible tactic modifying '⊢'. Try 'simp?' and use the suggested 'simp only [...]'. Alternatively, use `suffices` to explicitly state the simplified form.

Note: This linter can be disabled with `set_option linter.flexible false`
info: Erdos9796Proof/P97/N4d/SmallSReductions.lean:1508:2: Try this:
  [apply] simp only [Fin.isValue, gt_iff_lt]
info: Erdos9796Proof/P97/N4d/SmallSReductions.lean:1509:2: 'positivity' uses '⊢'!
warning: Erdos9796Proof/P97/N4d/SmallSReductions.lean:1538:4: 'simp [familyBChordEqLowerAnglePoint, vec2, EuclideanSpace.single_apply]' is a flexible tactic modifying '⊢'. Try 'simp?' and use the suggested 'simp only [...]'. Alternatively, use `suffices` to explicitly state the simplified form.

Note: This linter can be disabled with `set_option linter.flexible false`
info: Erdos9796Proof/P97/N4d/SmallSReductions.lean:1538:4: Try this:
  [apply] simp only [Fin.isValue]
info: Erdos9796Proof/P97/N4d/SmallSReductions.lean:1539:4: 'rw [show Real.sqrt (4 - s ^ 2) = R by exact hR.symm]' uses '⊢'!
warning: Erdos9796Proof/P97/N4d/SmallSReductions.lean:1538:4: 'simp [familyBChordEqLowerAnglePoint, vec2, EuclideanSpace.single_apply]' is a flexible tactic modifying '⊢'. Try 'simp?' and use the suggested 'simp only [...]'. Alternatively, use `suffices` to explicitly state the simplified form.

Note: This linter can be disabled with `set_option linter.flexible false`
info: Erdos9796Proof/P97/N4d/SmallSReductions.lean:1538:4: Try this:
  [apply] simp only [Fin.isValue]
info: Erdos9796Proof/P97/N4d/SmallSReductions.lean:1540:4: 'have hcalc :
  (1 + s * R / 4 - Real.sqrt 3 * s ^ 2 / 4 - 1) ^ 2 + (s * (s + Real.sqrt 3 * R) / 4) ^ 2 =
    s ^ 2 * R ^ 2 / 4 + s ^ 4 / 4 :=
  by
  ring_nf
  rw [familyBChordEq_sqrt3_sq]
  ring_nf' uses '⊢'!
warning: Erdos9796Proof/P97/N4d/SmallSReductions.lean:1538:4: 'simp [familyBChordEqLowerAnglePoint, vec2, EuclideanSpace.single_apply]' is a flexible tactic modifying '⊢'. Try 'simp?' and use the suggested 'simp only [...]'. Alternatively, use `suffices` to explicitly state the simplified form.

Note: This linter can be disabled with `set_option linter.flexible false`
info: Erdos9796Proof/P97/N4d/SmallSReductions.lean:1538:4: Try this:
  [apply] simp only [Fin.isValue]
info: Erdos9796Proof/P97/N4d/SmallSReductions.lean:1546:4: 'rw [hcalc, hR_sq]' uses '⊢'!
warning: Erdos9796Proof/P97/N4d/SmallSReductions.lean:1560:4: 'simp [familyBChordEqHigherAnglePoint, vec2, EuclideanSpace.single_apply]' is a flexible tactic modifying '⊢'. Try 'simp?' and use the suggested 'simp only [...]'. Alternatively, use `suffices` to explicitly state the simplified form.

Note: This linter can be disabled with `set_option linter.flexible false`
info: Erdos9796Proof/P97/N4d/SmallSReductions.lean:1560:4: Try this:
  [apply] simp only [Fin.isValue]
info: Erdos9796Proof/P97/N4d/SmallSReductions.lean:1561:4: 'rw [show Real.sqrt (4 - s ^ 2) = R by exact hR.symm]' uses '⊢'!
warning: Erdos9796Proof/P97/N4d/SmallSReductions.lean:1560:4: 'simp [familyBChordEqHigherAnglePoint, vec2, EuclideanSpace.single_apply]' is a flexible tactic modifying '⊢'. Try 'simp?' and use the suggested 'simp only [...]'. Alternatively, use `suffices` to explicitly state the simplified form.

Note: This linter can be disabled with `set_option linter.flexible false`
info: Erdos9796Proof/P97/N4d/SmallSReductions.lean:1560:4: Try this:
  [apply] simp only [Fin.isValue]
info: Erdos9796Proof/P97/N4d/SmallSReductions.lean:1562:4: 'have hcalc :
  (1 - s * R / 4 - Real.sqrt 3 * s ^ 2 / 4 - 1) ^ 2 + (s * (Real.sqrt 3 * R - s) / 4) ^ 2 =
    s ^ 2 * R ^ 2 / 4 + s ^ 4 / 4 :=
  by
  ring_nf
  rw [familyBChordEq_sqrt3_sq]
  ring_nf' uses '⊢'!
warning: Erdos9796Proof/P97/N4d/SmallSReductions.lean:1560:4: 'simp [familyBChordEqHigherAnglePoint, vec2, EuclideanSpace.single_apply]' is a flexible tactic modifying '⊢'. Try 'simp?' and use the suggested 'simp only [...]'. Alternatively, use `suffices` to explicitly state the simplified form.

Note: This linter can be disabled with `set_option linter.flexible false`
info: Erdos9796Proof/P97/N4d/SmallSReductions.lean:1560:4: Try this:
  [apply] simp only [Fin.isValue]
info: Erdos9796Proof/P97/N4d/SmallSReductions.lean:1568:4: 'rw [hcalc, hR_sq]' uses '⊢'!
warning: Erdos9796Proof/P97/N4d/SmallSReductions.lean:1662:0: This line exceeds the 100 character limit, please shorten it!

Note: This linter can be disabled with `set_option linter.style.longLine false`
⚠ [8286/8648] Replayed Erdos9796Proof.P97.N4d.QeqEb2PinClash
warning: Erdos9796Proof/P97/N4d/QeqEb2PinClash.lean:489:0: Please, add a comment explaining the need for modifying the maxHeartbeat limit, as in
set_option maxHeartbeats 1000000 in
-- reason for change
...

Note: This linter can be disabled with `set_option linter.style.maxHeartbeats false`
⚠ [8287/8648] Replayed Erdos9796Proof.P97.N4d.ExcludesFormBv1
warning: Erdos9796Proof/P97/N4d/ExcludesFormBv1.lean:177:64: try 'simp' instead of 'simpa'

Note: This linter can be disabled with `set_option linter.unnecessarySimpa false`
warning: Erdos9796Proof/P97/N4d/ExcludesFormBv1.lean:780:32: try 'simp' instead of 'simpa'

Note: This linter can be disabled with `set_option linter.unnecessarySimpa false`
warning: Erdos9796Proof/P97/N4d/ExcludesFormBv1.lean:786:32: try 'simp' instead of 'simpa'

Note: This linter can be disabled with `set_option linter.unnecessarySimpa false`
warning: Erdos9796Proof/P97/N4d/ExcludesFormBv1.lean:812:32: try 'simp' instead of 'simpa'

Note: This linter can be disabled with `set_option linter.unnecessarySimpa false`
warning: Erdos9796Proof/P97/N4d/ExcludesFormBv1.lean:818:32: try 'simp' instead of 'simpa'

Note: This linter can be disabled with `set_option linter.unnecessarySimpa false`
warning: Erdos9796Proof/P97/N4d/ExcludesFormBv1.lean:837:0: This line exceeds the 100 character limit, please shorten it!

Note: This linter can be disabled with `set_option linter.style.longLine false`
warning: Erdos9796Proof/P97/N4d/ExcludesFormBv1.lean:861:0: This line exceeds the 100 character limit, please shorten it!

Note: This linter can be disabled with `set_option linter.style.longLine false`
⚠ [8288/8648] Replayed Erdos9796Proof.P97.N4d.FormCPEqCProducer
warning: Erdos9796Proof/P97/N4d/FormCPEqCProducer.lean:250:63: try 'simp' instead of 'simpa'

Note: This linter can be disabled with `set_option linter.unnecessarySimpa false`
warning: Erdos9796Proof/P97/N4d/FormCPEqCProducer.lean:276:64: try 'simp' instead of 'simpa'

Note: This linter can be disabled with `set_option linter.unnecessarySimpa false`
warning: Erdos9796Proof/P97/N4d/FormCPEqCProducer.lean:366:8: Used `tac1 <;> tac2` where `(tac1; tac2)` would suffice

Note: This linter can be disabled with `set_option linter.unnecessarySeqFocus false`
warning: Erdos9796Proof/P97/N4d/FormCPEqCProducer.lean:380:78: This simp argument is unused:
  Pi.add_apply

Hint: Omit it from the simp argument list.
  simp [halfShift, F, c, Problem97.CGN.vec2, EuclideanSpace.single_apply,̵ ̵P̵i̵.̵a̵d̵d̵_̵a̵p̵p̵l̵y̵]

Note: This linter can be disabled with `set_option linter.unusedSimpArgs false`
warning: Erdos9796Proof/P97/N4d/FormCPEqCProducer.lean:379:10: Used `tac1 <;> tac2` where `(tac1; tac2)` would suffice

Note: This linter can be disabled with `set_option linter.unnecessarySeqFocus false`
warning: Erdos9796Proof/P97/N4d/FormCPEqCProducer.lean:389:12: Used `tac1 <;> tac2` where `(tac1; tac2)` would suffice

Note: This linter can be disabled with `set_option linter.unnecessarySeqFocus false`
warning: Erdos9796Proof/P97/N4d/FormCPEqCProducer.lean:433:8: Used `tac1 <;> tac2` where `(tac1; tac2)` would suffice

Note: This linter can be disabled with `set_option linter.unnecessarySeqFocus false`
warning: Erdos9796Proof/P97/N4d/FormCPEqCProducer.lean:483:4: try 'simp' instead of 'simpa'

Note: This linter can be disabled with `set_option linter.unnecessarySimpa false`
warning: Erdos9796Proof/P97/N4d/FormCPEqCProducer.lean:446:14: Used `tac1 <;> tac2` where `(tac1; tac2)` would suffice

Note: This linter can be disabled with `set_option linter.unnecessarySeqFocus false`
warning: Erdos9796Proof/P97/N4d/FormCPEqCProducer.lean:451:14: Used `tac1 <;> tac2` where `(tac1; tac2)` would suffice

Note: This linter can be disabled with `set_option linter.unnecessarySeqFocus false`
warning: Erdos9796Proof/P97/N4d/FormCPEqCProducer.lean:456:10: Used `tac1 <;> tac2` where `(tac1; tac2)` would suffice

Note: This linter can be disabled with `set_option linter.unnecessarySeqFocus false`
warning: Erdos9796Proof/P97/N4d/FormCPEqCProducer.lean:529:10: try 'simp' instead of 'simpa'

Note: This linter can be disabled with `set_option linter.unnecessarySimpa false`
warning: Erdos9796Proof/P97/N4d/FormCPEqCProducer.lean:533:10: try 'simp' instead of 'simpa'

Note: This linter can be disabled with `set_option linter.unnecessarySimpa false`
warning: Erdos9796Proof/P97/N4d/FormCPEqCProducer.lean:538:8: try 'simp' instead of 'simpa'

Note: This linter can be disabled with `set_option linter.unnecessarySimpa false`
warning: Erdos9796Proof/P97/N4d/FormCPEqCProducer.lean:541:8: try 'simp' instead of 'simpa'

Note: This linter can be disabled with `set_option linter.unnecessarySimpa false`
warning: Erdos9796Proof/P97/N4d/FormCPEqCProducer.lean:502:12: unused variable `tau0`

Note: This linter can be disabled with `set_option linter.unusedVariables false`
warning: Erdos9796Proof/P97/N4d/FormCPEqCProducer.lean:531:14: this tactic is never executed

Note: This linter can be disabled with `set_option linter.unreachableTactic false`
warning: Erdos9796Proof/P97/N4d/FormCPEqCProducer.lean:535:14: this tactic is never executed

Note: This linter can be disabled with `set_option linter.unreachableTactic false`
warning: Erdos9796Proof/P97/N4d/FormCPEqCProducer.lean:593:10: Used `tac1 <;> tac2` where `(tac1; tac2)` would suffice

Note: This linter can be disabled with `set_option linter.unnecessarySeqFocus false`
warning: Erdos9796Proof/P97/N4d/FormCPEqCProducer.lean:611:10: Used `tac1 <;> tac2` where `(tac1; tac2)` would suffice

Note: This linter can be disabled with `set_option linter.unnecessarySeqFocus false`
warning: Erdos9796Proof/P97/N4d/FormCPEqCProducer.lean:576:12: 'simp [A2] at hxA' is a flexible tactic modifying 'hxA'. Try 'simp?' and use the suggested 'simp only [...]'. Alternatively, use `suffices` to explicitly state the simplified form.

Note: This linter can be disabled with `set_option linter.flexible false`
info: Erdos9796Proof/P97/N4d/FormCPEqCProducer.lean:577:12: 'rcases hxA with rfl | rfl' uses 'hxA'!
warning: Erdos9796Proof/P97/N4d/FormCPEqCProducer.lean:531:14: 'simpa [div_eq_mul_inv, mul_comm, mul_left_comm, mul_assoc] using
  (dist_midpoint_left (𝕜 := ℝ) q1 q2)' tactic does nothing

Note: This linter can be disabled with `set_option linter.unusedTactic false`
warning: Erdos9796Proof/P97/N4d/FormCPEqCProducer.lean:535:14: 'simpa [div_eq_mul_inv, mul_comm, mul_left_comm, mul_assoc] using
  (dist_midpoint_right (𝕜 := ℝ) q1 q2)' tactic does nothing

Note: This linter can be disabled with `set_option linter.unusedTactic false`
warning: Erdos9796Proof/P97/N4d/FormCPEqCProducer.lean:538:0: This line exceeds the 100 character limit, please shorten it!

Note: This linter can be disabled with `set_option linter.style.longLine false`
warning: Erdos9796Proof/P97/N4d/FormCPEqCProducer.lean:541:0: This line exceeds the 100 character limit, please shorten it!

Note: This linter can be disabled with `set_option linter.style.longLine false`
warning: Erdos9796Proof/P97/N4d/FormCPEqCProducer.lean:546:0: This line exceeds the 100 character limit, please shorten it!

Note: This linter can be disabled with `set_option linter.style.longLine false`
warning: Erdos9796Proof/P97/N4d/FormCPEqCProducer.lean:548:0: This line exceeds the 100 character limit, please shorten it!

Note: This linter can be disabled with `set_option linter.style.longLine false`
warning: Erdos9796Proof/P97/N4d/FormCPEqCProducer.lean:561:0: This line exceeds the 100 character limit, please shorten it!

Note: This linter can be disabled with `set_option linter.style.longLine false`
warning: Erdos9796Proof/P97/N4d/FormCPEqCProducer.lean:770:48: This simp argument is unused:
  EuclideanSpace.single_apply

Hint: Omit it from the simp argument list.
  simp only [halfShift, Problem97.CGN.vec2,̵ ̵E̵u̵c̵l̵i̵d̵e̵a̵n̵S̵p̵a̵c̵e̵.̵s̵i̵n̵g̵l̵e̵_̵a̵p̵p̵l̵y̵]

Note: This linter can be disabled with `set_option linter.unusedSimpArgs false`
warning: Erdos9796Proof/P97/N4d/FormCPEqCProducer.lean:847:48: This simp argument is unused:
  EuclideanSpace.single_apply

Hint: Omit it from the simp argument list.
  simp only [halfShift, Problem97.CGN.vec2,̵ ̵E̵u̵c̵l̵i̵d̵e̵a̵n̵S̵p̵a̵c̵e̵.̵s̵i̵n̵g̵l̵e̵_̵a̵p̵p̵l̵y̵]

Note: This linter can be disabled with `set_option linter.unusedSimpArgs false`
warning: Erdos9796Proof/P97/N4d/FormCPEqCProducer.lean:1022:44: This simp argument is unused:
  EuclideanSpace.single_apply

Hint: Omit it from the simp argument list.
  simp only [flipY, Problem97.CGN.vec2,̵ ̵E̵u̵c̵l̵i̵d̵e̵a̵n̵S̵p̵a̵c̵e̵.̵s̵i̵n̵g̵l̵e̵_̵a̵p̵p̵l̵y̵]

Note: This linter can be disabled with `set_option linter.unusedSimpArgs false`
warning: Erdos9796Proof/P97/N4d/FormCPEqCProducer.lean:762:12: Used `tac1 <;> tac2` where `(tac1; tac2)` would suffice

Note: This linter can be disabled with `set_option linter.unnecessarySeqFocus false`
warning: Erdos9796Proof/P97/N4d/FormCPEqCProducer.lean:766:12: Used `tac1 <;> tac2` where `(tac1; tac2)` would suffice

Note: This linter can be disabled with `set_option linter.unnecessarySeqFocus false`
warning: Erdos9796Proof/P97/N4d/FormCPEqCProducer.lean:899:16: Used `tac1 <;> tac2` where `(tac1; tac2)` would suffice

Note: This linter can be disabled with `set_option linter.unnecessarySeqFocus false`
warning: Erdos9796Proof/P97/N4d/FormCPEqCProducer.lean:927:16: Used `tac1 <;> tac2` where `(tac1; tac2)` would suffice

Note: This linter can be disabled with `set_option linter.unnecessarySeqFocus false`
warning: Erdos9796Proof/P97/N4d/FormCPEqCProducer.lean:1004:12: Used `tac1 <;> tac2` where `(tac1; tac2)` would suffice

Note: This linter can be disabled with `set_option linter.unnecessarySeqFocus false`
warning: Erdos9796Proof/P97/N4d/FormCPEqCProducer.lean:1014:12: Used `tac1 <;> tac2` where `(tac1; tac2)` would suffice

Note: This linter can be disabled with `set_option linter.unnecessarySeqFocus false`
warning: Erdos9796Proof/P97/N4d/FormCPEqCProducer.lean:1018:12: Used `tac1 <;> tac2` where `(tac1; tac2)` would suffice

Note: This linter can be disabled with `set_option linter.unnecessarySeqFocus false`
⚠ [8290/8648] Replayed Erdos9796Proof.P97.N4d.FormCcB1UpperArc
warning: Erdos9796Proof/P97/N4d/FormCcB1UpperArc.lean:264:10: try 'simp' instead of 'simpa'

Note: This linter can be disabled with `set_option linter.unnecessarySimpa false`
warning: Erdos9796Proof/P97/N4d/FormCcB1UpperArc.lean:274:4: try 'simp' instead of 'simpa'

Note: This linter can be disabled with `set_option linter.unnecessarySimpa false`
warning: Erdos9796Proof/P97/N4d/FormCcB1UpperArc.lean:276:4: try 'simp' instead of 'simpa'

Note: This linter can be disabled with `set_option linter.unnecessarySimpa false`
warning: Erdos9796Proof/P97/N4d/FormCcB1UpperArc.lean:278:4: try 'simp' instead of 'simpa'

Note: This linter can be disabled with `set_option linter.unnecessarySimpa false`
warning: Erdos9796Proof/P97/N4d/FormCcB1UpperArc.lean:621:4: try 'simp' instead of 'simpa'

Note: This linter can be disabled with `set_option linter.unnecessarySimpa false`
warning: Erdos9796Proof/P97/N4d/FormCcB1UpperArc.lean:623:4: try 'simp' instead of 'simpa'

Note: This linter can be disabled with `set_option linter.unnecessarySimpa false`
warning: Erdos9796Proof/P97/N4d/FormCcB1UpperArc.lean:642:4: try 'simp' instead of 'simpa'

Note: This linter can be disabled with `set_option linter.unnecessarySimpa false`
warning: Erdos9796Proof/P97/N4d/FormCcB1UpperArc.lean:687:8: try 'simp' instead of 'simpa'

Note: This linter can be disabled with `set_option linter.unnecessarySimpa false`
warning: Erdos9796Proof/P97/N4d/FormCcB1UpperArc.lean:691:4: try 'simp' instead of 'simpa'

Note: This linter can be disabled with `set_option linter.unnecessarySimpa false`
warning: Erdos9796Proof/P97/N4d/FormCcB1UpperArc.lean:504:0: Please, add a comment explaining the need for modifying the maxHeartbeat limit, as in
set_option maxHeartbeats 4000000 in
-- reason for change
...

Note: This linter can be disabled with `set_option linter.style.maxHeartbeats false`
warning: Erdos9796Proof/P97/N4d/FormCcB1UpperArc.lean:870:8: Used `tac1 <;> tac2` where `(tac1; tac2)` would suffice

Note: This linter can be disabled with `set_option linter.unnecessarySeqFocus false`
warning: Erdos9796Proof/P97/N4d/FormCcB1UpperArc.lean:884:78: This simp argument is unused:
  Pi.add_apply

Hint: Omit it from the simp argument list.
  simp [halfShift, F, c, Problem97.CGN.vec2, EuclideanSpace.single_apply,̵ ̵P̵i̵.̵a̵d̵d̵_̵a̵p̵p̵l̵y̵]

Note: This linter can be disabled with `set_option linter.unusedSimpArgs false`
warning: Erdos9796Proof/P97/N4d/FormCcB1UpperArc.lean:883:10: Used `tac1 <;> tac2` where `(tac1; tac2)` would suffice

Note: This linter can be disabled with `set_option linter.unnecessarySeqFocus false`
warning: Erdos9796Proof/P97/N4d/FormCcB1UpperArc.lean:893:12: Used `tac1 <;> tac2` where `(tac1; tac2)` would suffice

Note: This linter can be disabled with `set_option linter.unnecessarySeqFocus false`
warning: Erdos9796Proof/P97/N4d/FormCcB1UpperArc.lean:937:8: Used `tac1 <;> tac2` where `(tac1; tac2)` would suffice

Note: This linter can be disabled with `set_option linter.unnecessarySeqFocus false`
warning: Erdos9796Proof/P97/N4d/FormCcB1UpperArc.lean:987:4: try 'simp' instead of 'simpa'

Note: This linter can be disabled with `set_option linter.unnecessarySimpa false`
warning: Erdos9796Proof/P97/N4d/FormCcB1UpperArc.lean:950:14: Used `tac1 <;> tac2` where `(tac1; tac2)` would suffice

Note: This linter can be disabled with `set_option linter.unnecessarySeqFocus false`
warning: Erdos9796Proof/P97/N4d/FormCcB1UpperArc.lean:955:14: Used `tac1 <;> tac2` where `(tac1; tac2)` would suffice

Note: This linter can be disabled with `set_option linter.unnecessarySeqFocus false`
warning: Erdos9796Proof/P97/N4d/FormCcB1UpperArc.lean:960:10: Used `tac1 <;> tac2` where `(tac1; tac2)` would suffice

Note: This linter can be disabled with `set_option linter.unnecessarySeqFocus false`
warning: Erdos9796Proof/P97/N4d/FormCcB1UpperArc.lean:1033:10: try 'simp' instead of 'simpa'

Note: This linter can be disabled with `set_option linter.unnecessarySimpa false`
warning: Erdos9796Proof/P97/N4d/FormCcB1UpperArc.lean:1037:10: try 'simp' instead of 'simpa'

Note: This linter can be disabled with `set_option linter.unnecessarySimpa false`
warning: Erdos9796Proof/P97/N4d/FormCcB1UpperArc.lean:1042:8: try 'simp' instead of 'simpa'

Note: This linter can be disabled with `set_option linter.unnecessarySimpa false`
warning: Erdos9796Proof/P97/N4d/FormCcB1UpperArc.lean:1046:8: try 'simp' instead of 'simpa'

Note: This linter can be disabled with `set_option linter.unnecessarySimpa false`
warning: Erdos9796Proof/P97/N4d/FormCcB1UpperArc.lean:1006:12: unused variable `tau0`

Note: This linter can be disabled with `set_option linter.unusedVariables false`
warning: Erdos9796Proof/P97/N4d/FormCcB1UpperArc.lean:1035:14: this tactic is never executed

Note: This linter can be disabled with `set_option linter.unreachableTactic false`
warning: Erdos9796Proof/P97/N4d/FormCcB1UpperArc.lean:1039:14: this tactic is never executed

Note: This linter can be disabled with `set_option linter.unreachableTactic false`
warning: Erdos9796Proof/P97/N4d/FormCcB1UpperArc.lean:1102:10: Used `tac1 <;> tac2` where `(tac1; tac2)` would suffice

Note: This linter can be disabled with `set_option linter.unnecessarySeqFocus false`
warning: Erdos9796Proof/P97/N4d/FormCcB1UpperArc.lean:1120:10: Used `tac1 <;> tac2` where `(tac1; tac2)` would suffice

Note: This linter can be disabled with `set_option linter.unnecessarySeqFocus false`
warning: Erdos9796Proof/P97/N4d/FormCcB1UpperArc.lean:1085:12: 'simp [A2] at hxA' is a flexible tactic modifying 'hxA'. Try 'simp?' and use the suggested 'simp only [...]'. Alternatively, use `suffices` to explicitly state the simplified form.

Note: This linter can be disabled with `set_option linter.flexible false`
info: Erdos9796Proof/P97/N4d/FormCcB1UpperArc.lean:1086:12: 'rcases hxA with rfl | rfl' uses 'hxA'!
warning: Erdos9796Proof/P97/N4d/FormCcB1UpperArc.lean:1035:14: 'simpa [div_eq_mul_inv, mul_comm, mul_left_comm, mul_assoc] using
  (dist_midpoint_left (𝕜 := ℝ) q1 q2)' tactic does nothing

Note: This linter can be disabled with `set_option linter.unusedTactic false`
warning: Erdos9796Proof/P97/N4d/FormCcB1UpperArc.lean:1039:14: 'simpa [div_eq_mul_inv, mul_comm, mul_left_comm, mul_assoc] using
  (dist_midpoint_right (𝕜 := ℝ) q1 q2)' tactic does nothing

Note: This linter can be disabled with `set_option linter.unusedTactic false`
warning: Erdos9796Proof/P97/N4d/FormCcB1UpperArc.lean:1235:21: unused variable `tau`

Note: This linter can be disabled with `set_option linter.unusedVariables false`
warning: Erdos9796Proof/P97/N4d/FormCcB1UpperArc.lean:1244:76: this tactic is never executed

Note: This linter can be disabled with `set_option linter.unreachableTactic false`
warning: Erdos9796Proof/P97/N4d/FormCcB1UpperArc.lean:1247:76: this tactic is never executed

Note: This linter can be disabled with `set_option linter.unreachableTactic false`
warning: Erdos9796Proof/P97/N4d/FormCcB1UpperArc.lean:1243:10: Used `tac1 <;> tac2` where `(tac1; tac2)` would suffice

Note: This linter can be disabled with `set_option linter.unnecessarySeqFocus false`
warning: Erdos9796Proof/P97/N4d/FormCcB1UpperArc.lean:1246:10: Used `tac1 <;> tac2` where `(tac1; tac2)` would suffice

Note: This linter can be disabled with `set_option linter.unnecessarySeqFocus false`
warning: Erdos9796Proof/P97/N4d/FormCcB1UpperArc.lean:1289:12: Used `tac1 <;> tac2` where `(tac1; tac2)` would suffice

Note: This linter can be disabled with `set_option linter.unnecessarySeqFocus false`
warning: Erdos9796Proof/P97/N4d/FormCcB1UpperArc.lean:1292:12: Used `tac1 <;> tac2` where `(tac1; tac2)` would suffice

Note: This linter can be disabled with `set_option linter.unnecessarySeqFocus false`
warning: Erdos9796Proof/P97/N4d/FormCcB1UpperArc.lean:1244:76: 'norm_num' tactic does nothing

Note: This linter can be disabled with `set_option linter.unusedTactic false`
warning: Erdos9796Proof/P97/N4d/FormCcB1UpperArc.lean:1247:76: 'norm_num' tactic does nothing

Note: This linter can be disabled with `set_option linter.unusedTactic false`
warning: Erdos9796Proof/P97/N4d/FormCcB1UpperArc.lean:3002:16: Try `simp at hone` instead of `simpa using hone`

Note: This linter can be disabled with `set_option linter.unnecessarySimpa false`
⚠ [8291/8648] Replayed Erdos9796Proof.P97.N4d.FormCcA3QeqC
warning: Erdos9796Proof/P97/N4d/FormCcA3QeqC.lean:136:63: try 'simp' instead of 'simpa'

Note: This linter can be disabled with `set_option linter.unnecessarySimpa false`
warning: Erdos9796Proof/P97/N4d/FormCcA3QeqC.lean:162:64: try 'simp' instead of 'simpa'

Note: This linter can be disabled with `set_option linter.unnecessarySimpa false`
warning: Erdos9796Proof/P97/N4d/FormCcA3QeqC.lean:384:4: try 'simp' instead of 'simpa'

Note: This linter can be disabled with `set_option linter.unnecessarySimpa false`
warning: Erdos9796Proof/P97/N4d/FormCcA3QeqC.lean:386:4: try 'simp' instead of 'simpa'

Note: This linter can be disabled with `set_option linter.unnecessarySimpa false`
warning: Erdos9796Proof/P97/N4d/FormCcA3QeqC.lean:405:4: try 'simp' instead of 'simpa'

Note: This linter can be disabled with `set_option linter.unnecessarySimpa false`
warning: Erdos9796Proof/P97/N4d/FormCcA3QeqC.lean:450:8: try 'simp' instead of 'simpa'

Note: This linter can be disabled with `set_option linter.unnecessarySimpa false`
warning: Erdos9796Proof/P97/N4d/FormCcA3QeqC.lean:454:4: try 'simp' instead of 'simpa'

Note: This linter can be disabled with `set_option linter.unnecessarySimpa false`
warning: Erdos9796Proof/P97/N4d/FormCcA3QeqC.lean:267:0: Please, add a comment explaining the need for modifying the maxHeartbeat limit, as in
set_option maxHeartbeats 4000000 in
-- reason for change
...

Note: This linter can be disabled with `set_option linter.style.maxHeartbeats false`
warning: Erdos9796Proof/P97/N4d/FormCcA3QeqC.lean:638:8: Used `tac1 <;> tac2` where `(tac1; tac2)` would suffice

Note: This linter can be disabled with `set_option linter.unnecessarySeqFocus false`
warning: Erdos9796Proof/P97/N4d/FormCcA3QeqC.lean:652:78: This simp argument is unused:
  Pi.add_apply

Hint: Omit it from the simp argument list.
  simp [halfShift, F, c, Problem97.CGN.vec2, EuclideanSpace.single_apply,̵ ̵P̵i̵.̵a̵d̵d̵_̵a̵p̵p̵l̵y̵]

Note: This linter can be disabled with `set_option linter.unusedSimpArgs false`
warning: Erdos9796Proof/P97/N4d/FormCcA3QeqC.lean:651:10: Used `tac1 <;> tac2` where `(tac1; tac2)` would suffice

Note: This linter can be disabled with `set_option linter.unnecessarySeqFocus false`
warning: Erdos9796Proof/P97/N4d/FormCcA3QeqC.lean:661:12: Used `tac1 <;> tac2` where `(tac1; tac2)` would suffice

Note: This linter can be disabled with `set_option linter.unnecessarySeqFocus false`
warning: Erdos9796Proof/P97/N4d/FormCcA3QeqC.lean:705:8: Used `tac1 <;> tac2` where `(tac1; tac2)` would suffice

Note: This linter can be disabled with `set_option linter.unnecessarySeqFocus false`
warning: Erdos9796Proof/P97/N4d/FormCcA3QeqC.lean:755:4: try 'simp' instead of 'simpa'

Note: This linter can be disabled with `set_option linter.unnecessarySimpa false`
warning: Erdos9796Proof/P97/N4d/FormCcA3QeqC.lean:718:14: Used `tac1 <;> tac2` where `(tac1; tac2)` would suffice

Note: This linter can be disabled with `set_option linter.unnecessarySeqFocus false`
warning: Erdos9796Proof/P97/N4d/FormCcA3QeqC.lean:723:14: Used `tac1 <;> tac2` where `(tac1; tac2)` would suffice

Note: This linter can be disabled with `set_option linter.unnecessarySeqFocus false`
warning: Erdos9796Proof/P97/N4d/FormCcA3QeqC.lean:728:10: Used `tac1 <;> tac2` where `(tac1; tac2)` would suffice

Note: This linter can be disabled with `set_option linter.unnecessarySeqFocus false`
warning: Erdos9796Proof/P97/N4d/FormCcA3QeqC.lean:801:10: try 'simp' instead of 'simpa'

Note: This linter can be disabled with `set_option linter.unnecessarySimpa false`
warning: Erdos9796Proof/P97/N4d/FormCcA3QeqC.lean:805:10: try 'simp' instead of 'simpa'

Note: This linter can be disabled with `set_option linter.unnecessarySimpa false`
warning: Erdos9796Proof/P97/N4d/FormCcA3QeqC.lean:810:8: try 'simp' instead of 'simpa'

Note: This linter can be disabled with `set_option linter.unnecessarySimpa false`
warning: Erdos9796Proof/P97/N4d/FormCcA3QeqC.lean:813:8: try 'simp' instead of 'simpa'

Note: This linter can be disabled with `set_option linter.unnecessarySimpa false`
warning: Erdos9796Proof/P97/N4d/FormCcA3QeqC.lean:774:12: unused variable `tau0`

Note: This linter can be disabled with `set_option linter.unusedVariables false`
warning: Erdos9796Proof/P97/N4d/FormCcA3QeqC.lean:803:14: this tactic is never executed

Note: This linter can be disabled with `set_option linter.unreachableTactic false`
warning: Erdos9796Proof/P97/N4d/FormCcA3QeqC.lean:807:14: this tactic is never executed

Note: This linter can be disabled with `set_option linter.unreachableTactic false`
warning: Erdos9796Proof/P97/N4d/FormCcA3QeqC.lean:865:10: Used `tac1 <;> tac2` where `(tac1; tac2)` would suffice

Note: This linter can be disabled with `set_option linter.unnecessarySeqFocus false`
warning: Erdos9796Proof/P97/N4d/FormCcA3QeqC.lean:883:10: Used `tac1 <;> tac2` where `(tac1; tac2)` would suffice

Note: This linter can be disabled with `set_option linter.unnecessarySeqFocus false`
warning: Erdos9796Proof/P97/N4d/FormCcA3QeqC.lean:848:12: 'simp [A2] at hxA' is a flexible tactic modifying 'hxA'. Try 'simp?' and use the suggested 'simp only [...]'. Alternatively, use `suffices` to explicitly state the simplified form.

Note: This linter can be disabled with `set_option linter.flexible false`
info: Erdos9796Proof/P97/N4d/FormCcA3QeqC.lean:849:12: 'rcases hxA with rfl | rfl' uses 'hxA'!
warning: Erdos9796Proof/P97/N4d/FormCcA3QeqC.lean:803:14: 'simpa [div_eq_mul_inv, mul_comm, mul_left_comm, mul_assoc] using
  (dist_midpoint_left (𝕜 := ℝ) q1 q2)' tactic does nothing

Note: This linter can be disabled with `set_option linter.unusedTactic false`
warning: Erdos9796Proof/P97/N4d/FormCcA3QeqC.lean:807:14: 'simpa [div_eq_mul_inv, mul_comm, mul_left_comm, mul_assoc] using
  (dist_midpoint_right (𝕜 := ℝ) q1 q2)' tactic does nothing

Note: This linter can be disabled with `set_option linter.unusedTactic false`
warning: Erdos9796Proof/P97/N4d/FormCcA3QeqC.lean:810:0: This line exceeds the 100 character limit, please shorten it!

Note: This linter can be disabled with `set_option linter.style.longLine false`
warning: Erdos9796Proof/P97/N4d/FormCcA3QeqC.lean:813:0: This line exceeds the 100 character limit, please shorten it!

Note: This linter can be disabled with `set_option linter.style.longLine false`
warning: Erdos9796Proof/P97/N4d/FormCcA3QeqC.lean:818:0: This line exceeds the 100 character limit, please shorten it!

Note: This linter can be disabled with `set_option linter.style.longLine false`
warning: Erdos9796Proof/P97/N4d/FormCcA3QeqC.lean:820:0: This line exceeds the 100 character limit, please shorten it!

Note: This linter can be disabled with `set_option linter.style.longLine false`
warning: Erdos9796Proof/P97/N4d/FormCcA3QeqC.lean:833:0: This line exceeds the 100 character limit, please shorten it!

Note: This linter can be disabled with `set_option linter.style.longLine false`
warning: Erdos9796Proof/P97/N4d/FormCcA3QeqC.lean:902:17: unused variable `hr`

Note: This linter can be disabled with `set_option linter.unusedVariables false`
warning: Erdos9796Proof/P97/N4d/FormCcA3QeqC.lean:903:37: unused variable `hsinθ`

Note: This linter can be disabled with `set_option linter.unusedVariables false`
warning: Erdos9796Proof/P97/N4d/FormCcA3QeqC.lean:998:12: Used `tac1 <;> tac2` where `(tac1; tac2)` would suffice

Note: This linter can be disabled with `set_option linter.unnecessarySeqFocus false`
warning: Erdos9796Proof/P97/N4d/FormCcA3QeqC.lean:1201:48: This simp argument is unused:
  EuclideanSpace.single_apply

Hint: Omit it from the simp argument list.
  simp only [halfShift, Problem97.CGN.vec2,̵ ̵E̵u̵c̵l̵i̵d̵e̵a̵n̵S̵p̵a̵c̵e̵.̵s̵i̵n̵g̵l̵e̵_̵a̵p̵p̵l̵y̵]

Note: This linter can be disabled with `set_option linter.unusedSimpArgs false`
warning: Erdos9796Proof/P97/N4d/FormCcA3QeqC.lean:1283:48: This simp argument is unused:
  EuclideanSpace.single_apply

Hint: Omit it from the simp argument list.
  simp only [halfShift, Problem97.CGN.vec2,̵ ̵E̵u̵c̵l̵i̵d̵e̵a̵n̵S̵p̵a̵c̵e̵.̵s̵i̵n̵g̵l̵e̵_̵a̵p̵p̵l̵y̵]

Note: This linter can be disabled with `set_option linter.unusedSimpArgs false`
warning: Erdos9796Proof/P97/N4d/FormCcA3QeqC.lean:1315:48: This simp argument is unused:
  EuclideanSpace.single_apply

Hint: Omit it from the simp argument list.
  simp only [halfShift, Problem97.CGN.vec2,̵ ̵E̵u̵c̵l̵i̵d̵e̵a̵n̵S̵p̵a̵c̵e̵.̵s̵i̵n̵g̵l̵e̵_̵a̵p̵p̵l̵y̵]

Note: This linter can be disabled with `set_option linter.unusedSimpArgs false`
warning: Erdos9796Proof/P97/N4d/FormCcA3QeqC.lean:1493:44: This simp argument is unused:
  EuclideanSpace.single_apply

Hint: Omit it from the simp argument list.
  simp only [flipY, Problem97.CGN.vec2,̵ ̵E̵u̵c̵l̵i̵d̵e̵a̵n̵S̵p̵a̵c̵e̵.̵s̵i̵n̵g̵l̵e̵_̵a̵p̵p̵l̵y̵]

Note: This linter can be disabled with `set_option linter.unusedSimpArgs false`
warning: Erdos9796Proof/P97/N4d/FormCcA3QeqC.lean:1192:12: Used `tac1 <;> tac2` where `(tac1; tac2)` would suffice

Note: This linter can be disabled with `set_option linter.unnecessarySeqFocus false`
warning: Erdos9796Proof/P97/N4d/FormCcA3QeqC.lean:1196:12: Used `tac1 <;> tac2` where `(tac1; tac2)` would suffice

Note: This linter can be disabled with `set_option linter.unnecessarySeqFocus false`
warning: Erdos9796Proof/P97/N4d/FormCcA3QeqC.lean:1375:14: Used `tac1 <;> tac2` where `(tac1; tac2)` would suffice

Note: This linter can be disabled with `set_option linter.unnecessarySeqFocus false`
warning: Erdos9796Proof/P97/N4d/FormCcA3QeqC.lean:1485:12: Used `tac1 <;> tac2` where `(tac1; tac2)` would suffice

Note: This linter can be disabled with `set_option linter.unnecessarySeqFocus false`
warning: Erdos9796Proof/P97/N4d/FormCcA3QeqC.lean:1489:12: Used `tac1 <;> tac2` where `(tac1; tac2)` would suffice

Note: This linter can be disabled with `set_option linter.unnecessarySeqFocus false`
warning: Erdos9796Proof/P97/N4d/FormCcA3QeqC.lean:1538:14: unused variable `hp`

Note: This linter can be disabled with `set_option linter.unusedVariables false`
warning: Erdos9796Proof/P97/N4d/FormCcA3QeqC.lean:1539:5: unused variable `hpC1`

Note: This linter can be disabled with `set_option linter.unusedVariables false`
⚠ [8292/8648] Replayed Erdos9796Proof.P97.N4d.FormCQeqEb3PinClash
warning: Erdos9796Proof/P97/N4d/FormCQeqEb3PinClash.lean:105:8: Used `tac1 <;> tac2` where `(tac1; tac2)` would suffice

Note: This linter can be disabled with `set_option linter.unnecessarySeqFocus false`
warning: Erdos9796Proof/P97/N4d/FormCQeqEb3PinClash.lean:119:78: This simp argument is unused:
  Pi.add_apply

Hint: Omit it from the simp argument list.
  simp [halfShift, F, c, Problem97.CGN.vec2, EuclideanSpace.single_apply,̵ ̵P̵i̵.̵a̵d̵d̵_̵a̵p̵p̵l̵y̵]

Note: This linter can be disabled with `set_option linter.unusedSimpArgs false`
warning: Erdos9796Proof/P97/N4d/FormCQeqEb3PinClash.lean:118:10: Used `tac1 <;> tac2` where `(tac1; tac2)` would suffice

Note: This linter can be disabled with `set_option linter.unnecessarySeqFocus false`
warning: Erdos9796Proof/P97/N4d/FormCQeqEb3PinClash.lean:128:12: Used `tac1 <;> tac2` where `(tac1; tac2)` would suffice

Note: This linter can be disabled with `set_option linter.unnecessarySeqFocus false`
warning: Erdos9796Proof/P97/N4d/FormCQeqEb3PinClash.lean:172:8: Used `tac1 <;> tac2` where `(tac1; tac2)` would suffice

Note: This linter can be disabled with `set_option linter.unnecessarySeqFocus false`
warning: Erdos9796Proof/P97/N4d/FormCQeqEb3PinClash.lean:222:4: try 'simp' instead of 'simpa'

Note: This linter can be disabled with `set_option linter.unnecessarySimpa false`
warning: Erdos9796Proof/P97/N4d/FormCQeqEb3PinClash.lean:185:14: Used `tac1 <;> tac2` where `(tac1; tac2)` would suffice

Note: This linter can be disabled with `set_option linter.unnecessarySeqFocus false`
warning: Erdos9796Proof/P97/N4d/FormCQeqEb3PinClash.lean:190:14: Used `tac1 <;> tac2` where `(tac1; tac2)` would suffice

Note: This linter can be disabled with `set_option linter.unnecessarySeqFocus false`
warning: Erdos9796Proof/P97/N4d/FormCQeqEb3PinClash.lean:195:10: Used `tac1 <;> tac2` where `(tac1; tac2)` would suffice

Note: This linter can be disabled with `set_option linter.unnecessarySeqFocus false`
warning: Erdos9796Proof/P97/N4d/FormCQeqEb3PinClash.lean:269:10: try 'simp' instead of 'simpa'

Note: This linter can be disabled with `set_option linter.unnecessarySimpa false`
warning: Erdos9796Proof/P97/N4d/FormCQeqEb3PinClash.lean:273:10: try 'simp' instead of 'simpa'

Note: This linter can be disabled with `set_option linter.unnecessarySimpa false`
warning: Erdos9796Proof/P97/N4d/FormCQeqEb3PinClash.lean:278:8: try 'simp' instead of 'simpa'

Note: This linter can be disabled with `set_option linter.unnecessarySimpa false`
warning: Erdos9796Proof/P97/N4d/FormCQeqEb3PinClash.lean:282:8: try 'simp' instead of 'simpa'

Note: This linter can be disabled with `set_option linter.unnecessarySimpa false`
warning: Erdos9796Proof/P97/N4d/FormCQeqEb3PinClash.lean:241:12: unused variable `tau0`

Note: This linter can be disabled with `set_option linter.unusedVariables false`
warning: Erdos9796Proof/P97/N4d/FormCQeqEb3PinClash.lean:271:14: this tactic is never executed

Note: This linter can be disabled with `set_option linter.unreachableTactic false`
warning: Erdos9796Proof/P97/N4d/FormCQeqEb3PinClash.lean:275:14: this tactic is never executed

Note: This linter can be disabled with `set_option linter.unreachableTactic false`
warning: Erdos9796Proof/P97/N4d/FormCQeqEb3PinClash.lean:338:10: Used `tac1 <;> tac2` where `(tac1; tac2)` would suffice

Note: This linter can be disabled with `set_option linter.unnecessarySeqFocus false`
warning: Erdos9796Proof/P97/N4d/FormCQeqEb3PinClash.lean:356:10: Used `tac1 <;> tac2` where `(tac1; tac2)` would suffice

Note: This linter can be disabled with `set_option linter.unnecessarySeqFocus false`
warning: Erdos9796Proof/P97/N4d/FormCQeqEb3PinClash.lean:321:12: 'simp [A2] at hxA' is a flexible tactic modifying 'hxA'. Try 'simp?' and use the suggested 'simp only [...]'. Alternatively, use `suffices` to explicitly state the simplified form.

Note: This linter can be disabled with `set_option linter.flexible false`
info: Erdos9796Proof/P97/N4d/FormCQeqEb3PinClash.lean:322:12: 'rcases hxA with rfl | rfl' uses 'hxA'!
warning: Erdos9796Proof/P97/N4d/FormCQeqEb3PinClash.lean:271:14: 'simpa [div_eq_mul_inv, mul_comm, mul_left_comm, mul_assoc] using
  (dist_midpoint_left (𝕜 := ℝ) q1 q2)' tactic does nothing

Note: This linter can be disabled with `set_option linter.unusedTactic false`
warning: Erdos9796Proof/P97/N4d/FormCQeqEb3PinClash.lean:275:14: 'simpa [div_eq_mul_inv, mul_comm, mul_left_comm, mul_assoc] using
  (dist_midpoint_right (𝕜 := ℝ) q1 q2)' tactic does nothing

Note: This linter can be disabled with `set_option linter.unusedTactic false`
warning: Erdos9796Proof/P97/N4d/FormCQeqEb3PinClash.lean:578:63: try 'simp' instead of 'simpa'

Note: This linter can be disabled with `set_option linter.unnecessarySimpa false`
warning: Erdos9796Proof/P97/N4d/FormCQeqEb3PinClash.lean:604:64: try 'simp' instead of 'simpa'

Note: This linter can be disabled with `set_option linter.unnecessarySimpa false`
warning: Erdos9796Proof/P97/N4d/FormCQeqEb3PinClash.lean:636:21: unused variable `tau`

Note: This linter can be disabled with `set_option linter.unusedVariables false`
warning: Erdos9796Proof/P97/N4d/FormCQeqEb3PinClash.lean:645:76: this tactic is never executed

Note: This linter can be disabled with `set_option linter.unreachableTactic false`
warning: Erdos9796Proof/P97/N4d/FormCQeqEb3PinClash.lean:648:76: this tactic is never executed

Note: This linter can be disabled with `set_option linter.unreachableTactic false`
warning: Erdos9796Proof/P97/N4d/FormCQeqEb3PinClash.lean:644:10: Used `tac1 <;> tac2` where `(tac1; tac2)` would suffice

Note: This linter can be disabled with `set_option linter.unnecessarySeqFocus false`
warning: Erdos9796Proof/P97/N4d/FormCQeqEb3PinClash.lean:647:10: Used `tac1 <;> tac2` where `(tac1; tac2)` would suffice

Note: This linter can be disabled with `set_option linter.unnecessarySeqFocus false`
warning: Erdos9796Proof/P97/N4d/FormCQeqEb3PinClash.lean:687:12: Used `tac1 <;> tac2` where `(tac1; tac2)` would suffice

Note: This linter can be disabled with `set_option linter.unnecessarySeqFocus false`
warning: Erdos9796Proof/P97/N4d/FormCQeqEb3PinClash.lean:690:12: Used `tac1 <;> tac2` where `(tac1; tac2)` would suffice

Note: This linter can be disabled with `set_option linter.unnecessarySeqFocus false`
warning: Erdos9796Proof/P97/N4d/FormCQeqEb3PinClash.lean:645:76: 'norm_num' tactic does nothing

Note: This linter can be disabled with `set_option linter.unusedTactic false`
warning: Erdos9796Proof/P97/N4d/FormCQeqEb3PinClash.lean:648:76: 'norm_num' tactic does nothing

Note: This linter can be disabled with `set_option linter.unusedTactic false`
warning: Erdos9796Proof/P97/N4d/FormCQeqEb3PinClash.lean:709:0: Please, add a comment explaining the need for modifying the maxHeartbeat limit, as in
set_option maxHeartbeats 4000000 in
-- reason for change
...

Note: This linter can be disabled with `set_option linter.style.maxHeartbeats false`
warning: Erdos9796Proof/P97/N4d/FormCQeqEb3PinClash.lean:901:0: Please, add a comment explaining the need for modifying the maxHeartbeat limit, as in
set_option maxHeartbeats 2000000 in
-- reason for change
...

Note: This linter can be disabled with `set_option linter.style.maxHeartbeats false`
warning: Erdos9796Proof/P97/N4d/FormCQeqEb3PinClash.lean:948:0: This line exceeds the 100 character limit, please shorten it!

Note: This linter can be disabled with `set_option linter.style.longLine false`
warning: Erdos9796Proof/P97/N4d/FormCQeqEb3PinClash.lean:1066:5: unused variable `hb3C3`

Note: This linter can be disabled with `set_option linter.unusedVariables false`
⚠ [8293/8648] Replayed Erdos9796Proof.P97.N4d.ExcludesFormCv1
warning: Erdos9796Proof/P97/N4d/ExcludesFormCv1.lean:279:64: try 'simp' instead of 'simpa'

Note: This linter can be disabled with `set_option linter.unnecessarySimpa false`
warning: Erdos9796Proof/P97/N4d/ExcludesFormCv1.lean:396:6: Try `simp at this` instead of `simpa using this`

Note: This linter can be disabled with `set_option linter.unnecessarySimpa false`
warning: Erdos9796Proof/P97/N4d/ExcludesFormCv1.lean:400:6: Try `simp at this` instead of `simpa using this`

Note: This linter can be disabled with `set_option linter.unnecessarySimpa false`
warning: Erdos9796Proof/P97/N4d/ExcludesFormCv1.lean:404:6: Try `simp at this` instead of `simpa using this`

Note: This linter can be disabled with `set_option linter.unnecessarySimpa false`
warning: Erdos9796Proof/P97/N4d/ExcludesFormCv1.lean:408:6: Try `simp at this` instead of `simpa using this`

Note: This linter can be disabled with `set_option linter.unnecessarySimpa false`
warning: Erdos9796Proof/P97/N4d/ExcludesFormCv1.lean:425:8: Try `simp at this` instead of `simpa using this`

Note: This linter can be disabled with `set_option linter.unnecessarySimpa false`
warning: Erdos9796Proof/P97/N4d/ExcludesFormCv1.lean:471:6: Try `simp at this` instead of `simpa using this`

Note: This linter can be disabled with `set_option linter.unnecessarySimpa false`
warning: Erdos9796Proof/P97/N4d/ExcludesFormCv1.lean:475:6: Try `simp at this` instead of `simpa using this`

Note: This linter can be disabled with `set_option linter.unnecessarySimpa false`
warning: Erdos9796Proof/P97/N4d/ExcludesFormCv1.lean:479:6: Try `simp at this` instead of `simpa using this`

Note: This linter can be disabled with `set_option linter.unnecessarySimpa false`
warning: Erdos9796Proof/P97/N4d/ExcludesFormCv1.lean:483:6: Try `simp at this` instead of `simpa using this`

Note: This linter can be disabled with `set_option linter.unnecessarySimpa false`
warning: Erdos9796Proof/P97/N4d/ExcludesFormCv1.lean:500:8: Try `simp at this` instead of `simpa using this`

Note: This linter can be disabled with `set_option linter.unnecessarySimpa false`
warning: Erdos9796Proof/P97/N4d/ExcludesFormCv1.lean:443:20: This simp argument is unused:
  Fin.val_rev

Hint: Omit it from the simp argument list.
  simp [i1, i2,̵ ̵F̵i̵n̵.̵v̵a̵l̵_̵r̵e̵v̵]

Note: This linter can be disabled with `set_option linter.unusedSimpArgs false`
warning: Erdos9796Proof/P97/N4d/ExcludesFormCv1.lean:446:20: This simp argument is unused:
  Fin.val_rev

Hint: Omit it from the simp argument list.
  simp [i1, i2,̵ ̵F̵i̵n̵.̵v̵a̵l̵_̵r̵e̵v̵]

Note: This linter can be disabled with `set_option linter.unusedSimpArgs false`
warning: Erdos9796Proof/P97/N4d/ExcludesFormCv1.lean:449:20: This simp argument is unused:
  Fin.val_rev

Hint: Omit it from the simp argument list.
  simp [i0, i3,̵ ̵F̵i̵n̵.̵v̵a̵l̵_̵r̵e̵v̵]

Note: This linter can be disabled with `set_option linter.unusedSimpArgs false`
warning: Erdos9796Proof/P97/N4d/ExcludesFormCv1.lean:798:32: try 'simp' instead of 'simpa'

Note: This linter can be disabled with `set_option linter.unnecessarySimpa false`
warning: Erdos9796Proof/P97/N4d/ExcludesFormCv1.lean:801:32: try 'simp' instead of 'simpa'

Note: This linter can be disabled with `set_option linter.unnecessarySimpa false`
warning: Erdos9796Proof/P97/N4d/ExcludesFormCv1.lean:822:32: try 'simp' instead of 'simpa'

Note: This linter can be disabled with `set_option linter.unnecessarySimpa false`
warning: Erdos9796Proof/P97/N4d/ExcludesFormCv1.lean:825:32: try 'simp' instead of 'simpa'

Note: This linter can be disabled with `set_option linter.unnecessarySimpa false`
warning: Erdos9796Proof/P97/N4d/ExcludesFormCv1.lean:851:0: This line exceeds the 100 character limit, please shorten it!

Note: This linter can be disabled with `set_option linter.style.longLine false`
warning: Erdos9796Proof/P97/N4d/ExcludesFormCv1.lean:876:0: This line exceeds the 100 character limit, please shorten it!

Note: This linter can be disabled with `set_option linter.style.longLine false`
⚠ [8297/8648] Replayed Erdos9796Proof.P97.U2.OneHitMonotone
warning: Erdos9796Proof/P97/U2/OneHitMonotone.lean:107:71: missing space in the source

This part of the code
  'π/3) :'
should be written as
  'π / 3)'


Note: This linter can be disabled with `set_option linter.style.whitespace false`
warning: Erdos9796Proof/P97/U2/OneHitMonotone.lean:148:66: missing space in the source

This part of the code
  'π/3) :'
should be written as
  'π / 3)'


Note: This linter can be disabled with `set_option linter.style.whitespace false`
warning: Erdos9796Proof/P97/U2/OneHitMonotone.lean:162:64: missing space in the source

This part of the code
  'π/3)
 '
should be written as
  'π / 3)'


Note: This linter can be disabled with `set_option linter.style.whitespace false`
warning: Erdos9796Proof/P97/U2/OneHitMonotone.lean:164:34: missing space in the source

This part of the code
  '(0:ℝ) (π/3))'
should be written as
  '(0 : ℝ)'


Note: This linter can be disabled with `set_option linter.style.whitespace false`
warning: Erdos9796Proof/P97/U2/OneHitMonotone.lean:164:40: missing space in the source

This part of the code
  '(π/3))
'
should be written as
  '(π / 3))'


Note: This linter can be disabled with `set_option linter.style.whitespace false`
warning: Erdos9796Proof/P97/U2/OneHitMonotone.lean:172:0: This file has more than one module docstring (`/-! ... -/`). Only the first one is treated as module documentation; convert additional ones to regular comments (`/- ... -/`).

Note: This linter can be disabled with `set_option linter.style.moduleDocstring false`
warning: Erdos9796Proof/P97/U2/OneHitMonotone.lean:212:71: missing space in the source

This part of the code
  'π/3) :'
should be written as
  'π / 3)'


Note: This linter can be disabled with `set_option linter.style.whitespace false`
warning: Erdos9796Proof/P97/U2/OneHitMonotone.lean:273:66: missing space in the source

This part of the code
  'π/3) :'
should be written as
  'π / 3)'


Note: This linter can be disabled with `set_option linter.style.whitespace false`
warning: Erdos9796Proof/P97/U2/OneHitMonotone.lean:290:67: missing space in the source

This part of the code
  'π/3)
 '
should be written as
  'π / 3)'


Note: This linter can be disabled with `set_option linter.style.whitespace false`
warning: Erdos9796Proof/P97/U2/OneHitMonotone.lean:292:34: missing space in the source

This part of the code
  '(0:ℝ) (π/3))'
should be written as
  '(0 : ℝ)'


Note: This linter can be disabled with `set_option linter.style.whitespace false`
warning: Erdos9796Proof/P97/U2/OneHitMonotone.lean:292:40: missing space in the source

This part of the code
  '(π/3))
'
should be written as
  '(π / 3))'


Note: This linter can be disabled with `set_option linter.style.whitespace false`
⚠ [8298/8648] Replayed Erdos9796Proof.P97.U2.OneHitRealization
warning: Erdos9796Proof/P97/U2/OneHitRealization.lean:58:0: This file has more than one module docstring (`/-! ... -/`). Only the first one is treated as module documentation; convert additional ones to regular comments (`/- ... -/`).

Note: This linter can be disabled with `set_option linter.style.moduleDocstring false`
warning: Erdos9796Proof/P97/U2/OneHitRealization.lean:115:38: missing space in the source

This part of the code
  'π/3)
 '
should be written as
  'π / 3)'


Note: This linter can be disabled with `set_option linter.style.whitespace false`
warning: Erdos9796Proof/P97/U2/OneHitRealization.lean:116:50: missing space in the source

This part of the code
  '(0:ℝ) (π/3))'
should be written as
  '(0 : ℝ)'


Note: This linter can be disabled with `set_option linter.style.whitespace false`
warning: Erdos9796Proof/P97/U2/OneHitRealization.lean:116:56: missing space in the source

This part of the code
  '(π/3)) (hγmono'
should be written as
  '(π / 3))'


Note: This linter can be disabled with `set_option linter.style.whitespace false`
warning: Erdos9796Proof/P97/U2/OneHitRealization.lean:127:38: missing space in the source

This part of the code
  'π/3)
 '
should be written as
  'π / 3)'


Note: This linter can be disabled with `set_option linter.style.whitespace false`
warning: Erdos9796Proof/P97/U2/OneHitRealization.lean:128:50: missing space in the source

This part of the code
  '(0:ℝ) (π/3))'
should be written as
  '(0 : ℝ)'


Note: This linter can be disabled with `set_option linter.style.whitespace false`
warning: Erdos9796Proof/P97/U2/OneHitRealization.lean:128:56: missing space in the source

This part of the code
  '(π/3)) (hδanti'
should be written as
  '(π / 3))'


Note: This linter can be disabled with `set_option linter.style.whitespace false`
⚠ [8304/8648] Replayed Erdos9796Proof.P97.N8.N8CapCoordNorm
warning: Erdos9796Proof/P97/N8/N8CapCoordNorm.lean:633:22: 'simp [Fin.sum_univ_three] at hg'' is a flexible tactic modifying 'hg''. Try 'simp?' and use the suggested 'simp only [...]'. Alternatively, use `suffices` to explicitly state the simplified form.

Note: This linter can be disabled with `set_option linter.flexible false`
info: Erdos9796Proof/P97/N8/N8CapCoordNorm.lean:633:22: Try this:
  [apply] simp only [Fin.isValue] at hg'
info: Erdos9796Proof/P97/N8/N8CapCoordNorm.lean:634:6: 'convert hg' using 2' uses 'hg''!
warning: Erdos9796Proof/P97/N8/N8CapCoordNorm.lean:893:4: The `show` tactic should only be used to indicate intermediate goal states for readability.
However, this tactic invocation changed the goal. Please use `change` instead for these purposes.

Note: This linter can be disabled with `set_option linter.style.show false`
warning: Erdos9796Proof/P97/N8/N8CapCoordNorm.lean:911:4: The `show` tactic should only be used to indicate intermediate goal states for readability.
However, this tactic invocation changed the goal. Please use `change` instead for these purposes.

Note: This linter can be disabled with `set_option linter.style.show false`
warning: Erdos9796Proof/P97/N8/N8CapCoordNorm.lean:930:4: The `show` tactic should only be used to indicate intermediate goal states for readability.
However, this tactic invocation changed the goal. Please use `change` instead for these purposes.

Note: This linter can be disabled with `set_option linter.style.show false`
warning: Erdos9796Proof/P97/N8/N8CapCoordNorm.lean:1020:0: This line exceeds the 100 character limit, please shorten it!

Note: This linter can be disabled with `set_option linter.style.longLine false`
warning: Erdos9796Proof/P97/N8/N8CapCoordNorm.lean:975:4: The `show` tactic should only be used to indicate intermediate goal states for readability.
However, this tactic invocation changed the goal. Please use `change` instead for these purposes.

Note: This linter can be disabled with `set_option linter.style.show false`
warning: Erdos9796Proof/P97/N8/N8CapCoordNorm.lean:996:4: The `show` tactic should only be used to indicate intermediate goal states for readability.
However, this tactic invocation changed the goal. Please use `change` instead for these purposes.

Note: This linter can be disabled with `set_option linter.style.show false`
warning: Erdos9796Proof/P97/N8/N8CapCoordNorm.lean:1018:4: The `show` tactic should only be used to indicate intermediate goal states for readability.
However, this tactic invocation changed the goal. Please use `change` instead for these purposes.

Note: This linter can be disabled with `set_option linter.style.show false`
⚠ [8305/8648] Replayed Erdos9796Proof.P97.N8.N8kDistribution
warning: Erdos9796Proof/P97/N8/N8kDistribution.lean:33:0: This line exceeds the 100 character limit, please shorten it!

Note: This linter can be disabled with `set_option linter.style.longLine false`
warning: Erdos9796Proof/P97/N8/N8kDistribution.lean:238:0: This line exceeds the 100 character limit, please shorten it!

Note: This linter can be disabled with `set_option linter.style.longLine false`
warning: Erdos9796Proof/P97/N8/N8kDistribution.lean:319:0: This line exceeds the 100 character limit, please shorten it!

Note: This linter can be disabled with `set_option linter.style.longLine false`
warning: Erdos9796Proof/P97/N8/N8kDistribution.lean:835:5: unused variable `haA`

Note: This linter can be disabled with `set_option linter.unusedVariables false`
warning: Erdos9796Proof/P97/N8/N8kDistribution.lean:877:21: unused variable `hac`

Note: This linter can be disabled with `set_option linter.unusedVariables false`
warning: Erdos9796Proof/P97/N8/N8kDistribution.lean:878:35: unused variable `hcA`

Note: This linter can be disabled with `set_option linter.unusedVariables false`
warning: Erdos9796Proof/P97/N8/N8kDistribution.lean:880:20: unused variable `hxc`

Note: This linter can be disabled with `set_option linter.unusedVariables false`
warning: Erdos9796Proof/P97/N8/N8kDistribution.lean:895:0: This line exceeds the 100 character limit, please shorten it!

Note: This linter can be disabled with `set_option linter.style.longLine false`
warning: Erdos9796Proof/P97/N8/N8kDistribution.lean:902:0: This line exceeds the 100 character limit, please shorten it!

Note: This linter can be disabled with `set_option linter.style.longLine false`
warning: Erdos9796Proof/P97/N8/N8kDistribution.lean:919:43: unused variable `hr_pos`

Note: This linter can be disabled with `set_option linter.unusedVariables false`
warning: Erdos9796Proof/P97/N8/N8kDistribution.lean:940:0: This line exceeds the 100 character limit, please shorten it!

Note: This linter can be disabled with `set_option linter.style.longLine false`
warning: Erdos9796Proof/P97/N8/N8kDistribution.lean:942:0: This line exceeds the 100 character limit, please shorten it!

Note: This linter can be disabled with `set_option linter.style.longLine false`
warning: Erdos9796Proof/P97/N8/N8kDistribution.lean:944:0: This line exceeds the 100 character limit, please shorten it!

Note: This linter can be disabled with `set_option linter.style.longLine false`
warning: Erdos9796Proof/P97/N8/N8kDistribution.lean:955:0: This line exceeds the 100 character limit, please shorten it!

Note: This linter can be disabled with `set_option linter.style.longLine false`
warning: Erdos9796Proof/P97/N8/N8kDistribution.lean:965:0: This line exceeds the 100 character limit, please shorten it!

Note: This linter can be disabled with `set_option linter.style.longLine false`
warning: Erdos9796Proof/P97/N8/N8kDistribution.lean:967:0: This line exceeds the 100 character limit, please shorten it!

Note: This linter can be disabled with `set_option linter.style.longLine false`
warning: Erdos9796Proof/P97/N8/N8kDistribution.lean:968:0: This line exceeds the 100 character limit, please shorten it!

Note: This linter can be disabled with `set_option linter.style.longLine false`
warning: Erdos9796Proof/P97/N8/N8kDistribution.lean:977:0: This line exceeds the 100 character limit, please shorten it!

Note: This linter can be disabled with `set_option linter.style.longLine false`
warning: Erdos9796Proof/P97/N8/N8kDistribution.lean:978:0: This line exceeds the 100 character limit, please shorten it!

Note: This linter can be disabled with `set_option linter.style.longLine false`
warning: Erdos9796Proof/P97/N8/N8kDistribution.lean:981:0: This line exceeds the 100 character limit, please shorten it!

Note: This linter can be disabled with `set_option linter.style.longLine false`
warning: Erdos9796Proof/P97/N8/N8kDistribution.lean:983:0: This line exceeds the 100 character limit, please shorten it!

Note: This linter can be disabled with `set_option linter.style.longLine false`
warning: Erdos9796Proof/P97/N8/N8kDistribution.lean:984:0: This line exceeds the 100 character limit, please shorten it!

Note: This linter can be disabled with `set_option linter.style.longLine false`
warning: Erdos9796Proof/P97/N8/N8kDistribution.lean:992:0: This line exceeds the 100 character limit, please shorten it!

Note: This linter can be disabled with `set_option linter.style.longLine false`
warning: Erdos9796Proof/P97/N8/N8kDistribution.lean:1002:0: This line exceeds the 100 character limit, please shorten it!

Note: This linter can be disabled with `set_option linter.style.longLine false`
warning: Erdos9796Proof/P97/N8/N8kDistribution.lean:1011:0: This line exceeds the 100 character limit, please shorten it!

Note: This linter can be disabled with `set_option linter.style.longLine false`
warning: Erdos9796Proof/P97/N8/N8kDistribution.lean:1023:0: This line exceeds the 100 character limit, please shorten it!

Note: This linter can be disabled with `set_option linter.style.longLine false`
warning: Erdos9796Proof/P97/N8/N8kDistribution.lean:1025:0: This line exceeds the 100 character limit, please shorten it!

Note: This linter can be disabled with `set_option linter.style.longLine false`
warning: Erdos9796Proof/P97/N8/N8kDistribution.lean:1026:0: This line exceeds the 100 character limit, please shorten it!

Note: This linter can be disabled with `set_option linter.style.longLine false`
warning: Erdos9796Proof/P97/N8/N8kDistribution.lean:1035:0: This line exceeds the 100 character limit, please shorten it!

Note: This linter can be disabled with `set_option linter.style.longLine false`
warning: Erdos9796Proof/P97/N8/N8kDistribution.lean:1036:0: This line exceeds the 100 character limit, please shorten it!

Note: This linter can be disabled with `set_option linter.style.longLine false`
warning: Erdos9796Proof/P97/N8/N8kDistribution.lean:1039:0: This line exceeds the 100 character limit, please shorten it!

Note: This linter can be disabled with `set_option linter.style.longLine false`
warning: Erdos9796Proof/P97/N8/N8kDistribution.lean:1041:0: This line exceeds the 100 character limit, please shorten it!

Note: This linter can be disabled with `set_option linter.style.longLine false`
warning: Erdos9796Proof/P97/N8/N8kDistribution.lean:1042:0: This line exceeds the 100 character limit, please shorten it!

Note: This linter can be disabled with `set_option linter.style.longLine false`
warning: Erdos9796Proof/P97/N8/N8kDistribution.lean:1051:0: This line exceeds the 100 character limit, please shorten it!

Note: This linter can be disabled with `set_option linter.style.longLine false`
warning: Erdos9796Proof/P97/N8/N8kDistribution.lean:1057:0: This line exceeds the 100 character limit, please shorten it!

Note: This linter can be disabled with `set_option linter.style.longLine false`
warning: Erdos9796Proof/P97/N8/N8kDistribution.lean:1060:0: This line exceeds the 100 character limit, please shorten it!

Note: This linter can be disabled with `set_option linter.style.longLine false`
warning: Erdos9796Proof/P97/N8/N8kDistribution.lean:1061:0: This line exceeds the 100 character limit, please shorten it!

Note: This linter can be disabled with `set_option linter.style.longLine false`
warning: Erdos9796Proof/P97/N8/N8kDistribution.lean:1064:0: This line exceeds the 100 character limit, please shorten it!

Note: This linter can be disabled with `set_option linter.style.longLine false`
warning: Erdos9796Proof/P97/N8/N8kDistribution.lean:1066:0: This line exceeds the 100 character limit, please shorten it!

Note: This linter can be disabled with `set_option linter.style.longLine false`
warning: Erdos9796Proof/P97/N8/N8kDistribution.lean:1067:0: This line exceeds the 100 character limit, please shorten it!

Note: This linter can be disabled with `set_option linter.style.longLine false`
warning: Erdos9796Proof/P97/N8/N8kDistribution.lean:1076:0: This line exceeds the 100 character limit, please shorten it!

Note: This linter can be disabled with `set_option linter.style.longLine false`
warning: Erdos9796Proof/P97/N8/N8kDistribution.lean:1088:0: This line exceeds the 100 character limit, please shorten it!

Note: This linter can be disabled with `set_option linter.style.longLine false`
warning: Erdos9796Proof/P97/N8/N8kDistribution.lean:1090:0: This line exceeds the 100 character limit, please shorten it!

Note: This linter can be disabled with `set_option linter.style.longLine false`
warning: Erdos9796Proof/P97/N8/N8kDistribution.lean:1091:0: This line exceeds the 100 character limit, please shorten it!

Note: This linter can be disabled with `set_option linter.style.longLine false`
warning: Erdos9796Proof/P97/N8/N8kDistribution.lean:1372:59: This simp argument is unused:
  ite_false

Hint: Omit it from the simp argument list.
  simp only [ho_C1, ho_C2, ite_true,̵ ̵i̵t̵e̵_̵f̵a̵l̵s̵e̵] at hone

Note: This linter can be disabled with `set_option linter.unusedSimpArgs false`
warning: Erdos9796Proof/P97/N8/N8kDistribution.lean:1475:59: This simp argument is unused:
  ite_false

Hint: Omit it from the simp argument list.
  simp only [ho_C2, ho_C3, ite_true,̵ ̵i̵t̵e̵_̵f̵a̵l̵s̵e̵] at hone

Note: This linter can be disabled with `set_option linter.unusedSimpArgs false`
warning: Erdos9796Proof/P97/N8/N8kDistribution.lean:1576:59: This simp argument is unused:
  ite_false

Hint: Omit it from the simp argument list.
  simp only [ho_C1, ho_C3, ite_true,̵ ̵i̵t̵e̵_̵f̵a̵l̵s̵e̵] at hone

Note: This linter can be disabled with `set_option linter.unusedSimpArgs false`
warning: Erdos9796Proof/P97/N8/N8kDistribution.lean:1695:59: This simp argument is unused:
  ite_false

Hint: Omit it from the simp argument list.
  simp only [ho_C1, ho_C3, ite_true,̵ ̵i̵t̵e̵_̵f̵a̵l̵s̵e̵] at hone

Note: This linter can be disabled with `set_option linter.unusedSimpArgs false`
warning: Erdos9796Proof/P97/N8/N8kDistribution.lean:1804:59: This simp argument is unused:
  ite_false

Hint: Omit it from the simp argument list.
  simp only [ho_C1, ho_C2, ite_true,̵ ̵i̵t̵e̵_̵f̵a̵l̵s̵e̵] at hone

Note: This linter can be disabled with `set_option linter.unusedSimpArgs false`
warning: Erdos9796Proof/P97/N8/N8kDistribution.lean:1914:59: This simp argument is unused:
  ite_false

Hint: Omit it from the simp argument list.
  simp only [ho_C2, ho_C3, ite_true,̵ ̵i̵t̵e̵_̵f̵a̵l̵s̵e̵] at hone

Note: This linter can be disabled with `set_option linter.unusedSimpArgs false`
warning: Erdos9796Proof/P97/N8/N8kDistribution.lean:1098:0: Please, add a comment explaining the need for modifying the maxHeartbeat limit, as in
set_option maxHeartbeats 1600000 in
-- reason for change
...

Note: This linter can be disabled with `set_option linter.style.maxHeartbeats false`
warning: Erdos9796Proof/P97/N8/N8kDistribution.lean:1337:0: This line exceeds the 100 character limit, please shorten it!

Note: This linter can be disabled with `set_option linter.style.longLine false`
warning: Erdos9796Proof/P97/N8/N8kDistribution.lean:1341:0: This line exceeds the 100 character limit, please shorten it!

Note: This linter can be disabled with `set_option linter.style.longLine false`
warning: Erdos9796Proof/P97/N8/N8kDistribution.lean:1343:0: This line exceeds the 100 character limit, please shorten it!

Note: This linter can be disabled with `set_option linter.style.longLine false`
warning: Erdos9796Proof/P97/N8/N8kDistribution.lean:1344:0: This line exceeds the 100 character limit, please shorten it!

Note: This linter can be disabled with `set_option linter.style.longLine false`
warning: Erdos9796Proof/P97/N8/N8kDistribution.lean:1361:0: This line exceeds the 100 character limit, please shorten it!

Note: This linter can be disabled with `set_option linter.style.longLine false`
⚠ [8637/8648] Replayed Erdos9796Proof.P97.EndpointCertificate.GeometryProducer
warning: Erdos9796Proof/P97/EndpointCertificate/GeometryProducer.lean:917:0: This line exceeds the 100 character limit, please shorten it!

Note: This linter can be disabled with `set_option linter.style.longLine false`
warning: Erdos9796Proof/P97/EndpointCertificate/GeometryProducer.lean:1158:0: This line exceeds the 100 character limit, please shorten it!

Note: This linter can be disabled with `set_option linter.style.longLine false`
warning: Erdos9796Proof/P97/EndpointCertificate/GeometryProducer.lean:1568:0: This line exceeds the 100 character limit, please shorten it!

Note: This linter can be disabled with `set_option linter.style.longLine false`
warning: Erdos9796Proof/P97/EndpointCertificate/GeometryProducer.lean:1444:18: The `show` tactic should only be used to indicate intermediate goal states for readability.
However, this tactic invocation changed the goal. Please use `change` instead for these purposes.

Note: This linter can be disabled with `set_option linter.style.show false`
warning: Erdos9796Proof/P97/EndpointCertificate/GeometryProducer.lean:1821:0: This line exceeds the 100 character limit, please shorten it!

Note: This linter can be disabled with `set_option linter.style.longLine false`
warning: Erdos9796Proof/P97/EndpointCertificate/GeometryProducer.lean:1684:4: The `show` tactic should only be used to indicate intermediate goal states for readability.
However, this tactic invocation changed the goal. Please use `change` instead for these purposes.

Note: This linter can be disabled with `set_option linter.style.show false`
⚠ [8638/8648] Replayed Erdos9796Proof.P97.CapSelectedRowCounting
warning: Erdos9796Proof/P97/CapSelectedRowCounting.lean:707:42: This simp argument is unused:
  hfirstLast

Hint: Omit it from the simp argument list.
  simp [weight, Finset.sum_add_distrib, h̵f̵i̵r̵s̵t̵L̵a̵s̵t̵,̵ ̵Nat.add_assoc, Nat.add_comm, Nat.add_left_comm]

Note: This linter can be disabled with `set_option linter.unusedSimpArgs false`
warning: Erdos9796Proof/P97/CapSelectedRowCounting.lean:708:6: This simp argument is unused:
  Nat.add_comm

Hint: Omit it from the simp argument list.
  simp [weight, Finset.sum_add_distrib, hfirstLast, Nat.add_assoc, N̵a̵t̵.̵a̵d̵d̵_̵c̵o̵m̵m̵,̵ ̵Nat.add_left_comm]

Note: This linter can be disabled with `set_option linter.unusedSimpArgs false`
warning: Erdos9796Proof/P97/CapSelectedRowCounting.lean:708:20: This simp argument is unused:
  Nat.add_left_comm

Hint: Omit it from the simp argument list.
  simp [weight, Finset.sum_add_distrib, hfirstLast, Nat.add_assoc, N̵a̵t̵.̵a̵d̵d̵_̵c̵o̵m̵m̵,̵ ̵N̵a̵t̵.̵a̵d̵d̵_̵l̵e̵f̵t̵_̵c̵o̵m̵m̵]̵N̲a̲t̲.̲a̲d̲d̲_̲c̲o̲m̲m̲]̲

Note: This linter can be disabled with `set_option linter.unusedSimpArgs false`
warning: Erdos9796Proof/P97/CapSelectedRowCounting.lean:832:8: unused variable `Hside`

Note: This linter can be disabled with `set_option linter.unusedVariables false`
warning: Erdos9796Proof/P97/CapSelectedRowCounting.lean:833:8: unused variable `Hord`

Note: This linter can be disabled with `set_option linter.unusedVariables false`
warning: Erdos9796Proof/P97/CapSelectedRowCounting.lean:884:8: unused variable `Hside`

Note: This linter can be disabled with `set_option linter.unusedVariables false`
warning: Erdos9796Proof/P97/CapSelectedRowCounting.lean:885:8: unused variable `Hord`

Note: This linter can be disabled with `set_option linter.unusedVariables false`
⚠ [8640/8648] Replayed Erdos9796Proof.P97.U2EquilateralMECFromM44
warning: Erdos9796Proof/P97/U2EquilateralMECFromM44.lean:9:0: This file has no module docstring (`/-! ... -/`). Add one after the imports to document the file.

Note: This linter can be disabled with `set_option linter.style.moduleDocstring false`
⚠ [8641/8648] Replayed Erdos9796Proof.P97.U5ModeADeletion
warning: Erdos9796Proof/P97/U5ModeADeletion.lean:11:0: This file has no module docstring (`/-! ... -/`). Add one after the imports to document the file.

Note: This linter can be disabled with `set_option linter.style.moduleDocstring false`
ℹ [8645/8648] Replayed Erdos9796Proof.P97.ATail.CapCrossingKalmanson
info: Erdos9796Proof/P97/ATail/CapCrossingKalmanson.lean:456:0: 'Problem97.CapCrossingKalmansonBridge.exists_mem_openSegment_diagonals_of_ccw' depends on axioms: [propext,
 Classical.choice,
 Quot.sound]
info: Erdos9796Proof/P97/ATail/CapCrossingKalmanson.lean:457:0: 'Problem97.CapCrossingKalmansonBridge.dist_add_dist_lt_diagonal_sum_of_openSegment_diagonals' depends on axioms: [propext,
 Classical.choice,
 Quot.sound]
info: Erdos9796Proof/P97/ATail/CapCrossingKalmanson.lean:458:0: 'Problem97.CapCrossingKalmansonBridge.complementary_dist_add_dist_lt_diagonal_sum_of_openSegment_diagonals' depends on axioms: [propext,
 Classical.choice,
 Quot.sound]
info: Erdos9796Proof/P97/ATail/CapCrossingKalmanson.lean:459:0: 'Problem97.CapCrossingKalmansonBridge.dist_add_dist_lt_diagonal_sum_of_ccw' depends on axioms: [propext,
 Classical.choice,
 Quot.sound]
info: Erdos9796Proof/P97/ATail/CapCrossingKalmanson.lean:460:0: 'Problem97.CapCrossingKalmansonBridge.complementary_dist_add_dist_lt_diagonal_sum_of_ccw' depends on axioms: [propext,
 Classical.choice,
 Quot.sound]
info: Erdos9796Proof/P97/ATail/CapCrossingKalmanson.lean:461:0: 'Problem97.CapCrossingKalmansonBridge.dist_lt_of_ccw_of_dist_diagonal_eq_side' depends on axioms: [propext,
 Classical.choice,
 Quot.sound]
info: Erdos9796Proof/P97/ATail/CapCrossingKalmanson.lean:462:0: 'Problem97.CapCrossingKalmansonBridge.dist_first_side_lt_second_diagonal_of_ccw_of_dist_diagonal_eq_last_side' depends on axioms: [propext,
 Classical.choice,
 Quot.sound]
info: Erdos9796Proof/P97/ATail/CapCrossingKalmanson.lean:463:0: 'Problem97.CapCrossingKalmansonBridge.false_of_five_ccw_three_shell_equalities' depends on axioms: [propext,
 Classical.choice,
 Quot.sound]
info: Erdos9796Proof/P97/ATail/CapCrossingKalmanson.lean:464:0: 'Problem97.CapCrossingKalmansonBridge.false_of_selected_rows_in_five_ccw_order' depends on axioms: [propext,
 Classical.choice,
 Quot.sound]
info: Erdos9796Proof/P97/ATail/CapCrossingKalmanson.lean:465:0: 'Problem97.CapCrossingKalmansonBridge.false_of_two_selected_rows_shared_late_pair' depends on axioms: [propext,
 Classical.choice,
 Quot.sound]
ℹ [8646/8648] Replayed Erdos9796Proof.P97.Census554.FivePointCircleIsoscelesOrderCore
info: Erdos9796Proof/P97/Census554/FivePointCircleIsoscelesOrderCore.lean:167:0: 'Problem97.Census554.FivePointCircleIsoscelesOrderCore.metric_order_incompatibility' depends on axioms: [propext,
 Classical.choice,
 Quot.sound]
info: Erdos9796Proof/P97/Census554/FivePointCircleIsoscelesOrderCore.lean:168:0: 'Problem97.Census554.FivePointCircleIsoscelesOrderCore.false_of_core' depends on axioms: [propext,
 Classical.choice,
 Quot.sound]
info: Erdos9796Proof/P97/Census554/FivePointCircleIsoscelesOrderCore.lean:169:0: 'Problem97.Census554.FivePointCircleIsoscelesOrderCore.false_of_core_of_neg' depends on axioms: [propext,
 Classical.choice,
 Quot.sound]
ℹ [8647/8648] Replayed Erdos9796Proof.P97.Census554.FivePointCircleIsoscelesOrderBridge
info: Erdos9796Proof/P97/Census554/FivePointCircleIsoscelesOrderBridge.lean:64:0: 'Problem97.Census554.FivePointCircleIsoscelesOrderBridge.false_of_core_of_ccw' depends on axioms: [propext,
 Classical.choice,
 Quot.sound]
ℹ [8650/9010] Replayed Erdos9796Proof.P97.Census554.FiveRowCircleIntersectionOrderCore
info: Erdos9796Proof/P97/Census554/FiveRowCircleIntersectionOrderCore.lean:125:0: 'Problem97.Census554.FiveRowCircleIntersectionOrderCore.false_of_core' depends on axioms: [propext,
 Classical.choice,
 Quot.sound]
info: Erdos9796Proof/P97/Census554/FiveRowCircleIntersectionOrderCore.lean:126:0: 'Problem97.Census554.FiveRowCircleIntersectionOrderCore.false_of_core_of_neg' depends on axioms: [propext,
 Classical.choice,
 Quot.sound]
⚠ [8660/9010] Replayed Erdos9796Proof.P97.Census554.SevenPointSixCircleCollisionBCertificateStage01Part01
warning: Erdos9796Proof/P97/Census554/SevenPointSixCircleCollisionBCertificateStage01Part01.lean:18:0: Unscoped option maxHeartbeats is not allowed:
Please scope this to individual declarations, as in
```
set_option maxHeartbeats in
-- comment explaining why this is necessary
example : ... := ...
```

Note: This linter can be disabled with `set_option linter.style.setOption false`
warning: Erdos9796Proof/P97/Census554/SevenPointSixCircleCollisionBCertificateStage01Part01.lean:26:29: unused variable `x5x`

Note: This linter can be disabled with `set_option linter.unusedVariables false`
warning: Erdos9796Proof/P97/Census554/SevenPointSixCircleCollisionBCertificateStage01Part01.lean:27:15: missing space in the source

This part of the code
  '-x2x^2-x2y^2+1'
should be written as
  '-x2x ^ 2'


Note: This linter can be disabled with `set_option linter.style.whitespace false`
warning: Erdos9796Proof/P97/Census554/SevenPointSixCircleCollisionBCertificateStage01Part01.lean:27:21: missing space in the source

This part of the code
  '-x2x^2-x2y^2+1 = 0)'
should be written as
  'x2y ^ 2'


Note: This linter can be disabled with `set_option linter.style.whitespace false`
⚠ [8661/9010] Replayed Erdos9796Proof.P97.Census554.SevenPointSixCircleCollisionBCertificateStage01Part02
warning: Erdos9796Proof/P97/Census554/SevenPointSixCircleCollisionBCertificateStage01Part02.lean:18:0: Unscoped option maxHeartbeats is not allowed:
Please scope this to individual declarations, as in
```
set_option maxHeartbeats in
-- comment explaining why this is necessary
example : ... := ...
```

Note: This linter can be disabled with `set_option linter.style.setOption false`
warning: Erdos9796Proof/P97/Census554/SevenPointSixCircleCollisionBCertificateStage01Part02.lean:26:29: unused variable `x5x`

Note: This linter can be disabled with `set_option linter.unusedVariables false`
warning: Erdos9796Proof/P97/Census554/SevenPointSixCircleCollisionBCertificateStage01Part02.lean:27:15: missing space in the source

This part of the code
  '-x2x^2-x2y^2+1'
should be written as
  '-x2x ^ 2'


Note: This linter can be disabled with `set_option linter.style.whitespace false`
warning: Erdos9796Proof/P97/Census554/SevenPointSixCircleCollisionBCertificateStage01Part02.lean:27:21: missing space in the source

This part of the code
  '-x2x^2-x2y^2+1 = 0)'
should be written as
  'x2y ^ 2'


Note: This linter can be disabled with `set_option linter.style.whitespace false`
⚠ [8662/9010] Replayed Erdos9796Proof.P97.Census554.SevenPointSixCircleCollisionBCertificateStage01Part03
warning: Erdos9796Proof/P97/Census554/SevenPointSixCircleCollisionBCertificateStage01Part03.lean:18:0: Unscoped option maxHeartbeats is not allowed:
Please scope this to individual declarations, as in
```
set_option maxHeartbeats in
-- comment explaining why this is necessary
example : ... := ...
```

Note: This linter can be disabled with `set_option linter.style.setOption false`
warning: Erdos9796Proof/P97/Census554/SevenPointSixCircleCollisionBCertificateStage01Part03.lean:26:29: unused variable `x5x`

Note: This linter can be disabled with `set_option linter.unusedVariables false`
warning: Erdos9796Proof/P97/Census554/SevenPointSixCircleCollisionBCertificateStage01Part03.lean:27:15: missing space in the source

This part of the code
  '-x2x^2-x2y^2+1'
should be written as
  '-x2x ^ 2'


Note: This linter can be disabled with `set_option linter.style.whitespace false`
warning: Erdos9796Proof/P97/Census554/SevenPointSixCircleCollisionBCertificateStage01Part03.lean:27:21: missing space in the source

This part of the code
  '-x2x^2-x2y^2+1 = 0)'
should be written as
  'x2y ^ 2'


Note: This linter can be disabled with `set_option linter.style.whitespace false`
⚠ [8663/9010] Replayed Erdos9796Proof.P97.Census554.SevenPointSixCircleCollisionBCertificateStage01Part04
warning: Erdos9796Proof/P97/Census554/SevenPointSixCircleCollisionBCertificateStage01Part04.lean:18:0: Unscoped option maxHeartbeats is not allowed:
Please scope this to individual declarations, as in
```
set_option maxHeartbeats in
-- comment explaining why this is necessary
example : ... := ...
```

Note: This linter can be disabled with `set_option linter.style.setOption false`
warning: Erdos9796Proof/P97/Census554/SevenPointSixCircleCollisionBCertificateStage01Part04.lean:26:29: unused variable `x5x`

Note: This linter can be disabled with `set_option linter.unusedVariables false`
warning: Erdos9796Proof/P97/Census554/SevenPointSixCircleCollisionBCertificateStage01Part04.lean:27:15: missing space in the source

This part of the code
  '-x2x^2-x2y^2+1'
should be written as
  '-x2x ^ 2'


Note: This linter can be disabled with `set_option linter.style.whitespace false`
warning: Erdos9796Proof/P97/Census554/SevenPointSixCircleCollisionBCertificateStage01Part04.lean:27:21: missing space in the source

This part of the code
  '-x2x^2-x2y^2+1 = 0)'
should be written as
  'x2y ^ 2'


Note: This linter can be disabled with `set_option linter.style.whitespace false`
⚠ [8664/9010] Replayed Erdos9796Proof.P97.Census554.SevenPointSixCircleCollisionBCertificateStage01Part05
warning: Erdos9796Proof/P97/Census554/SevenPointSixCircleCollisionBCertificateStage01Part05.lean:18:0: Unscoped option maxHeartbeats is not allowed:
Please scope this to individual declarations, as in
```
set_option maxHeartbeats in
-- comment explaining why this is necessary
example : ... := ...
```

Note: This linter can be disabled with `set_option linter.style.setOption false`
warning: Erdos9796Proof/P97/Census554/SevenPointSixCircleCollisionBCertificateStage01Part05.lean:26:29: unused variable `x5x`

Note: This linter can be disabled with `set_option linter.unusedVariables false`
warning: Erdos9796Proof/P97/Census554/SevenPointSixCircleCollisionBCertificateStage01Part05.lean:27:15: missing space in the source

This part of the code
  '-x2x^2-x2y^2+1'
should be written as
  '-x2x ^ 2'


Note: This linter can be disabled with `set_option linter.style.whitespace false`
warning: Erdos9796Proof/P97/Census554/SevenPointSixCircleCollisionBCertificateStage01Part05.lean:27:21: missing space in the source

This part of the code
  '-x2x^2-x2y^2+1 = 0)'
should be written as
  'x2y ^ 2'


Note: This linter can be disabled with `set_option linter.style.whitespace false`
⚠ [8665/9010] Replayed Erdos9796Proof.P97.Census554.SevenPointSixCircleCollisionBCertificateStage01Part06
warning: Erdos9796Proof/P97/Census554/SevenPointSixCircleCollisionBCertificateStage01Part06.lean:18:0: Unscoped option maxHeartbeats is not allowed:
Please scope this to individual declarations, as in
```
set_option maxHeartbeats in
-- comment explaining why this is necessary
example : ... := ...
```

Note: This linter can be disabled with `set_option linter.style.setOption false`
warning: Erdos9796Proof/P97/Census554/SevenPointSixCircleCollisionBCertificateStage01Part06.lean:26:29: unused variable `x5x`

Note: This linter can be disabled with `set_option linter.unusedVariables false`
warning: Erdos9796Proof/P97/Census554/SevenPointSixCircleCollisionBCertificateStage01Part06.lean:27:15: missing space in the source

This part of the code
  '-x2x^2-x2y^2+1'
should be written as
  '-x2x ^ 2'


Note: This linter can be disabled with `set_option linter.style.whitespace false`
warning: Erdos9796Proof/P97/Census554/SevenPointSixCircleCollisionBCertificateStage01Part06.lean:27:21: missing space in the source

This part of the code
  '-x2x^2-x2y^2+1 = 0)'
should be written as
  'x2y ^ 2'


Note: This linter can be disabled with `set_option linter.style.whitespace false`
⚠ [8666/9010] Replayed Erdos9796Proof.P97.Census554.SevenPointSixCircleCollisionBCertificateStage01Part07
warning: Erdos9796Proof/P97/Census554/SevenPointSixCircleCollisionBCertificateStage01Part07.lean:18:0: Unscoped option maxHeartbeats is not allowed:
Please scope this to individual declarations, as in
```
set_option maxHeartbeats in
-- comment explaining why this is necessary
example : ... := ...
```

Note: This linter can be disabled with `set_option linter.style.setOption false`
warning: Erdos9796Proof/P97/Census554/SevenPointSixCircleCollisionBCertificateStage01Part07.lean:26:29: unused variable `x5x`

Note: This linter can be disabled with `set_option linter.unusedVariables false`
warning: Erdos9796Proof/P97/Census554/SevenPointSixCircleCollisionBCertificateStage01Part07.lean:27:15: missing space in the source

This part of the code
  '-x2x^2-x2y^2+1'
should be written as
  '-x2x ^ 2'


Note: This linter can be disabled with `set_option linter.style.whitespace false`
warning: Erdos9796Proof/P97/Census554/SevenPointSixCircleCollisionBCertificateStage01Part07.lean:27:21: missing space in the source

This part of the code
  '-x2x^2-x2y^2+1 = 0)'
should be written as
  'x2y ^ 2'


Note: This linter can be disabled with `set_option linter.style.whitespace false`
⚠ [8667/9010] Replayed Erdos9796Proof.P97.Census554.SevenPointSixCircleCollisionBCertificateStage01Part08
warning: Erdos9796Proof/P97/Census554/SevenPointSixCircleCollisionBCertificateStage01Part08.lean:18:0: Unscoped option maxHeartbeats is not allowed:
Please scope this to individual declarations, as in
```
set_option maxHeartbeats in
-- comment explaining why this is necessary
example : ... := ...
```

Note: This linter can be disabled with `set_option linter.style.setOption false`
warning: Erdos9796Proof/P97/Census554/SevenPointSixCircleCollisionBCertificateStage01Part08.lean:26:29: unused variable `x5x`

Note: This linter can be disabled with `set_option linter.unusedVariables false`
warning: Erdos9796Proof/P97/Census554/SevenPointSixCircleCollisionBCertificateStage01Part08.lean:27:15: missing space in the source

This part of the code
  '-x2x^2-x2y^2+1'
should be written as
  '-x2x ^ 2'


Note: This linter can be disabled with `set_option linter.style.whitespace false`
warning: Erdos9796Proof/P97/Census554/SevenPointSixCircleCollisionBCertificateStage01Part08.lean:27:21: missing space in the source

This part of the code
  '-x2x^2-x2y^2+1 = 0)'
should be written as
  'x2y ^ 2'


Note: This linter can be disabled with `set_option linter.style.whitespace false`
⚠ [8668/9010] Replayed Erdos9796Proof.P97.Census554.SevenPointSixCircleCollisionBCertificateStage01Part09
warning: Erdos9796Proof/P97/Census554/SevenPointSixCircleCollisionBCertificateStage01Part09.lean:18:0: Unscoped option maxHeartbeats is not allowed:
Please scope this to individual declarations, as in
```
set_option maxHeartbeats in
-- comment explaining why this is necessary
example : ... := ...
```

Note: This linter can be disabled with `set_option linter.style.setOption false`
warning: Erdos9796Proof/P97/Census554/SevenPointSixCircleCollisionBCertificateStage01Part09.lean:26:29: unused variable `x5x`

Note: This linter can be disabled with `set_option linter.unusedVariables false`
warning: Erdos9796Proof/P97/Census554/SevenPointSixCircleCollisionBCertificateStage01Part09.lean:27:15: missing space in the source

This part of the code
  '-x2x^2-x2y^2+1'
should be written as
  '-x2x ^ 2'


Note: This linter can be disabled with `set_option linter.style.whitespace false`
warning: Erdos9796Proof/P97/Census554/SevenPointSixCircleCollisionBCertificateStage01Part09.lean:27:21: missing space in the source

This part of the code
  '-x2x^2-x2y^2+1 = 0)'
should be written as
  'x2y ^ 2'


Note: This linter can be disabled with `set_option linter.style.whitespace false`
⚠ [8669/9010] Replayed Erdos9796Proof.P97.Census554.SevenPointSixCircleCollisionBCertificateStage01Part10
warning: Erdos9796Proof/P97/Census554/SevenPointSixCircleCollisionBCertificateStage01Part10.lean:18:0: Unscoped option maxHeartbeats is not allowed:
Please scope this to individual declarations, as in
```
set_option maxHeartbeats in
-- comment explaining why this is necessary
example : ... := ...
```

Note: This linter can be disabled with `set_option linter.style.setOption false`
warning: Erdos9796Proof/P97/Census554/SevenPointSixCircleCollisionBCertificateStage01Part10.lean:26:29: unused variable `x5x`

Note: This linter can be disabled with `set_option linter.unusedVariables false`
warning: Erdos9796Proof/P97/Census554/SevenPointSixCircleCollisionBCertificateStage01Part10.lean:27:15: missing space in the source

This part of the code
  '-x2x^2-x2y^2+1'
should be written as
  '-x2x ^ 2'


Note: This linter can be disabled with `set_option linter.style.whitespace false`
warning: Erdos9796Proof/P97/Census554/SevenPointSixCircleCollisionBCertificateStage01Part10.lean:27:21: missing space in the source

This part of the code
  '-x2x^2-x2y^2+1 = 0)'
should be written as
  'x2y ^ 2'


Note: This linter can be disabled with `set_option linter.style.whitespace false`
⚠ [8670/9010] Replayed Erdos9796Proof.P97.Census554.SevenPointSixCircleCollisionBCertificateStage01Part11
warning: Erdos9796Proof/P97/Census554/SevenPointSixCircleCollisionBCertificateStage01Part11.lean:18:0: Unscoped option maxHeartbeats is not allowed:
Please scope this to individual declarations, as in
```
set_option maxHeartbeats in
-- comment explaining why this is necessary
example : ... := ...
```

Note: This linter can be disabled with `set_option linter.style.setOption false`
warning: Erdos9796Proof/P97/Census554/SevenPointSixCircleCollisionBCertificateStage01Part11.lean:26:29: unused variable `x5x`

Note: This linter can be disabled with `set_option linter.unusedVariables false`
warning: Erdos9796Proof/P97/Census554/SevenPointSixCircleCollisionBCertificateStage01Part11.lean:27:15: missing space in the source

This part of the code
  '-x2x^2-x2y^2+1'
should be written as
  '-x2x ^ 2'


Note: This linter can be disabled with `set_option linter.style.whitespace false`
warning: Erdos9796Proof/P97/Census554/SevenPointSixCircleCollisionBCertificateStage01Part11.lean:27:21: missing space in the source

This part of the code
  '-x2x^2-x2y^2+1 = 0)'
should be written as
  'x2y ^ 2'


Note: This linter can be disabled with `set_option linter.style.whitespace false`
⚠ [8671/9010] Replayed Erdos9796Proof.P97.Census554.SevenPointSixCircleCollisionBCertificateStage01Part12
warning: Erdos9796Proof/P97/Census554/SevenPointSixCircleCollisionBCertificateStage01Part12.lean:18:0: Unscoped option maxHeartbeats is not allowed:
Please scope this to individual declarations, as in
```
set_option maxHeartbeats in
-- comment explaining why this is necessary
example : ... := ...
```

Note: This linter can be disabled with `set_option linter.style.setOption false`
warning: Erdos9796Proof/P97/Census554/SevenPointSixCircleCollisionBCertificateStage01Part12.lean:26:29: unused variable `x5x`

Note: This linter can be disabled with `set_option linter.unusedVariables false`
warning: Erdos9796Proof/P97/Census554/SevenPointSixCircleCollisionBCertificateStage01Part12.lean:27:15: missing space in the source

This part of the code
  '-x2x^2-x2y^2+1'
should be written as
  '-x2x ^ 2'


Note: This linter can be disabled with `set_option linter.style.whitespace false`
warning: Erdos9796Proof/P97/Census554/SevenPointSixCircleCollisionBCertificateStage01Part12.lean:27:21: missing space in the source

This part of the code
  '-x2x^2-x2y^2+1 = 0)'
should be written as
  'x2y ^ 2'


Note: This linter can be disabled with `set_option linter.style.whitespace false`
⚠ [8672/9010] Replayed Erdos9796Proof.P97.Census554.SevenPointSixCircleCollisionBCertificateStage01Part13
warning: Erdos9796Proof/P97/Census554/SevenPointSixCircleCollisionBCertificateStage01Part13.lean:18:0: Unscoped option maxHeartbeats is not allowed:
Please scope this to individual declarations, as in
```
set_option maxHeartbeats in
-- comment explaining why this is necessary
example : ... := ...
```

Note: This linter can be disabled with `set_option linter.style.setOption false`
warning: Erdos9796Proof/P97/Census554/SevenPointSixCircleCollisionBCertificateStage01Part13.lean:26:29: unused variable `x5x`

Note: This linter can be disabled with `set_option linter.unusedVariables false`
warning: Erdos9796Proof/P97/Census554/SevenPointSixCircleCollisionBCertificateStage01Part13.lean:27:15: missing space in the source

This part of the code
  '-x2x^2-x2y^2+1'
should be written as
  '-x2x ^ 2'


Note: This linter can be disabled with `set_option linter.style.whitespace false`
warning: Erdos9796Proof/P97/Census554/SevenPointSixCircleCollisionBCertificateStage01Part13.lean:27:21: missing space in the source

This part of the code
  '-x2x^2-x2y^2+1 = 0)'
should be written as
  'x2y ^ 2'


Note: This linter can be disabled with `set_option linter.style.whitespace false`
⚠ [8673/9010] Replayed Erdos9796Proof.P97.Census554.SevenPointSixCircleCollisionBCertificateStage01Part14
warning: Erdos9796Proof/P97/Census554/SevenPointSixCircleCollisionBCertificateStage01Part14.lean:18:0: Unscoped option maxHeartbeats is not allowed:
Please scope this to individual declarations, as in
```
set_option maxHeartbeats in
-- comment explaining why this is necessary
example : ... := ...
```

Note: This linter can be disabled with `set_option linter.style.setOption false`
warning: Erdos9796Proof/P97/Census554/SevenPointSixCircleCollisionBCertificateStage01Part14.lean:26:29: unused variable `x5x`

Note: This linter can be disabled with `set_option linter.unusedVariables false`
warning: Erdos9796Proof/P97/Census554/SevenPointSixCircleCollisionBCertificateStage01Part14.lean:27:15: missing space in the source

This part of the code
  '-x2x^2-x2y^2+1'
should be written as
  '-x2x ^ 2'


Note: This linter can be disabled with `set_option linter.style.whitespace false`
warning: Erdos9796Proof/P97/Census554/SevenPointSixCircleCollisionBCertificateStage01Part14.lean:27:21: missing space in the source

This part of the code
  '-x2x^2-x2y^2+1 = 0)'
should be written as
  'x2y ^ 2'


Note: This linter can be disabled with `set_option linter.style.whitespace false`
⚠ [8674/9010] Replayed Erdos9796Proof.P97.Census554.SevenPointSixCircleCollisionBCertificateStage01Part15
warning: Erdos9796Proof/P97/Census554/SevenPointSixCircleCollisionBCertificateStage01Part15.lean:18:0: Unscoped option maxHeartbeats is not allowed:
Please scope this to individual declarations, as in
```
set_option maxHeartbeats in
-- comment explaining why this is necessary
example : ... := ...
```

Note: This linter can be disabled with `set_option linter.style.setOption false`
warning: Erdos9796Proof/P97/Census554/SevenPointSixCircleCollisionBCertificateStage01Part15.lean:26:29: unused variable `x5x`

Note: This linter can be disabled with `set_option linter.unusedVariables false`
warning: Erdos9796Proof/P97/Census554/SevenPointSixCircleCollisionBCertificateStage01Part15.lean:27:15: missing space in the source

This part of the code
  '-x2x^2-x2y^2+1'
should be written as
  '-x2x ^ 2'


Note: This linter can be disabled with `set_option linter.style.whitespace false`
warning: Erdos9796Proof/P97/Census554/SevenPointSixCircleCollisionBCertificateStage01Part15.lean:27:21: missing space in the source

This part of the code
  '-x2x^2-x2y^2+1 = 0)'
should be written as
  'x2y ^ 2'


Note: This linter can be disabled with `set_option linter.style.whitespace false`
⚠ [8675/9010] Replayed Erdos9796Proof.P97.Census554.SevenPointSixCircleCollisionBCertificateStage01Part16
warning: Erdos9796Proof/P97/Census554/SevenPointSixCircleCollisionBCertificateStage01Part16.lean:18:0: Unscoped option maxHeartbeats is not allowed:
Please scope this to individual declarations, as in
```
set_option maxHeartbeats in
-- comment explaining why this is necessary
example : ... := ...
```

Note: This linter can be disabled with `set_option linter.style.setOption false`
warning: Erdos9796Proof/P97/Census554/SevenPointSixCircleCollisionBCertificateStage01Part16.lean:26:29: unused variable `x5x`

Note: This linter can be disabled with `set_option linter.unusedVariables false`
warning: Erdos9796Proof/P97/Census554/SevenPointSixCircleCollisionBCertificateStage01Part16.lean:27:15: missing space in the source

This part of the code
  '-x2x^2-x2y^2+1'
should be written as
  '-x2x ^ 2'


Note: This linter can be disabled with `set_option linter.style.whitespace false`
warning: Erdos9796Proof/P97/Census554/SevenPointSixCircleCollisionBCertificateStage01Part16.lean:27:21: missing space in the source

This part of the code
  '-x2x^2-x2y^2+1 = 0)'
should be written as
  'x2y ^ 2'


Note: This linter can be disabled with `set_option linter.style.whitespace false`
⚠ [8676/9010] Replayed Erdos9796Proof.P97.Census554.SevenPointSixCircleCollisionBCertificateStage02
warning: Erdos9796Proof/P97/Census554/SevenPointSixCircleCollisionBCertificateStage02.lean:18:0: Unscoped option maxHeartbeats is not allowed:
Please scope this to individual declarations, as in
```
set_option maxHeartbeats in
-- comment explaining why this is necessary
example : ... := ...
```

Note: This linter can be disabled with `set_option linter.style.setOption false`
warning: Erdos9796Proof/P97/Census554/SevenPointSixCircleCollisionBCertificateStage02.lean:26:29: unused variable `x5x`

Note: This linter can be disabled with `set_option linter.unusedVariables false`
warning: Erdos9796Proof/P97/Census554/SevenPointSixCircleCollisionBCertificateStage02.lean:27:15: missing space in the source

This part of the code
  '-x3x^2+2*x3x-x3y^2'
should be written as
  '-x3x ^ 2'


Note: This linter can be disabled with `set_option linter.style.whitespace false`
warning: Erdos9796Proof/P97/Census554/SevenPointSixCircleCollisionBCertificateStage02.lean:27:23: missing space in the source

This part of the code
  '-x3x^2+2*x3x-x3y^2'
should be written as
  'x3x - x3y'


Note: This linter can be disabled with `set_option linter.style.whitespace false`
warning: Erdos9796Proof/P97/Census554/SevenPointSixCircleCollisionBCertificateStage02.lean:27:27: missing space in the source

This part of the code
  '-x3x^2+2*x3x-x3y^2 = 0)'
should be written as
  'x3y ^ 2'


Note: This linter can be disabled with `set_option linter.style.whitespace false`
⚠ [8677/9010] Replayed Erdos9796Proof.P97.Census554.SevenPointSixCircleCollisionBCertificateStage03
warning: Erdos9796Proof/P97/Census554/SevenPointSixCircleCollisionBCertificateStage03.lean:18:0: Unscoped option maxHeartbeats is not allowed:
Please scope this to individual declarations, as in
```
set_option maxHeartbeats in
-- comment explaining why this is necessary
example : ... := ...
```

Note: This linter can be disabled with `set_option linter.style.setOption false`
warning: Erdos9796Proof/P97/Census554/SevenPointSixCircleCollisionBCertificateStage03.lean:26:29: unused variable `x5x`

Note: This linter can be disabled with `set_option linter.unusedVariables false`
warning: Erdos9796Proof/P97/Census554/SevenPointSixCircleCollisionBCertificateStage03.lean:27:15: missing space in the source

This part of the code
  '-x2x^2+2*x2x*x3x-x2y^2+2*x2y*x3y'
should be written as
  '-x2x ^ 2'


Note: This linter can be disabled with `set_option linter.style.whitespace false`
warning: Erdos9796Proof/P97/Census554/SevenPointSixCircleCollisionBCertificateStage03.lean:27:23: missing space in the source

This part of the code
  '-x2x^2+2*x2x*x3x-x2y^2+2*x2y*x3y'
should be written as
  'x2x * x3x'


Note: This linter can be disabled with `set_option linter.style.whitespace false`
warning: Erdos9796Proof/P97/Census554/SevenPointSixCircleCollisionBCertificateStage03.lean:27:27: missing space in the source

This part of the code
  '-x2x^2+2*x2x*x3x-x2y^2+2*x2y*x3y'
should be written as
  'x3x - x2y'


Note: This linter can be disabled with `set_option linter.style.whitespace false`
warning: Erdos9796Proof/P97/Census554/SevenPointSixCircleCollisionBCertificateStage03.lean:27:31: missing space in the source

This part of the code
  '-x2x^2+2*x2x*x3x-x2y^2+2*x2y*x3y'
should be written as
  'x2y ^ 2'


Note: This linter can be disabled with `set_option linter.style.whitespace false`
warning: Erdos9796Proof/P97/Census554/SevenPointSixCircleCollisionBCertificateStage03.lean:27:39: missing space in the source

This part of the code
  '-x2x^2+2*x2x*x3x-x2y^2+2*x2y*x3y ='
should be written as
  'x2y * x3y'


Note: This linter can be disabled with `set_option linter.style.whitespace false`
⚠ [8678/9010] Replayed Erdos9796Proof.P97.Census554.SevenPointSixCircleCollisionBCertificateStage04
warning: Erdos9796Proof/P97/Census554/SevenPointSixCircleCollisionBCertificateStage04.lean:18:0: Unscoped option maxHeartbeats is not allowed:
Please scope this to individual declarations, as in
```
set_option maxHeartbeats in
-- comment explaining why this is necessary
example : ... := ...
```

Note: This linter can be disabled with `set_option linter.style.setOption false`
warning: Erdos9796Proof/P97/Census554/SevenPointSixCircleCollisionBCertificateStage04.lean:26:29: unused variable `x5x`

Note: This linter can be disabled with `set_option linter.unusedVariables false`
warning: Erdos9796Proof/P97/Census554/SevenPointSixCircleCollisionBCertificateStage04.lean:27:12: missing space in the source

This part of the code
  '2*x3x*x6x+2*x3y*x6y-x6x^2-x6y^2'
should be written as
  '2 * x3x'


Note: This linter can be disabled with `set_option linter.style.whitespace false`
warning: Erdos9796Proof/P97/Census554/SevenPointSixCircleCollisionBCertificateStage04.lean:27:16: missing space in the source

This part of the code
  '2*x3x*x6x+2*x3y*x6y-x6x^2-x6y^2'
should be written as
  'x3x * x6x'


Note: This linter can be disabled with `set_option linter.style.whitespace false`
warning: Erdos9796Proof/P97/Census554/SevenPointSixCircleCollisionBCertificateStage04.lean:27:20: missing space in the source

This part of the code
  '2*x3x*x6x+2*x3y*x6y-x6x^2-x6y^2'
should be written as
  'x6x + 2'


Note: This linter can be disabled with `set_option linter.style.whitespace false`
warning: Erdos9796Proof/P97/Census554/SevenPointSixCircleCollisionBCertificateStage04.lean:27:26: missing space in the source

This part of the code
  '2*x3x*x6x+2*x3y*x6y-x6x^2-x6y^2'
should be written as
  'x3y * x6y'


Note: This linter can be disabled with `set_option linter.style.whitespace false`
warning: Erdos9796Proof/P97/Census554/SevenPointSixCircleCollisionBCertificateStage04.lean:27:30: missing space in the source

This part of the code
  '2*x3x*x6x+2*x3y*x6y-x6x^2-x6y^2'
should be written as
  'x6y - x6x'


Note: This linter can be disabled with `set_option linter.style.whitespace false`
warning: Erdos9796Proof/P97/Census554/SevenPointSixCircleCollisionBCertificateStage04.lean:27:34: missing space in the source

This part of the code
  '2*x3x*x6x+2*x3y*x6y-x6x^2-x6y^2'
should be written as
  'x6x ^ 2'


Note: This linter can be disabled with `set_option linter.style.whitespace false`
warning: Erdos9796Proof/P97/Census554/SevenPointSixCircleCollisionBCertificateStage04.lean:27:40: missing space in the source

This part of the code
  '2*x3x*x6x+2*x3y*x6y-x6x^2-x6y^2 = 0)'
should be written as
  'x6y ^ 2'


Note: This linter can be disabled with `set_option linter.style.whitespace false`
⚠ [8679/9010] Replayed Erdos9796Proof.P97.Census554.SevenPointSixCircleCollisionBCertificateStage05
warning: Erdos9796Proof/P97/Census554/SevenPointSixCircleCollisionBCertificateStage05.lean:18:0: Unscoped option maxHeartbeats is not allowed:
Please scope this to individual declarations, as in
```
set_option maxHeartbeats in
-- comment explaining why this is necessary
example : ... := ...
```

Note: This linter can be disabled with `set_option linter.style.setOption false`
warning: Erdos9796Proof/P97/Census554/SevenPointSixCircleCollisionBCertificateStage05.lean:26:29: unused variable `x5x`

Note: This linter can be disabled with `set_option linter.unusedVariables false`
warning: Erdos9796Proof/P97/Census554/SevenPointSixCircleCollisionBCertificateStage05.lean:27:15: missing space in the source

This part of the code
  '-x3x^2+2*x3x*x4x-x3y^2+2*x3y*x4y-2*x4x+1'
should be written as
  '-x3x ^ 2'


Note: This linter can be disabled with `set_option linter.style.whitespace false`
warning: Erdos9796Proof/P97/Census554/SevenPointSixCircleCollisionBCertificateStage05.lean:27:23: missing space in the source

This part of the code
  '-x3x^2+2*x3x*x4x-x3y^2+2*x3y*x4y-2*x4x+1'
should be written as
  'x3x * x4x'


Note: This linter can be disabled with `set_option linter.style.whitespace false`
warning: Erdos9796Proof/P97/Census554/SevenPointSixCircleCollisionBCertificateStage05.lean:27:27: missing space in the source

This part of the code
  '-x3x^2+2*x3x*x4x-x3y^2+2*x3y*x4y-2*x4x+1'
should be written as
  'x4x - x3y'


Note: This linter can be disabled with `set_option linter.style.whitespace false`
warning: Erdos9796Proof/P97/Census554/SevenPointSixCircleCollisionBCertificateStage05.lean:27:31: missing space in the source

This part of the code
  '-x3x^2+2*x3x*x4x-x3y^2+2*x3y*x4y-2*x4x+1'
should be written as
  'x3y ^ 2'


Note: This linter can be disabled with `set_option linter.style.whitespace false`
warning: Erdos9796Proof/P97/Census554/SevenPointSixCircleCollisionBCertificateStage05.lean:27:39: missing space in the source

This part of the code
  '-x3x^2+2*x3x*x4x-x3y^2+2*x3y*x4y-2*x4x+1'
should be written as
  'x3y * x4y'


Note: This linter can be disabled with `set_option linter.style.whitespace false`
warning: Erdos9796Proof/P97/Census554/SevenPointSixCircleCollisionBCertificateStage05.lean:27:43: missing space in the source

This part of the code
  '-x3x^2+2*x3x*x4x-x3y^2+2*x3y*x4y-2*x4x+1'
should be written as
  'x4y - 2'


Note: This linter can be disabled with `set_option linter.style.whitespace false`
warning: Erdos9796Proof/P97/Census554/SevenPointSixCircleCollisionBCertificateStage05.lean:27:49: missing space in the source

This part of the code
  '-x3x^2+2*x3x*x4x-x3y^2+2*x3y*x4y-2*x4x+1 = 0)'
should be written as
  'x4x + 1'


Note: This linter can be disabled with `set_option linter.style.whitespace false`
⚠ [8680/9010] Replayed Erdos9796Proof.P97.Census554.SevenPointSixCircleCollisionBCertificateStage06
warning: Erdos9796Proof/P97/Census554/SevenPointSixCircleCollisionBCertificateStage06.lean:18:0: Unscoped option maxHeartbeats is not allowed:
Please scope this to individual declarations, as in
```
set_option maxHeartbeats in
-- comment explaining why this is necessary
example : ... := ...
```

Note: This linter can be disabled with `set_option linter.style.setOption false`
warning: Erdos9796Proof/P97/Census554/SevenPointSixCircleCollisionBCertificateStage06.lean:27:12: missing space in the source

This part of the code
  '2*x4x*x5x-2*x4x+2*x4y*x5y-x5x^2-x5y^2+1'
should be written as
  '2 * x4x'


Note: This linter can be disabled with `set_option linter.style.whitespace false`
warning: Erdos9796Proof/P97/Census554/SevenPointSixCircleCollisionBCertificateStage06.lean:27:16: missing space in the source

This part of the code
  '2*x4x*x5x-2*x4x+2*x4y*x5y-x5x^2-x5y^2+1'
should be written as
  'x4x * x5x'


Note: This linter can be disabled with `set_option linter.style.whitespace false`
warning: Erdos9796Proof/P97/Census554/SevenPointSixCircleCollisionBCertificateStage06.lean:27:20: missing space in the source

This part of the code
  '2*x4x*x5x-2*x4x+2*x4y*x5y-x5x^2-x5y^2+1'
should be written as
  'x5x - 2'


Note: This linter can be disabled with `set_option linter.style.whitespace false`
warning: Erdos9796Proof/P97/Census554/SevenPointSixCircleCollisionBCertificateStage06.lean:27:26: missing space in the source

This part of the code
  '2*x4x*x5x-2*x4x+2*x4y*x5y-x5x^2-x5y^2+1'
should be written as
  'x4x + 2'


Note: This linter can be disabled with `set_option linter.style.whitespace false`
warning: Erdos9796Proof/P97/Census554/SevenPointSixCircleCollisionBCertificateStage06.lean:27:32: missing space in the source

This part of the code
  '2*x4x*x5x-2*x4x+2*x4y*x5y-x5x^2-x5y^2+1'
should be written as
  'x4y * x5y'


Note: This linter can be disabled with `set_option linter.style.whitespace false`
warning: Erdos9796Proof/P97/Census554/SevenPointSixCircleCollisionBCertificateStage06.lean:27:36: missing space in the source

This part of the code
  '2*x4x*x5x-2*x4x+2*x4y*x5y-x5x^2-x5y^2+1'
should be written as
  'x5y - x5x'


Note: This linter can be disabled with `set_option linter.style.whitespace false`
warning: Erdos9796Proof/P97/Census554/SevenPointSixCircleCollisionBCertificateStage06.lean:27:40: missing space in the source

This part of the code
  '2*x4x*x5x-2*x4x+2*x4y*x5y-x5x^2-x5y^2+1'
should be written as
  'x5x ^ 2'


Note: This linter can be disabled with `set_option linter.style.whitespace false`
warning: Erdos9796Proof/P97/Census554/SevenPointSixCircleCollisionBCertificateStage06.lean:27:46: missing space in the source

This part of the code
  '2*x4x*x5x-2*x4x+2*x4y*x5y-x5x^2-x5y^2+1 = 0)'
should be written as
  'x5y ^ 2'


Note: This linter can be disabled with `set_option linter.style.whitespace false`
⚠ [8681/9010] Replayed Erdos9796Proof.P97.Census554.SevenPointSixCircleCollisionBCertificateStage07
warning: Erdos9796Proof/P97/Census554/SevenPointSixCircleCollisionBCertificateStage07.lean:18:0: Unscoped option maxHeartbeats is not allowed:
Please scope this to individual declarations, as in
```
set_option maxHeartbeats in
-- comment explaining why this is necessary
example : ... := ...
```

Note: This linter can be disabled with `set_option linter.style.setOption false`
warning: Erdos9796Proof/P97/Census554/SevenPointSixCircleCollisionBCertificateStage07.lean:26:29: unused variable `x5x`

Note: This linter can be disabled with `set_option linter.unusedVariables false`
warning: Erdos9796Proof/P97/Census554/SevenPointSixCircleCollisionBCertificateStage07.lean:27:12: missing space in the source

This part of the code
  '2*x4x*x6x-2*x4x+2*x4y*x6y-x6x^2-x6y^2+1'
should be written as
  '2 * x4x'


Note: This linter can be disabled with `set_option linter.style.whitespace false`
warning: Erdos9796Proof/P97/Census554/SevenPointSixCircleCollisionBCertificateStage07.lean:27:16: missing space in the source

This part of the code
  '2*x4x*x6x-2*x4x+2*x4y*x6y-x6x^2-x6y^2+1'
should be written as
  'x4x * x6x'


Note: This linter can be disabled with `set_option linter.style.whitespace false`
warning: Erdos9796Proof/P97/Census554/SevenPointSixCircleCollisionBCertificateStage07.lean:27:20: missing space in the source

This part of the code
  '2*x4x*x6x-2*x4x+2*x4y*x6y-x6x^2-x6y^2+1'
should be written as
  'x6x - 2'


Note: This linter can be disabled with `set_option linter.style.whitespace false`
warning: Erdos9796Proof/P97/Census554/SevenPointSixCircleCollisionBCertificateStage07.lean:27:26: missing space in the source

This part of the code
  '2*x4x*x6x-2*x4x+2*x4y*x6y-x6x^2-x6y^2+1'
should be written as
  'x4x + 2'


Note: This linter can be disabled with `set_option linter.style.whitespace false`
warning: Erdos9796Proof/P97/Census554/SevenPointSixCircleCollisionBCertificateStage07.lean:27:32: missing space in the source

This part of the code
  '2*x4x*x6x-2*x4x+2*x4y*x6y-x6x^2-x6y^2+1'
should be written as
  'x4y * x6y'


Note: This linter can be disabled with `set_option linter.style.whitespace false`
warning: Erdos9796Proof/P97/Census554/SevenPointSixCircleCollisionBCertificateStage07.lean:27:36: missing space in the source

This part of the code
  '2*x4x*x6x-2*x4x+2*x4y*x6y-x6x^2-x6y^2+1'
should be written as
  'x6y - x6x'


Note: This linter can be disabled with `set_option linter.style.whitespace false`
warning: Erdos9796Proof/P97/Census554/SevenPointSixCircleCollisionBCertificateStage07.lean:27:40: missing space in the source

This part of the code
  '2*x4x*x6x-2*x4x+2*x4y*x6y-x6x^2-x6y^2+1'
should be written as
  'x6x ^ 2'


Note: This linter can be disabled with `set_option linter.style.whitespace false`
warning: Erdos9796Proof/P97/Census554/SevenPointSixCircleCollisionBCertificateStage07.lean:27:46: missing space in the source

This part of the code
  '2*x4x*x6x-2*x4x+2*x4y*x6y-x6x^2-x6y^2+1 = 0)'
should be written as
  'x6y ^ 2'


Note: This linter can be disabled with `set_option linter.style.whitespace false`
⚠ [8682/9010] Replayed Erdos9796Proof.P97.Census554.SevenPointSixCircleCollisionBCertificateStage08
warning: Erdos9796Proof/P97/Census554/SevenPointSixCircleCollisionBCertificateStage08.lean:18:0: Unscoped option maxHeartbeats is not allowed:
Please scope this to individual declarations, as in
```
set_option maxHeartbeats in
-- comment explaining why this is necessary
example : ... := ...
```

Note: This linter can be disabled with `set_option linter.style.setOption false`
warning: Erdos9796Proof/P97/Census554/SevenPointSixCircleCollisionBCertificateStage08.lean:27:12: missing space in the source

This part of the code
  '2*x5x-1'
should be written as
  '2 * x5x'


Note: This linter can be disabled with `set_option linter.style.whitespace false`
warning: Erdos9796Proof/P97/Census554/SevenPointSixCircleCollisionBCertificateStage08.lean:27:16: missing space in the source

This part of the code
  '2*x5x-1 = 0)'
should be written as
  'x5x - 1'


Note: This linter can be disabled with `set_option linter.style.whitespace false`
⚠ [8683/9010] Replayed Erdos9796Proof.P97.Census554.SevenPointSixCircleCollisionBCertificateStage09
warning: Erdos9796Proof/P97/Census554/SevenPointSixCircleCollisionBCertificateStage09.lean:18:0: Unscoped option maxHeartbeats is not allowed:
Please scope this to individual declarations, as in
```
set_option maxHeartbeats in
-- comment explaining why this is necessary
example : ... := ...
```

Note: This linter can be disabled with `set_option linter.style.setOption false`
warning: Erdos9796Proof/P97/Census554/SevenPointSixCircleCollisionBCertificateStage09.lean:27:15: missing space in the source

This part of the code
  '-x4x^2+2*x4x*x5x-x4y^2+2*x4y*x5y'
should be written as
  '-x4x ^ 2'


Note: This linter can be disabled with `set_option linter.style.whitespace false`
warning: Erdos9796Proof/P97/Census554/SevenPointSixCircleCollisionBCertificateStage09.lean:27:23: missing space in the source

This part of the code
  '-x4x^2+2*x4x*x5x-x4y^2+2*x4y*x5y'
should be written as
  'x4x * x5x'


Note: This linter can be disabled with `set_option linter.style.whitespace false`
warning: Erdos9796Proof/P97/Census554/SevenPointSixCircleCollisionBCertificateStage09.lean:27:27: missing space in the source

This part of the code
  '-x4x^2+2*x4x*x5x-x4y^2+2*x4y*x5y'
should be written as
  'x5x - x4y'


Note: This linter can be disabled with `set_option linter.style.whitespace false`
warning: Erdos9796Proof/P97/Census554/SevenPointSixCircleCollisionBCertificateStage09.lean:27:31: missing space in the source

This part of the code
  '-x4x^2+2*x4x*x5x-x4y^2+2*x4y*x5y'
should be written as
  'x4y ^ 2'


Note: This linter can be disabled with `set_option linter.style.whitespace false`
warning: Erdos9796Proof/P97/Census554/SevenPointSixCircleCollisionBCertificateStage09.lean:27:39: missing space in the source

This part of the code
  '-x4x^2+2*x4x*x5x-x4y^2+2*x4y*x5y ='
should be written as
  'x4y * x5y'


Note: This linter can be disabled with `set_option linter.style.whitespace false`
⚠ [8684/9010] Replayed Erdos9796Proof.P97.Census554.SevenPointSixCircleCollisionBCertificateStage10
warning: Erdos9796Proof/P97/Census554/SevenPointSixCircleCollisionBCertificateStage10.lean:18:0: Unscoped option maxHeartbeats is not allowed:
Please scope this to individual declarations, as in
```
set_option maxHeartbeats in
-- comment explaining why this is necessary
example : ... := ...
```

Note: This linter can be disabled with `set_option linter.style.setOption false`
warning: Erdos9796Proof/P97/Census554/SevenPointSixCircleCollisionBCertificateStage10.lean:26:29: unused variable `x5x`

Note: This linter can be disabled with `set_option linter.unusedVariables false`
warning: Erdos9796Proof/P97/Census554/SevenPointSixCircleCollisionBCertificateStage10.lean:27:16: missing space in the source

This part of the code
  '-x2x^2+2*x2x*x6x-x2y^2+2*x2y*x6y'
should be written as
  '-x2x ^ 2'


Note: This linter can be disabled with `set_option linter.style.whitespace false`
warning: Erdos9796Proof/P97/Census554/SevenPointSixCircleCollisionBCertificateStage10.lean:27:24: missing space in the source

This part of the code
  '-x2x^2+2*x2x*x6x-x2y^2+2*x2y*x6y'
should be written as
  'x2x * x6x'


Note: This linter can be disabled with `set_option linter.style.whitespace false`
warning: Erdos9796Proof/P97/Census554/SevenPointSixCircleCollisionBCertificateStage10.lean:27:28: missing space in the source

This part of the code
  '-x2x^2+2*x2x*x6x-x2y^2+2*x2y*x6y'
should be written as
  'x6x - x2y'


Note: This linter can be disabled with `set_option linter.style.whitespace false`
warning: Erdos9796Proof/P97/Census554/SevenPointSixCircleCollisionBCertificateStage10.lean:27:32: missing space in the source

This part of the code
  '-x2x^2+2*x2x*x6x-x2y^2+2*x2y*x6y'
should be written as
  'x2y ^ 2'


Note: This linter can be disabled with `set_option linter.style.whitespace false`
warning: Erdos9796Proof/P97/Census554/SevenPointSixCircleCollisionBCertificateStage10.lean:27:40: missing space in the source

This part of the code
  '-x2x^2+2*x2x*x6x-x2y^2+2*x2y*x6y ='
should be written as
  'x2y * x6y'


Note: This linter can be disabled with `set_option linter.style.whitespace false`
⚠ [8685/9010] Replayed Erdos9796Proof.P97.Census554.SevenPointSixCircleCollisionBCertificateStage11
warning: Erdos9796Proof/P97/Census554/SevenPointSixCircleCollisionBCertificateStage11.lean:18:0: Unscoped option maxHeartbeats is not allowed:
Please scope this to individual declarations, as in
```
set_option maxHeartbeats in
-- comment explaining why this is necessary
example : ... := ...
```

Note: This linter can be disabled with `set_option linter.style.setOption false`
warning: Erdos9796Proof/P97/Census554/SevenPointSixCircleCollisionBCertificateStage11.lean:27:16: missing space in the source

This part of the code
  '-x5x^2+2*x5x*x6x-x5y^2+2*x5y*x6y'
should be written as
  '-x5x ^ 2'


Note: This linter can be disabled with `set_option linter.style.whitespace false`
warning: Erdos9796Proof/P97/Census554/SevenPointSixCircleCollisionBCertificateStage11.lean:27:24: missing space in the source

This part of the code
  '-x5x^2+2*x5x*x6x-x5y^2+2*x5y*x6y'
should be written as
  'x5x * x6x'


Note: This linter can be disabled with `set_option linter.style.whitespace false`
warning: Erdos9796Proof/P97/Census554/SevenPointSixCircleCollisionBCertificateStage11.lean:27:28: missing space in the source

This part of the code
  '-x5x^2+2*x5x*x6x-x5y^2+2*x5y*x6y'
should be written as
  'x6x - x5y'


Note: This linter can be disabled with `set_option linter.style.whitespace false`
warning: Erdos9796Proof/P97/Census554/SevenPointSixCircleCollisionBCertificateStage11.lean:27:32: missing space in the source

This part of the code
  '-x5x^2+2*x5x*x6x-x5y^2+2*x5y*x6y'
should be written as
  'x5y ^ 2'


Note: This linter can be disabled with `set_option linter.style.whitespace false`
warning: Erdos9796Proof/P97/Census554/SevenPointSixCircleCollisionBCertificateStage11.lean:27:40: missing space in the source

This part of the code
  '-x5x^2+2*x5x*x6x-x5y^2+2*x5y*x6y ='
should be written as
  'x5y * x6y'


Note: This linter can be disabled with `set_option linter.style.whitespace false`
⚠ [8686/9010] Replayed Erdos9796Proof.P97.Census554.SevenPointSixCircleCollisionBCertificate
warning: Erdos9796Proof/P97/Census554/SevenPointSixCircleCollisionBCertificate.lean:43:0: Unscoped option maxHeartbeats is not allowed:
Please scope this to individual declarations, as in
```
set_option maxHeartbeats in
-- comment explaining why this is necessary
example : ... := ...
```

Note: This linter can be disabled with `set_option linter.style.setOption false`
warning: Erdos9796Proof/P97/Census554/SevenPointSixCircleCollisionBCertificate.lean:52:15: missing space in the source

This part of the code
  '-x2x^2-x2y^2+1'
should be written as
  '-x2x ^ 2'


Note: This linter can be disabled with `set_option linter.style.whitespace false`
warning: Erdos9796Proof/P97/Census554/SevenPointSixCircleCollisionBCertificate.lean:52:21: missing space in the source

This part of the code
  '-x2x^2-x2y^2+1 = 0)'
should be written as
  'x2y ^ 2'


Note: This linter can be disabled with `set_option linter.style.whitespace false`
warning: Erdos9796Proof/P97/Census554/SevenPointSixCircleCollisionBCertificate.lean:53:15: missing space in the source

This part of the code
  '-x3x^2+2*x3x-x3y^2'
should be written as
  '-x3x ^ 2'


Note: This linter can be disabled with `set_option linter.style.whitespace false`
warning: Erdos9796Proof/P97/Census554/SevenPointSixCircleCollisionBCertificate.lean:53:23: missing space in the source

This part of the code
  '-x3x^2+2*x3x-x3y^2'
should be written as
  'x3x - x3y'


Note: This linter can be disabled with `set_option linter.style.whitespace false`
warning: Erdos9796Proof/P97/Census554/SevenPointSixCircleCollisionBCertificate.lean:53:27: missing space in the source

This part of the code
  '-x3x^2+2*x3x-x3y^2 = 0)'
should be written as
  'x3y ^ 2'


Note: This linter can be disabled with `set_option linter.style.whitespace false`
warning: Erdos9796Proof/P97/Census554/SevenPointSixCircleCollisionBCertificate.lean:54:15: missing space in the source

This part of the code
  '-x2x^2+2*x2x*x3x-x2y^2+2*x2y*x3y'
should be written as
  '-x2x ^ 2'


Note: This linter can be disabled with `set_option linter.style.whitespace false`
warning: Erdos9796Proof/P97/Census554/SevenPointSixCircleCollisionBCertificate.lean:54:23: missing space in the source

This part of the code
  '-x2x^2+2*x2x*x3x-x2y^2+2*x2y*x3y'
should be written as
  'x2x * x3x'


Note: This linter can be disabled with `set_option linter.style.whitespace false`
warning: Erdos9796Proof/P97/Census554/SevenPointSixCircleCollisionBCertificate.lean:54:27: missing space in the source

This part of the code
  '-x2x^2+2*x2x*x3x-x2y^2+2*x2y*x3y'
should be written as
  'x3x - x2y'


Note: This linter can be disabled with `set_option linter.style.whitespace false`
warning: Erdos9796Proof/P97/Census554/SevenPointSixCircleCollisionBCertificate.lean:54:31: missing space in the source

This part of the code
  '-x2x^2+2*x2x*x3x-x2y^2+2*x2y*x3y'
should be written as
  'x2y ^ 2'


Note: This linter can be disabled with `set_option linter.style.whitespace false`
warning: Erdos9796Proof/P97/Census554/SevenPointSixCircleCollisionBCertificate.lean:54:39: missing space in the source

This part of the code
  '-x2x^2+2*x2x*x3x-x2y^2+2*x2y*x3y ='
should be written as
  'x2y * x3y'


Note: This linter can be disabled with `set_option linter.style.whitespace false`
warning: Erdos9796Proof/P97/Census554/SevenPointSixCircleCollisionBCertificate.lean:55:12: missing space in the source

This part of the code
  '2*x3x*x6x+2*x3y*x6y-x6x^2-x6y^2'
should be written as
  '2 * x3x'


Note: This linter can be disabled with `set_option linter.style.whitespace false`
warning: Erdos9796Proof/P97/Census554/SevenPointSixCircleCollisionBCertificate.lean:55:16: missing space in the source

This part of the code
  '2*x3x*x6x+2*x3y*x6y-x6x^2-x6y^2'
should be written as
  'x3x * x6x'


Note: This linter can be disabled with `set_option linter.style.whitespace false`
warning: Erdos9796Proof/P97/Census554/SevenPointSixCircleCollisionBCertificate.lean:55:20: missing space in the source

This part of the code
  '2*x3x*x6x+2*x3y*x6y-x6x^2-x6y^2'
should be written as
  'x6x + 2'


Note: This linter can be disabled with `set_option linter.style.whitespace false`
warning: Erdos9796Proof/P97/Census554/SevenPointSixCircleCollisionBCertificate.lean:55:26: missing space in the source

This part of the code
  '2*x3x*x6x+2*x3y*x6y-x6x^2-x6y^2'
should be written as
  'x3y * x6y'


Note: This linter can be disabled with `set_option linter.style.whitespace false`
warning: Erdos9796Proof/P97/Census554/SevenPointSixCircleCollisionBCertificate.lean:55:30: missing space in the source

This part of the code
  '2*x3x*x6x+2*x3y*x6y-x6x^2-x6y^2'
should be written as
  'x6y - x6x'


Note: This linter can be disabled with `set_option linter.style.whitespace false`
warning: Erdos9796Proof/P97/Census554/SevenPointSixCircleCollisionBCertificate.lean:55:34: missing space in the source

This part of the code
  '2*x3x*x6x+2*x3y*x6y-x6x^2-x6y^2'
should be written as
  'x6x ^ 2'


Note: This linter can be disabled with `set_option linter.style.whitespace false`
warning: Erdos9796Proof/P97/Census554/SevenPointSixCircleCollisionBCertificate.lean:55:40: missing space in the source

This part of the code
  '2*x3x*x6x+2*x3y*x6y-x6x^2-x6y^2 = 0)'
should be written as
  'x6y ^ 2'


Note: This linter can be disabled with `set_option linter.style.whitespace false`
warning: Erdos9796Proof/P97/Census554/SevenPointSixCircleCollisionBCertificate.lean:56:15: missing space in the source

This part of the code
  '-x3x^2+2*x3x*x4x-x3y^2+2*x3y*x4y-2*x4x+1'
should be written as
  '-x3x ^ 2'


Note: This linter can be disabled with `set_option linter.style.whitespace false`
warning: Erdos9796Proof/P97/Census554/SevenPointSixCircleCollisionBCertificate.lean:56:23: missing space in the source

This part of the code
  '-x3x^2+2*x3x*x4x-x3y^2+2*x3y*x4y-2*x4x+1'
should be written as
  'x3x * x4x'


Note: This linter can be disabled with `set_option linter.style.whitespace false`
warning: Erdos9796Proof/P97/Census554/SevenPointSixCircleCollisionBCertificate.lean:56:27: missing space in the source

This part of the code
  '-x3x^2+2*x3x*x4x-x3y^2+2*x3y*x4y-2*x4x+1'
should be written as
  'x4x - x3y'


Note: This linter can be disabled with `set_option linter.style.whitespace false`
warning: Erdos9796Proof/P97/Census554/SevenPointSixCircleCollisionBCertificate.lean:56:31: missing space in the source

This part of the code
  '-x3x^2+2*x3x*x4x-x3y^2+2*x3y*x4y-2*x4x+1'
should be written as
  'x3y ^ 2'


Note: This linter can be disabled with `set_option linter.style.whitespace false`
warning: Erdos9796Proof/P97/Census554/SevenPointSixCircleCollisionBCertificate.lean:56:39: missing space in the source

This part of the code
  '-x3x^2+2*x3x*x4x-x3y^2+2*x3y*x4y-2*x4x+1'
should be written as
  'x3y * x4y'


Note: This linter can be disabled with `set_option linter.style.whitespace false`
warning: Erdos9796Proof/P97/Census554/SevenPointSixCircleCollisionBCertificate.lean:56:43: missing space in the source

This part of the code
  '-x3x^2+2*x3x*x4x-x3y^2+2*x3y*x4y-2*x4x+1'
should be written as
  'x4y - 2'


Note: This linter can be disabled with `set_option linter.style.whitespace false`
warning: Erdos9796Proof/P97/Census554/SevenPointSixCircleCollisionBCertificate.lean:56:49: missing space in the source

This part of the code
  '-x3x^2+2*x3x*x4x-x3y^2+2*x3y*x4y-2*x4x+1 = 0)'
should be written as
  'x4x + 1'


Note: This linter can be disabled with `set_option linter.style.whitespace false`
warning: Erdos9796Proof/P97/Census554/SevenPointSixCircleCollisionBCertificate.lean:57:12: missing space in the source

This part of the code
  '2*x4x*x5x-2*x4x+2*x4y*x5y-x5x^2-x5y^2+1'
should be written as
  '2 * x4x'


Note: This linter can be disabled with `set_option linter.style.whitespace false`
warning: Erdos9796Proof/P97/Census554/SevenPointSixCircleCollisionBCertificate.lean:57:16: missing space in the source

This part of the code
  '2*x4x*x5x-2*x4x+2*x4y*x5y-x5x^2-x5y^2+1'
should be written as
  'x4x * x5x'


Note: This linter can be disabled with `set_option linter.style.whitespace false`
warning: Erdos9796Proof/P97/Census554/SevenPointSixCircleCollisionBCertificate.lean:57:20: missing space in the source

This part of the code
  '2*x4x*x5x-2*x4x+2*x4y*x5y-x5x^2-x5y^2+1'
should be written as
  'x5x - 2'


Note: This linter can be disabled with `set_option linter.style.whitespace false`
warning: Erdos9796Proof/P97/Census554/SevenPointSixCircleCollisionBCertificate.lean:57:26: missing space in the source

This part of the code
  '2*x4x*x5x-2*x4x+2*x4y*x5y-x5x^2-x5y^2+1'
should be written as
  'x4x + 2'


Note: This linter can be disabled with `set_option linter.style.whitespace false`
warning: Erdos9796Proof/P97/Census554/SevenPointSixCircleCollisionBCertificate.lean:57:32: missing space in the source

This part of the code
  '2*x4x*x5x-2*x4x+2*x4y*x5y-x5x^2-x5y^2+1'
should be written as
  'x4y * x5y'


Note: This linter can be disabled with `set_option linter.style.whitespace false`
warning: Erdos9796Proof/P97/Census554/SevenPointSixCircleCollisionBCertificate.lean:57:36: missing space in the source

This part of the code
  '2*x4x*x5x-2*x4x+2*x4y*x5y-x5x^2-x5y^2+1'
should be written as
  'x5y - x5x'


Note: This linter can be disabled with `set_option linter.style.whitespace false`
warning: Erdos9796Proof/P97/Census554/SevenPointSixCircleCollisionBCertificate.lean:57:40: missing space in the source

This part of the code
  '2*x4x*x5x-2*x4x+2*x4y*x5y-x5x^2-x5y^2+1'
should be written as
  'x5x ^ 2'


Note: This linter can be disabled with `set_option linter.style.whitespace false`
warning: Erdos9796Proof/P97/Census554/SevenPointSixCircleCollisionBCertificate.lean:57:46: missing space in the source

This part of the code
  '2*x4x*x5x-2*x4x+2*x4y*x5y-x5x^2-x5y^2+1 = 0)'
should be written as
  'x5y ^ 2'


Note: This linter can be disabled with `set_option linter.style.whitespace false`
warning: Erdos9796Proof/P97/Census554/SevenPointSixCircleCollisionBCertificate.lean:58:12: missing space in the source

This part of the code
  '2*x4x*x6x-2*x4x+2*x4y*x6y-x6x^2-x6y^2+1'
should be written as
  '2 * x4x'


Note: This linter can be disabled with `set_option linter.style.whitespace false`
warning: Erdos9796Proof/P97/Census554/SevenPointSixCircleCollisionBCertificate.lean:58:16: missing space in the source

This part of the code
  '2*x4x*x6x-2*x4x+2*x4y*x6y-x6x^2-x6y^2+1'
should be written as
  'x4x * x6x'


Note: This linter can be disabled with `set_option linter.style.whitespace false`
warning: Erdos9796Proof/P97/Census554/SevenPointSixCircleCollisionBCertificate.lean:58:20: missing space in the source

This part of the code
  '2*x4x*x6x-2*x4x+2*x4y*x6y-x6x^2-x6y^2+1'
should be written as
  'x6x - 2'


Note: This linter can be disabled with `set_option linter.style.whitespace false`
warning: Erdos9796Proof/P97/Census554/SevenPointSixCircleCollisionBCertificate.lean:58:26: missing space in the source

This part of the code
  '2*x4x*x6x-2*x4x+2*x4y*x6y-x6x^2-x6y^2+1'
should be written as
  'x4x + 2'


Note: This linter can be disabled with `set_option linter.style.whitespace false`
warning: Erdos9796Proof/P97/Census554/SevenPointSixCircleCollisionBCertificate.lean:58:32: missing space in the source

This part of the code
  '2*x4x*x6x-2*x4x+2*x4y*x6y-x6x^2-x6y^2+1'
should be written as
  'x4y * x6y'


Note: This linter can be disabled with `set_option linter.style.whitespace false`
warning: Erdos9796Proof/P97/Census554/SevenPointSixCircleCollisionBCertificate.lean:58:36: missing space in the source

This part of the code
  '2*x4x*x6x-2*x4x+2*x4y*x6y-x6x^2-x6y^2+1'
should be written as
  'x6y - x6x'


Note: This linter can be disabled with `set_option linter.style.whitespace false`
warning: Erdos9796Proof/P97/Census554/SevenPointSixCircleCollisionBCertificate.lean:58:40: missing space in the source

This part of the code
  '2*x4x*x6x-2*x4x+2*x4y*x6y-x6x^2-x6y^2+1'
should be written as
  'x6x ^ 2'


Note: This linter can be disabled with `set_option linter.style.whitespace false`
warning: Erdos9796Proof/P97/Census554/SevenPointSixCircleCollisionBCertificate.lean:58:46: missing space in the source

This part of the code
  '2*x4x*x6x-2*x4x+2*x4y*x6y-x6x^2-x6y^2+1 = 0)'
should be written as
  'x6y ^ 2'


Note: This linter can be disabled with `set_option linter.style.whitespace false`
warning: Erdos9796Proof/P97/Census554/SevenPointSixCircleCollisionBCertificate.lean:59:12: missing space in the source

This part of the code
  '2*x5x-1'
should be written as
  '2 * x5x'


Note: This linter can be disabled with `set_option linter.style.whitespace false`
warning: Erdos9796Proof/P97/Census554/SevenPointSixCircleCollisionBCertificate.lean:59:16: missing space in the source

This part of the code
  '2*x5x-1 = 0)'
should be written as
  'x5x - 1'


Note: This linter can be disabled with `set_option linter.style.whitespace false`
warning: Erdos9796Proof/P97/Census554/SevenPointSixCircleCollisionBCertificate.lean:60:15: missing space in the source

This part of the code
  '-x4x^2+2*x4x*x5x-x4y^2+2*x4y*x5y'
should be written as
  '-x4x ^ 2'


Note: This linter can be disabled with `set_option linter.style.whitespace false`
warning: Erdos9796Proof/P97/Census554/SevenPointSixCircleCollisionBCertificate.lean:60:23: missing space in the source

This part of the code
  '-x4x^2+2*x4x*x5x-x4y^2+2*x4y*x5y'
should be written as
  'x4x * x5x'


Note: This linter can be disabled with `set_option linter.style.whitespace false`
warning: Erdos9796Proof/P97/Census554/SevenPointSixCircleCollisionBCertificate.lean:60:27: missing space in the source

This part of the code
  '-x4x^2+2*x4x*x5x-x4y^2+2*x4y*x5y'
should be written as
  'x5x - x4y'


Note: This linter can be disabled with `set_option linter.style.whitespace false`
warning: Erdos9796Proof/P97/Census554/SevenPointSixCircleCollisionBCertificate.lean:60:31: missing space in the source

This part of the code
  '-x4x^2+2*x4x*x5x-x4y^2+2*x4y*x5y'
should be written as
  'x4y ^ 2'


Note: This linter can be disabled with `set_option linter.style.whitespace false`
warning: Erdos9796Proof/P97/Census554/SevenPointSixCircleCollisionBCertificate.lean:60:39: missing space in the source

This part of the code
  '-x4x^2+2*x4x*x5x-x4y^2+2*x4y*x5y ='
should be written as
  'x4y * x5y'


Note: This linter can be disabled with `set_option linter.style.whitespace false`
warning: Erdos9796Proof/P97/Census554/SevenPointSixCircleCollisionBCertificate.lean:61:16: missing space in the source

This part of the code
  '-x2x^2+2*x2x*x6x-x2y^2+2*x2y*x6y'
should be written as
  '-x2x ^ 2'


Note: This linter can be disabled with `set_option linter.style.whitespace false`
warning: Erdos9796Proof/P97/Census554/SevenPointSixCircleCollisionBCertificate.lean:61:24: missing space in the source

This part of the code
  '-x2x^2+2*x2x*x6x-x2y^2+2*x2y*x6y'
should be written as
  'x2x * x6x'


Note: This linter can be disabled with `set_option linter.style.whitespace false`
warning: Erdos9796Proof/P97/Census554/SevenPointSixCircleCollisionBCertificate.lean:61:28: missing space in the source

This part of the code
  '-x2x^2+2*x2x*x6x-x2y^2+2*x2y*x6y'
should be written as
  'x6x - x2y'


Note: This linter can be disabled with `set_option linter.style.whitespace false`
warning: Erdos9796Proof/P97/Census554/SevenPointSixCircleCollisionBCertificate.lean:61:32: missing space in the source

This part of the code
  '-x2x^2+2*x2x*x6x-x2y^2+2*x2y*x6y'
should be written as
  'x2y ^ 2'


Note: This linter can be disabled with `set_option linter.style.whitespace false`
warning: Erdos9796Proof/P97/Census554/SevenPointSixCircleCollisionBCertificate.lean:61:40: missing space in the source

This part of the code
  '-x2x^2+2*x2x*x6x-x2y^2+2*x2y*x6y ='
should be written as
  'x2y * x6y'


Note: This linter can be disabled with `set_option linter.style.whitespace false`
warning: Erdos9796Proof/P97/Census554/SevenPointSixCircleCollisionBCertificate.lean:62:16: missing space in the source

This part of the code
  '-x5x^2+2*x5x*x6x-x5y^2+2*x5y*x6y'
should be written as
  '-x5x ^ 2'


Note: This linter can be disabled with `set_option linter.style.whitespace false`
warning: Erdos9796Proof/P97/Census554/SevenPointSixCircleCollisionBCertificate.lean:62:24: missing space in the source

This part of the code
  '-x5x^2+2*x5x*x6x-x5y^2+2*x5y*x6y'
should be written as
  'x5x * x6x'


Note: This linter can be disabled with `set_option linter.style.whitespace false`
warning: Erdos9796Proof/P97/Census554/SevenPointSixCircleCollisionBCertificate.lean:62:28: missing space in the source

This part of the code
  '-x5x^2+2*x5x*x6x-x5y^2+2*x5y*x6y'
should be written as
  'x6x - x5y'


Note: This linter can be disabled with `set_option linter.style.whitespace false`
warning: Erdos9796Proof/P97/Census554/SevenPointSixCircleCollisionBCertificate.lean:62:32: missing space in the source

This part of the code
  '-x5x^2+2*x5x*x6x-x5y^2+2*x5y*x6y'
should be written as
  'x5y ^ 2'


Note: This linter can be disabled with `set_option linter.style.whitespace false`
warning: Erdos9796Proof/P97/Census554/SevenPointSixCircleCollisionBCertificate.lean:62:40: missing space in the source

This part of the code
  '-x5x^2+2*x5x*x6x-x5y^2+2*x5y*x6y ='
should be written as
  'x5y * x6y'


Note: This linter can be disabled with `set_option linter.style.whitespace false`
⚠ [8688/9010] Replayed Erdos9796Proof.P97.Census554.SevenPointTwinFourCircleCollision
warning: Erdos9796Proof/P97/Census554/SevenPointTwinFourCircleCollision.lean:30:0: Please, add a comment explaining the need for modifying the maxHeartbeat limit, as in
set_option maxHeartbeats 12000000 in
-- reason for change
...

Note: This linter can be disabled with `set_option linter.style.maxHeartbeats false`
⚠ [8691/9010] Replayed Erdos9796Proof.P97.Q3SharedInterior
warning: Erdos9796Proof/P97/Q3SharedInterior.lean:1004:4: Try `simp at hq` instead of `simpa using hq`

Note: This linter can be disabled with `set_option linter.unnecessarySimpa false`
warning: Erdos9796Proof/P97/Q3SharedInterior.lean:1034:2: Try `simp at hqInter` instead of `simpa using hqInter`

Note: This linter can be disabled with `set_option linter.unnecessarySimpa false`
warning: Erdos9796Proof/P97/Q3SharedInterior.lean:1096:4: Try `simp at hq` instead of `simpa using hq`

Note: This linter can be disabled with `set_option linter.unnecessarySimpa false`
warning: Erdos9796Proof/P97/Q3SharedInterior.lean:1126:2: Try `simp at hqInter` instead of `simpa using hqInter`

Note: This linter can be disabled with `set_option linter.unnecessarySimpa false`
⚠ [8711/9010] Replayed Erdos9796Proof.P97.Census554.CapSelectedNativeClassifierCoverage
warning: Erdos9796Proof/P97/Census554/CapSelectedNativeClassifierCoverage.lean:130:14: try 'simp' instead of 'simpa'

Note: This linter can be disabled with `set_option linter.unnecessarySimpa false`
warning: Erdos9796Proof/P97/Census554/CapSelectedNativeClassifierCoverage.lean:283:4: try 'simp' instead of 'simpa'

Note: This linter can be disabled with `set_option linter.unnecessarySimpa false`
⚠ [8752/9010] Replayed Erdos9796Proof.P97.EndpointCertificate.OrderedCoreSigns
warning: Erdos9796Proof/P97/EndpointCertificate/OrderedCoreSigns.lean:225:0: Please, add a comment explaining the need for modifying the maxHeartbeat limit, as in
set_option maxHeartbeats 1000000 in
-- reason for change
...

Note: This linter can be disabled with `set_option linter.style.maxHeartbeats false`
⚠ [8753/9010] Replayed Erdos9796Proof.P97.U3ToU5DangerousTriple
warning: Erdos9796Proof/P97/U3ToU5DangerousTriple.lean:232:4: 'simp' is a flexible tactic modifying '⊢'. Try 'simp?' and use the suggested 'simp only [...]'. Alternatively, use `suffices` to explicitly state the simplified form.

Note: This linter can be disabled with `set_option linter.flexible false`
info: Erdos9796Proof/P97/U3ToU5DangerousTriple.lean:232:4: Try this:
  [apply] simp only [dist_self]
info: Erdos9796Proof/P97/U3ToU5DangerousTriple.lean:233:4: 'exact ne_of_lt hr' uses '⊢'!
⚠ [8755/9010] Replayed Erdos9796Proof.P97.Census554.CapSelectedPinnedShellBridge
warning: Erdos9796Proof/P97/Census554/CapSelectedPinnedShellBridge.lean:151:48: Try `simp at this` instead of `simpa using this`

Note: This linter can be disabled with `set_option linter.unnecessarySimpa false`
warning: Erdos9796Proof/P97/Census554/CapSelectedPinnedShellBridge.lean:156:48: Try `simp at this` instead of `simpa using this`

Note: This linter can be disabled with `set_option linter.unnecessarySimpa false`
warning: Erdos9796Proof/P97/Census554/CapSelectedPinnedShellBridge.lean:161:48: Try `simp at this` instead of `simpa using this`

Note: This linter can be disabled with `set_option linter.unnecessarySimpa false`
⚠ [9162/9323] Replayed Erdos9796Proof.P97.SurplusCertificate.RelaxedSplit.Bank
warning: Erdos9796Proof/P97/SurplusCertificate/RelaxedSplit/Bank.lean:9:0: This file has no module docstring (`/-! ... -/`). Add one after the imports to document the file.

Note: This linter can be disabled with `set_option linter.style.moduleDocstring false`
⚠ [9307/9323] Replayed Erdos9796Proof.P97.ErasedCertificate.CardTenP4SeedP4S3B
warning: Erdos9796Proof/P97/ErasedCertificate/CardTenP4SeedP4S3B.lean:25:2: Try `simp at hmem` instead of `simpa using hmem`

Note: This linter can be disabled with `set_option linter.unnecessarySimpa false`
⚠ [9309/9478] Replayed Erdos9796Proof.P97.ErasedCertificate.CardTenP4SeedP4U
warning: Erdos9796Proof/P97/ErasedCertificate/CardTenP4SeedP4U.lean:40:2: Try `simp at hmem` instead of `simpa using hmem`

Note: This linter can be disabled with `set_option linter.unnecessarySimpa false`
⚠ [9310/9478] Replayed Erdos9796Proof.P97.ErasedCertificate.CardTenP4SeedP4S1A
warning: Erdos9796Proof/P97/ErasedCertificate/CardTenP4SeedP4S1A.lean:25:2: Try `simp at hmem` instead of `simpa using hmem`

Note: This linter can be disabled with `set_option linter.unnecessarySimpa false`
⚠ [9311/9478] Replayed Erdos9796Proof.P97.ErasedCertificate.CardTenP4SeedP4S1B
warning: Erdos9796Proof/P97/ErasedCertificate/CardTenP4SeedP4S1B.lean:25:2: Try `simp at hmem` instead of `simpa using hmem`

Note: This linter can be disabled with `set_option linter.unnecessarySimpa false`
⚠ [9313/9478] Replayed Erdos9796Proof.P97.ErasedCertificate.CardTenP4SeedP4S2A
warning: Erdos9796Proof/P97/ErasedCertificate/CardTenP4SeedP4S2A.lean:25:2: Try `simp at hmem` instead of `simpa using hmem`

Note: This linter can be disabled with `set_option linter.unnecessarySimpa false`
⚠ [9314/9478] Replayed Erdos9796Proof.P97.ErasedCertificate.CardTenP4SeedP4S2B
warning: Erdos9796Proof/P97/ErasedCertificate/CardTenP4SeedP4S2B.lean:25:2: Try `simp at hmem` instead of `simpa using hmem`

Note: This linter can be disabled with `set_option linter.unnecessarySimpa false`
⚠ [9316/9478] Replayed Erdos9796Proof.P97.ErasedCertificate.CardTenP4SeedP4S3A
warning: Erdos9796Proof/P97/ErasedCertificate/CardTenP4SeedP4S3A.lean:25:2: Try `simp at hmem` instead of `simpa using hmem`

Note: This linter can be disabled with `set_option linter.unnecessarySimpa false`
⚠ [9326/9478] Replayed Erdos9796Proof.P97.ErasedCertificate.P2Placement7AFirstPart1Native
warning: Erdos9796Proof/P97/ErasedCertificate/P2Placement7AFirstPart1Native.lean:14:0: Please, add a comment explaining the need for modifying the maxHeartbeat limit, as in
set_option maxHeartbeats 0 in
-- reason for change
...

Note: This linter can be disabled with `set_option linter.style.maxHeartbeats false`
⚠ [9327/9478] Replayed Erdos9796Proof.P97.ErasedCertificate.P2Placement7AFirstPart2Native
warning: Erdos9796Proof/P97/ErasedCertificate/P2Placement7AFirstPart2Native.lean:14:0: Please, add a comment explaining the need for modifying the maxHeartbeat limit, as in
set_option maxHeartbeats 0 in
-- reason for change
...

Note: This linter can be disabled with `set_option linter.style.maxHeartbeats false`
⚠ [9329/9478] Replayed Erdos9796Proof.P97.ErasedCertificate.P2Placement7ASecondPart1Native
warning: Erdos9796Proof/P97/ErasedCertificate/P2Placement7ASecondPart1Native.lean:14:0: Please, add a comment explaining the need for modifying the maxHeartbeat limit, as in
set_option maxHeartbeats 0 in
-- reason for change
...

Note: This linter can be disabled with `set_option linter.style.maxHeartbeats false`
⚠ [9330/9478] Replayed Erdos9796Proof.P97.ErasedCertificate.P2Placement7ASecondPart2Native
warning: Erdos9796Proof/P97/ErasedCertificate/P2Placement7ASecondPart2Native.lean:14:0: Please, add a comment explaining the need for modifying the maxHeartbeat limit, as in
set_option maxHeartbeats 0 in
-- reason for change
...

Note: This linter can be disabled with `set_option linter.style.maxHeartbeats false`
⚠ [9334/9478] Replayed Erdos9796Proof.P97.ErasedCertificate.P2Placement7BFirstPart1Native
warning: Erdos9796Proof/P97/ErasedCertificate/P2Placement7BFirstPart1Native.lean:14:0: Please, add a comment explaining the need for modifying the maxHeartbeat limit, as in
set_option maxHeartbeats 0 in
-- reason for change
...

Note: This linter can be disabled with `set_option linter.style.maxHeartbeats false`
⚠ [9335/9478] Replayed Erdos9796Proof.P97.ErasedCertificate.P2Placement7BFirstPart2Native
warning: Erdos9796Proof/P97/ErasedCertificate/P2Placement7BFirstPart2Native.lean:14:0: Please, add a comment explaining the need for modifying the maxHeartbeat limit, as in
set_option maxHeartbeats 0 in
-- reason for change
...

Note: This linter can be disabled with `set_option linter.style.maxHeartbeats false`
⚠ [9337/9478] Replayed Erdos9796Proof.P97.ErasedCertificate.P2Placement7BSecondPart1Native
warning: Erdos9796Proof/P97/ErasedCertificate/P2Placement7BSecondPart1Native.lean:14:0: Please, add a comment explaining the need for modifying the maxHeartbeat limit, as in
set_option maxHeartbeats 0 in
-- reason for change
...

Note: This linter can be disabled with `set_option linter.style.maxHeartbeats false`
⚠ [9338/9478] Replayed Erdos9796Proof.P97.ErasedCertificate.P2Placement7BSecondPart2Native
warning: Erdos9796Proof/P97/ErasedCertificate/P2Placement7BSecondPart2Native.lean:14:0: Please, add a comment explaining the need for modifying the maxHeartbeat limit, as in
set_option maxHeartbeats 0 in
-- reason for change
...

Note: This linter can be disabled with `set_option linter.style.maxHeartbeats false`
⚠ [9342/9478] Replayed Erdos9796Proof.P97.ErasedCertificate.P2Placement8AFirstPart1Native
warning: Erdos9796Proof/P97/ErasedCertificate/P2Placement8AFirstPart1Native.lean:14:0: Please, add a comment explaining the need for modifying the maxHeartbeat limit, as in
set_option maxHeartbeats 0 in
-- reason for change
...

Note: This linter can be disabled with `set_option linter.style.maxHeartbeats false`
⚠ [9343/9478] Replayed Erdos9796Proof.P97.ErasedCertificate.P2Placement8AFirstPart2Native
warning: Erdos9796Proof/P97/ErasedCertificate/P2Placement8AFirstPart2Native.lean:14:0: Please, add a comment explaining the need for modifying the maxHeartbeat limit, as in
set_option maxHeartbeats 0 in
-- reason for change
...

Note: This linter can be disabled with `set_option linter.style.maxHeartbeats false`
⚠ [9345/9478] Replayed Erdos9796Proof.P97.ErasedCertificate.P2Placement8ASecondPart1Native
warning: Erdos9796Proof/P97/ErasedCertificate/P2Placement8ASecondPart1Native.lean:14:0: Please, add a comment explaining the need for modifying the maxHeartbeat limit, as in
set_option maxHeartbeats 0 in
-- reason for change
...

Note: This linter can be disabled with `set_option linter.style.maxHeartbeats false`
⚠ [9346/9478] Replayed Erdos9796Proof.P97.ErasedCertificate.P2Placement8ASecondPart2Native
warning: Erdos9796Proof/P97/ErasedCertificate/P2Placement8ASecondPart2Native.lean:14:0: Please, add a comment explaining the need for modifying the maxHeartbeat limit, as in
set_option maxHeartbeats 0 in
-- reason for change
...

Note: This linter can be disabled with `set_option linter.style.maxHeartbeats false`
⚠ [9350/9478] Replayed Erdos9796Proof.P97.ErasedCertificate.P2Placement8BFirstPart1Native
warning: Erdos9796Proof/P97/ErasedCertificate/P2Placement8BFirstPart1Native.lean:14:0: Please, add a comment explaining the need for modifying the maxHeartbeat limit, as in
set_option maxHeartbeats 0 in
-- reason for change
...

Note: This linter can be disabled with `set_option linter.style.maxHeartbeats false`
⚠ [9351/9478] Replayed Erdos9796Proof.P97.ErasedCertificate.P2Placement8BFirstPart2Native
warning: Erdos9796Proof/P97/ErasedCertificate/P2Placement8BFirstPart2Native.lean:14:0: Please, add a comment explaining the need for modifying the maxHeartbeat limit, as in
set_option maxHeartbeats 0 in
-- reason for change
...

Note: This linter can be disabled with `set_option linter.style.maxHeartbeats false`
⚠ [9353/9478] Replayed Erdos9796Proof.P97.ErasedCertificate.P2Placement8BSecondPart1Native
warning: Erdos9796Proof/P97/ErasedCertificate/P2Placement8BSecondPart1Native.lean:14:0: Please, add a comment explaining the need for modifying the maxHeartbeat limit, as in
set_option maxHeartbeats 0 in
-- reason for change
...

Note: This linter can be disabled with `set_option linter.style.maxHeartbeats false`
⚠ [9354/9478] Replayed Erdos9796Proof.P97.ErasedCertificate.P2Placement8BSecondPart2Native
warning: Erdos9796Proof/P97/ErasedCertificate/P2Placement8BSecondPart2Native.lean:14:0: Please, add a comment explaining the need for modifying the maxHeartbeat limit, as in
set_option maxHeartbeats 0 in
-- reason for change
...

Note: This linter can be disabled with `set_option linter.style.maxHeartbeats false`
⚠ [9358/9478] Replayed Erdos9796Proof.P97.ErasedCertificate.P2Placement9AFirstPart1Native
warning: Erdos9796Proof/P97/ErasedCertificate/P2Placement9AFirstPart1Native.lean:14:0: Please, add a comment explaining the need for modifying the maxHeartbeat limit, as in
set_option maxHeartbeats 0 in
-- reason for change
...

Note: This linter can be disabled with `set_option linter.style.maxHeartbeats false`
⚠ [9359/9478] Replayed Erdos9796Proof.P97.ErasedCertificate.P2Placement9AFirstPart2Native
warning: Erdos9796Proof/P97/ErasedCertificate/P2Placement9AFirstPart2Native.lean:14:0: Please, add a comment explaining the need for modifying the maxHeartbeat limit, as in
set_option maxHeartbeats 0 in
-- reason for change
...

Note: This linter can be disabled with `set_option linter.style.maxHeartbeats false`
⚠ [9361/9478] Replayed Erdos9796Proof.P97.ErasedCertificate.P2Placement9ASecondPart1Native
warning: Erdos9796Proof/P97/ErasedCertificate/P2Placement9ASecondPart1Native.lean:14:0: Please, add a comment explaining the need for modifying the maxHeartbeat limit, as in
set_option maxHeartbeats 0 in
-- reason for change
...

Note: This linter can be disabled with `set_option linter.style.maxHeartbeats false`
⚠ [9362/9478] Replayed Erdos9796Proof.P97.ErasedCertificate.P2Placement9ASecondPart2Native
warning: Erdos9796Proof/P97/ErasedCertificate/P2Placement9ASecondPart2Native.lean:14:0: Please, add a comment explaining the need for modifying the maxHeartbeat limit, as in
set_option maxHeartbeats 0 in
-- reason for change
...

Note: This linter can be disabled with `set_option linter.style.maxHeartbeats false`
⚠ [9366/9478] Replayed Erdos9796Proof.P97.ErasedCertificate.P2Placement9BFirstPart1Native
warning: Erdos9796Proof/P97/ErasedCertificate/P2Placement9BFirstPart1Native.lean:14:0: Please, add a comment explaining the need for modifying the maxHeartbeat limit, as in
set_option maxHeartbeats 0 in
-- reason for change
...

Note: This linter can be disabled with `set_option linter.style.maxHeartbeats false`
⚠ [9367/9478] Replayed Erdos9796Proof.P97.ErasedCertificate.P2Placement9BFirstPart2Native
warning: Erdos9796Proof/P97/ErasedCertificate/P2Placement9BFirstPart2Native.lean:14:0: Please, add a comment explaining the need for modifying the maxHeartbeat limit, as in
set_option maxHeartbeats 0 in
-- reason for change
...

Note: This linter can be disabled with `set_option linter.style.maxHeartbeats false`
⚠ [9369/9478] Replayed Erdos9796Proof.P97.ErasedCertificate.P2Placement9BSecondPart1Native
warning: Erdos9796Proof/P97/ErasedCertificate/P2Placement9BSecondPart1Native.lean:14:0: Please, add a comment explaining the need for modifying the maxHeartbeat limit, as in
set_option maxHeartbeats 0 in
-- reason for change
...

Note: This linter can be disabled with `set_option linter.style.maxHeartbeats false`
⚠ [9370/9478] Replayed Erdos9796Proof.P97.ErasedCertificate.P2Placement9BSecondPart2Native
warning: Erdos9796Proof/P97/ErasedCertificate/P2Placement9BSecondPart2Native.lean:14:0: Please, add a comment explaining the need for modifying the maxHeartbeat limit, as in
set_option maxHeartbeats 0 in
-- reason for change
...

Note: This linter can be disabled with `set_option linter.style.maxHeartbeats false`
⚠ [9374/9478] Replayed Erdos9796Proof.P97.ErasedCertificate.P2Placement10AFirstPart1Native
warning: Erdos9796Proof/P97/ErasedCertificate/P2Placement10AFirstPart1Native.lean:14:0: Please, add a comment explaining the need for modifying the maxHeartbeat limit, as in
set_option maxHeartbeats 0 in
-- reason for change
...

Note: This linter can be disabled with `set_option linter.style.maxHeartbeats false`
⚠ [9375/9478] Replayed Erdos9796Proof.P97.ErasedCertificate.P2Placement10AFirstPart2Native
warning: Erdos9796Proof/P97/ErasedCertificate/P2Placement10AFirstPart2Native.lean:14:0: Please, add a comment explaining the need for modifying the maxHeartbeat limit, as in
set_option maxHeartbeats 0 in
-- reason for change
...

Note: This linter can be disabled with `set_option linter.style.maxHeartbeats false`
⚠ [9377/9478] Replayed Erdos9796Proof.P97.ErasedCertificate.P2Placement10ASecondPart1Native
warning: Erdos9796Proof/P97/ErasedCertificate/P2Placement10ASecondPart1Native.lean:14:0: Please, add a comment explaining the need for modifying the maxHeartbeat limit, as in
set_option maxHeartbeats 0 in
-- reason for change
...

Note: This linter can be disabled with `set_option linter.style.maxHeartbeats false`
⚠ [9378/9478] Replayed Erdos9796Proof.P97.ErasedCertificate.P2Placement10ASecondPart2Native
warning: Erdos9796Proof/P97/ErasedCertificate/P2Placement10ASecondPart2Native.lean:14:0: Please, add a comment explaining the need for modifying the maxHeartbeat limit, as in
set_option maxHeartbeats 0 in
-- reason for change
...

Note: This linter can be disabled with `set_option linter.style.maxHeartbeats false`
⚠ [9382/9478] Replayed Erdos9796Proof.P97.ErasedCertificate.P2Placement10BFirstPart1Native
warning: Erdos9796Proof/P97/ErasedCertificate/P2Placement10BFirstPart1Native.lean:14:0: Please, add a comment explaining the need for modifying the maxHeartbeat limit, as in
set_option maxHeartbeats 0 in
-- reason for change
...

Note: This linter can be disabled with `set_option linter.style.maxHeartbeats false`
⚠ [9383/9478] Replayed Erdos9796Proof.P97.ErasedCertificate.P2Placement10BFirstPart2Native
warning: Erdos9796Proof/P97/ErasedCertificate/P2Placement10BFirstPart2Native.lean:14:0: Please, add a comment explaining the need for modifying the maxHeartbeat limit, as in
set_option maxHeartbeats 0 in
-- reason for change
...

Note: This linter can be disabled with `set_option linter.style.maxHeartbeats false`
⚠ [9385/9478] Replayed Erdos9796Proof.P97.ErasedCertificate.P2Placement10BSecondPart1Native
warning: Erdos9796Proof/P97/ErasedCertificate/P2Placement10BSecondPart1Native.lean:14:0: Please, add a comment explaining the need for modifying the maxHeartbeat limit, as in
set_option maxHeartbeats 0 in
-- reason for change
...

Note: This linter can be disabled with `set_option linter.style.maxHeartbeats false`
⚠ [9386/9478] Replayed Erdos9796Proof.P97.ErasedCertificate.P2Placement10BSecondPart2Native
warning: Erdos9796Proof/P97/ErasedCertificate/P2Placement10BSecondPart2Native.lean:14:0: Please, add a comment explaining the need for modifying the maxHeartbeat limit, as in
set_option maxHeartbeats 0 in
-- reason for change
...

Note: This linter can be disabled with `set_option linter.style.maxHeartbeats false`
⚠ [9390/9478] Replayed Erdos9796Proof.P97.ErasedCertificate.P2Placements
warning: Erdos9796Proof/P97/ErasedCertificate/P2Placements.lean:36:2: 'simp [p2Centers] at hcenter' is a flexible tactic modifying 'hcenter'. Try 'simp?' and use the suggested 'simp only [...]'. Alternatively, use `suffices` to explicitly state the simplified form.

Note: This linter can be disabled with `set_option linter.flexible false`
info: Erdos9796Proof/P97/ErasedCertificate/P2Placements.lean:37:2: 'rcases hcenter with rfl | rfl | rfl | rfl' uses 'hcenter'!
⚠ [9391/9478] Replayed Erdos9796Proof.P97.ErasedCertificate.ErasedClassifierCoverage
warning: Erdos9796Proof/P97/ErasedCertificate/ErasedClassifierCoverage.lean:106:14: try 'simp' instead of 'simpa'

Note: This linter can be disabled with `set_option linter.unnecessarySimpa false`
warning: Erdos9796Proof/P97/ErasedCertificate/ErasedClassifierCoverage.lean:272:2: 'simp [erasedPlacementCheckAt, hfixedLocal, hsearchFixed']' is a flexible tactic modifying '⊢'. Try 'simp?' and use the suggested 'simp only [...]'. Alternatively, use `suffices` to explicitly state the simplified form.

Note: This linter can be disabled with `set_option linter.flexible false`
info: Erdos9796Proof/P97/ErasedCertificate/ErasedClassifierCoverage.lean:273:2: 'exact hnoneEmptyFixed' uses '⊢'!
warning: Erdos9796Proof/P97/ErasedCertificate/ErasedClassifierCoverage.lean:312:2: 'simp [p4uVariableCenters] at hcenter' is a flexible tactic modifying 'hcenter'. Try 'simp?' and use the suggested 'simp only [...]'. Alternatively, use `suffices` to explicitly state the simplified form.

Note: This linter can be disabled with `set_option linter.flexible false`
info: Erdos9796Proof/P97/ErasedCertificate/ErasedClassifierCoverage.lean:312:2: Try this:
  [apply] simp only [Fin.isValue, Fin.ofNat_eq_cast, List.mem_cons, Fin.natCast_eq_zero, List.not_mem_nil, or_false,
    not_or] at hcenter
info: Erdos9796Proof/P97/ErasedCertificate/ErasedClassifierCoverage.lean:313:2: 'rcases hcenter with rfl | rfl | rfl | rfl | rfl | rfl | rfl | rfl' uses 'hcenter'!
warning: Erdos9796Proof/P97/ErasedCertificate/ErasedClassifierCoverage.lean:312:2: 'simp [p4uVariableCenters] at hcenter' is a flexible tactic modifying 'hcenter'. Try 'simp?' and use the suggested 'simp only [...]'. Alternatively, use `suffices` to explicitly state the simplified form.

Note: This linter can be disabled with `set_option linter.flexible false`
info: Erdos9796Proof/P97/ErasedCertificate/ErasedClassifierCoverage.lean:312:2: Try this:
  [apply] simp only [Fin.isValue, Fin.ofNat_eq_cast, List.mem_cons, Fin.natCast_eq_zero, List.not_mem_nil, or_false,
    not_or] at hcenter
info: Erdos9796Proof/P97/ErasedCertificate/ErasedClassifierCoverage.lean:314:4: 'decide' uses 'hcenter'!
warning: Erdos9796Proof/P97/ErasedCertificate/ErasedClassifierCoverage.lean:312:2: 'simp [p4uVariableCenters] at hcenter' is a flexible tactic modifying 'hcenter'. Try 'simp?' and use the suggested 'simp only [...]'. Alternatively, use `suffices` to explicitly state the simplified form.

Note: This linter can be disabled with `set_option linter.flexible false`
info: Erdos9796Proof/P97/ErasedCertificate/ErasedClassifierCoverage.lean:312:2: Try this:
  [apply] simp only [Fin.isValue, Fin.ofNat_eq_cast, List.mem_cons, Fin.natCast_eq_zero, List.not_mem_nil, or_false,
    not_or] at hcenter
info: Erdos9796Proof/P97/ErasedCertificate/ErasedClassifierCoverage.lean:314:4: 'decide' uses 'hcenter'!
warning: Erdos9796Proof/P97/ErasedCertificate/ErasedClassifierCoverage.lean:312:2: 'simp [p4uVariableCenters] at hcenter' is a flexible tactic modifying 'hcenter'. Try 'simp?' and use the suggested 'simp only [...]'. Alternatively, use `suffices` to explicitly state the simplified form.

Note: This linter can be disabled with `set_option linter.flexible false`
info: Erdos9796Proof/P97/ErasedCertificate/ErasedClassifierCoverage.lean:312:2: Try this:
  [apply] simp only [Fin.isValue, Fin.ofNat_eq_cast, List.mem_cons, Fin.natCast_eq_zero, List.not_mem_nil, or_false,
    not_or] at hcenter
info: Erdos9796Proof/P97/ErasedCertificate/ErasedClassifierCoverage.lean:314:4: 'decide' uses 'hcenter'!
warning: Erdos9796Proof/P97/ErasedCertificate/ErasedClassifierCoverage.lean:312:2: 'simp [p4uVariableCenters] at hcenter' is a flexible tactic modifying 'hcenter'. Try 'simp?' and use the suggested 'simp only [...]'. Alternatively, use `suffices` to explicitly state the simplified form.

Note: This linter can be disabled with `set_option linter.flexible false`
info: Erdos9796Proof/P97/ErasedCertificate/ErasedClassifierCoverage.lean:312:2: Try this:
  [apply] simp only [Fin.isValue, Fin.ofNat_eq_cast, List.mem_cons, Fin.natCast_eq_zero, List.not_mem_nil, or_false,
    not_or] at hcenter
info: Erdos9796Proof/P97/ErasedCertificate/ErasedClassifierCoverage.lean:314:4: 'decide' uses 'hcenter'!
warning: Erdos9796Proof/P97/ErasedCertificate/ErasedClassifierCoverage.lean:312:2: 'simp [p4uVariableCenters] at hcenter' is a flexible tactic modifying 'hcenter'. Try 'simp?' and use the suggested 'simp only [...]'. Alternatively, use `suffices` to explicitly state the simplified form.

Note: This linter can be disabled with `set_option linter.flexible false`
info: Erdos9796Proof/P97/ErasedCertificate/ErasedClassifierCoverage.lean:312:2: Try this:
  [apply] simp only [Fin.isValue, Fin.ofNat_eq_cast, List.mem_cons, Fin.natCast_eq_zero, List.not_mem_nil, or_false,
    not_or] at hcenter
info: Erdos9796Proof/P97/ErasedCertificate/ErasedClassifierCoverage.lean:314:4: 'decide' uses 'hcenter'!
warning: Erdos9796Proof/P97/ErasedCertificate/ErasedClassifierCoverage.lean:312:2: 'simp [p4uVariableCenters] at hcenter' is a flexible tactic modifying 'hcenter'. Try 'simp?' and use the suggested 'simp only [...]'. Alternatively, use `suffices` to explicitly state the simplified form.

Note: This linter can be disabled with `set_option linter.flexible false`
info: Erdos9796Proof/P97/ErasedCertificate/ErasedClassifierCoverage.lean:312:2: Try this:
  [apply] simp only [Fin.isValue, Fin.ofNat_eq_cast, List.mem_cons, Fin.natCast_eq_zero, List.not_mem_nil, or_false,
    not_or] at hcenter
info: Erdos9796Proof/P97/ErasedCertificate/ErasedClassifierCoverage.lean:314:4: 'decide' uses 'hcenter'!
warning: Erdos9796Proof/P97/ErasedCertificate/ErasedClassifierCoverage.lean:312:2: 'simp [p4uVariableCenters] at hcenter' is a flexible tactic modifying 'hcenter'. Try 'simp?' and use the suggested 'simp only [...]'. Alternatively, use `suffices` to explicitly state the simplified form.

Note: This linter can be disabled with `set_option linter.flexible false`
info: Erdos9796Proof/P97/ErasedCertificate/ErasedClassifierCoverage.lean:312:2: Try this:
  [apply] simp only [Fin.isValue, Fin.ofNat_eq_cast, List.mem_cons, Fin.natCast_eq_zero, List.not_mem_nil, or_false,
    not_or] at hcenter
info: Erdos9796Proof/P97/ErasedCertificate/ErasedClassifierCoverage.lean:314:4: 'decide' uses 'hcenter'!
warning: Erdos9796Proof/P97/ErasedCertificate/ErasedClassifierCoverage.lean:312:2: 'simp [p4uVariableCenters] at hcenter' is a flexible tactic modifying 'hcenter'. Try 'simp?' and use the suggested 'simp only [...]'. Alternatively, use `suffices` to explicitly state the simplified form.

Note: This linter can be disabled with `set_option linter.flexible false`
info: Erdos9796Proof/P97/ErasedCertificate/ErasedClassifierCoverage.lean:312:2: Try this:
  [apply] simp only [Fin.isValue, Fin.ofNat_eq_cast, List.mem_cons, Fin.natCast_eq_zero, List.not_mem_nil, or_false,
    not_or] at hcenter
info: Erdos9796Proof/P97/ErasedCertificate/ErasedClassifierCoverage.lean:314:4: 'decide' uses 'hcenter'!
warning: Erdos9796Proof/P97/ErasedCertificate/ErasedClassifierCoverage.lean:453:2: 'simp [erasedP4UPlacementCheck, hlocal₀', hlocal₁, hlocal₂,
    hcompatible₁', hcompatible₂', hsearchFixed']' is a flexible tactic modifying '⊢'. Try 'simp?' and use the suggested 'simp only [...]'. Alternatively, use `suffices` to explicitly state the simplified form.

Note: This linter can be disabled with `set_option linter.flexible false`
info: Erdos9796Proof/P97/ErasedCertificate/ErasedClassifierCoverage.lean:455:2: 'exact hnoneEmptyFixed'' uses '⊢'!
⚠ [9394/9478] Replayed Erdos9796Proof.P97.RemovableVertexAxiom.ErasedPinRowResiduals
warning: Erdos9796Proof/P97/RemovableVertexAxiom/ErasedPinRowResiduals.lean:93:41: unused variable `hgt`

Note: This linter can be disabled with `set_option linter.unusedVariables false`
warning: Erdos9796Proof/P97/RemovableVertexAxiom/ErasedPinRowResiduals.lean:97:5: unused variable `hend1`

Note: This linter can be disabled with `set_option linter.unusedVariables false`
warning: Erdos9796Proof/P97/RemovableVertexAxiom/ErasedPinRowResiduals.lean:99:5: unused variable `hend2`

Note: This linter can be disabled with `set_option linter.unusedVariables false`
warning: Erdos9796Proof/P97/RemovableVertexAxiom/ErasedPinRowResiduals.lean:101:5: unused variable `hpin1`

Note: This linter can be disabled with `set_option linter.unusedVariables false`
warning: Erdos9796Proof/P97/RemovableVertexAxiom/ErasedPinRowResiduals.lean:103:5: unused variable `hpin2`

Note: This linter can be disabled with `set_option linter.unusedVariables false`
warning: Erdos9796Proof/P97/RemovableVertexAxiom/ErasedPinRowResiduals.lean:105:5: unused variable `hcontain`

Note: This linter can be disabled with `set_option linter.unusedVariables false`
warning: Erdos9796Proof/P97/RemovableVertexAxiom/ErasedPinRowResiduals.lean:151:41: unused variable `hgt`

Note: This linter can be disabled with `set_option linter.unusedVariables false`
warning: Erdos9796Proof/P97/RemovableVertexAxiom/ErasedPinRowResiduals.lean:155:5: unused variable `hend1`

Note: This linter can be disabled with `set_option linter.unusedVariables false`
warning: Erdos9796Proof/P97/RemovableVertexAxiom/ErasedPinRowResiduals.lean:157:5: unused variable `hend2`

Note: This linter can be disabled with `set_option linter.unusedVariables false`
warning: Erdos9796Proof/P97/RemovableVertexAxiom/ErasedPinRowResiduals.lean:159:5: unused variable `hpin1`

Note: This linter can be disabled with `set_option linter.unusedVariables false`
warning: Erdos9796Proof/P97/RemovableVertexAxiom/ErasedPinRowResiduals.lean:161:5: unused variable `hpin2`

Note: This linter can be disabled with `set_option linter.unusedVariables false`
warning: Erdos9796Proof/P97/RemovableVertexAxiom/ErasedPinRowResiduals.lean:163:5: unused variable `hcontain`

Note: This linter can be disabled with `set_option linter.unusedVariables false`
warning: Erdos9796Proof/P97/RemovableVertexAxiom/ErasedPinRowResiduals.lean:209:41: unused variable `hgt`

Note: This linter can be disabled with `set_option linter.unusedVariables false`
warning: Erdos9796Proof/P97/RemovableVertexAxiom/ErasedPinRowResiduals.lean:213:5: unused variable `hend1`

Note: This linter can be disabled with `set_option linter.unusedVariables false`
warning: Erdos9796Proof/P97/RemovableVertexAxiom/ErasedPinRowResiduals.lean:215:5: unused variable `hend2`

Note: This linter can be disabled with `set_option linter.unusedVariables false`
warning: Erdos9796Proof/P97/RemovableVertexAxiom/ErasedPinRowResiduals.lean:217:5: unused variable `hpin1`

Note: This linter can be disabled with `set_option linter.unusedVariables false`
warning: Erdos9796Proof/P97/RemovableVertexAxiom/ErasedPinRowResiduals.lean:219:5: unused variable `hpin2`

Note: This linter can be disabled with `set_option linter.unusedVariables false`
warning: Erdos9796Proof/P97/RemovableVertexAxiom/ErasedPinRowResiduals.lean:221:5: unused variable `hcontain`

Note: This linter can be disabled with `set_option linter.unusedVariables false`
warning: Erdos9796Proof/P97/RemovableVertexAxiom/ErasedPinRowResiduals.lean:267:41: unused variable `hgt`

Note: This linter can be disabled with `set_option linter.unusedVariables false`
warning: Erdos9796Proof/P97/RemovableVertexAxiom/ErasedPinRowResiduals.lean:271:5: unused variable `hend1`

Note: This linter can be disabled with `set_option linter.unusedVariables false`
warning: Erdos9796Proof/P97/RemovableVertexAxiom/ErasedPinRowResiduals.lean:273:5: unused variable `hend2`

Note: This linter can be disabled with `set_option linter.unusedVariables false`
warning: Erdos9796Proof/P97/RemovableVertexAxiom/ErasedPinRowResiduals.lean:275:5: unused variable `hpin1`

Note: This linter can be disabled with `set_option linter.unusedVariables false`
warning: Erdos9796Proof/P97/RemovableVertexAxiom/ErasedPinRowResiduals.lean:277:5: unused variable `hpin2`

Note: This linter can be disabled with `set_option linter.unusedVariables false`
warning: Erdos9796Proof/P97/RemovableVertexAxiom/ErasedPinRowResiduals.lean:279:5: unused variable `hcontain`

Note: This linter can be disabled with `set_option linter.unusedVariables false`
warning: Erdos9796Proof/P97/RemovableVertexAxiom/ErasedPinRowResiduals.lean:325:41: unused variable `hgt`

Note: This linter can be disabled with `set_option linter.unusedVariables false`
warning: Erdos9796Proof/P97/RemovableVertexAxiom/ErasedPinRowResiduals.lean:329:5: unused variable `hend1`

Note: This linter can be disabled with `set_option linter.unusedVariables false`
warning: Erdos9796Proof/P97/RemovableVertexAxiom/ErasedPinRowResiduals.lean:331:5: unused variable `hend2`

Note: This linter can be disabled with `set_option linter.unusedVariables false`
warning: Erdos9796Proof/P97/RemovableVertexAxiom/ErasedPinRowResiduals.lean:333:5: unused variable `hpin1`

Note: This linter can be disabled with `set_option linter.unusedVariables false`
warning: Erdos9796Proof/P97/RemovableVertexAxiom/ErasedPinRowResiduals.lean:335:5: unused variable `hpin2`

Note: This linter can be disabled with `set_option linter.unusedVariables false`
warning: Erdos9796Proof/P97/RemovableVertexAxiom/ErasedPinRowResiduals.lean:337:5: unused variable `hcontain`

Note: This linter can be disabled with `set_option linter.unusedVariables false`
warning: Erdos9796Proof/P97/RemovableVertexAxiom/ErasedPinRowResiduals.lean:383:41: unused variable `hgt`

Note: This linter can be disabled with `set_option linter.unusedVariables false`
warning: Erdos9796Proof/P97/RemovableVertexAxiom/ErasedPinRowResiduals.lean:387:5: unused variable `hend1`

Note: This linter can be disabled with `set_option linter.unusedVariables false`
warning: Erdos9796Proof/P97/RemovableVertexAxiom/ErasedPinRowResiduals.lean:389:5: unused variable `hend2`

Note: This linter can be disabled with `set_option linter.unusedVariables false`
warning: Erdos9796Proof/P97/RemovableVertexAxiom/ErasedPinRowResiduals.lean:391:5: unused variable `hpin1`

Note: This linter can be disabled with `set_option linter.unusedVariables false`
warning: Erdos9796Proof/P97/RemovableVertexAxiom/ErasedPinRowResiduals.lean:393:5: unused variable `hpin2`

Note: This linter can be disabled with `set_option linter.unusedVariables false`
warning: Erdos9796Proof/P97/RemovableVertexAxiom/ErasedPinRowResiduals.lean:395:5: unused variable `hcontain`

Note: This linter can be disabled with `set_option linter.unusedVariables false`
warning: Erdos9796Proof/P97/RemovableVertexAxiom/ErasedPinRowResiduals.lean:441:41: unused variable `hgt`

Note: This linter can be disabled with `set_option linter.unusedVariables false`
warning: Erdos9796Proof/P97/RemovableVertexAxiom/ErasedPinRowResiduals.lean:445:5: unused variable `hend1`

Note: This linter can be disabled with `set_option linter.unusedVariables false`
warning: Erdos9796Proof/P97/RemovableVertexAxiom/ErasedPinRowResiduals.lean:447:5: unused variable `hend2`

Note: This linter can be disabled with `set_option linter.unusedVariables false`
warning: Erdos9796Proof/P97/RemovableVertexAxiom/ErasedPinRowResiduals.lean:449:5: unused variable `hpin1`

Note: This linter can be disabled with `set_option linter.unusedVariables false`
warning: Erdos9796Proof/P97/RemovableVertexAxiom/ErasedPinRowResiduals.lean:451:5: unused variable `hpin2`

Note: This linter can be disabled with `set_option linter.unusedVariables false`
warning: Erdos9796Proof/P97/RemovableVertexAxiom/ErasedPinRowResiduals.lean:453:5: unused variable `hcontain`

Note: This linter can be disabled with `set_option linter.unusedVariables false`
warning: Erdos9796Proof/P97/RemovableVertexAxiom/ErasedPinRowResiduals.lean:499:41: unused variable `hgt`

Note: This linter can be disabled with `set_option linter.unusedVariables false`
warning: Erdos9796Proof/P97/RemovableVertexAxiom/ErasedPinRowResiduals.lean:503:5: unused variable `hend1`

Note: This linter can be disabled with `set_option linter.unusedVariables false`
warning: Erdos9796Proof/P97/RemovableVertexAxiom/ErasedPinRowResiduals.lean:505:5: unused variable `hend2`

Note: This linter can be disabled with `set_option linter.unusedVariables false`
warning: Erdos9796Proof/P97/RemovableVertexAxiom/ErasedPinRowResiduals.lean:507:5: unused variable `hpin1`

Note: This linter can be disabled with `set_option linter.unusedVariables false`
warning: Erdos9796Proof/P97/RemovableVertexAxiom/ErasedPinRowResiduals.lean:509:5: unused variable `hpin2`

Note: This linter can be disabled with `set_option linter.unusedVariables false`
warning: Erdos9796Proof/P97/RemovableVertexAxiom/ErasedPinRowResiduals.lean:511:5: unused variable `hcontain`

Note: This linter can be disabled with `set_option linter.unusedVariables false`
warning: Erdos9796Proof/P97/RemovableVertexAxiom/ErasedPinRowResiduals.lean:557:41: unused variable `hgt`

Note: This linter can be disabled with `set_option linter.unusedVariables false`
warning: Erdos9796Proof/P97/RemovableVertexAxiom/ErasedPinRowResiduals.lean:561:5: unused variable `hend1`

Note: This linter can be disabled with `set_option linter.unusedVariables false`
warning: Erdos9796Proof/P97/RemovableVertexAxiom/ErasedPinRowResiduals.lean:563:5: unused variable `hend2`

Note: This linter can be disabled with `set_option linter.unusedVariables false`
warning: Erdos9796Proof/P97/RemovableVertexAxiom/ErasedPinRowResiduals.lean:565:5: unused variable `hpin1`

Note: This linter can be disabled with `set_option linter.unusedVariables false`
warning: Erdos9796Proof/P97/RemovableVertexAxiom/ErasedPinRowResiduals.lean:567:5: unused variable `hpin2`

Note: This linter can be disabled with `set_option linter.unusedVariables false`
warning: Erdos9796Proof/P97/RemovableVertexAxiom/ErasedPinRowResiduals.lean:569:5: unused variable `hcontain`

Note: This linter can be disabled with `set_option linter.unusedVariables false`
warning: Erdos9796Proof/P97/RemovableVertexAxiom/ErasedPinRowResiduals.lean:617:41: unused variable `hgt`

Note: This linter can be disabled with `set_option linter.unusedVariables false`
warning: Erdos9796Proof/P97/RemovableVertexAxiom/ErasedPinRowResiduals.lean:621:5: unused variable `hend1`

Note: This linter can be disabled with `set_option linter.unusedVariables false`
warning: Erdos9796Proof/P97/RemovableVertexAxiom/ErasedPinRowResiduals.lean:623:5: unused variable `hend2`

Note: This linter can be disabled with `set_option linter.unusedVariables false`
warning: Erdos9796Proof/P97/RemovableVertexAxiom/ErasedPinRowResiduals.lean:625:5: unused variable `hpin1`

Note: This linter can be disabled with `set_option linter.unusedVariables false`
warning: Erdos9796Proof/P97/RemovableVertexAxiom/ErasedPinRowResiduals.lean:627:5: unused variable `hpin2`

Note: This linter can be disabled with `set_option linter.unusedVariables false`
warning: Erdos9796Proof/P97/RemovableVertexAxiom/ErasedPinRowResiduals.lean:629:5: unused variable `hcontain`

Note: This linter can be disabled with `set_option linter.unusedVariables false`
warning: Erdos9796Proof/P97/RemovableVertexAxiom/ErasedPinRowResiduals.lean:680:41: unused variable `hgt`

Note: This linter can be disabled with `set_option linter.unusedVariables false`
warning: Erdos9796Proof/P97/RemovableVertexAxiom/ErasedPinRowResiduals.lean:684:5: unused variable `hend1`

Note: This linter can be disabled with `set_option linter.unusedVariables false`
warning: Erdos9796Proof/P97/RemovableVertexAxiom/ErasedPinRowResiduals.lean:686:5: unused variable `hend2`

Note: This linter can be disabled with `set_option linter.unusedVariables false`
warning: Erdos9796Proof/P97/RemovableVertexAxiom/ErasedPinRowResiduals.lean:688:5: unused variable `hpin1`

Note: This linter can be disabled with `set_option linter.unusedVariables false`
warning: Erdos9796Proof/P97/RemovableVertexAxiom/ErasedPinRowResiduals.lean:690:5: unused variable `hpin2`

Note: This linter can be disabled with `set_option linter.unusedVariables false`
warning: Erdos9796Proof/P97/RemovableVertexAxiom/ErasedPinRowResiduals.lean:692:5: unused variable `hcontain`

Note: This linter can be disabled with `set_option linter.unusedVariables false`
warning: Erdos9796Proof/P97/RemovableVertexAxiom/ErasedPinRowResiduals.lean:738:41: unused variable `hgt`

Note: This linter can be disabled with `set_option linter.unusedVariables false`
warning: Erdos9796Proof/P97/RemovableVertexAxiom/ErasedPinRowResiduals.lean:742:5: unused variable `hend1`

Note: This linter can be disabled with `set_option linter.unusedVariables false`
warning: Erdos9796Proof/P97/RemovableVertexAxiom/ErasedPinRowResiduals.lean:744:5: unused variable `hend2`

Note: This linter can be disabled with `set_option linter.unusedVariables false`
warning: Erdos9796Proof/P97/RemovableVertexAxiom/ErasedPinRowResiduals.lean:746:5: unused variable `hpin1`

Note: This linter can be disabled with `set_option linter.unusedVariables false`
warning: Erdos9796Proof/P97/RemovableVertexAxiom/ErasedPinRowResiduals.lean:748:5: unused variable `hpin2`

Note: This linter can be disabled with `set_option linter.unusedVariables false`
warning: Erdos9796Proof/P97/RemovableVertexAxiom/ErasedPinRowResiduals.lean:750:5: unused variable `hcontain`

Note: This linter can be disabled with `set_option linter.unusedVariables false`
warning: Erdos9796Proof/P97/RemovableVertexAxiom/ErasedPinRowResiduals.lean:796:41: unused variable `hgt`

Note: This linter can be disabled with `set_option linter.unusedVariables false`
warning: Erdos9796Proof/P97/RemovableVertexAxiom/ErasedPinRowResiduals.lean:800:5: unused variable `hend1`

Note: This linter can be disabled with `set_option linter.unusedVariables false`
warning: Erdos9796Proof/P97/RemovableVertexAxiom/ErasedPinRowResiduals.lean:802:5: unused variable `hend2`

Note: This linter can be disabled with `set_option linter.unusedVariables false`
warning: Erdos9796Proof/P97/RemovableVertexAxiom/ErasedPinRowResiduals.lean:804:5: unused variable `hpin1`

Note: This linter can be disabled with `set_option linter.unusedVariables false`
warning: Erdos9796Proof/P97/RemovableVertexAxiom/ErasedPinRowResiduals.lean:806:5: unused variable `hpin2`

Note: This linter can be disabled with `set_option linter.unusedVariables false`
warning: Erdos9796Proof/P97/RemovableVertexAxiom/ErasedPinRowResiduals.lean:808:5: unused variable `hcontain`

Note: This linter can be disabled with `set_option linter.unusedVariables false`
warning: Erdos9796Proof/P97/RemovableVertexAxiom/ErasedPinRowResiduals.lean:854:41: unused variable `hgt`

Note: This linter can be disabled with `set_option linter.unusedVariables false`
warning: Erdos9796Proof/P97/RemovableVertexAxiom/ErasedPinRowResiduals.lean:858:5: unused variable `hend1`

Note: This linter can be disabled with `set_option linter.unusedVariables false`
warning: Erdos9796Proof/P97/RemovableVertexAxiom/ErasedPinRowResiduals.lean:860:5: unused variable `hend2`

Note: This linter can be disabled with `set_option linter.unusedVariables false`
warning: Erdos9796Proof/P97/RemovableVertexAxiom/ErasedPinRowResiduals.lean:862:5: unused variable `hpin1`

Note: This linter can be disabled with `set_option linter.unusedVariables false`
warning: Erdos9796Proof/P97/RemovableVertexAxiom/ErasedPinRowResiduals.lean:864:5: unused variable `hpin2`

Note: This linter can be disabled with `set_option linter.unusedVariables false`
warning: Erdos9796Proof/P97/RemovableVertexAxiom/ErasedPinRowResiduals.lean:866:5: unused variable `hcontain`

Note: This linter can be disabled with `set_option linter.unusedVariables false`
warning: Erdos9796Proof/P97/RemovableVertexAxiom/ErasedPinRowResiduals.lean:912:41: unused variable `hgt`

Note: This linter can be disabled with `set_option linter.unusedVariables false`
warning: Erdos9796Proof/P97/RemovableVertexAxiom/ErasedPinRowResiduals.lean:916:5: unused variable `hend1`

Note: This linter can be disabled with `set_option linter.unusedVariables false`
warning: Erdos9796Proof/P97/RemovableVertexAxiom/ErasedPinRowResiduals.lean:918:5: unused variable `hend2`

Note: This linter can be disabled with `set_option linter.unusedVariables false`
warning: Erdos9796Proof/P97/RemovableVertexAxiom/ErasedPinRowResiduals.lean:920:5: unused variable `hpin1`

Note: This linter can be disabled with `set_option linter.unusedVariables false`
warning: Erdos9796Proof/P97/RemovableVertexAxiom/ErasedPinRowResiduals.lean:922:5: unused variable `hpin2`

Note: This linter can be disabled with `set_option linter.unusedVariables false`
warning: Erdos9796Proof/P97/RemovableVertexAxiom/ErasedPinRowResiduals.lean:924:5: unused variable `hcontain`

Note: This linter can be disabled with `set_option linter.unusedVariables false`
warning: Erdos9796Proof/P97/RemovableVertexAxiom/ErasedPinRowResiduals.lean:970:41: unused variable `hgt`

Note: This linter can be disabled with `set_option linter.unusedVariables false`
warning: Erdos9796Proof/P97/RemovableVertexAxiom/ErasedPinRowResiduals.lean:974:5: unused variable `hend1`

Note: This linter can be disabled with `set_option linter.unusedVariables false`
warning: Erdos9796Proof/P97/RemovableVertexAxiom/ErasedPinRowResiduals.lean:976:5: unused variable `hend2`

Note: This linter can be disabled with `set_option linter.unusedVariables false`
warning: Erdos9796Proof/P97/RemovableVertexAxiom/ErasedPinRowResiduals.lean:978:5: unused variable `hpin1`

Note: This linter can be disabled with `set_option linter.unusedVariables false`
warning: Erdos9796Proof/P97/RemovableVertexAxiom/ErasedPinRowResiduals.lean:980:5: unused variable `hpin2`

Note: This linter can be disabled with `set_option linter.unusedVariables false`
warning: Erdos9796Proof/P97/RemovableVertexAxiom/ErasedPinRowResiduals.lean:982:5: unused variable `hcontain`

Note: This linter can be disabled with `set_option linter.unusedVariables false`
warning: Erdos9796Proof/P97/RemovableVertexAxiom/ErasedPinRowResiduals.lean:1028:41: unused variable `hgt`

Note: This linter can be disabled with `set_option linter.unusedVariables false`
warning: Erdos9796Proof/P97/RemovableVertexAxiom/ErasedPinRowResiduals.lean:1032:5: unused variable `hend1`

Note: This linter can be disabled with `set_option linter.unusedVariables false`
warning: Erdos9796Proof/P97/RemovableVertexAxiom/ErasedPinRowResiduals.lean:1034:5: unused variable `hend2`

Note: This linter can be disabled with `set_option linter.unusedVariables false`
warning: Erdos9796Proof/P97/RemovableVertexAxiom/ErasedPinRowResiduals.lean:1036:5: unused variable `hpin1`

Note: This linter can be disabled with `set_option linter.unusedVariables false`
warning: Erdos9796Proof/P97/RemovableVertexAxiom/ErasedPinRowResiduals.lean:1038:5: unused variable `hpin2`

Note: This linter can be disabled with `set_option linter.unusedVariables false`
warning: Erdos9796Proof/P97/RemovableVertexAxiom/ErasedPinRowResiduals.lean:1040:5: unused variable `hcontain`

Note: This linter can be disabled with `set_option linter.unusedVariables false`
warning: Erdos9796Proof/P97/RemovableVertexAxiom/ErasedPinRowResiduals.lean:1086:41: unused variable `hgt`

Note: This linter can be disabled with `set_option linter.unusedVariables false`
warning: Erdos9796Proof/P97/RemovableVertexAxiom/ErasedPinRowResiduals.lean:1090:5: unused variable `hend1`

Note: This linter can be disabled with `set_option linter.unusedVariables false`
warning: Erdos9796Proof/P97/RemovableVertexAxiom/ErasedPinRowResiduals.lean:1092:5: unused variable `hend2`

Note: This linter can be disabled with `set_option linter.unusedVariables false`
warning: Erdos9796Proof/P97/RemovableVertexAxiom/ErasedPinRowResiduals.lean:1094:5: unused variable `hpin1`

Note: This linter can be disabled with `set_option linter.unusedVariables false`
warning: Erdos9796Proof/P97/RemovableVertexAxiom/ErasedPinRowResiduals.lean:1096:5: unused variable `hpin2`

Note: This linter can be disabled with `set_option linter.unusedVariables false`
warning: Erdos9796Proof/P97/RemovableVertexAxiom/ErasedPinRowResiduals.lean:1098:5: unused variable `hcontain`

Note: This linter can be disabled with `set_option linter.unusedVariables false`
warning: Erdos9796Proof/P97/RemovableVertexAxiom/ErasedPinRowResiduals.lean:1144:41: unused variable `hgt`

Note: This linter can be disabled with `set_option linter.unusedVariables false`
warning: Erdos9796Proof/P97/RemovableVertexAxiom/ErasedPinRowResiduals.lean:1148:5: unused variable `hend1`

Note: This linter can be disabled with `set_option linter.unusedVariables false`
warning: Erdos9796Proof/P97/RemovableVertexAxiom/ErasedPinRowResiduals.lean:1150:5: unused variable `hend2`

Note: This linter can be disabled with `set_option linter.unusedVariables false`
warning: Erdos9796Proof/P97/RemovableVertexAxiom/ErasedPinRowResiduals.lean:1152:5: unused variable `hpin1`

Note: This linter can be disabled with `set_option linter.unusedVariables false`
warning: Erdos9796Proof/P97/RemovableVertexAxiom/ErasedPinRowResiduals.lean:1154:5: unused variable `hpin2`

Note: This linter can be disabled with `set_option linter.unusedVariables false`
warning: Erdos9796Proof/P97/RemovableVertexAxiom/ErasedPinRowResiduals.lean:1156:5: unused variable `hcontain`

Note: This linter can be disabled with `set_option linter.unusedVariables false`
warning: Erdos9796Proof/P97/RemovableVertexAxiom/ErasedPinRowResiduals.lean:1204:41: unused variable `hgt`

Note: This linter can be disabled with `set_option linter.unusedVariables false`
warning: Erdos9796Proof/P97/RemovableVertexAxiom/ErasedPinRowResiduals.lean:1208:5: unused variable `hend1`

Note: This linter can be disabled with `set_option linter.unusedVariables false`
warning: Erdos9796Proof/P97/RemovableVertexAxiom/ErasedPinRowResiduals.lean:1210:5: unused variable `hend2`

Note: This linter can be disabled with `set_option linter.unusedVariables false`
warning: Erdos9796Proof/P97/RemovableVertexAxiom/ErasedPinRowResiduals.lean:1212:5: unused variable `hpin1`

Note: This linter can be disabled with `set_option linter.unusedVariables false`
warning: Erdos9796Proof/P97/RemovableVertexAxiom/ErasedPinRowResiduals.lean:1214:5: unused variable `hpin2`

Note: This linter can be disabled with `set_option linter.unusedVariables false`
warning: Erdos9796Proof/P97/RemovableVertexAxiom/ErasedPinRowResiduals.lean:1216:5: unused variable `hcontain`

Note: This linter can be disabled with `set_option linter.unusedVariables false`
⚠ [9398/9478] Replayed Erdos9796Proof.P97.ErasedCertificate.P4SPlacement3AFirstPart1Native
warning: Erdos9796Proof/P97/ErasedCertificate/P4SPlacement3AFirstPart1Native.lean:14:0: Please, add a comment explaining the need for modifying the maxHeartbeat limit, as in
set_option maxHeartbeats 0 in
-- reason for change
...

Note: This linter can be disabled with `set_option linter.style.maxHeartbeats false`
⚠ [9399/9478] Replayed Erdos9796Proof.P97.ErasedCertificate.P4SPlacement3AFirstPart2Native
warning: Erdos9796Proof/P97/ErasedCertificate/P4SPlacement3AFirstPart2Native.lean:14:0: Please, add a comment explaining the need for modifying the maxHeartbeat limit, as in
set_option maxHeartbeats 0 in
-- reason for change
...

Note: This linter can be disabled with `set_option linter.style.maxHeartbeats false`
⚠ [9401/9478] Replayed Erdos9796Proof.P97.ErasedCertificate.P4SPlacement3ASecondPart1Native
warning: Erdos9796Proof/P97/ErasedCertificate/P4SPlacement3ASecondPart1Native.lean:14:0: Please, add a comment explaining the need for modifying the maxHeartbeat limit, as in
set_option maxHeartbeats 0 in
-- reason for change
...

Note: This linter can be disabled with `set_option linter.style.maxHeartbeats false`
⚠ [9402/9478] Replayed Erdos9796Proof.P97.ErasedCertificate.P4SPlacement3ASecondPart2Native
warning: Erdos9796Proof/P97/ErasedCertificate/P4SPlacement3ASecondPart2Native.lean:14:0: Please, add a comment explaining the need for modifying the maxHeartbeat limit, as in
set_option maxHeartbeats 0 in
-- reason for change
...

Note: This linter can be disabled with `set_option linter.style.maxHeartbeats false`
⚠ [9406/9478] Replayed Erdos9796Proof.P97.ErasedCertificate.P4SPlacement3BFirstPart1Native
warning: Erdos9796Proof/P97/ErasedCertificate/P4SPlacement3BFirstPart1Native.lean:14:0: Please, add a comment explaining the need for modifying the maxHeartbeat limit, as in
set_option maxHeartbeats 0 in
-- reason for change
...

Note: This linter can be disabled with `set_option linter.style.maxHeartbeats false`
⚠ [9407/9478] Replayed Erdos9796Proof.P97.ErasedCertificate.P4SPlacement3BFirstPart2Native
warning: Erdos9796Proof/P97/ErasedCertificate/P4SPlacement3BFirstPart2Native.lean:14:0: Please, add a comment explaining the need for modifying the maxHeartbeat limit, as in
set_option maxHeartbeats 0 in
-- reason for change
...

Note: This linter can be disabled with `set_option linter.style.maxHeartbeats false`
⚠ [9409/9478] Replayed Erdos9796Proof.P97.ErasedCertificate.P4SPlacement3BSecondPart1Native
warning: Erdos9796Proof/P97/ErasedCertificate/P4SPlacement3BSecondPart1Native.lean:14:0: Please, add a comment explaining the need for modifying the maxHeartbeat limit, as in
set_option maxHeartbeats 0 in
-- reason for change
...

Note: This linter can be disabled with `set_option linter.style.maxHeartbeats false`
⚠ [9410/9478] Replayed Erdos9796Proof.P97.ErasedCertificate.P4SPlacement3BSecondPart2Native
warning: Erdos9796Proof/P97/ErasedCertificate/P4SPlacement3BSecondPart2Native.lean:14:0: Please, add a comment explaining the need for modifying the maxHeartbeat limit, as in
set_option maxHeartbeats 0 in
-- reason for change
...

Note: This linter can be disabled with `set_option linter.style.maxHeartbeats false`
⚠ [9415/9478] Replayed Erdos9796Proof.P97.ErasedCertificate.P4SPlacement4AFirstPart1Native
warning: Erdos9796Proof/P97/ErasedCertificate/P4SPlacement4AFirstPart1Native.lean:14:0: Please, add a comment explaining the need for modifying the maxHeartbeat limit, as in
set_option maxHeartbeats 0 in
-- reason for change
...

Note: This linter can be disabled with `set_option linter.style.maxHeartbeats false`
⚠ [9416/9478] Replayed Erdos9796Proof.P97.ErasedCertificate.P4SPlacement4AFirstPart2Native
warning: Erdos9796Proof/P97/ErasedCertificate/P4SPlacement4AFirstPart2Native.lean:14:0: Please, add a comment explaining the need for modifying the maxHeartbeat limit, as in
set_option maxHeartbeats 0 in
-- reason for change
...

Note: This linter can be disabled with `set_option linter.style.maxHeartbeats false`
⚠ [9418/9478] Replayed Erdos9796Proof.P97.ErasedCertificate.P4SPlacement4ASecondPart1Native
warning: Erdos9796Proof/P97/ErasedCertificate/P4SPlacement4ASecondPart1Native.lean:14:0: Please, add a comment explaining the need for modifying the maxHeartbeat limit, as in
set_option maxHeartbeats 0 in
-- reason for change
...

Note: This linter can be disabled with `set_option linter.style.maxHeartbeats false`
⚠ [9419/9478] Replayed Erdos9796Proof.P97.ErasedCertificate.P4SPlacement4ASecondPart2Native
warning: Erdos9796Proof/P97/ErasedCertificate/P4SPlacement4ASecondPart2Native.lean:14:0: Please, add a comment explaining the need for modifying the maxHeartbeat limit, as in
set_option maxHeartbeats 0 in
-- reason for change
...

Note: This linter can be disabled with `set_option linter.style.maxHeartbeats false`
⚠ [9423/9478] Replayed Erdos9796Proof.P97.ErasedCertificate.P4SPlacement4BFirstPart1Native
warning: Erdos9796Proof/P97/ErasedCertificate/P4SPlacement4BFirstPart1Native.lean:14:0: Please, add a comment explaining the need for modifying the maxHeartbeat limit, as in
set_option maxHeartbeats 0 in
-- reason for change
...

Note: This linter can be disabled with `set_option linter.style.maxHeartbeats false`
⚠ [9424/9478] Replayed Erdos9796Proof.P97.ErasedCertificate.P4SPlacement4BFirstPart2Native
warning: Erdos9796Proof/P97/ErasedCertificate/P4SPlacement4BFirstPart2Native.lean:14:0: Please, add a comment explaining the need for modifying the maxHeartbeat limit, as in
set_option maxHeartbeats 0 in
-- reason for change
...

Note: This linter can be disabled with `set_option linter.style.maxHeartbeats false`
⚠ [9426/9478] Replayed Erdos9796Proof.P97.ErasedCertificate.P4SPlacement4BSecondPart1Native
warning: Erdos9796Proof/P97/ErasedCertificate/P4SPlacement4BSecondPart1Native.lean:14:0: Please, add a comment explaining the need for modifying the maxHeartbeat limit, as in
set_option maxHeartbeats 0 in
-- reason for change
...

Note: This linter can be disabled with `set_option linter.style.maxHeartbeats false`
⚠ [9427/9478] Replayed Erdos9796Proof.P97.ErasedCertificate.P4SPlacement4BSecondPart2Native
warning: Erdos9796Proof/P97/ErasedCertificate/P4SPlacement4BSecondPart2Native.lean:14:0: Please, add a comment explaining the need for modifying the maxHeartbeat limit, as in
set_option maxHeartbeats 0 in
-- reason for change
...

Note: This linter can be disabled with `set_option linter.style.maxHeartbeats false`
⚠ [9432/9478] Replayed Erdos9796Proof.P97.ErasedCertificate.P4SPlacement5AFirstPart1Native
warning: Erdos9796Proof/P97/ErasedCertificate/P4SPlacement5AFirstPart1Native.lean:14:0: Please, add a comment explaining the need for modifying the maxHeartbeat limit, as in
set_option maxHeartbeats 0 in
-- reason for change
...

Note: This linter can be disabled with `set_option linter.style.maxHeartbeats false`
⚠ [9433/9478] Replayed Erdos9796Proof.P97.ErasedCertificate.P4SPlacement5AFirstPart2Native
warning: Erdos9796Proof/P97/ErasedCertificate/P4SPlacement5AFirstPart2Native.lean:14:0: Please, add a comment explaining the need for modifying the maxHeartbeat limit, as in
set_option maxHeartbeats 0 in
-- reason for change
...

Note: This linter can be disabled with `set_option linter.style.maxHeartbeats false`
⚠ [9435/9478] Replayed Erdos9796Proof.P97.ErasedCertificate.P4SPlacement5ASecondPart1Native
warning: Erdos9796Proof/P97/ErasedCertificate/P4SPlacement5ASecondPart1Native.lean:14:0: Please, add a comment explaining the need for modifying the maxHeartbeat limit, as in
set_option maxHeartbeats 0 in
-- reason for change
...

Note: This linter can be disabled with `set_option linter.style.maxHeartbeats false`
⚠ [9436/9478] Replayed Erdos9796Proof.P97.ErasedCertificate.P4SPlacement5ASecondPart2Native
warning: Erdos9796Proof/P97/ErasedCertificate/P4SPlacement5ASecondPart2Native.lean:14:0: Please, add a comment explaining the need for modifying the maxHeartbeat limit, as in
set_option maxHeartbeats 0 in
-- reason for change
...

Note: This linter can be disabled with `set_option linter.style.maxHeartbeats false`
⚠ [9440/9478] Replayed Erdos9796Proof.P97.ErasedCertificate.P4SPlacement5BFirstPart1Native
warning: Erdos9796Proof/P97/ErasedCertificate/P4SPlacement5BFirstPart1Native.lean:14:0: Please, add a comment explaining the need for modifying the maxHeartbeat limit, as in
set_option maxHeartbeats 0 in
-- reason for change
...

Note: This linter can be disabled with `set_option linter.style.maxHeartbeats false`
⚠ [9441/9478] Replayed Erdos9796Proof.P97.ErasedCertificate.P4SPlacement5BFirstPart2Native
warning: Erdos9796Proof/P97/ErasedCertificate/P4SPlacement5BFirstPart2Native.lean:14:0: Please, add a comment explaining the need for modifying the maxHeartbeat limit, as in
set_option maxHeartbeats 0 in
-- reason for change
...

Note: This linter can be disabled with `set_option linter.style.maxHeartbeats false`
⚠ [9443/9478] Replayed Erdos9796Proof.P97.ErasedCertificate.P4SPlacement5BSecondPart1Native
warning: Erdos9796Proof/P97/ErasedCertificate/P4SPlacement5BSecondPart1Native.lean:14:0: Please, add a comment explaining the need for modifying the maxHeartbeat limit, as in
set_option maxHeartbeats 0 in
-- reason for change
...

Note: This linter can be disabled with `set_option linter.style.maxHeartbeats false`
⚠ [9444/9478] Replayed Erdos9796Proof.P97.ErasedCertificate.P4SPlacement5BSecondPart2Native
warning: Erdos9796Proof/P97/ErasedCertificate/P4SPlacement5BSecondPart2Native.lean:14:0: Please, add a comment explaining the need for modifying the maxHeartbeat limit, as in
set_option maxHeartbeats 0 in
-- reason for change
...

Note: This linter can be disabled with `set_option linter.style.maxHeartbeats false`
⚠ [9449/9478] Replayed Erdos9796Proof.P97.ErasedCertificate.P4SPlacement6AFirstPart1Native
warning: Erdos9796Proof/P97/ErasedCertificate/P4SPlacement6AFirstPart1Native.lean:14:0: Please, add a comment explaining the need for modifying the maxHeartbeat limit, as in
set_option maxHeartbeats 0 in
-- reason for change
...

Note: This linter can be disabled with `set_option linter.style.maxHeartbeats false`
⚠ [9450/9478] Replayed Erdos9796Proof.P97.ErasedCertificate.P4SPlacement6AFirstPart2Native
warning: Erdos9796Proof/P97/ErasedCertificate/P4SPlacement6AFirstPart2Native.lean:14:0: Please, add a comment explaining the need for modifying the maxHeartbeat limit, as in
set_option maxHeartbeats 0 in
-- reason for change
...

Note: This linter can be disabled with `set_option linter.style.maxHeartbeats false`
⚠ [9452/9478] Replayed Erdos9796Proof.P97.ErasedCertificate.P4SPlacement6ASecondPart1Native
warning: Erdos9796Proof/P97/ErasedCertificate/P4SPlacement6ASecondPart1Native.lean:14:0: Please, add a comment explaining the need for modifying the maxHeartbeat limit, as in
set_option maxHeartbeats 0 in
-- reason for change
...

Note: This linter can be disabled with `set_option linter.style.maxHeartbeats false`
⚠ [9453/9478] Replayed Erdos9796Proof.P97.ErasedCertificate.P4SPlacement6ASecondPart2Native
warning: Erdos9796Proof/P97/ErasedCertificate/P4SPlacement6ASecondPart2Native.lean:14:0: Please, add a comment explaining the need for modifying the maxHeartbeat limit, as in
set_option maxHeartbeats 0 in
-- reason for change
...

Note: This linter can be disabled with `set_option linter.style.maxHeartbeats false`
⚠ [9457/9478] Replayed Erdos9796Proof.P97.ErasedCertificate.P4SPlacement6BFirstPart1Native
warning: Erdos9796Proof/P97/ErasedCertificate/P4SPlacement6BFirstPart1Native.lean:14:0: Please, add a comment explaining the need for modifying the maxHeartbeat limit, as in
set_option maxHeartbeats 0 in
-- reason for change
...

Note: This linter can be disabled with `set_option linter.style.maxHeartbeats false`
⚠ [9458/9478] Replayed Erdos9796Proof.P97.ErasedCertificate.P4SPlacement6BFirstPart2Native
warning: Erdos9796Proof/P97/ErasedCertificate/P4SPlacement6BFirstPart2Native.lean:14:0: Please, add a comment explaining the need for modifying the maxHeartbeat limit, as in
set_option maxHeartbeats 0 in
-- reason for change
...

Note: This linter can be disabled with `set_option linter.style.maxHeartbeats false`
⚠ [9460/9478] Replayed Erdos9796Proof.P97.ErasedCertificate.P4SPlacement6BSecondPart1Native
warning: Erdos9796Proof/P97/ErasedCertificate/P4SPlacement6BSecondPart1Native.lean:14:0: Please, add a comment explaining the need for modifying the maxHeartbeat limit, as in
set_option maxHeartbeats 0 in
-- reason for change
...

Note: This linter can be disabled with `set_option linter.style.maxHeartbeats false`
⚠ [9461/9478] Replayed Erdos9796Proof.P97.ErasedCertificate.P4SPlacement6BSecondPart2Native
warning: Erdos9796Proof/P97/ErasedCertificate/P4SPlacement6BSecondPart2Native.lean:14:0: Please, add a comment explaining the need for modifying the maxHeartbeat limit, as in
set_option maxHeartbeats 0 in
-- reason for change
...

Note: This linter can be disabled with `set_option linter.style.maxHeartbeats false`
✖ [9468/9478] Building Erdos9796Proof.P97.RemovableVertexAxiom.Continuation (7.4s)
trace: .> LEAN_PATH=/Users/adam/projects/math-projects/erdos-97-96/lean/.lake/packages/Cli/.lake/build/lib/lean:/Users/adam/projects/math-projects/erdos-97-96/lean/.lake/packages/batteries/.lake/build/lib/lean:/Users/adam/projects/math-projects/erdos-97-96/lean/.lake/packages/Qq/.lake/build/lib/lean:/Users/adam/projects/math-projects/erdos-97-96/lean/.lake/packages/aesop/.lake/build/lib/lean:/Users/adam/projects/math-projects/erdos-97-96/lean/.lake/packages/proofwidgets/.lake/build/lib/lean:/Users/adam/projects/math-projects/erdos-97-96/lean/.lake/packages/importGraph/.lake/build/lib/lean:/Users/adam/projects/math-projects/erdos-97-96/lean/.lake/packages/LeanSearchClient/.lake/build/lib/lean:/Users/adam/projects/math-projects/erdos-97-96/lean/.lake/packages/plausible/.lake/build/lib/lean:/Users/adam/projects/math-projects/erdos-97-96/lean/.lake/packages/mathlib/.lake/build/lib/lean:/Users/adam/projects/math-projects/erdos-97-96/lean/.lake/packages/formal_conjectures/.lake/build/lib/lean:/Users/adam/projects/math-projects/erdos-97-96-formalization/lean/vendor/P97ReplayOleans/artifacts:/Users/adam/projects/math-projects/erdos-97-96-formalization/lean/.lake/build/lib/lean /Users/adam/.elan/toolchains/leanprover--lean4---v4.27.0/bin/lean -M16384 -s2097152 /Users/adam/projects/math-projects/erdos-97-96-formalization/lean/Erdos9796Proof/P97/RemovableVertexAxiom/Continuation.lean -o /Users/adam/projects/math-projects/erdos-97-96-formalization/lean/.lake/build/lib/lean/Erdos9796Proof/P97/RemovableVertexAxiom/Continuation.olean -i /Users/adam/projects/math-projects/erdos-97-96-formalization/lean/.lake/build/lib/lean/Erdos9796Proof/P97/RemovableVertexAxiom/Continuation.ilean -c /Users/adam/projects/math-projects/erdos-97-96-formalization/lean/.lake/build/ir/Erdos9796Proof/P97/RemovableVertexAxiom/Continuation.c --setup /Users/adam/projects/math-projects/erdos-97-96-formalization/lean/.lake/build/ir/Erdos9796Proof/P97/RemovableVertexAxiom/Continuation.setup.json --json
warning: Erdos9796Proof/P97/RemovableVertexAxiom/Continuation.lean:114:41: unused variable `hgt`

Note: This linter can be disabled with `set_option linter.unusedVariables false`
warning: Erdos9796Proof/P97/RemovableVertexAxiom/Continuation.lean:118:5: unused variable `hend1`

Note: This linter can be disabled with `set_option linter.unusedVariables false`
warning: Erdos9796Proof/P97/RemovableVertexAxiom/Continuation.lean:120:5: unused variable `hend2`

Note: This linter can be disabled with `set_option linter.unusedVariables false`
warning: Erdos9796Proof/P97/RemovableVertexAxiom/Continuation.lean:122:5: unused variable `hpin1`

Note: This linter can be disabled with `set_option linter.unusedVariables false`
warning: Erdos9796Proof/P97/RemovableVertexAxiom/Continuation.lean:124:5: unused variable `hpin2`

Note: This linter can be disabled with `set_option linter.unusedVariables false`
warning: Erdos9796Proof/P97/RemovableVertexAxiom/Continuation.lean:139:41: unused variable `hgt`

Note: This linter can be disabled with `set_option linter.unusedVariables false`
warning: Erdos9796Proof/P97/RemovableVertexAxiom/Continuation.lean:143:5: unused variable `hend1`

Note: This linter can be disabled with `set_option linter.unusedVariables false`
warning: Erdos9796Proof/P97/RemovableVertexAxiom/Continuation.lean:145:5: unused variable `hend2`

Note: This linter can be disabled with `set_option linter.unusedVariables false`
warning: Erdos9796Proof/P97/RemovableVertexAxiom/Continuation.lean:147:5: unused variable `hpin1`

Note: This linter can be disabled with `set_option linter.unusedVariables false`
warning: Erdos9796Proof/P97/RemovableVertexAxiom/Continuation.lean:149:5: unused variable `hpin2`

Note: This linter can be disabled with `set_option linter.unusedVariables false`
warning: Erdos9796Proof/P97/RemovableVertexAxiom/Continuation.lean:151:5: unused variable `hcontain`

Note: This linter can be disabled with `set_option linter.unusedVariables false`
error: Erdos9796Proof/P97/RemovableVertexAxiom/Continuation.lean:780:10: Unknown identifier `u1_largeCap_routeB_tail_false`
error: Lean exited with code 1
Some required targets logged failures:
- Erdos9796Proof.P97.RemovableVertexAxiom.Continuation
error: build failed
