⚠ [8004/8065] Replayed Erdos9796Proof.P97.Cap.Partition
warning: Erdos9796Proof/P97/Cap/Partition.lean:15:0: This line exceeds the 100 character limit, please shorten it!

Note: This linter can be disabled with `set_option linter.style.longLine false`
⚠ [8005/8065] Replayed Erdos9796Proof.P97.Dumitrescu.L9
warning: Erdos9796Proof/P97/Dumitrescu/L9.lean:53:20: unused variable `h₁`

Note: This linter can be disabled with `set_option linter.unusedVariables false`
warning: Erdos9796Proof/P97/Dumitrescu/L9.lean:53:34: unused variable `h₂`

Note: This linter can be disabled with `set_option linter.unusedVariables false`
warning: Erdos9796Proof/P97/Dumitrescu/L9.lean:53:48: unused variable `h₃`

Note: This linter can be disabled with `set_option linter.unusedVariables false`
⚠ [8222/8690] Replayed Erdos9796Proof.P97.NoDiameterUnderK4
warning: Erdos9796Proof/P97/NoDiameterUnderK4.lean:319:29: 'simp' is a flexible tactic modifying '⊢'. Try 'simp?' and use the suggested 'simp only [...]'. Alternatively, use `suffices` to explicitly state the simplified form.

Note: This linter can be disabled with `set_option linter.flexible false`
info: Erdos9796Proof/P97/NoDiameterUnderK4.lean:319:29: Try this:
  [apply] simp only [Nat.succ_eq_add_one, Nat.reduceAdd, Fin.zero_eta, Fin.isValue, Matrix.cons_val_zero]
info: Erdos9796Proof/P97/NoDiameterUnderK4.lean:319:38: 'assumption' uses '⊢'!
warning: Erdos9796Proof/P97/NoDiameterUnderK4.lean:319:29: 'simp' is a flexible tactic modifying '⊢'. Try 'simp?' and use the suggested 'simp only [...]'. Alternatively, use `suffices` to explicitly state the simplified form.

Note: This linter can be disabled with `set_option linter.flexible false`
info: Erdos9796Proof/P97/NoDiameterUnderK4.lean:319:29: Try this:
  [apply] simp only [Nat.succ_eq_add_one, Nat.reduceAdd, Fin.mk_one, Fin.isValue, Matrix.cons_val_one,
    Matrix.cons_val_zero]
info: Erdos9796Proof/P97/NoDiameterUnderK4.lean:319:38: 'assumption' uses '⊢'!
warning: Erdos9796Proof/P97/NoDiameterUnderK4.lean:319:29: 'simp' is a flexible tactic modifying '⊢'. Try 'simp?' and use the suggested 'simp only [...]'. Alternatively, use `suffices` to explicitly state the simplified form.

Note: This linter can be disabled with `set_option linter.flexible false`
info: Erdos9796Proof/P97/NoDiameterUnderK4.lean:319:29: Try this:
  [apply] simp only [Nat.succ_eq_add_one, Nat.reduceAdd, Fin.reduceFinMk, Matrix.cons_val]
info: Erdos9796Proof/P97/NoDiameterUnderK4.lean:319:38: 'assumption' uses '⊢'!
warning: Erdos9796Proof/P97/NoDiameterUnderK4.lean:325:4: 'simp [Fin.sum_univ_three]' is a flexible tactic modifying '⊢'. Try 'simp?' and use the suggested 'simp only [...]'. Alternatively, use `suffices` to explicitly state the simplified form.

Note: This linter can be disabled with `set_option linter.flexible false`
info: Erdos9796Proof/P97/NoDiameterUnderK4.lean:325:4: Try this:
  [apply] simp only [Nat.succ_eq_add_one, Nat.reduceAdd]
info: Erdos9796Proof/P97/NoDiameterUnderK4.lean:326:4: 'exact hq' uses '⊢'!
warning: Erdos9796Proof/P97/NoDiameterUnderK4.lean:333:0: Please, add a comment explaining the need for modifying the maxHeartbeat limit, as in
set_option maxHeartbeats 600000 in
-- reason for change
...

Note: This linter can be disabled with `set_option linter.style.maxHeartbeats false`
warning: Erdos9796Proof/P97/NoDiameterUnderK4.lean:576:0: Please, add a comment explaining the need for modifying the maxHeartbeat limit, as in
set_option maxHeartbeats 400000 in
-- reason for change
...

Note: This linter can be disabled with `set_option linter.style.maxHeartbeats false`
warning: Erdos9796Proof/P97/NoDiameterUnderK4.lean:886:8: 'simp' is a flexible tactic modifying '⊢'. Try 'simp?' and use the suggested 'simp only [...]'. Alternatively, use `suffices` to explicitly state the simplified form.

Note: This linter can be disabled with `set_option linter.flexible false`
info: Erdos9796Proof/P97/NoDiameterUnderK4.lean:886:8: Try this:
  [apply] simp only [mem_singleton]
info: Erdos9796Proof/P97/NoDiameterUnderK4.lean:886:14: 'exact hq_b.symm' uses '⊢'!
warning: Erdos9796Proof/P97/NoDiameterUnderK4.lean:887:8: 'simp' is a flexible tactic modifying '⊢'. Try 'simp?' and use the suggested 'simp only [...]'. Alternatively, use `suffices` to explicitly state the simplified form.

Note: This linter can be disabled with `set_option linter.flexible false`
info: Erdos9796Proof/P97/NoDiameterUnderK4.lean:887:8: Try this:
  [apply] simp only [mem_insert, mem_singleton, not_or]
info: Erdos9796Proof/P97/NoDiameterUnderK4.lean:888:10: 'exact hab_ne' uses '⊢'!
warning: Erdos9796Proof/P97/NoDiameterUnderK4.lean:887:8: 'simp' is a flexible tactic modifying '⊢'. Try 'simp?' and use the suggested 'simp only [...]'. Alternatively, use `suffices` to explicitly state the simplified form.

Note: This linter can be disabled with `set_option linter.flexible false`
info: Erdos9796Proof/P97/NoDiameterUnderK4.lean:887:8: Try this:
  [apply] simp only [mem_insert, mem_singleton, not_or]
info: Erdos9796Proof/P97/NoDiameterUnderK4.lean:889:10: 'exact hq_a.symm' uses '⊢'!
⚠ [8224/8690] Replayed Erdos9796Proof.P97.Cap.Structure
warning: Erdos9796Proof/P97/Cap/Structure.lean:282:0: This file has more than one module docstring (`/-! ... -/`). Only the first one is treated as module documentation; convert additional ones to regular comments (`/- ... -/`).

Note: This linter can be disabled with `set_option linter.style.moduleDocstring false`
⚠ [8239/8690] Replayed Erdos9796Proof.P97.CGN.CGN
warning: Erdos9796Proof/P97/CGN/CGN.lean:300:4: 'simp [edgeAt] at hx' is a flexible tactic modifying 'hx'. Try 'simp?' and use the suggested 'simp only [...]'. Alternatively, use `suffices` to explicitly state the simplified form.

Note: This linter can be disabled with `set_option linter.flexible false`
info: Erdos9796Proof/P97/CGN/CGN.lean:301:4: 'rcases hx with rfl | rfl' uses 'hx'!
warning: Erdos9796Proof/P97/CGN/CGN.lean:300:4: 'simp [edgeAt] at hx' is a flexible tactic modifying 'hx'. Try 'simp?' and use the suggested 'simp only [...]'. Alternatively, use `suffices` to explicitly state the simplified form.

Note: This linter can be disabled with `set_option linter.flexible false`
info: Erdos9796Proof/P97/CGN/CGN.lean:302:6: 'exact hmem r' uses 'hx'!
warning: Erdos9796Proof/P97/CGN/CGN.lean:300:4: 'simp [edgeAt] at hx' is a flexible tactic modifying 'hx'. Try 'simp?' and use the suggested 'simp only [...]'. Alternatively, use `suffices` to explicitly state the simplified form.

Note: This linter can be disabled with `set_option linter.flexible false`
info: Erdos9796Proof/P97/CGN/CGN.lean:303:6: 'exact hmem s' uses 'hx'!
warning: Erdos9796Proof/P97/CGN/CGN.lean:336:33: Try `simp at hp_lt` instead of `simpa using hp_lt`

Note: This linter can be disabled with `set_option linter.unnecessarySimpa false`
warning: Erdos9796Proof/P97/CGN/CGN.lean:344:33: Try `simp at hp_lt` instead of `simpa using hp_lt`

Note: This linter can be disabled with `set_option linter.unnecessarySimpa false`
warning: Erdos9796Proof/P97/CGN/CGN.lean:324:2: 'simp [edgeAt] at hp1mem hp2mem' is a flexible tactic modifying 'hp1mem'. Try 'simp?' and use the suggested 'simp only [...]'. Alternatively, use `suffices` to explicitly state the simplified form.

Note: This linter can be disabled with `set_option linter.flexible false`
info: Erdos9796Proof/P97/CGN/CGN.lean:325:2: 'have hp1idx : p.1 = q.1 ∨ p.1 = q.2 := by
  rcases hp1mem with hp1mem | hp1mem
  · exact Or.inl (L.injective hp1mem)
  · exact Or.inr (L.injective hp1mem)' uses 'hp1mem'!
warning: Erdos9796Proof/P97/CGN/CGN.lean:324:2: 'simp [edgeAt] at hp1mem hp2mem' is a flexible tactic modifying 'hp2mem'. Try 'simp?' and use the suggested 'simp only [...]'. Alternatively, use `suffices` to explicitly state the simplified form.

Note: This linter can be disabled with `set_option linter.flexible false`
info: Erdos9796Proof/P97/CGN/CGN.lean:329:2: 'have hp2idx : p.2 = q.1 ∨ p.2 = q.2 := by
  rcases hp2mem with hp2mem | hp2mem
  · exact Or.inl (L.injective hp2mem)
  · exact Or.inr (L.injective hp2mem)' uses 'hp2mem'!
⚠ [8244/8690] Replayed Erdos9796Proof.P97.ConvexCyclicOrder.Construct
warning: Erdos9796Proof/P97/ConvexCyclicOrder/Construct.lean:1296:4: try 'simp' instead of 'simpa'

Note: This linter can be disabled with `set_option linter.unnecessarySimpa false`
⚠ [8246/8690] Replayed Erdos9796Proof.P97.CGN.CGN4g
warning: Erdos9796Proof/P97/CGN/CGN4g.lean:585:4: try 'simp' instead of 'simpa'

Note: This linter can be disabled with `set_option linter.unnecessarySimpa false`
warning: Erdos9796Proof/P97/CGN/CGN4g.lean:593:4: try 'simp' instead of 'simpa'

Note: This linter can be disabled with `set_option linter.unnecessarySimpa false`
warning: Erdos9796Proof/P97/CGN/CGN4g.lean:610:4: try 'simp' instead of 'simpa'

Note: This linter can be disabled with `set_option linter.unnecessarySimpa false`
warning: Erdos9796Proof/P97/CGN/CGN4g.lean:616:8: try 'simp' instead of 'simpa'

Note: This linter can be disabled with `set_option linter.unnecessarySimpa false`
warning: Erdos9796Proof/P97/CGN/CGN4g.lean:623:4: try 'simp' instead of 'simpa'

Note: This linter can be disabled with `set_option linter.unnecessarySimpa false`
warning: Erdos9796Proof/P97/CGN/CGN4g.lean:752:8: try 'simp' instead of 'simpa'

Note: This linter can be disabled with `set_option linter.unnecessarySimpa false`
warning: Erdos9796Proof/P97/CGN/CGN4g.lean:1334:12: try 'simp' instead of 'simpa'

Note: This linter can be disabled with `set_option linter.unnecessarySimpa false`
warning: Erdos9796Proof/P97/CGN/CGN4g.lean:1345:4: try 'simp' instead of 'simpa'

Note: This linter can be disabled with `set_option linter.unnecessarySimpa false`
warning: Erdos9796Proof/P97/CGN/CGN4g.lean:1376:20: try 'simp' instead of 'simpa'

Note: This linter can be disabled with `set_option linter.unnecessarySimpa false`
warning: Erdos9796Proof/P97/CGN/CGN4g.lean:1376:52: try 'simp' instead of 'simpa'

Note: This linter can be disabled with `set_option linter.unnecessarySimpa false`
warning: Erdos9796Proof/P97/CGN/CGN4g.lean:1471:23: try 'simp' instead of 'simpa'

Note: This linter can be disabled with `set_option linter.unnecessarySimpa false`
warning: Erdos9796Proof/P97/CGN/CGN4g.lean:1479:23: try 'simp' instead of 'simpa'

Note: This linter can be disabled with `set_option linter.unnecessarySimpa false`
warning: Erdos9796Proof/P97/CGN/CGN4g.lean:1518:20: try 'simp' instead of 'simpa'

Note: This linter can be disabled with `set_option linter.unnecessarySimpa false`
warning: Erdos9796Proof/P97/CGN/CGN4g.lean:1518:52: try 'simp' instead of 'simpa'

Note: This linter can be disabled with `set_option linter.unnecessarySimpa false`
warning: Erdos9796Proof/P97/CGN/CGN4g.lean:1613:23: try 'simp' instead of 'simpa'

Note: This linter can be disabled with `set_option linter.unnecessarySimpa false`
warning: Erdos9796Proof/P97/CGN/CGN4g.lean:1621:23: try 'simp' instead of 'simpa'

Note: This linter can be disabled with `set_option linter.unnecessarySimpa false`
warning: Erdos9796Proof/P97/CGN/CGN4g.lean:1650:8: unused variable `Hside`

Note: This linter can be disabled with `set_option linter.unusedVariables false`
warning: Erdos9796Proof/P97/CGN/CGN4g.lean:1651:8: unused variable `Hord`

Note: This linter can be disabled with `set_option linter.unusedVariables false`
warning: Erdos9796Proof/P97/CGN/CGN4g.lean:1696:8: unused variable `Hside`

Note: This linter can be disabled with `set_option linter.unusedVariables false`
warning: Erdos9796Proof/P97/CGN/CGN4g.lean:1697:8: unused variable `Hord`

Note: This linter can be disabled with `set_option linter.unusedVariables false`
⚠ [8248/8690] Replayed Erdos9796Proof.P97.CGN.CGN6
warning: Erdos9796Proof/P97/CGN/CGN6.lean:205:20: unused variable `hn`

Note: This linter can be disabled with `set_option linter.unusedVariables false`
warning: Erdos9796Proof/P97/CGN/CGN6.lean:216:5: unused variable `he`

Note: This linter can be disabled with `set_option linter.unusedVariables false`
warning: Erdos9796Proof/P97/CGN/CGN6.lean:229:2: try 'simp' instead of 'simpa'

Note: This linter can be disabled with `set_option linter.unnecessarySimpa false`
warning: Erdos9796Proof/P97/CGN/CGN6.lean:236:64: This simp argument is unused:
  inner_add_right

Hint: Omit it from the simp argument list.
  simp [chordFrame, inner_add_left,̵ ̵i̵n̵n̵e̵r̵_̵a̵d̵d̵_̵r̵i̵g̵h̵t̵]

Note: This linter can be disabled with `set_option linter.unusedSimpArgs false`
warning: Erdos9796Proof/P97/CGN/CGN6.lean:240:65: This simp argument is unused:
  inner_smul_right

Hint: Omit it from the simp argument list.
  simp [chordFrame, inner_smul_left,̵ ̵i̵n̵n̵e̵r̵_̵s̵m̵u̵l̵_̵r̵i̵g̵h̵t̵]

Note: This linter can be disabled with `set_option linter.unusedSimpArgs false`
warning: Erdos9796Proof/P97/CGN/CGN6.lean:236:10: Used `tac1 <;> tac2` where `(tac1; tac2)` would suffice

Note: This linter can be disabled with `set_option linter.unnecessarySeqFocus false`
warning: Erdos9796Proof/P97/CGN/CGN6.lean:240:10: Used `tac1 <;> tac2` where `(tac1; tac2)` would suffice

Note: This linter can be disabled with `set_option linter.unnecessarySeqFocus false`
warning: Erdos9796Proof/P97/CGN/CGN6.lean:252:4: try 'simp' instead of 'simpa'

Note: This linter can be disabled with `set_option linter.unnecessarySimpa false`
warning: Erdos9796Proof/P97/CGN/CGN6.lean:254:4: try 'simp' instead of 'simpa'

Note: This linter can be disabled with `set_option linter.unnecessarySimpa false`
warning: Erdos9796Proof/P97/CGN/CGN6.lean:256:4: try 'simp' instead of 'simpa'

Note: This linter can be disabled with `set_option linter.unnecessarySimpa false`
warning: Erdos9796Proof/P97/CGN/CGN6.lean:272:6: try 'simp' instead of 'simpa'

Note: This linter can be disabled with `set_option linter.unnecessarySimpa false`
warning: Erdos9796Proof/P97/CGN/CGN6.lean:285:4: try 'simp' instead of 'simpa'

Note: This linter can be disabled with `set_option linter.unnecessarySimpa false`
warning: Erdos9796Proof/P97/CGN/CGN6.lean:289:4: try 'simp' instead of 'simpa'

Note: This linter can be disabled with `set_option linter.unnecessarySimpa false`
warning: Erdos9796Proof/P97/CGN/CGN6.lean:343:8: Used `tac1 <;> tac2` where `(tac1; tac2)` would suffice

Note: This linter can be disabled with `set_option linter.unnecessarySeqFocus false`
warning: Erdos9796Proof/P97/CGN/CGN6.lean:410:4: try 'simp' instead of 'simpa'

Note: This linter can be disabled with `set_option linter.unnecessarySimpa false`
warning: Erdos9796Proof/P97/CGN/CGN6.lean:412:4: try 'simp' instead of 'simpa'

Note: This linter can be disabled with `set_option linter.unnecessarySimpa false`
warning: Erdos9796Proof/P97/CGN/CGN6.lean:421:6: try 'simp' instead of 'simpa'

Note: This linter can be disabled with `set_option linter.unnecessarySimpa false`
warning: Erdos9796Proof/P97/CGN/CGN6.lean:491:8: try 'simp' instead of 'simpa'

Note: This linter can be disabled with `set_option linter.unnecessarySimpa false`
warning: Erdos9796Proof/P97/CGN/CGN6.lean:556:8: try 'simp' instead of 'simpa'

Note: This linter can be disabled with `set_option linter.unnecessarySimpa false`
warning: Erdos9796Proof/P97/CGN/CGN6.lean:558:33: try 'simp' instead of 'simpa'

Note: This linter can be disabled with `set_option linter.unnecessarySimpa false`
warning: Erdos9796Proof/P97/CGN/CGN6.lean:561:4: try 'simp' instead of 'simpa'

Note: This linter can be disabled with `set_option linter.unnecessarySimpa false`
warning: Erdos9796Proof/P97/CGN/CGN6.lean:596:8: try 'simp' instead of 'simpa'

Note: This linter can be disabled with `set_option linter.unnecessarySimpa false`
warning: Erdos9796Proof/P97/CGN/CGN6.lean:376:40: unused variable `tau`

Note: This linter can be disabled with `set_option linter.unusedVariables false`
warning: Erdos9796Proof/P97/CGN/CGN6.lean:513:40: This simp argument is unused:
  map_sub

Hint: Omit it from the simp argument list.
  simp [T, sub_eq_add_neg, map_add, m̵ap̵_̵s̵u̵b̵,̵ ̵a̵dd_comm, add_left_comm, add_assoc]

Note: This linter can be disabled with `set_option linter.unusedSimpArgs false`
warning: Erdos9796Proof/P97/CGN/CGN6.lean:513:59: This simp argument is unused:
  add_left_comm

Hint: Omit it from the simp argument list.
  simp [T, sub_eq_add_neg, map_add, map_sub, add_comm, a̵d̵d̵_̵l̵e̵f̵t̵_̵c̵o̵m̵m̵,̵ ̵add_assoc]

Note: This linter can be disabled with `set_option linter.unusedSimpArgs false`
warning: Erdos9796Proof/P97/CGN/CGN6.lean:513:74: This simp argument is unused:
  add_assoc

Hint: Omit it from the simp argument list.
  simp [T, sub_eq_add_neg, map_add, map_sub, add_comm, add_left_comm,̵ ̵a̵d̵d̵_̵a̵s̵s̵o̵c̵]

Note: This linter can be disabled with `set_option linter.unusedSimpArgs false`
warning: Erdos9796Proof/P97/CGN/CGN6.lean:603:78: This simp argument is unused:
  EuclideanSpace.ofLp_single

Hint: Omit it from the simp argument list.
  simp [T, F, chordLinear, chordFrame, vec2, EuclideanSpace.single_apply,̵ ̵E̵u̵c̵l̵i̵d̵e̵a̵n̵S̵p̵a̵c̵e̵.̵o̵f̵L̵p̵_̵s̵i̵n̵g̵l̵e̵]

Note: This linter can be disabled with `set_option linter.unusedSimpArgs false`
warning: Erdos9796Proof/P97/CGN/CGN6.lean:657:43: This simp argument is unused:
  real_inner_self_eq_norm_sq

Hint: Omit it from the simp argument list.
  simp [e, u, real_inner_smul_right, r̵e̵a̵l̵_̵i̵n̵n̵e̵r̵_̵s̵e̵l̵f̵_̵e̵q̵_̵n̵o̵r̵m̵_̵s̵q̵,̵ ̵hu_norm.ne']

Note: This linter can be disabled with `set_option linter.unusedSimpArgs false`
warning: Erdos9796Proof/P97/CGN/CGN6.lean:464:12: Used `tac1 <;> tac2` where `(tac1; tac2)` would suffice

Note: This linter can be disabled with `set_option linter.unnecessarySeqFocus false`
warning: Erdos9796Proof/P97/CGN/CGN6.lean:467:12: Used `tac1 <;> tac2` where `(tac1; tac2)` would suffice

Note: This linter can be disabled with `set_option linter.unnecessarySeqFocus false`
warning: Erdos9796Proof/P97/CGN/CGN6.lean:602:10: Used `tac1 <;> tac2` where `(tac1; tac2)` would suffice

Note: This linter can be disabled with `set_option linter.unnecessarySeqFocus false`
warning: Erdos9796Proof/P97/CGN/CGN6.lean:756:16: Used `tac1 <;> tac2` where `(tac1; tac2)` would suffice

Note: This linter can be disabled with `set_option linter.unnecessarySeqFocus false`
warning: Erdos9796Proof/P97/CGN/CGN6.lean:366:0: Please, add a comment explaining the need for modifying the maxHeartbeat limit, as in
set_option maxHeartbeats 600000 in
-- reason for change
...

Note: This linter can be disabled with `set_option linter.style.maxHeartbeats false`
warning: Erdos9796Proof/P97/CGN/CGN6.lean:461:0: This line exceeds the 100 character limit, please shorten it!

Note: This linter can be disabled with `set_option linter.style.longLine false`
warning: Erdos9796Proof/P97/CGN/CGN6.lean:603:0: This line exceeds the 100 character limit, please shorten it!

Note: This linter can be disabled with `set_option linter.style.longLine false`
warning: Erdos9796Proof/P97/CGN/CGN6.lean:775:0: This line exceeds the 100 character limit, please shorten it!

Note: This linter can be disabled with `set_option linter.style.longLine false`
warning: Erdos9796Proof/P97/CGN/CGN6.lean:847:0: This line exceeds the 100 character limit, please shorten it!

Note: This linter can be disabled with `set_option linter.style.longLine false`
warning: Erdos9796Proof/P97/CGN/CGN6.lean:1120:6: 'simp [xCoord, ht0, ht1]' is a flexible tactic modifying '⊢'. Try 'simp?' and use the suggested 'simp only [...]'. Alternatively, use `suffices` to explicitly state the simplified form.

Note: This linter can be disabled with `set_option linter.flexible false`
info: Erdos9796Proof/P97/CGN/CGN6.lean:1121:6: 'exact L.x_strict (by simp [finIndex])' uses '⊢'!
warning: Erdos9796Proof/P97/CGN/CGN6.lean:1138:10: 'simp [xCoord, ht0, ht1]' is a flexible tactic modifying '⊢'. Try 'simp?' and use the suggested 'simp only [...]'. Alternatively, use `suffices` to explicitly state the simplified form.

Note: This linter can be disabled with `set_option linter.flexible false`
info: Erdos9796Proof/P97/CGN/CGN6.lean:1141:10: 'exact L.x_strict hlt_fin' uses '⊢'!
warning: Erdos9796Proof/P97/CGN/CGN6.lean:1382:6: try 'simp' instead of 'simpa'

Note: This linter can be disabled with `set_option linter.unnecessarySimpa false`
warning: Erdos9796Proof/P97/CGN/CGN6.lean:1409:8: try 'simp' instead of 'simpa'

Note: This linter can be disabled with `set_option linter.unnecessarySimpa false`
warning: Erdos9796Proof/P97/CGN/CGN6.lean:1415:29: Used `tac1 <;> tac2` where `(tac1; tac2)` would suffice

Note: This linter can be disabled with `set_option linter.unnecessarySeqFocus false`
warning: Erdos9796Proof/P97/CGN/CGN6.lean:1435:29: Used `tac1 <;> tac2` where `(tac1; tac2)` would suffice

Note: This linter can be disabled with `set_option linter.unnecessarySeqFocus false`
warning: Erdos9796Proof/P97/CGN/CGN6.lean:1491:47: Used `tac1 <;> tac2` where `(tac1; tac2)` would suffice

Note: This linter can be disabled with `set_option linter.unnecessarySeqFocus false`
warning: Erdos9796Proof/P97/CGN/CGN6.lean:1263:6: 'simp [xCoord, ht0, ht1]' is a flexible tactic modifying '⊢'. Try 'simp?' and use the suggested 'simp only [...]'. Alternatively, use `suffices` to explicitly state the simplified form.

Note: This linter can be disabled with `set_option linter.flexible false`
info: Erdos9796Proof/P97/CGN/CGN6.lean:1264:6: 'exact L.x_strict (by simp [finIndex])' uses '⊢'!
warning: Erdos9796Proof/P97/CGN/CGN6.lean:1300:10: 'simp [xCoord, ht0, ht1]' is a flexible tactic modifying '⊢'. Try 'simp?' and use the suggested 'simp only [...]'. Alternatively, use `suffices` to explicitly state the simplified form.

Note: This linter can be disabled with `set_option linter.flexible false`
info: Erdos9796Proof/P97/CGN/CGN6.lean:1303:10: 'exact L.x_strict hlt_fin' uses '⊢'!
warning: Erdos9796Proof/P97/CGN/CGN6.lean:1524:6: try 'simp' instead of 'simpa'

Note: This linter can be disabled with `set_option linter.unnecessarySimpa false`
warning: Erdos9796Proof/P97/CGN/CGN6.lean:1581:6: try 'simp' instead of 'simpa'

Note: This linter can be disabled with `set_option linter.unnecessarySimpa false`
warning: Erdos9796Proof/P97/CGN/CGN6.lean:1586:8: try 'simp' instead of 'simpa'

Note: This linter can be disabled with `set_option linter.unnecessarySimpa false`
warning: Erdos9796Proof/P97/CGN/CGN6.lean:1771:4: try 'simp' instead of 'simpa'

Note: This linter can be disabled with `set_option linter.unnecessarySimpa false`
warning: Erdos9796Proof/P97/CGN/CGN6.lean:2053:5: unused variable `Model`

Note: This linter can be disabled with `set_option linter.unusedVariables false`
⚠ [8249/8690] Replayed Erdos9796Proof.P97.CGN.CGN7
warning: Erdos9796Proof/P97/CGN/CGN7.lean:209:10: try 'simp' instead of 'simpa'

Note: This linter can be disabled with `set_option linter.unnecessarySimpa false`
warning: Erdos9796Proof/P97/CGN/CGN7.lean:211:10: try 'simp' instead of 'simpa'

Note: This linter can be disabled with `set_option linter.unnecessarySimpa false`
warning: Erdos9796Proof/P97/CGN/CGN7.lean:76:5: unused variable `Hord`

Note: This linter can be disabled with `set_option linter.unusedVariables false`
warning: Erdos9796Proof/P97/CGN/CGN7.lean:77:5: unused variable `hconv`

Note: This linter can be disabled with `set_option linter.unusedVariables false`
warning: Erdos9796Proof/P97/CGN/CGN7.lean:78:5: unused variable `hmem`

Note: This linter can be disabled with `set_option linter.unusedVariables false`
warning: Erdos9796Proof/P97/CGN/CGN7.lean:119:32: This simp argument is unused:
  ih

Hint: Omit it from the simp argument list.
  simp [Finset.sigma, ha, i̵h̵,̵ ̵Finset.card_disjUnion]

Note: This linter can be disabled with `set_option linter.unusedSimpArgs false`
warning: Erdos9796Proof/P97/CGN/CGN7.lean:119:36: This simp argument is unused:
  Finset.card_disjUnion

Hint: Omit it from the simp argument list.
  simp [Finset.sigma, ha, ih,̵ ̵F̵i̵n̵s̵e̵t̵.̵c̵a̵r̵d̵_̵d̵i̵s̵j̵U̵n̵i̵o̵n̵]

Note: This linter can be disabled with `set_option linter.unusedSimpArgs false`
⚠ [8250/8690] Replayed Erdos9796Proof.P97.ArcPartitionCount
warning: Erdos9796Proof/P97/ArcPartitionCount.lean:67:12: please avoid 'open (scoped) Classical' statements: this can hide theorem statements which would be better stated with explicit decidability statements.
Instead, use `open Classical in` for definitions or instances, the `classical` tactic for proofs.
For theorem statements, either add missing decidability assumptions or use `open Classical in`.

Note: This linter can be disabled with `set_option linter.style.openClassical false`
warning: Erdos9796Proof/P97/ArcPartitionCount.lean:605:8: 'simp [Fin.sum_univ_three]
        -- a • V1 + b • V2 + (1 - a - b) • V3 = v.
        -- From h_decomp: v - V3 = a • (V1 - V3) + b • (V2 - V3).
        -- So v = a • V1 + b • V2 + (1 - a - b) • V3.' is a flexible tactic modifying '⊢'. Try 'simp?' and use the suggested 'simp only [...]'. Alternatively, use `suffices` to explicitly state the simplified form.

Note: This linter can be disabled with `set_option linter.flexible false`
info: Erdos9796Proof/P97/ArcPartitionCount.lean:618:8: 'rw [h_decomp']' uses '⊢'!
⚠ [8253/8690] Replayed Erdos9796Proof.P97.Dumitrescu.L10
warning: Erdos9796Proof/P97/Dumitrescu/L10.lean:85:0: This file has more than one module docstring (`/-! ... -/`). Only the first one is treated as module documentation; convert additional ones to regular comments (`/- ... -/`).

Note: This linter can be disabled with `set_option linter.style.moduleDocstring false`
⚠ [8254/8690] Replayed Erdos9796Proof.P97.CGN.CGN8
warning: Erdos9796Proof/P97/CGN/CGN8.lean:277:12: try 'simp' instead of 'simpa'

Note: This linter can be disabled with `set_option linter.unnecessarySimpa false`
warning: Erdos9796Proof/P97/CGN/CGN8.lean:280:12: try 'simp' instead of 'simpa'

Note: This linter can be disabled with `set_option linter.unnecessarySimpa false`
warning: Erdos9796Proof/P97/CGN/CGN8.lean:175:34: This simp argument is unused:
  ih

Hint: Omit it from the simp argument list.
  simp [Finset.sigma, ha, i̵h̵,̵ ̵Finset.card_disjUnion]

Note: This linter can be disabled with `set_option linter.unusedSimpArgs false`
warning: Erdos9796Proof/P97/CGN/CGN8.lean:175:38: This simp argument is unused:
  Finset.card_disjUnion

Hint: Omit it from the simp argument list.
  simp [Finset.sigma, ha, ih,̵ ̵F̵i̵n̵s̵e̵t̵.̵c̵a̵r̵d̵_̵d̵i̵s̵j̵U̵n̵i̵o̵n̵]

Note: This linter can be disabled with `set_option linter.unusedSimpArgs false`
warning: Erdos9796Proof/P97/CGN/CGN8.lean:485:34: This simp argument is unused:
  nsmul_eq_mul

Hint: Omit it from the simp argument list.
  simp [Finset.sum_const, n̵s̵m̵u̵l̵_̵e̵q̵_̵m̵u̵l̵,̵ ̵Nat.mul_comm]

Note: This linter can be disabled with `set_option linter.unusedSimpArgs false`
warning: Erdos9796Proof/P97/CGN/CGN8.lean:551:6: 'simp at hx' is a flexible tactic modifying 'hx'. Try 'simp?' and use the suggested 'simp only [...]'. Alternatively, use `suffices` to explicitly state the simplified form.

Note: This linter can be disabled with `set_option linter.flexible false`
info: Erdos9796Proof/P97/CGN/CGN8.lean:552:6: 'rcases hx with rfl | rfl' uses 'hx'!
warning: Erdos9796Proof/P97/CGN/CGN8.lean:551:6: 'simp at hx' is a flexible tactic modifying 'hx'. Try 'simp?' and use the suggested 'simp only [...]'. Alternatively, use `suffices` to explicitly state the simplified form.

Note: This linter can be disabled with `set_option linter.flexible false`
info: Erdos9796Proof/P97/CGN/CGN8.lean:553:8: 'exact CP.v2_mem_C1' uses 'hx'!
warning: Erdos9796Proof/P97/CGN/CGN8.lean:551:6: 'simp at hx' is a flexible tactic modifying 'hx'. Try 'simp?' and use the suggested 'simp only [...]'. Alternatively, use `suffices` to explicitly state the simplified form.

Note: This linter can be disabled with `set_option linter.flexible false`
info: Erdos9796Proof/P97/CGN/CGN8.lean:554:8: 'exact CP.v3_mem_C1' uses 'hx'!
warning: Erdos9796Proof/P97/CGN/CGN8.lean:562:6: 'simp at hx' is a flexible tactic modifying 'hx'. Try 'simp?' and use the suggested 'simp only [...]'. Alternatively, use `suffices` to explicitly state the simplified form.

Note: This linter can be disabled with `set_option linter.flexible false`
info: Erdos9796Proof/P97/CGN/CGN8.lean:563:6: 'rcases hx with rfl | rfl' uses 'hx'!
warning: Erdos9796Proof/P97/CGN/CGN8.lean:562:6: 'simp at hx' is a flexible tactic modifying 'hx'. Try 'simp?' and use the suggested 'simp only [...]'. Alternatively, use `suffices` to explicitly state the simplified form.

Note: This linter can be disabled with `set_option linter.flexible false`
info: Erdos9796Proof/P97/CGN/CGN8.lean:564:8: 'exact CP.v3_mem_C2' uses 'hx'!
warning: Erdos9796Proof/P97/CGN/CGN8.lean:562:6: 'simp at hx' is a flexible tactic modifying 'hx'. Try 'simp?' and use the suggested 'simp only [...]'. Alternatively, use `suffices` to explicitly state the simplified form.

Note: This linter can be disabled with `set_option linter.flexible false`
info: Erdos9796Proof/P97/CGN/CGN8.lean:565:8: 'exact CP.v1_mem_C2' uses 'hx'!
warning: Erdos9796Proof/P97/CGN/CGN8.lean:573:6: 'simp at hx' is a flexible tactic modifying 'hx'. Try 'simp?' and use the suggested 'simp only [...]'. Alternatively, use `suffices` to explicitly state the simplified form.

Note: This linter can be disabled with `set_option linter.flexible false`
info: Erdos9796Proof/P97/CGN/CGN8.lean:574:6: 'rcases hx with rfl | rfl' uses 'hx'!
warning: Erdos9796Proof/P97/CGN/CGN8.lean:573:6: 'simp at hx' is a flexible tactic modifying 'hx'. Try 'simp?' and use the suggested 'simp only [...]'. Alternatively, use `suffices` to explicitly state the simplified form.

Note: This linter can be disabled with `set_option linter.flexible false`
info: Erdos9796Proof/P97/CGN/CGN8.lean:575:8: 'exact CP.v1_mem_C3' uses 'hx'!
warning: Erdos9796Proof/P97/CGN/CGN8.lean:573:6: 'simp at hx' is a flexible tactic modifying 'hx'. Try 'simp?' and use the suggested 'simp only [...]'. Alternatively, use `suffices` to explicitly state the simplified form.

Note: This linter can be disabled with `set_option linter.flexible false`
info: Erdos9796Proof/P97/CGN/CGN8.lean:576:8: 'exact CP.v2_mem_C3' uses 'hx'!
warning: Erdos9796Proof/P97/CGN/CGN8.lean:214:0: This line exceeds the 100 character limit, please shorten it!

Note: This linter can be disabled with `set_option linter.style.longLine false`
⚠ [8257/8690] Replayed Erdos9796Proof.P97.N9Endpoint.Shell
warning: Erdos9796Proof/P97/N9Endpoint/Shell.lean:214:12: Try `simp at hone` instead of `simpa using hone`

Note: This linter can be disabled with `set_option linter.unnecessarySimpa false`
warning: Erdos9796Proof/P97/N9Endpoint/Shell.lean:293:12: Try `simp at hone` instead of `simpa using hone`

Note: This linter can be disabled with `set_option linter.unnecessarySimpa false`
warning: Erdos9796Proof/P97/N9Endpoint/Shell.lean:372:12: Try `simp at hone` instead of `simpa using hone`

Note: This linter can be disabled with `set_option linter.unnecessarySimpa false`
warning: Erdos9796Proof/P97/N9Endpoint/Shell.lean:410:6: 'simp at hx' is a flexible tactic modifying 'hx'. Try 'simp?' and use the suggested 'simp only [...]'. Alternatively, use `suffices` to explicitly state the simplified form.

Note: This linter can be disabled with `set_option linter.flexible false`
info: Erdos9796Proof/P97/N9Endpoint/Shell.lean:411:6: 'rcases hx with rfl | rfl' uses 'hx'!
warning: Erdos9796Proof/P97/N9Endpoint/Shell.lean:410:6: 'simp at hx' is a flexible tactic modifying 'hx'. Try 'simp?' and use the suggested 'simp only [...]'. Alternatively, use `suffices` to explicitly state the simplified form.

Note: This linter can be disabled with `set_option linter.flexible false`
info: Erdos9796Proof/P97/N9Endpoint/Shell.lean:412:8: 'exact S.CP.v2_mem_C1' uses 'hx'!
warning: Erdos9796Proof/P97/N9Endpoint/Shell.lean:410:6: 'simp at hx' is a flexible tactic modifying 'hx'. Try 'simp?' and use the suggested 'simp only [...]'. Alternatively, use `suffices` to explicitly state the simplified form.

Note: This linter can be disabled with `set_option linter.flexible false`
info: Erdos9796Proof/P97/N9Endpoint/Shell.lean:413:8: 'exact S.CP.v3_mem_C1' uses 'hx'!
warning: Erdos9796Proof/P97/N9Endpoint/Shell.lean:439:6: 'simp at hx' is a flexible tactic modifying 'hx'. Try 'simp?' and use the suggested 'simp only [...]'. Alternatively, use `suffices` to explicitly state the simplified form.

Note: This linter can be disabled with `set_option linter.flexible false`
info: Erdos9796Proof/P97/N9Endpoint/Shell.lean:440:6: 'rcases hx with rfl | rfl' uses 'hx'!
warning: Erdos9796Proof/P97/N9Endpoint/Shell.lean:439:6: 'simp at hx' is a flexible tactic modifying 'hx'. Try 'simp?' and use the suggested 'simp only [...]'. Alternatively, use `suffices` to explicitly state the simplified form.

Note: This linter can be disabled with `set_option linter.flexible false`
info: Erdos9796Proof/P97/N9Endpoint/Shell.lean:441:8: 'exact S.CP.v3_mem_C2' uses 'hx'!
warning: Erdos9796Proof/P97/N9Endpoint/Shell.lean:439:6: 'simp at hx' is a flexible tactic modifying 'hx'. Try 'simp?' and use the suggested 'simp only [...]'. Alternatively, use `suffices` to explicitly state the simplified form.

Note: This linter can be disabled with `set_option linter.flexible false`
info: Erdos9796Proof/P97/N9Endpoint/Shell.lean:442:8: 'exact S.CP.v1_mem_C2' uses 'hx'!
warning: Erdos9796Proof/P97/N9Endpoint/Shell.lean:475:6: 'simp at hx' is a flexible tactic modifying 'hx'. Try 'simp?' and use the suggested 'simp only [...]'. Alternatively, use `suffices` to explicitly state the simplified form.

Note: This linter can be disabled with `set_option linter.flexible false`
info: Erdos9796Proof/P97/N9Endpoint/Shell.lean:476:6: 'rcases hx with rfl | rfl' uses 'hx'!
warning: Erdos9796Proof/P97/N9Endpoint/Shell.lean:475:6: 'simp at hx' is a flexible tactic modifying 'hx'. Try 'simp?' and use the suggested 'simp only [...]'. Alternatively, use `suffices` to explicitly state the simplified form.

Note: This linter can be disabled with `set_option linter.flexible false`
info: Erdos9796Proof/P97/N9Endpoint/Shell.lean:477:8: 'exact S.CP.v1_mem_C3' uses 'hx'!
warning: Erdos9796Proof/P97/N9Endpoint/Shell.lean:475:6: 'simp at hx' is a flexible tactic modifying 'hx'. Try 'simp?' and use the suggested 'simp only [...]'. Alternatively, use `suffices` to explicitly state the simplified form.

Note: This linter can be disabled with `set_option linter.flexible false`
info: Erdos9796Proof/P97/N9Endpoint/Shell.lean:478:8: 'exact S.CP.v2_mem_C3' uses 'hx'!
⚠ [8263/8690] Replayed Erdos9796Proof.P97.N9Endpoint.N4e
warning: Erdos9796Proof/P97/N9Endpoint/N4e.lean:235:12: Try `simp at hone` instead of `simpa using hone`

Note: This linter can be disabled with `set_option linter.unnecessarySimpa false`
warning: Erdos9796Proof/P97/N9Endpoint/N4e.lean:312:12: Try `simp at hone` instead of `simpa using hone`

Note: This linter can be disabled with `set_option linter.unnecessarySimpa false`
warning: Erdos9796Proof/P97/N9Endpoint/N4e.lean:387:12: Try `simp at hone` instead of `simpa using hone`

Note: This linter can be disabled with `set_option linter.unnecessarySimpa false`
warning: Erdos9796Proof/P97/N9Endpoint/N4e.lean:503:21: try 'simp' instead of 'simpa'

Note: This linter can be disabled with `set_option linter.unnecessarySimpa false`
warning: Erdos9796Proof/P97/N9Endpoint/N4e.lean:506:21: try 'simp' instead of 'simpa'

Note: This linter can be disabled with `set_option linter.unnecessarySimpa false`
warning: Erdos9796Proof/P97/N9Endpoint/N4e.lean:494:7: unused variable `h`

Note: This linter can be disabled with `set_option linter.unusedVariables false`
warning: Erdos9796Proof/P97/N9Endpoint/N4e.lean:496:9: unused variable `h`

Note: This linter can be disabled with `set_option linter.unusedVariables false`
warning: Erdos9796Proof/P97/N9Endpoint/N4e.lean:523:21: try 'simp' instead of 'simpa'

Note: This linter can be disabled with `set_option linter.unnecessarySimpa false`
warning: Erdos9796Proof/P97/N9Endpoint/N4e.lean:526:21: try 'simp' instead of 'simpa'

Note: This linter can be disabled with `set_option linter.unnecessarySimpa false`
warning: Erdos9796Proof/P97/N9Endpoint/N4e.lean:514:7: unused variable `h`

Note: This linter can be disabled with `set_option linter.unusedVariables false`
warning: Erdos9796Proof/P97/N9Endpoint/N4e.lean:516:9: unused variable `h`

Note: This linter can be disabled with `set_option linter.unusedVariables false`
warning: Erdos9796Proof/P97/N9Endpoint/N4e.lean:555:23: try 'simp' instead of 'simpa'

Note: This linter can be disabled with `set_option linter.unnecessarySimpa false`
warning: Erdos9796Proof/P97/N9Endpoint/N4e.lean:555:52: try 'simp' instead of 'simpa'

Note: This linter can be disabled with `set_option linter.unnecessarySimpa false`
warning: Erdos9796Proof/P97/N9Endpoint/N4e.lean:558:31: try 'simp' instead of 'simpa'

Note: This linter can be disabled with `set_option linter.unnecessarySimpa false`
warning: Erdos9796Proof/P97/N9Endpoint/N4e.lean:558:60: try 'simp' instead of 'simpa'

Note: This linter can be disabled with `set_option linter.unnecessarySimpa false`
warning: Erdos9796Proof/P97/N9Endpoint/N4e.lean:563:12: try 'simp' instead of 'simpa'

Note: This linter can be disabled with `set_option linter.unnecessarySimpa false`
warning: Erdos9796Proof/P97/N9Endpoint/N4e.lean:563:41: try 'simp' instead of 'simpa'

Note: This linter can be disabled with `set_option linter.unnecessarySimpa false`
warning: Erdos9796Proof/P97/N9Endpoint/N4e.lean:567:12: try 'simp' instead of 'simpa'

Note: This linter can be disabled with `set_option linter.unnecessarySimpa false`
warning: Erdos9796Proof/P97/N9Endpoint/N4e.lean:567:41: try 'simp' instead of 'simpa'

Note: This linter can be disabled with `set_option linter.unnecessarySimpa false`
warning: Erdos9796Proof/P97/N9Endpoint/N4e.lean:534:8: unused variable `h2`

Note: This linter can be disabled with `set_option linter.unusedVariables false`
warning: Erdos9796Proof/P97/N9Endpoint/N4e.lean:534:35: unused variable `h3`

Note: This linter can be disabled with `set_option linter.unusedVariables false`
warning: Erdos9796Proof/P97/N9Endpoint/N4e.lean:537:8: unused variable `h2`

Note: This linter can be disabled with `set_option linter.unusedVariables false`
warning: Erdos9796Proof/P97/N9Endpoint/N4e.lean:537:35: unused variable `h3`

Note: This linter can be disabled with `set_option linter.unusedVariables false`
warning: Erdos9796Proof/P97/N9Endpoint/N4e.lean:540:8: unused variable `h2`

Note: This linter can be disabled with `set_option linter.unusedVariables false`
warning: Erdos9796Proof/P97/N9Endpoint/N4e.lean:540:35: unused variable `h3`

Note: This linter can be disabled with `set_option linter.unusedVariables false`
warning: Erdos9796Proof/P97/N9Endpoint/N4e.lean:543:8: unused variable `h2`

Note: This linter can be disabled with `set_option linter.unusedVariables false`
warning: Erdos9796Proof/P97/N9Endpoint/N4e.lean:543:35: unused variable `h3`

Note: This linter can be disabled with `set_option linter.unusedVariables false`
warning: Erdos9796Proof/P97/N9Endpoint/N4e.lean:635:12: Try `simp at hone` instead of `simpa using hone`

Note: This linter can be disabled with `set_option linter.unnecessarySimpa false`
warning: Erdos9796Proof/P97/N9Endpoint/N4e.lean:778:12: Try `simp at hone` instead of `simpa using hone`

Note: This linter can be disabled with `set_option linter.unnecessarySimpa false`
warning: Erdos9796Proof/P97/N9Endpoint/N4e.lean:1008:6: Try `simp at this` instead of `simpa using this`

Note: This linter can be disabled with `set_option linter.unnecessarySimpa false`
warning: Erdos9796Proof/P97/N9Endpoint/N4e.lean:1012:6: Try `simp at this` instead of `simpa using this`

Note: This linter can be disabled with `set_option linter.unnecessarySimpa false`
warning: Erdos9796Proof/P97/N9Endpoint/N4e.lean:1016:6: Try `simp at this` instead of `simpa using this`

Note: This linter can be disabled with `set_option linter.unnecessarySimpa false`
warning: Erdos9796Proof/P97/N9Endpoint/N4e.lean:1020:6: Try `simp at this` instead of `simpa using this`

Note: This linter can be disabled with `set_option linter.unnecessarySimpa false`
warning: Erdos9796Proof/P97/N9Endpoint/N4e.lean:1037:8: Try `simp at this` instead of `simpa using this`

Note: This linter can be disabled with `set_option linter.unnecessarySimpa false`
warning: Erdos9796Proof/P97/N9Endpoint/N4e.lean:1073:6: Try `simp at this` instead of `simpa using this`

Note: This linter can be disabled with `set_option linter.unnecessarySimpa false`
warning: Erdos9796Proof/P97/N9Endpoint/N4e.lean:1077:6: Try `simp at this` instead of `simpa using this`

Note: This linter can be disabled with `set_option linter.unnecessarySimpa false`
warning: Erdos9796Proof/P97/N9Endpoint/N4e.lean:1081:6: Try `simp at this` instead of `simpa using this`

Note: This linter can be disabled with `set_option linter.unnecessarySimpa false`
warning: Erdos9796Proof/P97/N9Endpoint/N4e.lean:1085:6: Try `simp at this` instead of `simpa using this`

Note: This linter can be disabled with `set_option linter.unnecessarySimpa false`
warning: Erdos9796Proof/P97/N9Endpoint/N4e.lean:1102:8: Try `simp at this` instead of `simpa using this`

Note: This linter can be disabled with `set_option linter.unnecessarySimpa false`
warning: Erdos9796Proof/P97/N9Endpoint/N4e.lean:1056:0: This line exceeds the 100 character limit, please shorten it!

Note: This linter can be disabled with `set_option linter.style.longLine false`
warning: Erdos9796Proof/P97/N9Endpoint/N4e.lean:1176:46: Try `simp at this` instead of `simpa using this`

Note: This linter can be disabled with `set_option linter.unnecessarySimpa false`
warning: Erdos9796Proof/P97/N9Endpoint/N4e.lean:1199:75: Try `simp at this` instead of `simpa using this`

Note: This linter can be disabled with `set_option linter.unnecessarySimpa false`
warning: Erdos9796Proof/P97/N9Endpoint/N4e.lean:1201:74: Try `simp at this` instead of `simpa using this`

Note: This linter can be disabled with `set_option linter.unnecessarySimpa false`
warning: Erdos9796Proof/P97/N9Endpoint/N4e.lean:1203:75: Try `simp at this` instead of `simpa using this`

Note: This linter can be disabled with `set_option linter.unnecessarySimpa false`
warning: Erdos9796Proof/P97/N9Endpoint/N4e.lean:1205:74: Try `simp at this` instead of `simpa using this`

Note: This linter can be disabled with `set_option linter.unnecessarySimpa false`
warning: Erdos9796Proof/P97/N9Endpoint/N4e.lean:1245:75: Try `simp at this` instead of `simpa using this`

Note: This linter can be disabled with `set_option linter.unnecessarySimpa false`
warning: Erdos9796Proof/P97/N9Endpoint/N4e.lean:1247:74: Try `simp at this` instead of `simpa using this`

Note: This linter can be disabled with `set_option linter.unnecessarySimpa false`
warning: Erdos9796Proof/P97/N9Endpoint/N4e.lean:1249:75: Try `simp at this` instead of `simpa using this`

Note: This linter can be disabled with `set_option linter.unnecessarySimpa false`
warning: Erdos9796Proof/P97/N9Endpoint/N4e.lean:1251:74: Try `simp at this` instead of `simpa using this`

Note: This linter can be disabled with `set_option linter.unnecessarySimpa false`
warning: Erdos9796Proof/P97/N9Endpoint/N4e.lean:1431:19: unused variable `tau`

Note: This linter can be disabled with `set_option linter.unusedVariables false`
warning: Erdos9796Proof/P97/N9Endpoint/N4e.lean:1444:19: unused variable `tau`

Note: This linter can be disabled with `set_option linter.unusedVariables false`
warning: Erdos9796Proof/P97/N9Endpoint/N4e.lean:1486:0: This file has more than one module docstring (`/-! ... -/`). Only the first one is treated as module documentation; convert additional ones to regular comments (`/- ... -/`).

Note: This linter can be disabled with `set_option linter.style.moduleDocstring false`
warning: Erdos9796Proof/P97/N9Endpoint/N4e.lean:1675:0: This file has more than one module docstring (`/-! ... -/`). Only the first one is treated as module documentation; convert additional ones to regular comments (`/- ... -/`).

Note: This linter can be disabled with `set_option linter.style.moduleDocstring false`
warning: Erdos9796Proof/P97/N9Endpoint/N4e.lean:1698:5: unused variable `hpd`

Note: This linter can be disabled with `set_option linter.unusedVariables false`
warning: Erdos9796Proof/P97/N9Endpoint/N4e.lean:1699:5: unused variable `hsd`

Note: This linter can be disabled with `set_option linter.unusedVariables false`
warning: Erdos9796Proof/P97/N9Endpoint/N4e.lean:1762:0: Please, add a comment explaining the need for modifying the maxHeartbeat limit, as in
set_option maxHeartbeats 400000 in
-- reason for change
...

Note: This linter can be disabled with `set_option linter.style.maxHeartbeats false`
warning: Erdos9796Proof/P97/N9Endpoint/N4e.lean:1784:0: This line exceeds the 100 character limit, please shorten it!

Note: This linter can be disabled with `set_option linter.style.longLine false`
warning: Erdos9796Proof/P97/N9Endpoint/N4e.lean:1785:0: This line exceeds the 100 character limit, please shorten it!

Note: This linter can be disabled with `set_option linter.style.longLine false`
warning: Erdos9796Proof/P97/N9Endpoint/N4e.lean:1786:0: This line exceeds the 100 character limit, please shorten it!

Note: This linter can be disabled with `set_option linter.style.longLine false`
warning: Erdos9796Proof/P97/N9Endpoint/N4e.lean:1849:18: unused variable `hr1`

Note: This linter can be disabled with `set_option linter.unusedVariables false`
warning: Erdos9796Proof/P97/N9Endpoint/N4e.lean:1841:0: Please, add a comment explaining the need for modifying the maxHeartbeat limit, as in
set_option maxHeartbeats 400000 in
-- reason for change
...

Note: This linter can be disabled with `set_option linter.style.maxHeartbeats false`
warning: Erdos9796Proof/P97/N9Endpoint/N4e.lean:1896:0: Please, add a comment explaining the need for modifying the maxHeartbeat limit, as in
set_option maxHeartbeats 400000 in
-- reason for change
...

Note: This linter can be disabled with `set_option linter.style.maxHeartbeats false`
warning: Erdos9796Proof/P97/N9Endpoint/N4e.lean:2139:6: try 'simp' instead of 'simpa'

Note: This linter can be disabled with `set_option linter.unnecessarySimpa false`
warning: Erdos9796Proof/P97/N9Endpoint/N4e.lean:2141:4: 'simp [Problem97.CGN.vec2, EuclideanSpace.single_apply]' is a flexible tactic modifying '⊢'. Try 'simp?' and use the suggested 'simp only [...]'. Alternatively, use `suffices` to explicitly state the simplified form.

Note: This linter can be disabled with `set_option linter.flexible false`
info: Erdos9796Proof/P97/N9Endpoint/N4e.lean:2141:4: Try this:
  [apply] simp only [Fin.isValue, one_div]
info: Erdos9796Proof/P97/N9Endpoint/N4e.lean:2142:4: 'rw [Real.sin_two_mul, Real.cos_two_mul]' uses '⊢'!
warning: Erdos9796Proof/P97/N9Endpoint/N4e.lean:2179:4: 'simp [Problem97.CGN.vec2, EuclideanSpace.single_apply]' is a flexible tactic modifying '⊢'. Try 'simp?' and use the suggested 'simp only [...]'. Alternatively, use `suffices` to explicitly state the simplified form.

Note: This linter can be disabled with `set_option linter.flexible false`
info: Erdos9796Proof/P97/N9Endpoint/N4e.lean:2179:4: Try this:
  [apply] simp only [Fin.isValue]
info: Erdos9796Proof/P97/N9Endpoint/N4e.lean:2180:4: 'rw [Real.sin_two_mul]' uses '⊢'!
warning: Erdos9796Proof/P97/N9Endpoint/N4e.lean:2225:27: Try `simp at hx` instead of `simpa using hx`

Note: This linter can be disabled with `set_option linter.unnecessarySimpa false`
warning: Erdos9796Proof/P97/N9Endpoint/N4e.lean:2228:4: try 'simp' instead of 'simpa'

Note: This linter can be disabled with `set_option linter.unnecessarySimpa false`
warning: Erdos9796Proof/P97/N9Endpoint/N4e.lean:2397:4: unused variable `h2`

Note: This linter can be disabled with `set_option linter.unusedVariables false`
warning: Erdos9796Proof/P97/N9Endpoint/N4e.lean:2526:6: try 'simp' instead of 'simpa'

Note: This linter can be disabled with `set_option linter.unnecessarySimpa false`
warning: Erdos9796Proof/P97/N9Endpoint/N4e.lean:2530:6: try 'simp' instead of 'simpa'

Note: This linter can be disabled with `set_option linter.unnecessarySimpa false`
warning: Erdos9796Proof/P97/N9Endpoint/N4e.lean:2545:10: try 'simp' instead of 'simpa'

Note: This linter can be disabled with `set_option linter.unnecessarySimpa false`
warning: Erdos9796Proof/P97/N9Endpoint/N4e.lean:2552:6: try 'simp' instead of 'simpa'

Note: This linter can be disabled with `set_option linter.unnecessarySimpa false`
warning: Erdos9796Proof/P97/N9Endpoint/N4e.lean:2677:8: try 'simp' instead of 'simpa'

Note: This linter can be disabled with `set_option linter.unnecessarySimpa false`
warning: Erdos9796Proof/P97/N9Endpoint/N4e.lean:2680:8: try 'simp' instead of 'simpa'

Note: This linter can be disabled with `set_option linter.unnecessarySimpa false`
warning: Erdos9796Proof/P97/N9Endpoint/N4e.lean:2450:0: Please, add a comment explaining the need for modifying the maxHeartbeat limit, as in
set_option maxHeartbeats 2000000 in
-- reason for change
...

Note: This linter can be disabled with `set_option linter.style.maxHeartbeats false`
warning: Erdos9796Proof/P97/N9Endpoint/N4e.lean:2484:0: This line exceeds the 100 character limit, please shorten it!

Note: This linter can be disabled with `set_option linter.style.longLine false`
warning: Erdos9796Proof/P97/N9Endpoint/N4e.lean:2489:0: This line exceeds the 100 character limit, please shorten it!

Note: This linter can be disabled with `set_option linter.style.longLine false`
warning: Erdos9796Proof/P97/N9Endpoint/N4e.lean:2991:4: try 'simp' instead of 'simpa'

Note: This linter can be disabled with `set_option linter.unnecessarySimpa false`
warning: Erdos9796Proof/P97/N9Endpoint/N4e.lean:2993:4: try 'simp' instead of 'simpa'

Note: This linter can be disabled with `set_option linter.unnecessarySimpa false`
warning: Erdos9796Proof/P97/N9Endpoint/N4e.lean:3012:4: try 'simp' instead of 'simpa'

Note: This linter can be disabled with `set_option linter.unnecessarySimpa false`
warning: Erdos9796Proof/P97/N9Endpoint/N4e.lean:3057:8: try 'simp' instead of 'simpa'

Note: This linter can be disabled with `set_option linter.unnecessarySimpa false`
warning: Erdos9796Proof/P97/N9Endpoint/N4e.lean:3061:4: try 'simp' instead of 'simpa'

Note: This linter can be disabled with `set_option linter.unnecessarySimpa false`
warning: Erdos9796Proof/P97/N9Endpoint/N4e.lean:2882:0: Please, add a comment explaining the need for modifying the maxHeartbeat limit, as in
set_option maxHeartbeats 4000000 in
-- reason for change
...

Note: This linter can be disabled with `set_option linter.style.maxHeartbeats false`
warning: Erdos9796Proof/P97/N9Endpoint/N4e.lean:3240:8: Used `tac1 <;> tac2` where `(tac1; tac2)` would suffice

Note: This linter can be disabled with `set_option linter.unnecessarySeqFocus false`
warning: Erdos9796Proof/P97/N9Endpoint/N4e.lean:3254:78: This simp argument is unused:
  Pi.add_apply

Hint: Omit it from the simp argument list.
  simp [halfShift, F, c, Problem97.CGN.vec2, EuclideanSpace.single_apply,̵ ̵P̵i̵.̵a̵d̵d̵_̵a̵p̵p̵l̵y̵]

Note: This linter can be disabled with `set_option linter.unusedSimpArgs false`
warning: Erdos9796Proof/P97/N9Endpoint/N4e.lean:3253:10: Used `tac1 <;> tac2` where `(tac1; tac2)` would suffice

Note: This linter can be disabled with `set_option linter.unnecessarySeqFocus false`
warning: Erdos9796Proof/P97/N9Endpoint/N4e.lean:3263:12: Used `tac1 <;> tac2` where `(tac1; tac2)` would suffice

Note: This linter can be disabled with `set_option linter.unnecessarySeqFocus false`
warning: Erdos9796Proof/P97/N9Endpoint/N4e.lean:3307:8: Used `tac1 <;> tac2` where `(tac1; tac2)` would suffice

Note: This linter can be disabled with `set_option linter.unnecessarySeqFocus false`
warning: Erdos9796Proof/P97/N9Endpoint/N4e.lean:3357:4: try 'simp' instead of 'simpa'

Note: This linter can be disabled with `set_option linter.unnecessarySimpa false`
warning: Erdos9796Proof/P97/N9Endpoint/N4e.lean:3320:14: Used `tac1 <;> tac2` where `(tac1; tac2)` would suffice

Note: This linter can be disabled with `set_option linter.unnecessarySeqFocus false`
warning: Erdos9796Proof/P97/N9Endpoint/N4e.lean:3325:14: Used `tac1 <;> tac2` where `(tac1; tac2)` would suffice

Note: This linter can be disabled with `set_option linter.unnecessarySeqFocus false`
warning: Erdos9796Proof/P97/N9Endpoint/N4e.lean:3330:10: Used `tac1 <;> tac2` where `(tac1; tac2)` would suffice

Note: This linter can be disabled with `set_option linter.unnecessarySeqFocus false`
warning: Erdos9796Proof/P97/N9Endpoint/N4e.lean:3403:10: try 'simp' instead of 'simpa'

Note: This linter can be disabled with `set_option linter.unnecessarySimpa false`
warning: Erdos9796Proof/P97/N9Endpoint/N4e.lean:3407:10: try 'simp' instead of 'simpa'

Note: This linter can be disabled with `set_option linter.unnecessarySimpa false`
warning: Erdos9796Proof/P97/N9Endpoint/N4e.lean:3412:8: try 'simp' instead of 'simpa'

Note: This linter can be disabled with `set_option linter.unnecessarySimpa false`
warning: Erdos9796Proof/P97/N9Endpoint/N4e.lean:3415:8: try 'simp' instead of 'simpa'

Note: This linter can be disabled with `set_option linter.unnecessarySimpa false`
warning: Erdos9796Proof/P97/N9Endpoint/N4e.lean:3376:12: unused variable `tau0`

Note: This linter can be disabled with `set_option linter.unusedVariables false`
warning: Erdos9796Proof/P97/N9Endpoint/N4e.lean:3405:14: this tactic is never executed

Note: This linter can be disabled with `set_option linter.unreachableTactic false`
warning: Erdos9796Proof/P97/N9Endpoint/N4e.lean:3409:14: this tactic is never executed

Note: This linter can be disabled with `set_option linter.unreachableTactic false`
warning: Erdos9796Proof/P97/N9Endpoint/N4e.lean:3467:10: Used `tac1 <;> tac2` where `(tac1; tac2)` would suffice

Note: This linter can be disabled with `set_option linter.unnecessarySeqFocus false`
warning: Erdos9796Proof/P97/N9Endpoint/N4e.lean:3485:10: Used `tac1 <;> tac2` where `(tac1; tac2)` would suffice

Note: This linter can be disabled with `set_option linter.unnecessarySeqFocus false`
warning: Erdos9796Proof/P97/N9Endpoint/N4e.lean:3450:12: 'simp [A2] at hxA' is a flexible tactic modifying 'hxA'. Try 'simp?' and use the suggested 'simp only [...]'. Alternatively, use `suffices` to explicitly state the simplified form.

Note: This linter can be disabled with `set_option linter.flexible false`
info: Erdos9796Proof/P97/N9Endpoint/N4e.lean:3451:12: 'rcases hxA with rfl | rfl' uses 'hxA'!
warning: Erdos9796Proof/P97/N9Endpoint/N4e.lean:3405:14: 'simpa [div_eq_mul_inv, mul_comm, mul_left_comm, mul_assoc] using
  (dist_midpoint_left (𝕜 := ℝ) q1 q2)' tactic does nothing

Note: This linter can be disabled with `set_option linter.unusedTactic false`
warning: Erdos9796Proof/P97/N9Endpoint/N4e.lean:3409:14: 'simpa [div_eq_mul_inv, mul_comm, mul_left_comm, mul_assoc] using
  (dist_midpoint_right (𝕜 := ℝ) q1 q2)' tactic does nothing

Note: This linter can be disabled with `set_option linter.unusedTactic false`
warning: Erdos9796Proof/P97/N9Endpoint/N4e.lean:3412:0: This line exceeds the 100 character limit, please shorten it!

Note: This linter can be disabled with `set_option linter.style.longLine false`
warning: Erdos9796Proof/P97/N9Endpoint/N4e.lean:3415:0: This line exceeds the 100 character limit, please shorten it!

Note: This linter can be disabled with `set_option linter.style.longLine false`
warning: Erdos9796Proof/P97/N9Endpoint/N4e.lean:3420:0: This line exceeds the 100 character limit, please shorten it!

Note: This linter can be disabled with `set_option linter.style.longLine false`
warning: Erdos9796Proof/P97/N9Endpoint/N4e.lean:3422:0: This line exceeds the 100 character limit, please shorten it!

Note: This linter can be disabled with `set_option linter.style.longLine false`
warning: Erdos9796Proof/P97/N9Endpoint/N4e.lean:3435:0: This line exceeds the 100 character limit, please shorten it!

Note: This linter can be disabled with `set_option linter.style.longLine false`
warning: Erdos9796Proof/P97/N9Endpoint/N4e.lean:3524:89: This simp argument is unused:
  q3

Hint: Omit it from the simp argument list.
  simp [a,̵ ̵q̵3̵]

Note: This linter can be disabled with `set_option linter.unusedSimpArgs false`
warning: Erdos9796Proof/P97/N9Endpoint/N4e.lean:3677:64: try 'simp' instead of 'simpa'

Note: This linter can be disabled with `set_option linter.unnecessarySimpa false`
warning: Erdos9796Proof/P97/N9Endpoint/N4e.lean:3714:65: try 'simp' instead of 'simpa'

Note: This linter can be disabled with `set_option linter.unnecessarySimpa false`
warning: Erdos9796Proof/P97/N9Endpoint/N4e.lean:3789:64: try 'simp' instead of 'simpa'

Note: This linter can be disabled with `set_option linter.unnecessarySimpa false`
warning: Erdos9796Proof/P97/N9Endpoint/N4e.lean:3824:65: try 'simp' instead of 'simpa'

Note: This linter can be disabled with `set_option linter.unnecessarySimpa false`
warning: Erdos9796Proof/P97/N9Endpoint/N4e.lean:3744:14: unused variable `h`

Note: This linter can be disabled with `set_option linter.unusedVariables false`
warning: Erdos9796Proof/P97/N9Endpoint/N4e.lean:3867:16: Used `tac1 <;> tac2` where `(tac1; tac2)` would suffice

Note: This linter can be disabled with `set_option linter.unnecessarySeqFocus false`
warning: Erdos9796Proof/P97/N9Endpoint/N4e.lean:3884:16: Used `tac1 <;> tac2` where `(tac1; tac2)` would suffice

Note: This linter can be disabled with `set_option linter.unnecessarySeqFocus false`
warning: Erdos9796Proof/P97/N9Endpoint/N4e.lean:3922:8: Used `tac1 <;> tac2` where `(tac1; tac2)` would suffice

Note: This linter can be disabled with `set_option linter.unnecessarySeqFocus false`
warning: Erdos9796Proof/P97/N9Endpoint/N4e.lean:4058:8: Used `tac1 <;> tac2` where `(tac1; tac2)` would suffice

Note: This linter can be disabled with `set_option linter.unnecessarySeqFocus false`
warning: Erdos9796Proof/P97/N9Endpoint/N4e.lean:4184:92: This simp argument is unused:
  q3

Hint: Omit it from the simp argument list.
  simp [a,̵ ̵q̵3̵]

Note: This linter can be disabled with `set_option linter.unusedSimpArgs false`
warning: Erdos9796Proof/P97/N9Endpoint/N4e.lean:4224:12: Used `tac1 <;> tac2` where `(tac1; tac2)` would suffice

Note: This linter can be disabled with `set_option linter.unnecessarySeqFocus false`
warning: Erdos9796Proof/P97/N9Endpoint/N4e.lean:4229:12: Used `tac1 <;> tac2` where `(tac1; tac2)` would suffice

Note: This linter can be disabled with `set_option linter.unnecessarySeqFocus false`
warning: Erdos9796Proof/P97/N9Endpoint/N4e.lean:4234:12: Used `tac1 <;> tac2` where `(tac1; tac2)` would suffice

Note: This linter can be disabled with `set_option linter.unnecessarySeqFocus false`
warning: Erdos9796Proof/P97/N9Endpoint/N4e.lean:4256:14: Used `tac1 <;> tac2` where `(tac1; tac2)` would suffice

Note: This linter can be disabled with `set_option linter.unnecessarySeqFocus false`
warning: Erdos9796Proof/P97/N9Endpoint/N4e.lean:4303:16: Used `tac1 <;> tac2` where `(tac1; tac2)` would suffice

Note: This linter can be disabled with `set_option linter.unnecessarySeqFocus false`
warning: Erdos9796Proof/P97/N9Endpoint/N4e.lean:4325:12: Used `tac1 <;> tac2` where `(tac1; tac2)` would suffice

Note: This linter can be disabled with `set_option linter.unnecessarySeqFocus false`
warning: Erdos9796Proof/P97/N9Endpoint/N4e.lean:4330:12: Used `tac1 <;> tac2` where `(tac1; tac2)` would suffice

Note: This linter can be disabled with `set_option linter.unnecessarySeqFocus false`
warning: Erdos9796Proof/P97/N9Endpoint/N4e.lean:4069:0: Please, add a comment explaining the need for modifying the maxHeartbeat limit, as in
set_option maxHeartbeats 8000000 in
-- reason for change
...

Note: This linter can be disabled with `set_option linter.style.maxHeartbeats false`
warning: Erdos9796Proof/P97/N9Endpoint/N4e.lean:4413:4: unused variable `h2`

Note: This linter can be disabled with `set_option linter.unusedVariables false`
warning: Erdos9796Proof/P97/N9Endpoint/N4e.lean:4518:65: try 'simp' instead of 'simpa'

Note: This linter can be disabled with `set_option linter.unnecessarySimpa false`
warning: Erdos9796Proof/P97/N9Endpoint/N4e.lean:4532:68: try 'simp' instead of 'simpa'

Note: This linter can be disabled with `set_option linter.unnecessarySimpa false`
warning: Erdos9796Proof/P97/N9Endpoint/N4e.lean:4559:67: try 'simp' instead of 'simpa'

Note: This linter can be disabled with `set_option linter.unnecessarySimpa false`
warning: Erdos9796Proof/P97/N9Endpoint/N4e.lean:4637:64: try 'simp' instead of 'simpa'

Note: This linter can be disabled with `set_option linter.unnecessarySimpa false`
warning: Erdos9796Proof/P97/N9Endpoint/N4e.lean:4672:65: try 'simp' instead of 'simpa'

Note: This linter can be disabled with `set_option linter.unnecessarySimpa false`
warning: Erdos9796Proof/P97/N9Endpoint/N4e.lean:4776:65: try 'simp' instead of 'simpa'

Note: This linter can be disabled with `set_option linter.unnecessarySimpa false`
warning: Erdos9796Proof/P97/N9Endpoint/N4e.lean:4790:68: try 'simp' instead of 'simpa'

Note: This linter can be disabled with `set_option linter.unnecessarySimpa false`
warning: Erdos9796Proof/P97/N9Endpoint/N4e.lean:4817:67: try 'simp' instead of 'simpa'

Note: This linter can be disabled with `set_option linter.unnecessarySimpa false`
warning: Erdos9796Proof/P97/N9Endpoint/N4e.lean:4897:63: try 'simp' instead of 'simpa'

Note: This linter can be disabled with `set_option linter.unnecessarySimpa false`
warning: Erdos9796Proof/P97/N9Endpoint/N4e.lean:4925:64: try 'simp' instead of 'simpa'

Note: This linter can be disabled with `set_option linter.unnecessarySimpa false`
warning: Erdos9796Proof/P97/N9Endpoint/N4e.lean:5019:12: Used `tac1 <;> tac2` where `(tac1; tac2)` would suffice

Note: This linter can be disabled with `set_option linter.unnecessarySeqFocus false`
warning: Erdos9796Proof/P97/N9Endpoint/N4e.lean:5023:12: Used `tac1 <;> tac2` where `(tac1; tac2)` would suffice

Note: This linter can be disabled with `set_option linter.unnecessarySeqFocus false`
warning: Erdos9796Proof/P97/N9Endpoint/N4e.lean:5152:12: Used `tac1 <;> tac2` where `(tac1; tac2)` would suffice

Note: This linter can be disabled with `set_option linter.unnecessarySeqFocus false`
warning: Erdos9796Proof/P97/N9Endpoint/N4e.lean:5156:12: Used `tac1 <;> tac2` where `(tac1; tac2)` would suffice

Note: This linter can be disabled with `set_option linter.unnecessarySeqFocus false`
warning: Erdos9796Proof/P97/N9Endpoint/N4e.lean:5388:48: This simp argument is unused:
  EuclideanSpace.single_apply

Hint: Omit it from the simp argument list.
  simp only [halfShift, Problem97.CGN.vec2,̵ ̵E̵u̵c̵l̵i̵d̵e̵a̵n̵S̵p̵a̵c̵e̵.̵s̵i̵n̵g̵l̵e̵_̵a̵p̵p̵l̵y̵]

Note: This linter can be disabled with `set_option linter.unusedSimpArgs false`
warning: Erdos9796Proof/P97/N9Endpoint/N4e.lean:5459:48: This simp argument is unused:
  EuclideanSpace.single_apply

Hint: Omit it from the simp argument list.
  simp only [halfShift, Problem97.CGN.vec2,̵ ̵E̵u̵c̵l̵i̵d̵e̵a̵n̵S̵p̵a̵c̵e̵.̵s̵i̵n̵g̵l̵e̵_̵a̵p̵p̵l̵y̵]

Note: This linter can be disabled with `set_option linter.unusedSimpArgs false`
warning: Erdos9796Proof/P97/N9Endpoint/N4e.lean:5660:44: This simp argument is unused:
  EuclideanSpace.single_apply

Hint: Omit it from the simp argument list.
  simp only [flipY, Problem97.CGN.vec2,̵ ̵E̵u̵c̵l̵i̵d̵e̵a̵n̵S̵p̵a̵c̵e̵.̵s̵i̵n̵g̵l̵e̵_̵a̵p̵p̵l̵y̵]

Note: This linter can be disabled with `set_option linter.unusedSimpArgs false`
warning: Erdos9796Proof/P97/N9Endpoint/N4e.lean:5379:12: Used `tac1 <;> tac2` where `(tac1; tac2)` would suffice

Note: This linter can be disabled with `set_option linter.unnecessarySeqFocus false`
warning: Erdos9796Proof/P97/N9Endpoint/N4e.lean:5383:12: Used `tac1 <;> tac2` where `(tac1; tac2)` would suffice

Note: This linter can be disabled with `set_option linter.unnecessarySeqFocus false`
warning: Erdos9796Proof/P97/N9Endpoint/N4e.lean:5518:16: Used `tac1 <;> tac2` where `(tac1; tac2)` would suffice

Note: This linter can be disabled with `set_option linter.unnecessarySeqFocus false`
warning: Erdos9796Proof/P97/N9Endpoint/N4e.lean:5547:16: Used `tac1 <;> tac2` where `(tac1; tac2)` would suffice

Note: This linter can be disabled with `set_option linter.unnecessarySeqFocus false`
warning: Erdos9796Proof/P97/N9Endpoint/N4e.lean:5640:12: Used `tac1 <;> tac2` where `(tac1; tac2)` would suffice

Note: This linter can be disabled with `set_option linter.unnecessarySeqFocus false`
warning: Erdos9796Proof/P97/N9Endpoint/N4e.lean:5652:12: Used `tac1 <;> tac2` where `(tac1; tac2)` would suffice

Note: This linter can be disabled with `set_option linter.unnecessarySeqFocus false`
warning: Erdos9796Proof/P97/N9Endpoint/N4e.lean:5656:12: Used `tac1 <;> tac2` where `(tac1; tac2)` would suffice

Note: This linter can be disabled with `set_option linter.unnecessarySeqFocus false`
warning: Erdos9796Proof/P97/N9Endpoint/N4e.lean:5717:17: unused variable `hr`

Note: This linter can be disabled with `set_option linter.unusedVariables false`
warning: Erdos9796Proof/P97/N9Endpoint/N4e.lean:5718:37: unused variable `hsinθ`

Note: This linter can be disabled with `set_option linter.unusedVariables false`
warning: Erdos9796Proof/P97/N9Endpoint/N4e.lean:5813:12: Used `tac1 <;> tac2` where `(tac1; tac2)` would suffice

Note: This linter can be disabled with `set_option linter.unnecessarySeqFocus false`
warning: Erdos9796Proof/P97/N9Endpoint/N4e.lean:6015:48: This simp argument is unused:
  EuclideanSpace.single_apply

Hint: Omit it from the simp argument list.
  simp only [halfShift, Problem97.CGN.vec2,̵ ̵E̵u̵c̵l̵i̵d̵e̵a̵n̵S̵p̵a̵c̵e̵.̵s̵i̵n̵g̵l̵e̵_̵a̵p̵p̵l̵y̵]

Note: This linter can be disabled with `set_option linter.unusedSimpArgs false`
warning: Erdos9796Proof/P97/N9Endpoint/N4e.lean:6087:48: This simp argument is unused:
  EuclideanSpace.single_apply

Hint: Omit it from the simp argument list.
  simp only [halfShift, Problem97.CGN.vec2,̵ ̵E̵u̵c̵l̵i̵d̵e̵a̵n̵S̵p̵a̵c̵e̵.̵s̵i̵n̵g̵l̵e̵_̵a̵p̵p̵l̵y̵]

Note: This linter can be disabled with `set_option linter.unusedSimpArgs false`
warning: Erdos9796Proof/P97/N9Endpoint/N4e.lean:6119:48: This simp argument is unused:
  EuclideanSpace.single_apply

Hint: Omit it from the simp argument list.
  simp only [halfShift, Problem97.CGN.vec2,̵ ̵E̵u̵c̵l̵i̵d̵e̵a̵n̵S̵p̵a̵c̵e̵.̵s̵i̵n̵g̵l̵e̵_̵a̵p̵p̵l̵y̵]

Note: This linter can be disabled with `set_option linter.unusedSimpArgs false`
warning: Erdos9796Proof/P97/N9Endpoint/N4e.lean:6297:44: This simp argument is unused:
  EuclideanSpace.single_apply

Hint: Omit it from the simp argument list.
  simp only [flipY, Problem97.CGN.vec2,̵ ̵E̵u̵c̵l̵i̵d̵e̵a̵n̵S̵p̵a̵c̵e̵.̵s̵i̵n̵g̵l̵e̵_̵a̵p̵p̵l̵y̵]

Note: This linter can be disabled with `set_option linter.unusedSimpArgs false`
warning: Erdos9796Proof/P97/N9Endpoint/N4e.lean:6006:12: Used `tac1 <;> tac2` where `(tac1; tac2)` would suffice

Note: This linter can be disabled with `set_option linter.unnecessarySeqFocus false`
warning: Erdos9796Proof/P97/N9Endpoint/N4e.lean:6010:12: Used `tac1 <;> tac2` where `(tac1; tac2)` would suffice

Note: This linter can be disabled with `set_option linter.unnecessarySeqFocus false`
warning: Erdos9796Proof/P97/N9Endpoint/N4e.lean:6179:14: Used `tac1 <;> tac2` where `(tac1; tac2)` would suffice

Note: This linter can be disabled with `set_option linter.unnecessarySeqFocus false`
warning: Erdos9796Proof/P97/N9Endpoint/N4e.lean:6289:12: Used `tac1 <;> tac2` where `(tac1; tac2)` would suffice

Note: This linter can be disabled with `set_option linter.unnecessarySeqFocus false`
warning: Erdos9796Proof/P97/N9Endpoint/N4e.lean:6293:12: Used `tac1 <;> tac2` where `(tac1; tac2)` would suffice

Note: This linter can be disabled with `set_option linter.unnecessarySeqFocus false`
warning: Erdos9796Proof/P97/N9Endpoint/N4e.lean:6616:5: unused variable `r`

Note: This linter can be disabled with `set_option linter.unusedVariables false`
warning: Erdos9796Proof/P97/N9Endpoint/N4e.lean:6702:0: Please, add a comment explaining the need for modifying the maxHeartbeat limit, as in
set_option maxHeartbeats 800000 in
-- reason for change
...

Note: This linter can be disabled with `set_option linter.style.maxHeartbeats false`
warning: Erdos9796Proof/P97/N9Endpoint/N4e.lean:6714:0: Please, add a comment explaining the need for modifying the maxHeartbeat limit, as in
set_option maxHeartbeats 800000 in
-- reason for change
...

Note: This linter can be disabled with `set_option linter.style.maxHeartbeats false`
warning: Erdos9796Proof/P97/N9Endpoint/N4e.lean:6726:0: Please, add a comment explaining the need for modifying the maxHeartbeat limit, as in
set_option maxHeartbeats 800000 in
-- reason for change
...

Note: This linter can be disabled with `set_option linter.style.maxHeartbeats false`
warning: Erdos9796Proof/P97/N9Endpoint/N4e.lean:6871:48: This simp argument is unused:
  EuclideanSpace.single_apply

Hint: Omit it from the simp argument list.
  simp only [halfShift, Problem97.CGN.vec2,̵ ̵E̵u̵c̵l̵i̵d̵e̵a̵n̵S̵p̵a̵c̵e̵.̵s̵i̵n̵g̵l̵e̵_̵a̵p̵p̵l̵y̵]

Note: This linter can be disabled with `set_option linter.unusedSimpArgs false`
warning: Erdos9796Proof/P97/N9Endpoint/N4e.lean:6957:48: This simp argument is unused:
  EuclideanSpace.single_apply

Hint: Omit it from the simp argument list.
  simp only [halfShift, Problem97.CGN.vec2,̵ ̵E̵u̵c̵l̵i̵d̵e̵a̵n̵S̵p̵a̵c̵e̵.̵s̵i̵n̵g̵l̵e̵_̵a̵p̵p̵l̵y̵]

Note: This linter can be disabled with `set_option linter.unusedSimpArgs false`
warning: Erdos9796Proof/P97/N9Endpoint/N4e.lean:6991:48: This simp argument is unused:
  EuclideanSpace.single_apply

Hint: Omit it from the simp argument list.
  simp only [halfShift, Problem97.CGN.vec2,̵ ̵E̵u̵c̵l̵i̵d̵e̵a̵n̵S̵p̵a̵c̵e̵.̵s̵i̵n̵g̵l̵e̵_̵a̵p̵p̵l̵y̵]

Note: This linter can be disabled with `set_option linter.unusedSimpArgs false`
warning: Erdos9796Proof/P97/N9Endpoint/N4e.lean:7258:44: This simp argument is unused:
  EuclideanSpace.single_apply

Hint: Omit it from the simp argument list.
  simp only [flipY, Problem97.CGN.vec2,̵ ̵E̵u̵c̵l̵i̵d̵e̵a̵n̵S̵p̵a̵c̵e̵.̵s̵i̵n̵g̵l̵e̵_̵a̵p̵p̵l̵y̵]

Note: This linter can be disabled with `set_option linter.unusedSimpArgs false`
warning: Erdos9796Proof/P97/N9Endpoint/N4e.lean:6863:12: Used `tac1 <;> tac2` where `(tac1; tac2)` would suffice

Note: This linter can be disabled with `set_option linter.unnecessarySeqFocus false`
warning: Erdos9796Proof/P97/N9Endpoint/N4e.lean:6867:12: Used `tac1 <;> tac2` where `(tac1; tac2)` would suffice

Note: This linter can be disabled with `set_option linter.unnecessarySeqFocus false`
warning: Erdos9796Proof/P97/N9Endpoint/N4e.lean:7089:14: Used `tac1 <;> tac2` where `(tac1; tac2)` would suffice

Note: This linter can be disabled with `set_option linter.unnecessarySeqFocus false`
warning: Erdos9796Proof/P97/N9Endpoint/N4e.lean:7250:12: Used `tac1 <;> tac2` where `(tac1; tac2)` would suffice

Note: This linter can be disabled with `set_option linter.unnecessarySeqFocus false`
warning: Erdos9796Proof/P97/N9Endpoint/N4e.lean:7254:12: Used `tac1 <;> tac2` where `(tac1; tac2)` would suffice

Note: This linter can be disabled with `set_option linter.unnecessarySeqFocus false`
warning: Erdos9796Proof/P97/N9Endpoint/N4e.lean:7149:6: The `show` tactic should only be used to indicate intermediate goal states for readability.
However, this tactic invocation changed the goal. Please use `change` instead for these purposes.

Note: This linter can be disabled with `set_option linter.style.show false`
warning: Erdos9796Proof/P97/N9Endpoint/N4e.lean:7278:5: unused variable `hsmall`

Note: This linter can be disabled with `set_option linter.unusedVariables false`
warning: Erdos9796Proof/P97/N9Endpoint/N4e.lean:7280:5: unused variable `hAEgt`

Note: This linter can be disabled with `set_option linter.unusedVariables false`
warning: Erdos9796Proof/P97/N9Endpoint/N4e.lean:7344:48: This simp argument is unused:
  EuclideanSpace.single_apply

Hint: Omit it from the simp argument list.
  simp only [halfShift, Problem97.CGN.vec2,̵ ̵E̵u̵c̵l̵i̵d̵e̵a̵n̵S̵p̵a̵c̵e̵.̵s̵i̵n̵g̵l̵e̵_̵a̵p̵p̵l̵y̵]

Note: This linter can be disabled with `set_option linter.unusedSimpArgs false`
warning: Erdos9796Proof/P97/N9Endpoint/N4e.lean:7430:48: This simp argument is unused:
  EuclideanSpace.single_apply

Hint: Omit it from the simp argument list.
  simp only [halfShift, Problem97.CGN.vec2,̵ ̵E̵u̵c̵l̵i̵d̵e̵a̵n̵S̵p̵a̵c̵e̵.̵s̵i̵n̵g̵l̵e̵_̵a̵p̵p̵l̵y̵]

Note: This linter can be disabled with `set_option linter.unusedSimpArgs false`
warning: Erdos9796Proof/P97/N9Endpoint/N4e.lean:7464:48: This simp argument is unused:
  EuclideanSpace.single_apply

Hint: Omit it from the simp argument list.
  simp only [halfShift, Problem97.CGN.vec2,̵ ̵E̵u̵c̵l̵i̵d̵e̵a̵n̵S̵p̵a̵c̵e̵.̵s̵i̵n̵g̵l̵e̵_̵a̵p̵p̵l̵y̵]

Note: This linter can be disabled with `set_option linter.unusedSimpArgs false`
warning: Erdos9796Proof/P97/N9Endpoint/N4e.lean:7746:44: This simp argument is unused:
  EuclideanSpace.single_apply

Hint: Omit it from the simp argument list.
  simp only [flipY, Problem97.CGN.vec2,̵ ̵E̵u̵c̵l̵i̵d̵e̵a̵n̵S̵p̵a̵c̵e̵.̵s̵i̵n̵g̵l̵e̵_̵a̵p̵p̵l̵y̵]

Note: This linter can be disabled with `set_option linter.unusedSimpArgs false`
warning: Erdos9796Proof/P97/N9Endpoint/N4e.lean:7336:12: Used `tac1 <;> tac2` where `(tac1; tac2)` would suffice

Note: This linter can be disabled with `set_option linter.unnecessarySeqFocus false`
warning: Erdos9796Proof/P97/N9Endpoint/N4e.lean:7340:12: Used `tac1 <;> tac2` where `(tac1; tac2)` would suffice

Note: This linter can be disabled with `set_option linter.unnecessarySeqFocus false`
warning: Erdos9796Proof/P97/N9Endpoint/N4e.lean:7609:14: Used `tac1 <;> tac2` where `(tac1; tac2)` would suffice

Note: This linter can be disabled with `set_option linter.unnecessarySeqFocus false`
warning: Erdos9796Proof/P97/N9Endpoint/N4e.lean:7738:12: Used `tac1 <;> tac2` where `(tac1; tac2)` would suffice

Note: This linter can be disabled with `set_option linter.unnecessarySeqFocus false`
warning: Erdos9796Proof/P97/N9Endpoint/N4e.lean:7742:12: Used `tac1 <;> tac2` where `(tac1; tac2)` would suffice

Note: This linter can be disabled with `set_option linter.unnecessarySeqFocus false`
warning: Erdos9796Proof/P97/N9Endpoint/N4e.lean:7265:0: Please, add a comment explaining the need for modifying the maxHeartbeat limit, as in
set_option maxHeartbeats 8000000 in
-- reason for change
...

Note: This linter can be disabled with `set_option linter.style.maxHeartbeats false`
warning: Erdos9796Proof/P97/N9Endpoint/N4e.lean:7644:6: The `show` tactic should only be used to indicate intermediate goal states for readability.
However, this tactic invocation changed the goal. Please use `change` instead for these purposes.

Note: This linter can be disabled with `set_option linter.style.show false`
warning: Erdos9796Proof/P97/N9Endpoint/N4e.lean:7885:6: try 'simp' instead of 'simpa'

Note: This linter can be disabled with `set_option linter.unnecessarySimpa false`
warning: Erdos9796Proof/P97/N9Endpoint/N4e.lean:7890:6: try 'simp' instead of 'simpa'

Note: This linter can be disabled with `set_option linter.unnecessarySimpa false`
warning: Erdos9796Proof/P97/N9Endpoint/N4e.lean:7894:10: try 'simp' instead of 'simpa'

Note: This linter can be disabled with `set_option linter.unnecessarySimpa false`
warning: Erdos9796Proof/P97/N9Endpoint/N4e.lean:7901:6: try 'simp' instead of 'simpa'

Note: This linter can be disabled with `set_option linter.unnecessarySimpa false`
warning: Erdos9796Proof/P97/N9Endpoint/N4e.lean:8037:8: try 'simp' instead of 'simpa'

Note: This linter can be disabled with `set_option linter.unnecessarySimpa false`
warning: Erdos9796Proof/P97/N9Endpoint/N4e.lean:8040:8: try 'simp' instead of 'simpa'

Note: This linter can be disabled with `set_option linter.unnecessarySimpa false`
warning: Erdos9796Proof/P97/N9Endpoint/N4e.lean:8060:43: try 'simp' instead of 'simpa'

Note: This linter can be disabled with `set_option linter.unnecessarySimpa false`
warning: Erdos9796Proof/P97/N9Endpoint/N4e.lean:8061:45: try 'simp' instead of 'simpa'

Note: This linter can be disabled with `set_option linter.unnecessarySimpa false`
warning: Erdos9796Proof/P97/N9Endpoint/N4e.lean:8138:43: try 'simp' instead of 'simpa'

Note: This linter can be disabled with `set_option linter.unnecessarySimpa false`
warning: Erdos9796Proof/P97/N9Endpoint/N4e.lean:8139:45: try 'simp' instead of 'simpa'

Note: This linter can be disabled with `set_option linter.unnecessarySimpa false`
warning: Erdos9796Proof/P97/N9Endpoint/N4e.lean:7810:0: Please, add a comment explaining the need for modifying the maxHeartbeat limit, as in
set_option maxHeartbeats 2000000 in
-- reason for change
...

Note: This linter can be disabled with `set_option linter.style.maxHeartbeats false`
warning: Erdos9796Proof/P97/N9Endpoint/N4e.lean:8297:65: This simp argument is unused:
  S.triangle.v13_ne

Hint: Omit it from the simp argument list.
  simp [ha2_ne_b2, ha2_ne_v1, hb2_ne_v1, ha2_ne_v3, hb2_ne_v3, S̵.̵t̵r̵i̵a̵n̵g̵l̵e̵.̵v̵1̵3̵_̵n̵e̵,̵S.triangle.v13_ne.symm]

Note: This linter can be disabled with `set_option linter.unusedSimpArgs false`
warning: Erdos9796Proof/P97/N9Endpoint/N4e.lean:8289:4: 'simp at hx' is a flexible tactic modifying 'hx'. Try 'simp?' and use the suggested 'simp only [...]'. Alternatively, use `suffices` to explicitly state the simplified form.

Note: This linter can be disabled with `set_option linter.flexible false`
info: Erdos9796Proof/P97/N9Endpoint/N4e.lean:8290:4: 'rcases hx with rfl | rfl | rfl | rfl' uses 'hx'!
warning: Erdos9796Proof/P97/N9Endpoint/N4e.lean:8289:4: 'simp at hx' is a flexible tactic modifying 'hx'. Try 'simp?' and use the suggested 'simp only [...]'. Alternatively, use `suffices` to explicitly state the simplified form.

Note: This linter can be disabled with `set_option linter.flexible false`
info: Erdos9796Proof/P97/N9Endpoint/N4e.lean:8291:6: 'exact ha2T' uses 'hx'!
warning: Erdos9796Proof/P97/N9Endpoint/N4e.lean:8289:4: 'simp at hx' is a flexible tactic modifying 'hx'. Try 'simp?' and use the suggested 'simp only [...]'. Alternatively, use `suffices` to explicitly state the simplified form.

Note: This linter can be disabled with `set_option linter.flexible false`
info: Erdos9796Proof/P97/N9Endpoint/N4e.lean:8292:6: 'exact hb2T' uses 'hx'!
warning: Erdos9796Proof/P97/N9Endpoint/N4e.lean:8289:4: 'simp at hx' is a flexible tactic modifying 'hx'. Try 'simp?' and use the suggested 'simp only [...]'. Alternatively, use `suffices` to explicitly state the simplified form.

Note: This linter can be disabled with `set_option linter.flexible false`
info: Erdos9796Proof/P97/N9Endpoint/N4e.lean:8293:6: 'exact hv3T' uses 'hx'!
warning: Erdos9796Proof/P97/N9Endpoint/N4e.lean:8289:4: 'simp at hx' is a flexible tactic modifying 'hx'. Try 'simp?' and use the suggested 'simp only [...]'. Alternatively, use `suffices` to explicitly state the simplified form.

Note: This linter can be disabled with `set_option linter.flexible false`
info: Erdos9796Proof/P97/N9Endpoint/N4e.lean:8294:6: 'exact hv1T' uses 'hx'!
warning: Erdos9796Proof/P97/N9Endpoint/N4e.lean:8346:2: try 'simp' instead of 'simpa'

Note: This linter can be disabled with `set_option linter.unnecessarySimpa false`
warning: Erdos9796Proof/P97/N9Endpoint/N4e.lean:8371:4: try 'simp' instead of 'simpa'

Note: This linter can be disabled with `set_option linter.unnecessarySimpa false`
warning: Erdos9796Proof/P97/N9Endpoint/N4e.lean:8390:4: try 'simp' instead of 'simpa'

Note: This linter can be disabled with `set_option linter.unnecessarySimpa false`
warning: Erdos9796Proof/P97/N9Endpoint/N4e.lean:8393:4: try 'simp' instead of 'simpa'

Note: This linter can be disabled with `set_option linter.unnecessarySimpa false`
warning: Erdos9796Proof/P97/N9Endpoint/N4e.lean:8467:12: Try `simp at hone` instead of `simpa using hone`

Note: This linter can be disabled with `set_option linter.unnecessarySimpa false`
warning: Erdos9796Proof/P97/N9Endpoint/N4e.lean:8614:12: Try `simp at hone` instead of `simpa using hone`

Note: This linter can be disabled with `set_option linter.unnecessarySimpa false`
warning: Erdos9796Proof/P97/N9Endpoint/N4e.lean:8759:12: Try `simp at hone` instead of `simpa using hone`

Note: This linter can be disabled with `set_option linter.unnecessarySimpa false`
warning: Erdos9796Proof/P97/N9Endpoint/N4e.lean:8925:5: unused variable `classify`

Note: This linter can be disabled with `set_option linter.unusedVariables false`
warning: Erdos9796Proof/P97/N9Endpoint/N4e.lean:8926:13: unused variable `hr`

Note: This linter can be disabled with `set_option linter.unusedVariables false`
warning: Erdos9796Proof/P97/N9Endpoint/N4e.lean:8926:26: unused variable `hcard`

Note: This linter can be disabled with `set_option linter.unusedVariables false`
warning: Erdos9796Proof/P97/N9Endpoint/N4e.lean:8927:7: unused variable `hesc`

Note: This linter can be disabled with `set_option linter.unusedVariables false`
warning: Erdos9796Proof/P97/N9Endpoint/N4e.lean:8932:5: unused variable `classify`

Note: This linter can be disabled with `set_option linter.unusedVariables false`
warning: Erdos9796Proof/P97/N9Endpoint/N4e.lean:8933:13: unused variable `hr`

Note: This linter can be disabled with `set_option linter.unusedVariables false`
warning: Erdos9796Proof/P97/N9Endpoint/N4e.lean:8933:26: unused variable `hcard`

Note: This linter can be disabled with `set_option linter.unusedVariables false`
warning: Erdos9796Proof/P97/N9Endpoint/N4e.lean:8934:7: unused variable `hesc`

Note: This linter can be disabled with `set_option linter.unusedVariables false`
warning: Erdos9796Proof/P97/N9Endpoint/N4e.lean:8939:5: unused variable `classify`

Note: This linter can be disabled with `set_option linter.unusedVariables false`
warning: Erdos9796Proof/P97/N9Endpoint/N4e.lean:8940:13: unused variable `hr`

Note: This linter can be disabled with `set_option linter.unusedVariables false`
warning: Erdos9796Proof/P97/N9Endpoint/N4e.lean:8940:26: unused variable `hcard`

Note: This linter can be disabled with `set_option linter.unusedVariables false`
warning: Erdos9796Proof/P97/N9Endpoint/N4e.lean:8941:7: unused variable `hesc`

Note: This linter can be disabled with `set_option linter.unusedVariables false`
warning: Erdos9796Proof/P97/N9Endpoint/N4e.lean:8946:13: unused variable `hr`

Note: This linter can be disabled with `set_option linter.unusedVariables false`
warning: Erdos9796Proof/P97/N9Endpoint/N4e.lean:8946:26: unused variable `hcard`

Note: This linter can be disabled with `set_option linter.unusedVariables false`
warning: Erdos9796Proof/P97/N9Endpoint/N4e.lean:8947:7: unused variable `hesc`

Note: This linter can be disabled with `set_option linter.unusedVariables false`
warning: Erdos9796Proof/P97/N9Endpoint/N4e.lean:8956:13: unused variable `hr`

Note: This linter can be disabled with `set_option linter.unusedVariables false`
warning: Erdos9796Proof/P97/N9Endpoint/N4e.lean:8956:26: unused variable `hcard`

Note: This linter can be disabled with `set_option linter.unusedVariables false`
warning: Erdos9796Proof/P97/N9Endpoint/N4e.lean:8957:7: unused variable `hesc`

Note: This linter can be disabled with `set_option linter.unusedVariables false`
warning: Erdos9796Proof/P97/N9Endpoint/N4e.lean:8966:13: unused variable `hr`

Note: This linter can be disabled with `set_option linter.unusedVariables false`
warning: Erdos9796Proof/P97/N9Endpoint/N4e.lean:8966:26: unused variable `hcard`

Note: This linter can be disabled with `set_option linter.unusedVariables false`
warning: Erdos9796Proof/P97/N9Endpoint/N4e.lean:8967:7: unused variable `hesc`

Note: This linter can be disabled with `set_option linter.unusedVariables false`
warning: Erdos9796Proof/P97/N9Endpoint/N4e.lean:8976:13: unused variable `hr`

Note: This linter can be disabled with `set_option linter.unusedVariables false`
warning: Erdos9796Proof/P97/N9Endpoint/N4e.lean:8976:26: unused variable `hcard`

Note: This linter can be disabled with `set_option linter.unusedVariables false`
warning: Erdos9796Proof/P97/N9Endpoint/N4e.lean:8977:7: unused variable `hesc`

Note: This linter can be disabled with `set_option linter.unusedVariables false`
warning: Erdos9796Proof/P97/N9Endpoint/N4e.lean:8986:13: unused variable `hr`

Note: This linter can be disabled with `set_option linter.unusedVariables false`
warning: Erdos9796Proof/P97/N9Endpoint/N4e.lean:8986:26: unused variable `hcard`

Note: This linter can be disabled with `set_option linter.unusedVariables false`
warning: Erdos9796Proof/P97/N9Endpoint/N4e.lean:8987:7: unused variable `hesc`

Note: This linter can be disabled with `set_option linter.unusedVariables false`
warning: Erdos9796Proof/P97/N9Endpoint/N4e.lean:8996:13: unused variable `hr`

Note: This linter can be disabled with `set_option linter.unusedVariables false`
warning: Erdos9796Proof/P97/N9Endpoint/N4e.lean:8996:26: unused variable `hcard`

Note: This linter can be disabled with `set_option linter.unusedVariables false`
warning: Erdos9796Proof/P97/N9Endpoint/N4e.lean:8997:7: unused variable `hesc`

Note: This linter can be disabled with `set_option linter.unusedVariables false`
warning: Erdos9796Proof/P97/N9Endpoint/N4e.lean:9006:13: unused variable `hr`

Note: This linter can be disabled with `set_option linter.unusedVariables false`
warning: Erdos9796Proof/P97/N9Endpoint/N4e.lean:9006:26: unused variable `hcard`

Note: This linter can be disabled with `set_option linter.unusedVariables false`
warning: Erdos9796Proof/P97/N9Endpoint/N4e.lean:9007:7: unused variable `hesc`

Note: This linter can be disabled with `set_option linter.unusedVariables false`
warning: Erdos9796Proof/P97/N9Endpoint/N4e.lean:9016:13: unused variable `hr`

Note: This linter can be disabled with `set_option linter.unusedVariables false`
warning: Erdos9796Proof/P97/N9Endpoint/N4e.lean:9016:26: unused variable `hcard`

Note: This linter can be disabled with `set_option linter.unusedVariables false`
warning: Erdos9796Proof/P97/N9Endpoint/N4e.lean:9017:7: unused variable `hesc`

Note: This linter can be disabled with `set_option linter.unusedVariables false`
warning: Erdos9796Proof/P97/N9Endpoint/N4e.lean:9026:13: unused variable `hr`

Note: This linter can be disabled with `set_option linter.unusedVariables false`
warning: Erdos9796Proof/P97/N9Endpoint/N4e.lean:9026:26: unused variable `hcard`

Note: This linter can be disabled with `set_option linter.unusedVariables false`
warning: Erdos9796Proof/P97/N9Endpoint/N4e.lean:9027:7: unused variable `hesc`

Note: This linter can be disabled with `set_option linter.unusedVariables false`
warning: Erdos9796Proof/P97/N9Endpoint/N4e.lean:9098:0: This file has more than one module docstring (`/-! ... -/`). Only the first one is treated as module documentation; convert additional ones to regular comments (`/- ... -/`).

Note: This linter can be disabled with `set_option linter.style.moduleDocstring false`
warning: Erdos9796Proof/P97/N9Endpoint/N4e.lean:9193:0: This line exceeds the 100 character limit, please shorten it!

Note: This linter can be disabled with `set_option linter.style.longLine false`
warning: Erdos9796Proof/P97/N9Endpoint/N4e.lean:9199:0: This line exceeds the 100 character limit, please shorten it!

Note: This linter can be disabled with `set_option linter.style.longLine false`
warning: Erdos9796Proof/P97/N9Endpoint/N4e.lean:9208:0: This line exceeds the 100 character limit, please shorten it!

Note: This linter can be disabled with `set_option linter.style.longLine false`
warning: Erdos9796Proof/P97/N9Endpoint/N4e.lean:9210:0: This line exceeds the 100 character limit, please shorten it!

Note: This linter can be disabled with `set_option linter.style.longLine false`
⚠ [8265/8690] Replayed Erdos9796Proof.P97.N4d.FormAEndpointPairKill
warning: Erdos9796Proof/P97/N4d/FormAEndpointPairKill.lean:269:10: try 'simp' instead of 'simpa'

Note: This linter can be disabled with `set_option linter.unnecessarySimpa false`
warning: Erdos9796Proof/P97/N4d/FormAEndpointPairKill.lean:279:4: try 'simp' instead of 'simpa'

Note: This linter can be disabled with `set_option linter.unnecessarySimpa false`
warning: Erdos9796Proof/P97/N4d/FormAEndpointPairKill.lean:281:4: try 'simp' instead of 'simpa'

Note: This linter can be disabled with `set_option linter.unnecessarySimpa false`
warning: Erdos9796Proof/P97/N4d/FormAEndpointPairKill.lean:283:4: try 'simp' instead of 'simpa'

Note: This linter can be disabled with `set_option linter.unnecessarySimpa false`
warning: Erdos9796Proof/P97/N4d/FormAEndpointPairKill.lean:605:4: try 'simp' instead of 'simpa'

Note: This linter can be disabled with `set_option linter.unnecessarySimpa false`
warning: Erdos9796Proof/P97/N4d/FormAEndpointPairKill.lean:607:4: try 'simp' instead of 'simpa'

Note: This linter can be disabled with `set_option linter.unnecessarySimpa false`
warning: Erdos9796Proof/P97/N4d/FormAEndpointPairKill.lean:624:4: try 'simp' instead of 'simpa'

Note: This linter can be disabled with `set_option linter.unnecessarySimpa false`
warning: Erdos9796Proof/P97/N4d/FormAEndpointPairKill.lean:667:8: try 'simp' instead of 'simpa'

Note: This linter can be disabled with `set_option linter.unnecessarySimpa false`
warning: Erdos9796Proof/P97/N4d/FormAEndpointPairKill.lean:671:4: try 'simp' instead of 'simpa'

Note: This linter can be disabled with `set_option linter.unnecessarySimpa false`
warning: Erdos9796Proof/P97/N4d/FormAEndpointPairKill.lean:508:0: Please, add a comment explaining the need for modifying the maxHeartbeat limit, as in
set_option maxHeartbeats 4000000 in
-- reason for change
...

Note: This linter can be disabled with `set_option linter.style.maxHeartbeats false`
warning: Erdos9796Proof/P97/N4d/FormAEndpointPairKill.lean:1103:5: unused variable `hv2v3`

Note: This linter can be disabled with `set_option linter.unusedVariables false`
warning: Erdos9796Proof/P97/N4d/FormAEndpointPairKill.lean:1104:5: unused variable `hv2x`

Note: This linter can be disabled with `set_option linter.unusedVariables false`
warning: Erdos9796Proof/P97/N4d/FormAEndpointPairKill.lean:1575:4: try 'simp' instead of 'simpa'

Note: This linter can be disabled with `set_option linter.unnecessarySimpa false`
warning: Erdos9796Proof/P97/N4d/FormAEndpointPairKill.lean:1592:4: try 'simp' instead of 'simpa'

Note: This linter can be disabled with `set_option linter.unnecessarySimpa false`
warning: Erdos9796Proof/P97/N4d/FormAEndpointPairKill.lean:1611:8: try 'simp' instead of 'simpa'

Note: This linter can be disabled with `set_option linter.unnecessarySimpa false`
warning: Erdos9796Proof/P97/N4d/FormAEndpointPairKill.lean:1615:4: try 'simp' instead of 'simpa'

Note: This linter can be disabled with `set_option linter.unnecessarySimpa false`
warning: Erdos9796Proof/P97/N4d/FormAEndpointPairKill.lean:1549:5: unused variable `ht`

Note: This linter can be disabled with `set_option linter.unusedVariables false`
warning: Erdos9796Proof/P97/N4d/FormAEndpointPairKill.lean:1504:0: Please, add a comment explaining the need for modifying the maxHeartbeat limit, as in
set_option maxHeartbeats 4000000 in
-- reason for change
...

Note: This linter can be disabled with `set_option linter.style.maxHeartbeats false`
warning: Erdos9796Proof/P97/N4d/FormAEndpointPairKill.lean:1807:0: Please, add a comment explaining the need for modifying the maxHeartbeat limit, as in
set_option maxHeartbeats 1600000 in
-- reason for change
...

Note: This linter can be disabled with `set_option linter.style.maxHeartbeats false`
warning: Erdos9796Proof/P97/N4d/FormAEndpointPairKill.lean:2135:0: Please, add a comment explaining the need for modifying the maxHeartbeat limit, as in
set_option maxHeartbeats 1600000 in
-- reason for change
...

Note: This linter can be disabled with `set_option linter.style.maxHeartbeats false`
warning: Erdos9796Proof/P97/N4d/FormAEndpointPairKill.lean:2286:0: Please, add a comment explaining the need for modifying the maxHeartbeat limit, as in
set_option maxHeartbeats 2000000 in
-- reason for change
...

Note: This linter can be disabled with `set_option linter.style.maxHeartbeats false`
warning: Erdos9796Proof/P97/N4d/FormAEndpointPairKill.lean:2318:0: Please, add a comment explaining the need for modifying the maxHeartbeat limit, as in
set_option maxHeartbeats 2000000 in
-- reason for change
...

Note: This linter can be disabled with `set_option linter.style.maxHeartbeats false`
warning: Erdos9796Proof/P97/N4d/FormAEndpointPairKill.lean:2394:18: unused variable `hr`

Note: This linter can be disabled with `set_option linter.unusedVariables false`
warning: Erdos9796Proof/P97/N4d/FormAEndpointPairKill.lean:2400:39: unused variable `hx_ne_v1`

Note: This linter can be disabled with `set_option linter.unusedVariables false`
warning: Erdos9796Proof/P97/N4d/FormAEndpointPairKill.lean:2383:0: Please, add a comment explaining the need for modifying the maxHeartbeat limit, as in
set_option maxHeartbeats 4000000 in
-- reason for change
...

Note: This linter can be disabled with `set_option linter.style.maxHeartbeats false`
warning: Erdos9796Proof/P97/N4d/FormAEndpointPairKill.lean:2625:49: unused variable `Z`

Note: This linter can be disabled with `set_option linter.unusedVariables false`
warning: Erdos9796Proof/P97/N4d/FormAEndpointPairKill.lean:2628:23: unused variable `hyI3`

Note: This linter can be disabled with `set_option linter.unusedVariables false`
warning: Erdos9796Proof/P97/N4d/FormAEndpointPairKill.lean:2633:39: unused variable `hv1y`

Note: This linter can be disabled with `set_option linter.unusedVariables false`
warning: Erdos9796Proof/P97/N4d/FormAEndpointPairKill.lean:2634:39: unused variable `hv3y`

Note: This linter can be disabled with `set_option linter.unusedVariables false`
warning: Erdos9796Proof/P97/N4d/FormAEndpointPairKill.lean:2575:0: Please, add a comment explaining the need for modifying the maxHeartbeat limit, as in
set_option maxHeartbeats 4000000 in
-- reason for change
...

Note: This linter can be disabled with `set_option linter.style.maxHeartbeats false`
warning: Erdos9796Proof/P97/N4d/FormAEndpointPairKill.lean:3239:0: Please, add a comment explaining the need for modifying the maxHeartbeat limit, as in
set_option maxHeartbeats 1600000 in
-- reason for change
...

Note: This linter can be disabled with `set_option linter.style.maxHeartbeats false`
warning: Erdos9796Proof/P97/N4d/FormAEndpointPairKill.lean:3312:0: Please, add a comment explaining the need for modifying the maxHeartbeat limit, as in
set_option maxHeartbeats 1600000 in
-- reason for change
...

Note: This linter can be disabled with `set_option linter.style.maxHeartbeats false`
warning: Erdos9796Proof/P97/N4d/FormAEndpointPairKill.lean:3479:18: unused variable `hr`

Note: This linter can be disabled with `set_option linter.unusedVariables false`
warning: Erdos9796Proof/P97/N4d/FormAEndpointPairKill.lean:3439:0: Please, add a comment explaining the need for modifying the maxHeartbeat limit, as in
set_option maxHeartbeats 1600000 in
-- reason for change
...

Note: This linter can be disabled with `set_option linter.style.maxHeartbeats false`
warning: Erdos9796Proof/P97/N4d/FormAEndpointPairKill.lean:3565:0: Please, add a comment explaining the need for modifying the maxHeartbeat limit, as in
set_option maxHeartbeats 1600000 in
-- reason for change
...

Note: This linter can be disabled with `set_option linter.style.maxHeartbeats false`
warning: Erdos9796Proof/P97/N4d/FormAEndpointPairKill.lean:3711:23: unused variable `hyI3`

Note: This linter can be disabled with `set_option linter.unusedVariables false`
warning: Erdos9796Proof/P97/N4d/FormAEndpointPairKill.lean:3716:39: unused variable `hv1y`

Note: This linter can be disabled with `set_option linter.unusedVariables false`
warning: Erdos9796Proof/P97/N4d/FormAEndpointPairKill.lean:3717:39: unused variable `hv3y`

Note: This linter can be disabled with `set_option linter.unusedVariables false`
warning: Erdos9796Proof/P97/N4d/FormAEndpointPairKill.lean:3667:0: Please, add a comment explaining the need for modifying the maxHeartbeat limit, as in
set_option maxHeartbeats 4000000 in
-- reason for change
...

Note: This linter can be disabled with `set_option linter.style.maxHeartbeats false`
warning: Erdos9796Proof/P97/N4d/FormAEndpointPairKill.lean:4078:10: Try `simp at hone` instead of `simpa using hone`

Note: This linter can be disabled with `set_option linter.unnecessarySimpa false`
warning: Erdos9796Proof/P97/N4d/FormAEndpointPairKill.lean:4081:10: Try `simp at hone` instead of `simpa using hone`

Note: This linter can be disabled with `set_option linter.unnecessarySimpa false`
⚠ [8266/8690] Replayed Erdos9796Proof.P97.N4d.ExcludesFormAv1
warning: Erdos9796Proof/P97/N4d/ExcludesFormAv1.lean:269:10: try 'simp' instead of 'simpa'

Note: This linter can be disabled with `set_option linter.unnecessarySimpa false`
warning: Erdos9796Proof/P97/N4d/ExcludesFormAv1.lean:279:4: try 'simp' instead of 'simpa'

Note: This linter can be disabled with `set_option linter.unnecessarySimpa false`
warning: Erdos9796Proof/P97/N4d/ExcludesFormAv1.lean:281:4: try 'simp' instead of 'simpa'

Note: This linter can be disabled with `set_option linter.unnecessarySimpa false`
warning: Erdos9796Proof/P97/N4d/ExcludesFormAv1.lean:283:4: try 'simp' instead of 'simpa'

Note: This linter can be disabled with `set_option linter.unnecessarySimpa false`
warning: Erdos9796Proof/P97/N4d/ExcludesFormAv1.lean:544:12: Try `simp at hone` instead of `simpa using hone`

Note: This linter can be disabled with `set_option linter.unnecessarySimpa false`
warning: Erdos9796Proof/P97/N4d/ExcludesFormAv1.lean:547:12: Try `simp at hone` instead of `simpa using hone`

Note: This linter can be disabled with `set_option linter.unnecessarySimpa false`
warning: Erdos9796Proof/P97/N4d/ExcludesFormAv1.lean:615:12: Try `simp at hone` instead of `simpa using hone`

Note: This linter can be disabled with `set_option linter.unnecessarySimpa false`
warning: Erdos9796Proof/P97/N4d/ExcludesFormAv1.lean:618:12: Try `simp at hone` instead of `simpa using hone`

Note: This linter can be disabled with `set_option linter.unnecessarySimpa false`
⚠ [8271/8690] Replayed Erdos9796Proof.P97.A1B2FrameNormalization
warning: Erdos9796Proof/P97/A1B2FrameNormalization.lean:48:0: This file has more than one module docstring (`/-! ... -/`). Only the first one is treated as module documentation; convert additional ones to regular comments (`/- ... -/`).

Note: This linter can be disabled with `set_option linter.style.moduleDocstring false`
warning: Erdos9796Proof/P97/A1B2FrameNormalization.lean:107:8: Used `tac1 <;> tac2` where `(tac1; tac2)` would suffice

Note: This linter can be disabled with `set_option linter.unnecessarySeqFocus false`
warning: Erdos9796Proof/P97/A1B2FrameNormalization.lean:121:78: This simp argument is unused:
  Pi.add_apply

Hint: Omit it from the simp argument list.
  simp [halfShift, F, c, Problem97.CGN.vec2, EuclideanSpace.single_apply,̵ ̵P̵i̵.̵a̵d̵d̵_̵a̵p̵p̵l̵y̵]

Note: This linter can be disabled with `set_option linter.unusedSimpArgs false`
warning: Erdos9796Proof/P97/A1B2FrameNormalization.lean:120:10: Used `tac1 <;> tac2` where `(tac1; tac2)` would suffice

Note: This linter can be disabled with `set_option linter.unnecessarySeqFocus false`
warning: Erdos9796Proof/P97/A1B2FrameNormalization.lean:130:12: Used `tac1 <;> tac2` where `(tac1; tac2)` would suffice

Note: This linter can be disabled with `set_option linter.unnecessarySeqFocus false`
warning: Erdos9796Proof/P97/A1B2FrameNormalization.lean:174:8: Used `tac1 <;> tac2` where `(tac1; tac2)` would suffice

Note: This linter can be disabled with `set_option linter.unnecessarySeqFocus false`
warning: Erdos9796Proof/P97/A1B2FrameNormalization.lean:224:4: try 'simp' instead of 'simpa'

Note: This linter can be disabled with `set_option linter.unnecessarySimpa false`
warning: Erdos9796Proof/P97/A1B2FrameNormalization.lean:187:14: Used `tac1 <;> tac2` where `(tac1; tac2)` would suffice

Note: This linter can be disabled with `set_option linter.unnecessarySeqFocus false`
warning: Erdos9796Proof/P97/A1B2FrameNormalization.lean:192:14: Used `tac1 <;> tac2` where `(tac1; tac2)` would suffice

Note: This linter can be disabled with `set_option linter.unnecessarySeqFocus false`
warning: Erdos9796Proof/P97/A1B2FrameNormalization.lean:197:10: Used `tac1 <;> tac2` where `(tac1; tac2)` would suffice

Note: This linter can be disabled with `set_option linter.unnecessarySeqFocus false`
warning: Erdos9796Proof/P97/A1B2FrameNormalization.lean:270:10: try 'simp' instead of 'simpa'

Note: This linter can be disabled with `set_option linter.unnecessarySimpa false`
warning: Erdos9796Proof/P97/A1B2FrameNormalization.lean:274:10: try 'simp' instead of 'simpa'

Note: This linter can be disabled with `set_option linter.unnecessarySimpa false`
warning: Erdos9796Proof/P97/A1B2FrameNormalization.lean:279:8: try 'simp' instead of 'simpa'

Note: This linter can be disabled with `set_option linter.unnecessarySimpa false`
warning: Erdos9796Proof/P97/A1B2FrameNormalization.lean:283:8: try 'simp' instead of 'simpa'

Note: This linter can be disabled with `set_option linter.unnecessarySimpa false`
warning: Erdos9796Proof/P97/A1B2FrameNormalization.lean:243:12: unused variable `tau0`

Note: This linter can be disabled with `set_option linter.unusedVariables false`
warning: Erdos9796Proof/P97/A1B2FrameNormalization.lean:272:14: this tactic is never executed

Note: This linter can be disabled with `set_option linter.unreachableTactic false`
warning: Erdos9796Proof/P97/A1B2FrameNormalization.lean:276:14: this tactic is never executed

Note: This linter can be disabled with `set_option linter.unreachableTactic false`
warning: Erdos9796Proof/P97/A1B2FrameNormalization.lean:339:10: Used `tac1 <;> tac2` where `(tac1; tac2)` would suffice

Note: This linter can be disabled with `set_option linter.unnecessarySeqFocus false`
warning: Erdos9796Proof/P97/A1B2FrameNormalization.lean:357:10: Used `tac1 <;> tac2` where `(tac1; tac2)` would suffice

Note: This linter can be disabled with `set_option linter.unnecessarySeqFocus false`
warning: Erdos9796Proof/P97/A1B2FrameNormalization.lean:322:12: 'simp [A2] at hxA' is a flexible tactic modifying 'hxA'. Try 'simp?' and use the suggested 'simp only [...]'. Alternatively, use `suffices` to explicitly state the simplified form.

Note: This linter can be disabled with `set_option linter.flexible false`
info: Erdos9796Proof/P97/A1B2FrameNormalization.lean:323:12: 'rcases hxA with rfl | rfl' uses 'hxA'!
warning: Erdos9796Proof/P97/A1B2FrameNormalization.lean:272:14: 'simpa [div_eq_mul_inv, mul_comm, mul_left_comm, mul_assoc] using
  (dist_midpoint_left (𝕜 := ℝ) q1 q2)' tactic does nothing

Note: This linter can be disabled with `set_option linter.unusedTactic false`
warning: Erdos9796Proof/P97/A1B2FrameNormalization.lean:276:14: 'simpa [div_eq_mul_inv, mul_comm, mul_left_comm, mul_assoc] using
  (dist_midpoint_right (𝕜 := ℝ) q1 q2)' tactic does nothing

Note: This linter can be disabled with `set_option linter.unusedTactic false`
warning: Erdos9796Proof/P97/A1B2FrameNormalization.lean:375:0: This file has more than one module docstring (`/-! ... -/`). Only the first one is treated as module documentation; convert additional ones to regular comments (`/- ... -/`).

Note: This linter can be disabled with `set_option linter.style.moduleDocstring false`
warning: Erdos9796Proof/P97/A1B2FrameNormalization.lean:401:0: This file has more than one module docstring (`/-! ... -/`). Only the first one is treated as module documentation; convert additional ones to regular comments (`/- ... -/`).

Note: This linter can be disabled with `set_option linter.style.moduleDocstring false`
warning: Erdos9796Proof/P97/A1B2FrameNormalization.lean:411:19: unused variable `tau`

Note: This linter can be disabled with `set_option linter.unusedVariables false`
warning: Erdos9796Proof/P97/A1B2FrameNormalization.lean:550:76: this tactic is never executed

Note: This linter can be disabled with `set_option linter.unreachableTactic false`
warning: Erdos9796Proof/P97/A1B2FrameNormalization.lean:553:76: this tactic is never executed

Note: This linter can be disabled with `set_option linter.unreachableTactic false`
warning: Erdos9796Proof/P97/A1B2FrameNormalization.lean:549:10: Used `tac1 <;> tac2` where `(tac1; tac2)` would suffice

Note: This linter can be disabled with `set_option linter.unnecessarySeqFocus false`
warning: Erdos9796Proof/P97/A1B2FrameNormalization.lean:552:10: Used `tac1 <;> tac2` where `(tac1; tac2)` would suffice

Note: This linter can be disabled with `set_option linter.unnecessarySeqFocus false`
warning: Erdos9796Proof/P97/A1B2FrameNormalization.lean:568:12: Used `tac1 <;> tac2` where `(tac1; tac2)` would suffice

Note: This linter can be disabled with `set_option linter.unnecessarySeqFocus false`
warning: Erdos9796Proof/P97/A1B2FrameNormalization.lean:571:12: Used `tac1 <;> tac2` where `(tac1; tac2)` would suffice

Note: This linter can be disabled with `set_option linter.unnecessarySeqFocus false`
warning: Erdos9796Proof/P97/A1B2FrameNormalization.lean:550:76: 'norm_num' tactic does nothing

Note: This linter can be disabled with `set_option linter.unusedTactic false`
warning: Erdos9796Proof/P97/A1B2FrameNormalization.lean:553:76: 'norm_num' tactic does nothing

Note: This linter can be disabled with `set_option linter.unusedTactic false`
warning: Erdos9796Proof/P97/A1B2FrameNormalization.lean:558:4: The `show` tactic should only be used to indicate intermediate goal states for readability.
However, this tactic invocation changed the goal. Please use `change` instead for these purposes.

Note: This linter can be disabled with `set_option linter.style.show false`
warning: Erdos9796Proof/P97/A1B2FrameNormalization.lean:561:4: The `show` tactic should only be used to indicate intermediate goal states for readability.
However, this tactic invocation changed the goal. Please use `change` instead for these purposes.

Note: This linter can be disabled with `set_option linter.style.show false`
warning: Erdos9796Proof/P97/A1B2FrameNormalization.lean:580:6: The `show` tactic should only be used to indicate intermediate goal states for readability.
However, this tactic invocation changed the goal. Please use `change` instead for these purposes.

Note: This linter can be disabled with `set_option linter.style.show false`
warning: Erdos9796Proof/P97/A1B2FrameNormalization.lean:583:6: The `show` tactic should only be used to indicate intermediate goal states for readability.
However, this tactic invocation changed the goal. Please use `change` instead for these purposes.

Note: This linter can be disabled with `set_option linter.style.show false`
warning: Erdos9796Proof/P97/A1B2FrameNormalization.lean:588:6: The `show` tactic should only be used to indicate intermediate goal states for readability.
However, this tactic invocation changed the goal. Please use `change` instead for these purposes.

Note: This linter can be disabled with `set_option linter.style.show false`
warning: Erdos9796Proof/P97/A1B2FrameNormalization.lean:606:0: This file has more than one module docstring (`/-! ... -/`). Only the first one is treated as module documentation; convert additional ones to regular comments (`/- ... -/`).

Note: This linter can be disabled with `set_option linter.style.moduleDocstring false`
warning: Erdos9796Proof/P97/A1B2FrameNormalization.lean:608:0: Please, add a comment explaining the need for modifying the maxHeartbeat limit, as in
set_option maxHeartbeats 800000 in
-- reason for change
...

Note: This linter can be disabled with `set_option linter.style.maxHeartbeats false`
warning: Erdos9796Proof/P97/A1B2FrameNormalization.lean:646:0: Please, add a comment explaining the need for modifying the maxHeartbeat limit, as in
set_option maxHeartbeats 800000 in
-- reason for change
...

Note: This linter can be disabled with `set_option linter.style.maxHeartbeats false`
⚠ [8272/8690] Replayed Erdos9796Proof.P97.N4d.FaithfulFrame
warning: Erdos9796Proof/P97/N4d/FaithfulFrame.lean:102:8: Used `tac1 <;> tac2` where `(tac1; tac2)` would suffice

Note: This linter can be disabled with `set_option linter.unnecessarySeqFocus false`
warning: Erdos9796Proof/P97/N4d/FaithfulFrame.lean:116:78: This simp argument is unused:
  Pi.add_apply

Hint: Omit it from the simp argument list.
  simp [halfShift, F, c, Problem97.CGN.vec2, EuclideanSpace.single_apply,̵ ̵P̵i̵.̵a̵d̵d̵_̵a̵p̵p̵l̵y̵]

Note: This linter can be disabled with `set_option linter.unusedSimpArgs false`
warning: Erdos9796Proof/P97/N4d/FaithfulFrame.lean:115:10: Used `tac1 <;> tac2` where `(tac1; tac2)` would suffice

Note: This linter can be disabled with `set_option linter.unnecessarySeqFocus false`
warning: Erdos9796Proof/P97/N4d/FaithfulFrame.lean:125:12: Used `tac1 <;> tac2` where `(tac1; tac2)` would suffice

Note: This linter can be disabled with `set_option linter.unnecessarySeqFocus false`
warning: Erdos9796Proof/P97/N4d/FaithfulFrame.lean:169:8: Used `tac1 <;> tac2` where `(tac1; tac2)` would suffice

Note: This linter can be disabled with `set_option linter.unnecessarySeqFocus false`
warning: Erdos9796Proof/P97/N4d/FaithfulFrame.lean:219:4: try 'simp' instead of 'simpa'

Note: This linter can be disabled with `set_option linter.unnecessarySimpa false`
warning: Erdos9796Proof/P97/N4d/FaithfulFrame.lean:182:14: Used `tac1 <;> tac2` where `(tac1; tac2)` would suffice

Note: This linter can be disabled with `set_option linter.unnecessarySeqFocus false`
warning: Erdos9796Proof/P97/N4d/FaithfulFrame.lean:187:14: Used `tac1 <;> tac2` where `(tac1; tac2)` would suffice

Note: This linter can be disabled with `set_option linter.unnecessarySeqFocus false`
warning: Erdos9796Proof/P97/N4d/FaithfulFrame.lean:192:10: Used `tac1 <;> tac2` where `(tac1; tac2)` would suffice

Note: This linter can be disabled with `set_option linter.unnecessarySeqFocus false`
warning: Erdos9796Proof/P97/N4d/FaithfulFrame.lean:265:10: try 'simp' instead of 'simpa'

Note: This linter can be disabled with `set_option linter.unnecessarySimpa false`
warning: Erdos9796Proof/P97/N4d/FaithfulFrame.lean:269:10: try 'simp' instead of 'simpa'

Note: This linter can be disabled with `set_option linter.unnecessarySimpa false`
warning: Erdos9796Proof/P97/N4d/FaithfulFrame.lean:274:8: try 'simp' instead of 'simpa'

Note: This linter can be disabled with `set_option linter.unnecessarySimpa false`
warning: Erdos9796Proof/P97/N4d/FaithfulFrame.lean:278:8: try 'simp' instead of 'simpa'

Note: This linter can be disabled with `set_option linter.unnecessarySimpa false`
warning: Erdos9796Proof/P97/N4d/FaithfulFrame.lean:238:12: unused variable `tau0`

Note: This linter can be disabled with `set_option linter.unusedVariables false`
warning: Erdos9796Proof/P97/N4d/FaithfulFrame.lean:267:14: this tactic is never executed

Note: This linter can be disabled with `set_option linter.unreachableTactic false`
warning: Erdos9796Proof/P97/N4d/FaithfulFrame.lean:271:14: this tactic is never executed

Note: This linter can be disabled with `set_option linter.unreachableTactic false`
warning: Erdos9796Proof/P97/N4d/FaithfulFrame.lean:334:10: Used `tac1 <;> tac2` where `(tac1; tac2)` would suffice

Note: This linter can be disabled with `set_option linter.unnecessarySeqFocus false`
warning: Erdos9796Proof/P97/N4d/FaithfulFrame.lean:352:10: Used `tac1 <;> tac2` where `(tac1; tac2)` would suffice

Note: This linter can be disabled with `set_option linter.unnecessarySeqFocus false`
warning: Erdos9796Proof/P97/N4d/FaithfulFrame.lean:317:12: 'simp [A2] at hxA' is a flexible tactic modifying 'hxA'. Try 'simp?' and use the suggested 'simp only [...]'. Alternatively, use `suffices` to explicitly state the simplified form.

Note: This linter can be disabled with `set_option linter.flexible false`
info: Erdos9796Proof/P97/N4d/FaithfulFrame.lean:318:12: 'rcases hxA with rfl | rfl' uses 'hxA'!
warning: Erdos9796Proof/P97/N4d/FaithfulFrame.lean:267:14: 'simpa [div_eq_mul_inv, mul_comm, mul_left_comm, mul_assoc] using
  (dist_midpoint_left (𝕜 := ℝ) q1 q2)' tactic does nothing

Note: This linter can be disabled with `set_option linter.unusedTactic false`
warning: Erdos9796Proof/P97/N4d/FaithfulFrame.lean:271:14: 'simpa [div_eq_mul_inv, mul_comm, mul_left_comm, mul_assoc] using
  (dist_midpoint_right (𝕜 := ℝ) q1 q2)' tactic does nothing

Note: This linter can be disabled with `set_option linter.unusedTactic false`
warning: Erdos9796Proof/P97/N4d/FaithfulFrame.lean:467:21: unused variable `tau`

Note: This linter can be disabled with `set_option linter.unusedVariables false`
warning: Erdos9796Proof/P97/N4d/FaithfulFrame.lean:476:76: this tactic is never executed

Note: This linter can be disabled with `set_option linter.unreachableTactic false`
warning: Erdos9796Proof/P97/N4d/FaithfulFrame.lean:479:76: this tactic is never executed

Note: This linter can be disabled with `set_option linter.unreachableTactic false`
warning: Erdos9796Proof/P97/N4d/FaithfulFrame.lean:475:10: Used `tac1 <;> tac2` where `(tac1; tac2)` would suffice

Note: This linter can be disabled with `set_option linter.unnecessarySeqFocus false`
warning: Erdos9796Proof/P97/N4d/FaithfulFrame.lean:478:10: Used `tac1 <;> tac2` where `(tac1; tac2)` would suffice

Note: This linter can be disabled with `set_option linter.unnecessarySeqFocus false`
warning: Erdos9796Proof/P97/N4d/FaithfulFrame.lean:521:12: Used `tac1 <;> tac2` where `(tac1; tac2)` would suffice

Note: This linter can be disabled with `set_option linter.unnecessarySeqFocus false`
warning: Erdos9796Proof/P97/N4d/FaithfulFrame.lean:524:12: Used `tac1 <;> tac2` where `(tac1; tac2)` would suffice

Note: This linter can be disabled with `set_option linter.unnecessarySeqFocus false`
warning: Erdos9796Proof/P97/N4d/FaithfulFrame.lean:476:76: 'norm_num' tactic does nothing

Note: This linter can be disabled with `set_option linter.unusedTactic false`
warning: Erdos9796Proof/P97/N4d/FaithfulFrame.lean:479:76: 'norm_num' tactic does nothing

Note: This linter can be disabled with `set_option linter.unusedTactic false`
⚠ [8276/8690] Replayed Erdos9796Proof.P97.N4d.SmallSReductions
warning: Erdos9796Proof/P97/N4d/SmallSReductions.lean:699:14: missing space in the source

This part of the code
  '(bx-1)^2'
should be written as
  '(bx - 1)'


Note: This linter can be disabled with `set_option linter.style.whitespace false`
warning: Erdos9796Proof/P97/N4d/SmallSReductions.lean:699:17: missing space in the source

This part of the code
  '(bx-1)^2 + bw^2'
should be written as
  '1) ^ 2'


Note: This linter can be disabled with `set_option linter.style.whitespace false`
warning: Erdos9796Proof/P97/N4d/SmallSReductions.lean:699:24: missing space in the source

This part of the code
  'bw^2 = (X-1)^2+Y^2)'
should be written as
  'bw ^ 2'


Note: This linter can be disabled with `set_option linter.style.whitespace false`
warning: Erdos9796Proof/P97/N4d/SmallSReductions.lean:699:31: missing space in the source

This part of the code
  '(X-1)^2+Y^2)'
should be written as
  '(X - 1)'


Note: This linter can be disabled with `set_option linter.style.whitespace false`
warning: Erdos9796Proof/P97/N4d/SmallSReductions.lean:699:34: missing space in the source

This part of the code
  '(X-1)^2+Y^2)
 '
should be written as
  '1) ^ 2'


Note: This linter can be disabled with `set_option linter.style.whitespace false`
warning: Erdos9796Proof/P97/N4d/SmallSReductions.lean:700:14: missing space in the source

This part of the code
  '(bx-X)^2'
should be written as
  '(bx - X)'


Note: This linter can be disabled with `set_option linter.style.whitespace false`
warning: Erdos9796Proof/P97/N4d/SmallSReductions.lean:700:17: missing space in the source

This part of the code
  '(bx-X)^2 + (bw-Y)^2'
should be written as
  'X) ^ 2'


Note: This linter can be disabled with `set_option linter.style.whitespace false`
warning: Erdos9796Proof/P97/N4d/SmallSReductions.lean:700:25: missing space in the source

This part of the code
  '(bw-Y)^2'
should be written as
  '(bw - Y)'


Note: This linter can be disabled with `set_option linter.style.whitespace false`
warning: Erdos9796Proof/P97/N4d/SmallSReductions.lean:700:28: missing space in the source

This part of the code
  '(bw-Y)^2 = (X-1)^2+Y^2)'
should be written as
  'Y) ^ 2'


Note: This linter can be disabled with `set_option linter.style.whitespace false`
warning: Erdos9796Proof/P97/N4d/SmallSReductions.lean:700:35: missing space in the source

This part of the code
  '(X-1)^2+Y^2)'
should be written as
  '(X - 1)'


Note: This linter can be disabled with `set_option linter.style.whitespace false`
warning: Erdos9796Proof/P97/N4d/SmallSReductions.lean:700:38: missing space in the source

This part of the code
  '(X-1)^2+Y^2)
 '
should be written as
  '1) ^ 2'


Note: This linter can be disabled with `set_option linter.style.whitespace false`
warning: Erdos9796Proof/P97/N4d/SmallSReductions.lean:702:21: missing space in the source

This part of the code
  'X)/2 - Oy*(bw'
should be written as
  'X) / 2'


Note: This linter can be disabled with `set_option linter.style.whitespace false`
warning: Erdos9796Proof/P97/N4d/SmallSReductions.lean:702:28: missing space in the source

This part of the code
  'Oy*(bw -'
should be written as
  'Oy * (bw'


Note: This linter can be disabled with `set_option linter.style.whitespace false`
warning: Erdos9796Proof/P97/N4d/SmallSReductions.lean:703:18: missing space in the source

This part of the code
  '(X^2 - X'
should be written as
  '(X ^ 2'


Note: This linter can be disabled with `set_option linter.style.whitespace false`
warning: Erdos9796Proof/P97/N4d/SmallSReductions.lean:703:28: missing space in the source

This part of the code
  'Y^2)/(2*Y))'
should be written as
  'Y ^ 2)'


Note: This linter can be disabled with `set_option linter.style.whitespace false`
warning: Erdos9796Proof/P97/N4d/SmallSReductions.lean:703:31: missing space in the source

This part of the code
  'Y^2)/(2*Y))'
should be written as
  '2) / (2'


Note: This linter can be disabled with `set_option linter.style.whitespace false`
warning: Erdos9796Proof/P97/N4d/SmallSReductions.lean:703:34: missing space in the source

This part of the code
  'Y^2)/(2*Y))
'
should be written as
  '(2 * Y))'


Note: This linter can be disabled with `set_option linter.style.whitespace false`
warning: Erdos9796Proof/P97/N4d/SmallSReductions.lean:749:14: missing space in the source

This part of the code
  '(bx-1)^2'
should be written as
  '(bx - 1)'


Note: This linter can be disabled with `set_option linter.style.whitespace false`
warning: Erdos9796Proof/P97/N4d/SmallSReductions.lean:749:17: missing space in the source

This part of the code
  '(bx-1)^2 + bw^2'
should be written as
  '1) ^ 2'


Note: This linter can be disabled with `set_option linter.style.whitespace false`
warning: Erdos9796Proof/P97/N4d/SmallSReductions.lean:749:24: missing space in the source

This part of the code
  'bw^2 = (X-1)^2+Y^2)'
should be written as
  'bw ^ 2'


Note: This linter can be disabled with `set_option linter.style.whitespace false`
warning: Erdos9796Proof/P97/N4d/SmallSReductions.lean:749:31: missing space in the source

This part of the code
  '(X-1)^2+Y^2)'
should be written as
  '(X - 1)'


Note: This linter can be disabled with `set_option linter.style.whitespace false`
warning: Erdos9796Proof/P97/N4d/SmallSReductions.lean:749:34: missing space in the source

This part of the code
  '(X-1)^2+Y^2)
 '
should be written as
  '1) ^ 2'


Note: This linter can be disabled with `set_option linter.style.whitespace false`
warning: Erdos9796Proof/P97/N4d/SmallSReductions.lean:750:14: missing space in the source

This part of the code
  '(bx-X)^2'
should be written as
  '(bx - X)'


Note: This linter can be disabled with `set_option linter.style.whitespace false`
warning: Erdos9796Proof/P97/N4d/SmallSReductions.lean:750:17: missing space in the source

This part of the code
  '(bx-X)^2 + (bw-Y)^2'
should be written as
  'X) ^ 2'


Note: This linter can be disabled with `set_option linter.style.whitespace false`
warning: Erdos9796Proof/P97/N4d/SmallSReductions.lean:750:25: missing space in the source

This part of the code
  '(bw-Y)^2'
should be written as
  '(bw - Y)'


Note: This linter can be disabled with `set_option linter.style.whitespace false`
warning: Erdos9796Proof/P97/N4d/SmallSReductions.lean:750:28: missing space in the source

This part of the code
  '(bw-Y)^2 = (X-1)^2+Y^2)'
should be written as
  'Y) ^ 2'


Note: This linter can be disabled with `set_option linter.style.whitespace false`
warning: Erdos9796Proof/P97/N4d/SmallSReductions.lean:750:35: missing space in the source

This part of the code
  '(X-1)^2+Y^2)'
should be written as
  '(X - 1)'


Note: This linter can be disabled with `set_option linter.style.whitespace false`
warning: Erdos9796Proof/P97/N4d/SmallSReductions.lean:750:38: missing space in the source

This part of the code
  '(X-1)^2+Y^2)
 '
should be written as
  '1) ^ 2'


Note: This linter can be disabled with `set_option linter.style.whitespace false`
warning: Erdos9796Proof/P97/N4d/SmallSReductions.lean:752:19: missing space in the source

This part of the code
  'Y/2 + Real.sqrt'
should be written as
  'Y / 2'


Note: This linter can be disabled with `set_option linter.style.whitespace false`
warning: Erdos9796Proof/P97/N4d/SmallSReductions.lean:752:40: missing space in the source

This part of the code
  '(X-1)/2)'
should be written as
  '(X - 1)'


Note: This linter can be disabled with `set_option linter.style.whitespace false`
warning: Erdos9796Proof/P97/N4d/SmallSReductions.lean:752:43: missing space in the source

This part of the code
  '(X-1)/2) :'
should be written as
  '1) / 2)'


Note: This linter can be disabled with `set_option linter.style.whitespace false`
warning: Erdos9796Proof/P97/N4d/SmallSReductions.lean:956:20: missing space in the source

This part of the code
  'X/2 - Real.sqrt'
should be written as
  'X / 2'


Note: This linter can be disabled with `set_option linter.style.whitespace false`
warning: Erdos9796Proof/P97/N4d/SmallSReductions.lean:956:40: missing space in the source

This part of the code
  'Y/2 + 1/2)'
should be written as
  'Y / 2'


Note: This linter can be disabled with `set_option linter.style.whitespace false`
warning: Erdos9796Proof/P97/N4d/SmallSReductions.lean:956:46: missing space in the source

This part of the code
  '1/2)
 '
should be written as
  '1 / 2)'


Note: This linter can be disabled with `set_option linter.style.whitespace false`
warning: Erdos9796Proof/P97/N4d/SmallSReductions.lean:957:20: missing space in the source

This part of the code
  'Y/2 + Real.sqrt'
should be written as
  'Y / 2'


Note: This linter can be disabled with `set_option linter.style.whitespace false`
warning: Erdos9796Proof/P97/N4d/SmallSReductions.lean:957:41: missing space in the source

This part of the code
  '(X-1)/2)'
should be written as
  '(X - 1)'


Note: This linter can be disabled with `set_option linter.style.whitespace false`
warning: Erdos9796Proof/P97/N4d/SmallSReductions.lean:957:44: missing space in the source

This part of the code
  '(X-1)/2)
 '
should be written as
  '1) / 2)'


Note: This linter can be disabled with `set_option linter.style.whitespace false`
warning: Erdos9796Proof/P97/N4d/SmallSReductions.lean:1220:0: This line exceeds the 100 character limit, please shorten it!

Note: This linter can be disabled with `set_option linter.style.longLine false`
info: Erdos9796Proof/P97/N4d/SmallSReductions.lean:1400:8: Try this:
  [apply] ring_nf
  
  The `ring` tactic failed to close the goal. Use `ring_nf` to obtain a normal form.
    
  Note that `ring` works primarily in *commutative* rings. If you have a noncommutative ring, abelian group or module, consider using `noncomm_ring`, `abel` or `module` instead.
warning: Erdos9796Proof/P97/N4d/SmallSReductions.lean:1308:0: Please, add a comment explaining the need for modifying the maxHeartbeat limit, as in
set_option maxHeartbeats 4000000 in
-- reason for change
...

Note: This linter can be disabled with `set_option linter.style.maxHeartbeats false`
warning: Erdos9796Proof/P97/N4d/SmallSReductions.lean:1412:0: Please, add a comment explaining the need for modifying the maxHeartbeat limit, as in
set_option maxHeartbeats 1000000 in
-- reason for change
...

Note: This linter can be disabled with `set_option linter.style.maxHeartbeats false`
warning: Erdos9796Proof/P97/N4d/SmallSReductions.lean:1508:2: 'simp [familyBChordEqLowerAnglePoint, vec2, EuclideanSpace.single_apply]' is a flexible tactic modifying '⊢'. Try 'simp?' and use the suggested 'simp only [...]'. Alternatively, use `suffices` to explicitly state the simplified form.

Note: This linter can be disabled with `set_option linter.flexible false`
info: Erdos9796Proof/P97/N4d/SmallSReductions.lean:1508:2: Try this:
  [apply] simp only [Fin.isValue, gt_iff_lt]
info: Erdos9796Proof/P97/N4d/SmallSReductions.lean:1509:2: 'positivity' uses '⊢'!
warning: Erdos9796Proof/P97/N4d/SmallSReductions.lean:1538:4: 'simp [familyBChordEqLowerAnglePoint, vec2, EuclideanSpace.single_apply]' is a flexible tactic modifying '⊢'. Try 'simp?' and use the suggested 'simp only [...]'. Alternatively, use `suffices` to explicitly state the simplified form.

Note: This linter can be disabled with `set_option linter.flexible false`
info: Erdos9796Proof/P97/N4d/SmallSReductions.lean:1538:4: Try this:
  [apply] simp only [Fin.isValue]
info: Erdos9796Proof/P97/N4d/SmallSReductions.lean:1539:4: 'rw [show Real.sqrt (4 - s ^ 2) = R by exact hR.symm]' uses '⊢'!
warning: Erdos9796Proof/P97/N4d/SmallSReductions.lean:1538:4: 'simp [familyBChordEqLowerAnglePoint, vec2, EuclideanSpace.single_apply]' is a flexible tactic modifying '⊢'. Try 'simp?' and use the suggested 'simp only [...]'. Alternatively, use `suffices` to explicitly state the simplified form.

Note: This linter can be disabled with `set_option linter.flexible false`
info: Erdos9796Proof/P97/N4d/SmallSReductions.lean:1538:4: Try this:
  [apply] simp only [Fin.isValue]
info: Erdos9796Proof/P97/N4d/SmallSReductions.lean:1540:4: 'have hcalc :
  (1 + s * R / 4 - Real.sqrt 3 * s ^ 2 / 4 - 1) ^ 2 + (s * (s + Real.sqrt 3 * R) / 4) ^ 2 =
    s ^ 2 * R ^ 2 / 4 + s ^ 4 / 4 :=
  by
  ring_nf
  rw [familyBChordEq_sqrt3_sq]
  ring_nf' uses '⊢'!
warning: Erdos9796Proof/P97/N4d/SmallSReductions.lean:1538:4: 'simp [familyBChordEqLowerAnglePoint, vec2, EuclideanSpace.single_apply]' is a flexible tactic modifying '⊢'. Try 'simp?' and use the suggested 'simp only [...]'. Alternatively, use `suffices` to explicitly state the simplified form.

Note: This linter can be disabled with `set_option linter.flexible false`
info: Erdos9796Proof/P97/N4d/SmallSReductions.lean:1538:4: Try this:
  [apply] simp only [Fin.isValue]
info: Erdos9796Proof/P97/N4d/SmallSReductions.lean:1546:4: 'rw [hcalc, hR_sq]' uses '⊢'!
warning: Erdos9796Proof/P97/N4d/SmallSReductions.lean:1560:4: 'simp [familyBChordEqHigherAnglePoint, vec2, EuclideanSpace.single_apply]' is a flexible tactic modifying '⊢'. Try 'simp?' and use the suggested 'simp only [...]'. Alternatively, use `suffices` to explicitly state the simplified form.

Note: This linter can be disabled with `set_option linter.flexible false`
info: Erdos9796Proof/P97/N4d/SmallSReductions.lean:1560:4: Try this:
  [apply] simp only [Fin.isValue]
info: Erdos9796Proof/P97/N4d/SmallSReductions.lean:1561:4: 'rw [show Real.sqrt (4 - s ^ 2) = R by exact hR.symm]' uses '⊢'!
warning: Erdos9796Proof/P97/N4d/SmallSReductions.lean:1560:4: 'simp [familyBChordEqHigherAnglePoint, vec2, EuclideanSpace.single_apply]' is a flexible tactic modifying '⊢'. Try 'simp?' and use the suggested 'simp only [...]'. Alternatively, use `suffices` to explicitly state the simplified form.

Note: This linter can be disabled with `set_option linter.flexible false`
info: Erdos9796Proof/P97/N4d/SmallSReductions.lean:1560:4: Try this:
  [apply] simp only [Fin.isValue]
info: Erdos9796Proof/P97/N4d/SmallSReductions.lean:1562:4: 'have hcalc :
  (1 - s * R / 4 - Real.sqrt 3 * s ^ 2 / 4 - 1) ^ 2 + (s * (Real.sqrt 3 * R - s) / 4) ^ 2 =
    s ^ 2 * R ^ 2 / 4 + s ^ 4 / 4 :=
  by
  ring_nf
  rw [familyBChordEq_sqrt3_sq]
  ring_nf' uses '⊢'!
warning: Erdos9796Proof/P97/N4d/SmallSReductions.lean:1560:4: 'simp [familyBChordEqHigherAnglePoint, vec2, EuclideanSpace.single_apply]' is a flexible tactic modifying '⊢'. Try 'simp?' and use the suggested 'simp only [...]'. Alternatively, use `suffices` to explicitly state the simplified form.

Note: This linter can be disabled with `set_option linter.flexible false`
info: Erdos9796Proof/P97/N4d/SmallSReductions.lean:1560:4: Try this:
  [apply] simp only [Fin.isValue]
info: Erdos9796Proof/P97/N4d/SmallSReductions.lean:1568:4: 'rw [hcalc, hR_sq]' uses '⊢'!
warning: Erdos9796Proof/P97/N4d/SmallSReductions.lean:1662:0: This line exceeds the 100 character limit, please shorten it!

Note: This linter can be disabled with `set_option linter.style.longLine false`
⚠ [8277/8690] Replayed Erdos9796Proof.P97.N4d.QeqEb2PinClash
warning: Erdos9796Proof/P97/N4d/QeqEb2PinClash.lean:489:0: Please, add a comment explaining the need for modifying the maxHeartbeat limit, as in
set_option maxHeartbeats 1000000 in
-- reason for change
...

Note: This linter can be disabled with `set_option linter.style.maxHeartbeats false`
⚠ [8278/8690] Replayed Erdos9796Proof.P97.N4d.ExcludesFormBv1
warning: Erdos9796Proof/P97/N4d/ExcludesFormBv1.lean:177:64: try 'simp' instead of 'simpa'

Note: This linter can be disabled with `set_option linter.unnecessarySimpa false`
warning: Erdos9796Proof/P97/N4d/ExcludesFormBv1.lean:780:32: try 'simp' instead of 'simpa'

Note: This linter can be disabled with `set_option linter.unnecessarySimpa false`
warning: Erdos9796Proof/P97/N4d/ExcludesFormBv1.lean:786:32: try 'simp' instead of 'simpa'

Note: This linter can be disabled with `set_option linter.unnecessarySimpa false`
warning: Erdos9796Proof/P97/N4d/ExcludesFormBv1.lean:812:32: try 'simp' instead of 'simpa'

Note: This linter can be disabled with `set_option linter.unnecessarySimpa false`
warning: Erdos9796Proof/P97/N4d/ExcludesFormBv1.lean:818:32: try 'simp' instead of 'simpa'

Note: This linter can be disabled with `set_option linter.unnecessarySimpa false`
warning: Erdos9796Proof/P97/N4d/ExcludesFormBv1.lean:837:0: This line exceeds the 100 character limit, please shorten it!

Note: This linter can be disabled with `set_option linter.style.longLine false`
warning: Erdos9796Proof/P97/N4d/ExcludesFormBv1.lean:861:0: This line exceeds the 100 character limit, please shorten it!

Note: This linter can be disabled with `set_option linter.style.longLine false`
⚠ [8279/8690] Replayed Erdos9796Proof.P97.N4d.FormCPEqCProducer
warning: Erdos9796Proof/P97/N4d/FormCPEqCProducer.lean:250:63: try 'simp' instead of 'simpa'

Note: This linter can be disabled with `set_option linter.unnecessarySimpa false`
warning: Erdos9796Proof/P97/N4d/FormCPEqCProducer.lean:276:64: try 'simp' instead of 'simpa'

Note: This linter can be disabled with `set_option linter.unnecessarySimpa false`
warning: Erdos9796Proof/P97/N4d/FormCPEqCProducer.lean:366:8: Used `tac1 <;> tac2` where `(tac1; tac2)` would suffice

Note: This linter can be disabled with `set_option linter.unnecessarySeqFocus false`
warning: Erdos9796Proof/P97/N4d/FormCPEqCProducer.lean:380:78: This simp argument is unused:
  Pi.add_apply

Hint: Omit it from the simp argument list.
  simp [halfShift, F, c, Problem97.CGN.vec2, EuclideanSpace.single_apply,̵ ̵P̵i̵.̵a̵d̵d̵_̵a̵p̵p̵l̵y̵]

Note: This linter can be disabled with `set_option linter.unusedSimpArgs false`
warning: Erdos9796Proof/P97/N4d/FormCPEqCProducer.lean:379:10: Used `tac1 <;> tac2` where `(tac1; tac2)` would suffice

Note: This linter can be disabled with `set_option linter.unnecessarySeqFocus false`
warning: Erdos9796Proof/P97/N4d/FormCPEqCProducer.lean:389:12: Used `tac1 <;> tac2` where `(tac1; tac2)` would suffice

Note: This linter can be disabled with `set_option linter.unnecessarySeqFocus false`
warning: Erdos9796Proof/P97/N4d/FormCPEqCProducer.lean:433:8: Used `tac1 <;> tac2` where `(tac1; tac2)` would suffice

Note: This linter can be disabled with `set_option linter.unnecessarySeqFocus false`
warning: Erdos9796Proof/P97/N4d/FormCPEqCProducer.lean:483:4: try 'simp' instead of 'simpa'

Note: This linter can be disabled with `set_option linter.unnecessarySimpa false`
warning: Erdos9796Proof/P97/N4d/FormCPEqCProducer.lean:446:14: Used `tac1 <;> tac2` where `(tac1; tac2)` would suffice

Note: This linter can be disabled with `set_option linter.unnecessarySeqFocus false`
warning: Erdos9796Proof/P97/N4d/FormCPEqCProducer.lean:451:14: Used `tac1 <;> tac2` where `(tac1; tac2)` would suffice

Note: This linter can be disabled with `set_option linter.unnecessarySeqFocus false`
warning: Erdos9796Proof/P97/N4d/FormCPEqCProducer.lean:456:10: Used `tac1 <;> tac2` where `(tac1; tac2)` would suffice

Note: This linter can be disabled with `set_option linter.unnecessarySeqFocus false`
warning: Erdos9796Proof/P97/N4d/FormCPEqCProducer.lean:529:10: try 'simp' instead of 'simpa'

Note: This linter can be disabled with `set_option linter.unnecessarySimpa false`
warning: Erdos9796Proof/P97/N4d/FormCPEqCProducer.lean:533:10: try 'simp' instead of 'simpa'

Note: This linter can be disabled with `set_option linter.unnecessarySimpa false`
warning: Erdos9796Proof/P97/N4d/FormCPEqCProducer.lean:538:8: try 'simp' instead of 'simpa'

Note: This linter can be disabled with `set_option linter.unnecessarySimpa false`
warning: Erdos9796Proof/P97/N4d/FormCPEqCProducer.lean:541:8: try 'simp' instead of 'simpa'

Note: This linter can be disabled with `set_option linter.unnecessarySimpa false`
warning: Erdos9796Proof/P97/N4d/FormCPEqCProducer.lean:502:12: unused variable `tau0`

Note: This linter can be disabled with `set_option linter.unusedVariables false`
warning: Erdos9796Proof/P97/N4d/FormCPEqCProducer.lean:531:14: this tactic is never executed

Note: This linter can be disabled with `set_option linter.unreachableTactic false`
warning: Erdos9796Proof/P97/N4d/FormCPEqCProducer.lean:535:14: this tactic is never executed

Note: This linter can be disabled with `set_option linter.unreachableTactic false`
warning: Erdos9796Proof/P97/N4d/FormCPEqCProducer.lean:593:10: Used `tac1 <;> tac2` where `(tac1; tac2)` would suffice

Note: This linter can be disabled with `set_option linter.unnecessarySeqFocus false`
warning: Erdos9796Proof/P97/N4d/FormCPEqCProducer.lean:611:10: Used `tac1 <;> tac2` where `(tac1; tac2)` would suffice

Note: This linter can be disabled with `set_option linter.unnecessarySeqFocus false`
warning: Erdos9796Proof/P97/N4d/FormCPEqCProducer.lean:576:12: 'simp [A2] at hxA' is a flexible tactic modifying 'hxA'. Try 'simp?' and use the suggested 'simp only [...]'. Alternatively, use `suffices` to explicitly state the simplified form.

Note: This linter can be disabled with `set_option linter.flexible false`
info: Erdos9796Proof/P97/N4d/FormCPEqCProducer.lean:577:12: 'rcases hxA with rfl | rfl' uses 'hxA'!
warning: Erdos9796Proof/P97/N4d/FormCPEqCProducer.lean:531:14: 'simpa [div_eq_mul_inv, mul_comm, mul_left_comm, mul_assoc] using
  (dist_midpoint_left (𝕜 := ℝ) q1 q2)' tactic does nothing

Note: This linter can be disabled with `set_option linter.unusedTactic false`
warning: Erdos9796Proof/P97/N4d/FormCPEqCProducer.lean:535:14: 'simpa [div_eq_mul_inv, mul_comm, mul_left_comm, mul_assoc] using
  (dist_midpoint_right (𝕜 := ℝ) q1 q2)' tactic does nothing

Note: This linter can be disabled with `set_option linter.unusedTactic false`
warning: Erdos9796Proof/P97/N4d/FormCPEqCProducer.lean:538:0: This line exceeds the 100 character limit, please shorten it!

Note: This linter can be disabled with `set_option linter.style.longLine false`
warning: Erdos9796Proof/P97/N4d/FormCPEqCProducer.lean:541:0: This line exceeds the 100 character limit, please shorten it!

Note: This linter can be disabled with `set_option linter.style.longLine false`
warning: Erdos9796Proof/P97/N4d/FormCPEqCProducer.lean:546:0: This line exceeds the 100 character limit, please shorten it!

Note: This linter can be disabled with `set_option linter.style.longLine false`
warning: Erdos9796Proof/P97/N4d/FormCPEqCProducer.lean:548:0: This line exceeds the 100 character limit, please shorten it!

Note: This linter can be disabled with `set_option linter.style.longLine false`
warning: Erdos9796Proof/P97/N4d/FormCPEqCProducer.lean:561:0: This line exceeds the 100 character limit, please shorten it!

Note: This linter can be disabled with `set_option linter.style.longLine false`
warning: Erdos9796Proof/P97/N4d/FormCPEqCProducer.lean:770:48: This simp argument is unused:
  EuclideanSpace.single_apply

Hint: Omit it from the simp argument list.
  simp only [halfShift, Problem97.CGN.vec2,̵ ̵E̵u̵c̵l̵i̵d̵e̵a̵n̵S̵p̵a̵c̵e̵.̵s̵i̵n̵g̵l̵e̵_̵a̵p̵p̵l̵y̵]

Note: This linter can be disabled with `set_option linter.unusedSimpArgs false`
warning: Erdos9796Proof/P97/N4d/FormCPEqCProducer.lean:847:48: This simp argument is unused:
  EuclideanSpace.single_apply

Hint: Omit it from the simp argument list.
  simp only [halfShift, Problem97.CGN.vec2,̵ ̵E̵u̵c̵l̵i̵d̵e̵a̵n̵S̵p̵a̵c̵e̵.̵s̵i̵n̵g̵l̵e̵_̵a̵p̵p̵l̵y̵]

Note: This linter can be disabled with `set_option linter.unusedSimpArgs false`
warning: Erdos9796Proof/P97/N4d/FormCPEqCProducer.lean:1022:44: This simp argument is unused:
  EuclideanSpace.single_apply

Hint: Omit it from the simp argument list.
  simp only [flipY, Problem97.CGN.vec2,̵ ̵E̵u̵c̵l̵i̵d̵e̵a̵n̵S̵p̵a̵c̵e̵.̵s̵i̵n̵g̵l̵e̵_̵a̵p̵p̵l̵y̵]

Note: This linter can be disabled with `set_option linter.unusedSimpArgs false`
warning: Erdos9796Proof/P97/N4d/FormCPEqCProducer.lean:762:12: Used `tac1 <;> tac2` where `(tac1; tac2)` would suffice

Note: This linter can be disabled with `set_option linter.unnecessarySeqFocus false`
warning: Erdos9796Proof/P97/N4d/FormCPEqCProducer.lean:766:12: Used `tac1 <;> tac2` where `(tac1; tac2)` would suffice

Note: This linter can be disabled with `set_option linter.unnecessarySeqFocus false`
warning: Erdos9796Proof/P97/N4d/FormCPEqCProducer.lean:899:16: Used `tac1 <;> tac2` where `(tac1; tac2)` would suffice

Note: This linter can be disabled with `set_option linter.unnecessarySeqFocus false`
warning: Erdos9796Proof/P97/N4d/FormCPEqCProducer.lean:927:16: Used `tac1 <;> tac2` where `(tac1; tac2)` would suffice

Note: This linter can be disabled with `set_option linter.unnecessarySeqFocus false`
warning: Erdos9796Proof/P97/N4d/FormCPEqCProducer.lean:1004:12: Used `tac1 <;> tac2` where `(tac1; tac2)` would suffice

Note: This linter can be disabled with `set_option linter.unnecessarySeqFocus false`
warning: Erdos9796Proof/P97/N4d/FormCPEqCProducer.lean:1014:12: Used `tac1 <;> tac2` where `(tac1; tac2)` would suffice

Note: This linter can be disabled with `set_option linter.unnecessarySeqFocus false`
warning: Erdos9796Proof/P97/N4d/FormCPEqCProducer.lean:1018:12: Used `tac1 <;> tac2` where `(tac1; tac2)` would suffice

Note: This linter can be disabled with `set_option linter.unnecessarySeqFocus false`
⚠ [8281/8690] Replayed Erdos9796Proof.P97.N4d.FormCcB1UpperArc
warning: Erdos9796Proof/P97/N4d/FormCcB1UpperArc.lean:264:10: try 'simp' instead of 'simpa'

Note: This linter can be disabled with `set_option linter.unnecessarySimpa false`
warning: Erdos9796Proof/P97/N4d/FormCcB1UpperArc.lean:274:4: try 'simp' instead of 'simpa'

Note: This linter can be disabled with `set_option linter.unnecessarySimpa false`
warning: Erdos9796Proof/P97/N4d/FormCcB1UpperArc.lean:276:4: try 'simp' instead of 'simpa'

Note: This linter can be disabled with `set_option linter.unnecessarySimpa false`
warning: Erdos9796Proof/P97/N4d/FormCcB1UpperArc.lean:278:4: try 'simp' instead of 'simpa'

Note: This linter can be disabled with `set_option linter.unnecessarySimpa false`
warning: Erdos9796Proof/P97/N4d/FormCcB1UpperArc.lean:621:4: try 'simp' instead of 'simpa'

Note: This linter can be disabled with `set_option linter.unnecessarySimpa false`
warning: Erdos9796Proof/P97/N4d/FormCcB1UpperArc.lean:623:4: try 'simp' instead of 'simpa'

Note: This linter can be disabled with `set_option linter.unnecessarySimpa false`
warning: Erdos9796Proof/P97/N4d/FormCcB1UpperArc.lean:642:4: try 'simp' instead of 'simpa'

Note: This linter can be disabled with `set_option linter.unnecessarySimpa false`
warning: Erdos9796Proof/P97/N4d/FormCcB1UpperArc.lean:687:8: try 'simp' instead of 'simpa'

Note: This linter can be disabled with `set_option linter.unnecessarySimpa false`
warning: Erdos9796Proof/P97/N4d/FormCcB1UpperArc.lean:691:4: try 'simp' instead of 'simpa'

Note: This linter can be disabled with `set_option linter.unnecessarySimpa false`
warning: Erdos9796Proof/P97/N4d/FormCcB1UpperArc.lean:504:0: Please, add a comment explaining the need for modifying the maxHeartbeat limit, as in
set_option maxHeartbeats 4000000 in
-- reason for change
...

Note: This linter can be disabled with `set_option linter.style.maxHeartbeats false`
warning: Erdos9796Proof/P97/N4d/FormCcB1UpperArc.lean:870:8: Used `tac1 <;> tac2` where `(tac1; tac2)` would suffice

Note: This linter can be disabled with `set_option linter.unnecessarySeqFocus false`
warning: Erdos9796Proof/P97/N4d/FormCcB1UpperArc.lean:884:78: This simp argument is unused:
  Pi.add_apply

Hint: Omit it from the simp argument list.
  simp [halfShift, F, c, Problem97.CGN.vec2, EuclideanSpace.single_apply,̵ ̵P̵i̵.̵a̵d̵d̵_̵a̵p̵p̵l̵y̵]

Note: This linter can be disabled with `set_option linter.unusedSimpArgs false`
warning: Erdos9796Proof/P97/N4d/FormCcB1UpperArc.lean:883:10: Used `tac1 <;> tac2` where `(tac1; tac2)` would suffice

Note: This linter can be disabled with `set_option linter.unnecessarySeqFocus false`
warning: Erdos9796Proof/P97/N4d/FormCcB1UpperArc.lean:893:12: Used `tac1 <;> tac2` where `(tac1; tac2)` would suffice

Note: This linter can be disabled with `set_option linter.unnecessarySeqFocus false`
warning: Erdos9796Proof/P97/N4d/FormCcB1UpperArc.lean:937:8: Used `tac1 <;> tac2` where `(tac1; tac2)` would suffice

Note: This linter can be disabled with `set_option linter.unnecessarySeqFocus false`
warning: Erdos9796Proof/P97/N4d/FormCcB1UpperArc.lean:987:4: try 'simp' instead of 'simpa'

Note: This linter can be disabled with `set_option linter.unnecessarySimpa false`
warning: Erdos9796Proof/P97/N4d/FormCcB1UpperArc.lean:950:14: Used `tac1 <;> tac2` where `(tac1; tac2)` would suffice

Note: This linter can be disabled with `set_option linter.unnecessarySeqFocus false`
warning: Erdos9796Proof/P97/N4d/FormCcB1UpperArc.lean:955:14: Used `tac1 <;> tac2` where `(tac1; tac2)` would suffice

Note: This linter can be disabled with `set_option linter.unnecessarySeqFocus false`
warning: Erdos9796Proof/P97/N4d/FormCcB1UpperArc.lean:960:10: Used `tac1 <;> tac2` where `(tac1; tac2)` would suffice

Note: This linter can be disabled with `set_option linter.unnecessarySeqFocus false`
warning: Erdos9796Proof/P97/N4d/FormCcB1UpperArc.lean:1033:10: try 'simp' instead of 'simpa'

Note: This linter can be disabled with `set_option linter.unnecessarySimpa false`
warning: Erdos9796Proof/P97/N4d/FormCcB1UpperArc.lean:1037:10: try 'simp' instead of 'simpa'

Note: This linter can be disabled with `set_option linter.unnecessarySimpa false`
warning: Erdos9796Proof/P97/N4d/FormCcB1UpperArc.lean:1042:8: try 'simp' instead of 'simpa'

Note: This linter can be disabled with `set_option linter.unnecessarySimpa false`
warning: Erdos9796Proof/P97/N4d/FormCcB1UpperArc.lean:1046:8: try 'simp' instead of 'simpa'

Note: This linter can be disabled with `set_option linter.unnecessarySimpa false`
warning: Erdos9796Proof/P97/N4d/FormCcB1UpperArc.lean:1006:12: unused variable `tau0`

Note: This linter can be disabled with `set_option linter.unusedVariables false`
warning: Erdos9796Proof/P97/N4d/FormCcB1UpperArc.lean:1035:14: this tactic is never executed

Note: This linter can be disabled with `set_option linter.unreachableTactic false`
warning: Erdos9796Proof/P97/N4d/FormCcB1UpperArc.lean:1039:14: this tactic is never executed

Note: This linter can be disabled with `set_option linter.unreachableTactic false`
warning: Erdos9796Proof/P97/N4d/FormCcB1UpperArc.lean:1102:10: Used `tac1 <;> tac2` where `(tac1; tac2)` would suffice

Note: This linter can be disabled with `set_option linter.unnecessarySeqFocus false`
warning: Erdos9796Proof/P97/N4d/FormCcB1UpperArc.lean:1120:10: Used `tac1 <;> tac2` where `(tac1; tac2)` would suffice

Note: This linter can be disabled with `set_option linter.unnecessarySeqFocus false`
warning: Erdos9796Proof/P97/N4d/FormCcB1UpperArc.lean:1085:12: 'simp [A2] at hxA' is a flexible tactic modifying 'hxA'. Try 'simp?' and use the suggested 'simp only [...]'. Alternatively, use `suffices` to explicitly state the simplified form.

Note: This linter can be disabled with `set_option linter.flexible false`
info: Erdos9796Proof/P97/N4d/FormCcB1UpperArc.lean:1086:12: 'rcases hxA with rfl | rfl' uses 'hxA'!
warning: Erdos9796Proof/P97/N4d/FormCcB1UpperArc.lean:1035:14: 'simpa [div_eq_mul_inv, mul_comm, mul_left_comm, mul_assoc] using
  (dist_midpoint_left (𝕜 := ℝ) q1 q2)' tactic does nothing

Note: This linter can be disabled with `set_option linter.unusedTactic false`
warning: Erdos9796Proof/P97/N4d/FormCcB1UpperArc.lean:1039:14: 'simpa [div_eq_mul_inv, mul_comm, mul_left_comm, mul_assoc] using
  (dist_midpoint_right (𝕜 := ℝ) q1 q2)' tactic does nothing

Note: This linter can be disabled with `set_option linter.unusedTactic false`
warning: Erdos9796Proof/P97/N4d/FormCcB1UpperArc.lean:1235:21: unused variable `tau`

Note: This linter can be disabled with `set_option linter.unusedVariables false`
warning: Erdos9796Proof/P97/N4d/FormCcB1UpperArc.lean:1244:76: this tactic is never executed

Note: This linter can be disabled with `set_option linter.unreachableTactic false`
warning: Erdos9796Proof/P97/N4d/FormCcB1UpperArc.lean:1247:76: this tactic is never executed

Note: This linter can be disabled with `set_option linter.unreachableTactic false`
warning: Erdos9796Proof/P97/N4d/FormCcB1UpperArc.lean:1243:10: Used `tac1 <;> tac2` where `(tac1; tac2)` would suffice

Note: This linter can be disabled with `set_option linter.unnecessarySeqFocus false`
warning: Erdos9796Proof/P97/N4d/FormCcB1UpperArc.lean:1246:10: Used `tac1 <;> tac2` where `(tac1; tac2)` would suffice

Note: This linter can be disabled with `set_option linter.unnecessarySeqFocus false`
warning: Erdos9796Proof/P97/N4d/FormCcB1UpperArc.lean:1289:12: Used `tac1 <;> tac2` where `(tac1; tac2)` would suffice

Note: This linter can be disabled with `set_option linter.unnecessarySeqFocus false`
warning: Erdos9796Proof/P97/N4d/FormCcB1UpperArc.lean:1292:12: Used `tac1 <;> tac2` where `(tac1; tac2)` would suffice

Note: This linter can be disabled with `set_option linter.unnecessarySeqFocus false`
warning: Erdos9796Proof/P97/N4d/FormCcB1UpperArc.lean:1244:76: 'norm_num' tactic does nothing

Note: This linter can be disabled with `set_option linter.unusedTactic false`
warning: Erdos9796Proof/P97/N4d/FormCcB1UpperArc.lean:1247:76: 'norm_num' tactic does nothing

Note: This linter can be disabled with `set_option linter.unusedTactic false`
warning: Erdos9796Proof/P97/N4d/FormCcB1UpperArc.lean:3002:16: Try `simp at hone` instead of `simpa using hone`

Note: This linter can be disabled with `set_option linter.unnecessarySimpa false`
⚠ [8282/8690] Replayed Erdos9796Proof.P97.N4d.FormCcA3QeqC
warning: Erdos9796Proof/P97/N4d/FormCcA3QeqC.lean:136:63: try 'simp' instead of 'simpa'

Note: This linter can be disabled with `set_option linter.unnecessarySimpa false`
warning: Erdos9796Proof/P97/N4d/FormCcA3QeqC.lean:162:64: try 'simp' instead of 'simpa'

Note: This linter can be disabled with `set_option linter.unnecessarySimpa false`
warning: Erdos9796Proof/P97/N4d/FormCcA3QeqC.lean:384:4: try 'simp' instead of 'simpa'

Note: This linter can be disabled with `set_option linter.unnecessarySimpa false`
warning: Erdos9796Proof/P97/N4d/FormCcA3QeqC.lean:386:4: try 'simp' instead of 'simpa'

Note: This linter can be disabled with `set_option linter.unnecessarySimpa false`
warning: Erdos9796Proof/P97/N4d/FormCcA3QeqC.lean:405:4: try 'simp' instead of 'simpa'

Note: This linter can be disabled with `set_option linter.unnecessarySimpa false`
warning: Erdos9796Proof/P97/N4d/FormCcA3QeqC.lean:450:8: try 'simp' instead of 'simpa'

Note: This linter can be disabled with `set_option linter.unnecessarySimpa false`
warning: Erdos9796Proof/P97/N4d/FormCcA3QeqC.lean:454:4: try 'simp' instead of 'simpa'

Note: This linter can be disabled with `set_option linter.unnecessarySimpa false`
warning: Erdos9796Proof/P97/N4d/FormCcA3QeqC.lean:267:0: Please, add a comment explaining the need for modifying the maxHeartbeat limit, as in
set_option maxHeartbeats 4000000 in
-- reason for change
...

Note: This linter can be disabled with `set_option linter.style.maxHeartbeats false`
warning: Erdos9796Proof/P97/N4d/FormCcA3QeqC.lean:638:8: Used `tac1 <;> tac2` where `(tac1; tac2)` would suffice

Note: This linter can be disabled with `set_option linter.unnecessarySeqFocus false`
warning: Erdos9796Proof/P97/N4d/FormCcA3QeqC.lean:652:78: This simp argument is unused:
  Pi.add_apply

Hint: Omit it from the simp argument list.
  simp [halfShift, F, c, Problem97.CGN.vec2, EuclideanSpace.single_apply,̵ ̵P̵i̵.̵a̵d̵d̵_̵a̵p̵p̵l̵y̵]

Note: This linter can be disabled with `set_option linter.unusedSimpArgs false`
warning: Erdos9796Proof/P97/N4d/FormCcA3QeqC.lean:651:10: Used `tac1 <;> tac2` where `(tac1; tac2)` would suffice

Note: This linter can be disabled with `set_option linter.unnecessarySeqFocus false`
warning: Erdos9796Proof/P97/N4d/FormCcA3QeqC.lean:661:12: Used `tac1 <;> tac2` where `(tac1; tac2)` would suffice

Note: This linter can be disabled with `set_option linter.unnecessarySeqFocus false`
warning: Erdos9796Proof/P97/N4d/FormCcA3QeqC.lean:705:8: Used `tac1 <;> tac2` where `(tac1; tac2)` would suffice

Note: This linter can be disabled with `set_option linter.unnecessarySeqFocus false`
warning: Erdos9796Proof/P97/N4d/FormCcA3QeqC.lean:755:4: try 'simp' instead of 'simpa'

Note: This linter can be disabled with `set_option linter.unnecessarySimpa false`
warning: Erdos9796Proof/P97/N4d/FormCcA3QeqC.lean:718:14: Used `tac1 <;> tac2` where `(tac1; tac2)` would suffice

Note: This linter can be disabled with `set_option linter.unnecessarySeqFocus false`
warning: Erdos9796Proof/P97/N4d/FormCcA3QeqC.lean:723:14: Used `tac1 <;> tac2` where `(tac1; tac2)` would suffice

Note: This linter can be disabled with `set_option linter.unnecessarySeqFocus false`
warning: Erdos9796Proof/P97/N4d/FormCcA3QeqC.lean:728:10: Used `tac1 <;> tac2` where `(tac1; tac2)` would suffice

Note: This linter can be disabled with `set_option linter.unnecessarySeqFocus false`
warning: Erdos9796Proof/P97/N4d/FormCcA3QeqC.lean:801:10: try 'simp' instead of 'simpa'

Note: This linter can be disabled with `set_option linter.unnecessarySimpa false`
warning: Erdos9796Proof/P97/N4d/FormCcA3QeqC.lean:805:10: try 'simp' instead of 'simpa'

Note: This linter can be disabled with `set_option linter.unnecessarySimpa false`
warning: Erdos9796Proof/P97/N4d/FormCcA3QeqC.lean:810:8: try 'simp' instead of 'simpa'

Note: This linter can be disabled with `set_option linter.unnecessarySimpa false`
warning: Erdos9796Proof/P97/N4d/FormCcA3QeqC.lean:813:8: try 'simp' instead of 'simpa'

Note: This linter can be disabled with `set_option linter.unnecessarySimpa false`
warning: Erdos9796Proof/P97/N4d/FormCcA3QeqC.lean:774:12: unused variable `tau0`

Note: This linter can be disabled with `set_option linter.unusedVariables false`
warning: Erdos9796Proof/P97/N4d/FormCcA3QeqC.lean:803:14: this tactic is never executed

Note: This linter can be disabled with `set_option linter.unreachableTactic false`
warning: Erdos9796Proof/P97/N4d/FormCcA3QeqC.lean:807:14: this tactic is never executed

Note: This linter can be disabled with `set_option linter.unreachableTactic false`
warning: Erdos9796Proof/P97/N4d/FormCcA3QeqC.lean:865:10: Used `tac1 <;> tac2` where `(tac1; tac2)` would suffice

Note: This linter can be disabled with `set_option linter.unnecessarySeqFocus false`
warning: Erdos9796Proof/P97/N4d/FormCcA3QeqC.lean:883:10: Used `tac1 <;> tac2` where `(tac1; tac2)` would suffice

Note: This linter can be disabled with `set_option linter.unnecessarySeqFocus false`
warning: Erdos9796Proof/P97/N4d/FormCcA3QeqC.lean:848:12: 'simp [A2] at hxA' is a flexible tactic modifying 'hxA'. Try 'simp?' and use the suggested 'simp only [...]'. Alternatively, use `suffices` to explicitly state the simplified form.

Note: This linter can be disabled with `set_option linter.flexible false`
info: Erdos9796Proof/P97/N4d/FormCcA3QeqC.lean:849:12: 'rcases hxA with rfl | rfl' uses 'hxA'!
warning: Erdos9796Proof/P97/N4d/FormCcA3QeqC.lean:803:14: 'simpa [div_eq_mul_inv, mul_comm, mul_left_comm, mul_assoc] using
  (dist_midpoint_left (𝕜 := ℝ) q1 q2)' tactic does nothing

Note: This linter can be disabled with `set_option linter.unusedTactic false`
warning: Erdos9796Proof/P97/N4d/FormCcA3QeqC.lean:807:14: 'simpa [div_eq_mul_inv, mul_comm, mul_left_comm, mul_assoc] using
  (dist_midpoint_right (𝕜 := ℝ) q1 q2)' tactic does nothing

Note: This linter can be disabled with `set_option linter.unusedTactic false`
warning: Erdos9796Proof/P97/N4d/FormCcA3QeqC.lean:810:0: This line exceeds the 100 character limit, please shorten it!

Note: This linter can be disabled with `set_option linter.style.longLine false`
warning: Erdos9796Proof/P97/N4d/FormCcA3QeqC.lean:813:0: This line exceeds the 100 character limit, please shorten it!

Note: This linter can be disabled with `set_option linter.style.longLine false`
warning: Erdos9796Proof/P97/N4d/FormCcA3QeqC.lean:818:0: This line exceeds the 100 character limit, please shorten it!

Note: This linter can be disabled with `set_option linter.style.longLine false`
warning: Erdos9796Proof/P97/N4d/FormCcA3QeqC.lean:820:0: This line exceeds the 100 character limit, please shorten it!

Note: This linter can be disabled with `set_option linter.style.longLine false`
warning: Erdos9796Proof/P97/N4d/FormCcA3QeqC.lean:833:0: This line exceeds the 100 character limit, please shorten it!

Note: This linter can be disabled with `set_option linter.style.longLine false`
warning: Erdos9796Proof/P97/N4d/FormCcA3QeqC.lean:902:17: unused variable `hr`

Note: This linter can be disabled with `set_option linter.unusedVariables false`
warning: Erdos9796Proof/P97/N4d/FormCcA3QeqC.lean:903:37: unused variable `hsinθ`

Note: This linter can be disabled with `set_option linter.unusedVariables false`
warning: Erdos9796Proof/P97/N4d/FormCcA3QeqC.lean:998:12: Used `tac1 <;> tac2` where `(tac1; tac2)` would suffice

Note: This linter can be disabled with `set_option linter.unnecessarySeqFocus false`
warning: Erdos9796Proof/P97/N4d/FormCcA3QeqC.lean:1201:48: This simp argument is unused:
  EuclideanSpace.single_apply

Hint: Omit it from the simp argument list.
  simp only [halfShift, Problem97.CGN.vec2,̵ ̵E̵u̵c̵l̵i̵d̵e̵a̵n̵S̵p̵a̵c̵e̵.̵s̵i̵n̵g̵l̵e̵_̵a̵p̵p̵l̵y̵]

Note: This linter can be disabled with `set_option linter.unusedSimpArgs false`
warning: Erdos9796Proof/P97/N4d/FormCcA3QeqC.lean:1283:48: This simp argument is unused:
  EuclideanSpace.single_apply

Hint: Omit it from the simp argument list.
  simp only [halfShift, Problem97.CGN.vec2,̵ ̵E̵u̵c̵l̵i̵d̵e̵a̵n̵S̵p̵a̵c̵e̵.̵s̵i̵n̵g̵l̵e̵_̵a̵p̵p̵l̵y̵]

Note: This linter can be disabled with `set_option linter.unusedSimpArgs false`
warning: Erdos9796Proof/P97/N4d/FormCcA3QeqC.lean:1315:48: This simp argument is unused:
  EuclideanSpace.single_apply

Hint: Omit it from the simp argument list.
  simp only [halfShift, Problem97.CGN.vec2,̵ ̵E̵u̵c̵l̵i̵d̵e̵a̵n̵S̵p̵a̵c̵e̵.̵s̵i̵n̵g̵l̵e̵_̵a̵p̵p̵l̵y̵]

Note: This linter can be disabled with `set_option linter.unusedSimpArgs false`
warning: Erdos9796Proof/P97/N4d/FormCcA3QeqC.lean:1493:44: This simp argument is unused:
  EuclideanSpace.single_apply

Hint: Omit it from the simp argument list.
  simp only [flipY, Problem97.CGN.vec2,̵ ̵E̵u̵c̵l̵i̵d̵e̵a̵n̵S̵p̵a̵c̵e̵.̵s̵i̵n̵g̵l̵e̵_̵a̵p̵p̵l̵y̵]

Note: This linter can be disabled with `set_option linter.unusedSimpArgs false`
warning: Erdos9796Proof/P97/N4d/FormCcA3QeqC.lean:1192:12: Used `tac1 <;> tac2` where `(tac1; tac2)` would suffice

Note: This linter can be disabled with `set_option linter.unnecessarySeqFocus false`
warning: Erdos9796Proof/P97/N4d/FormCcA3QeqC.lean:1196:12: Used `tac1 <;> tac2` where `(tac1; tac2)` would suffice

Note: This linter can be disabled with `set_option linter.unnecessarySeqFocus false`
warning: Erdos9796Proof/P97/N4d/FormCcA3QeqC.lean:1375:14: Used `tac1 <;> tac2` where `(tac1; tac2)` would suffice

Note: This linter can be disabled with `set_option linter.unnecessarySeqFocus false`
warning: Erdos9796Proof/P97/N4d/FormCcA3QeqC.lean:1485:12: Used `tac1 <;> tac2` where `(tac1; tac2)` would suffice

Note: This linter can be disabled with `set_option linter.unnecessarySeqFocus false`
warning: Erdos9796Proof/P97/N4d/FormCcA3QeqC.lean:1489:12: Used `tac1 <;> tac2` where `(tac1; tac2)` would suffice

Note: This linter can be disabled with `set_option linter.unnecessarySeqFocus false`
warning: Erdos9796Proof/P97/N4d/FormCcA3QeqC.lean:1538:14: unused variable `hp`

Note: This linter can be disabled with `set_option linter.unusedVariables false`
warning: Erdos9796Proof/P97/N4d/FormCcA3QeqC.lean:1539:5: unused variable `hpC1`

Note: This linter can be disabled with `set_option linter.unusedVariables false`
⚠ [8283/8690] Replayed Erdos9796Proof.P97.N4d.FormCQeqEb3PinClash
warning: Erdos9796Proof/P97/N4d/FormCQeqEb3PinClash.lean:105:8: Used `tac1 <;> tac2` where `(tac1; tac2)` would suffice

Note: This linter can be disabled with `set_option linter.unnecessarySeqFocus false`
warning: Erdos9796Proof/P97/N4d/FormCQeqEb3PinClash.lean:119:78: This simp argument is unused:
  Pi.add_apply

Hint: Omit it from the simp argument list.
  simp [halfShift, F, c, Problem97.CGN.vec2, EuclideanSpace.single_apply,̵ ̵P̵i̵.̵a̵d̵d̵_̵a̵p̵p̵l̵y̵]

Note: This linter can be disabled with `set_option linter.unusedSimpArgs false`
warning: Erdos9796Proof/P97/N4d/FormCQeqEb3PinClash.lean:118:10: Used `tac1 <;> tac2` where `(tac1; tac2)` would suffice

Note: This linter can be disabled with `set_option linter.unnecessarySeqFocus false`
warning: Erdos9796Proof/P97/N4d/FormCQeqEb3PinClash.lean:128:12: Used `tac1 <;> tac2` where `(tac1; tac2)` would suffice

Note: This linter can be disabled with `set_option linter.unnecessarySeqFocus false`
warning: Erdos9796Proof/P97/N4d/FormCQeqEb3PinClash.lean:172:8: Used `tac1 <;> tac2` where `(tac1; tac2)` would suffice

Note: This linter can be disabled with `set_option linter.unnecessarySeqFocus false`
warning: Erdos9796Proof/P97/N4d/FormCQeqEb3PinClash.lean:222:4: try 'simp' instead of 'simpa'

Note: This linter can be disabled with `set_option linter.unnecessarySimpa false`
warning: Erdos9796Proof/P97/N4d/FormCQeqEb3PinClash.lean:185:14: Used `tac1 <;> tac2` where `(tac1; tac2)` would suffice

Note: This linter can be disabled with `set_option linter.unnecessarySeqFocus false`
warning: Erdos9796Proof/P97/N4d/FormCQeqEb3PinClash.lean:190:14: Used `tac1 <;> tac2` where `(tac1; tac2)` would suffice

Note: This linter can be disabled with `set_option linter.unnecessarySeqFocus false`
warning: Erdos9796Proof/P97/N4d/FormCQeqEb3PinClash.lean:195:10: Used `tac1 <;> tac2` where `(tac1; tac2)` would suffice

Note: This linter can be disabled with `set_option linter.unnecessarySeqFocus false`
warning: Erdos9796Proof/P97/N4d/FormCQeqEb3PinClash.lean:269:10: try 'simp' instead of 'simpa'

Note: This linter can be disabled with `set_option linter.unnecessarySimpa false`
warning: Erdos9796Proof/P97/N4d/FormCQeqEb3PinClash.lean:273:10: try 'simp' instead of 'simpa'

Note: This linter can be disabled with `set_option linter.unnecessarySimpa false`
warning: Erdos9796Proof/P97/N4d/FormCQeqEb3PinClash.lean:278:8: try 'simp' instead of 'simpa'

Note: This linter can be disabled with `set_option linter.unnecessarySimpa false`
warning: Erdos9796Proof/P97/N4d/FormCQeqEb3PinClash.lean:282:8: try 'simp' instead of 'simpa'

Note: This linter can be disabled with `set_option linter.unnecessarySimpa false`
warning: Erdos9796Proof/P97/N4d/FormCQeqEb3PinClash.lean:241:12: unused variable `tau0`

Note: This linter can be disabled with `set_option linter.unusedVariables false`
warning: Erdos9796Proof/P97/N4d/FormCQeqEb3PinClash.lean:271:14: this tactic is never executed

Note: This linter can be disabled with `set_option linter.unreachableTactic false`
warning: Erdos9796Proof/P97/N4d/FormCQeqEb3PinClash.lean:275:14: this tactic is never executed

Note: This linter can be disabled with `set_option linter.unreachableTactic false`
warning: Erdos9796Proof/P97/N4d/FormCQeqEb3PinClash.lean:338:10: Used `tac1 <;> tac2` where `(tac1; tac2)` would suffice

Note: This linter can be disabled with `set_option linter.unnecessarySeqFocus false`
warning: Erdos9796Proof/P97/N4d/FormCQeqEb3PinClash.lean:356:10: Used `tac1 <;> tac2` where `(tac1; tac2)` would suffice

Note: This linter can be disabled with `set_option linter.unnecessarySeqFocus false`
warning: Erdos9796Proof/P97/N4d/FormCQeqEb3PinClash.lean:321:12: 'simp [A2] at hxA' is a flexible tactic modifying 'hxA'. Try 'simp?' and use the suggested 'simp only [...]'. Alternatively, use `suffices` to explicitly state the simplified form.

Note: This linter can be disabled with `set_option linter.flexible false`
info: Erdos9796Proof/P97/N4d/FormCQeqEb3PinClash.lean:322:12: 'rcases hxA with rfl | rfl' uses 'hxA'!
warning: Erdos9796Proof/P97/N4d/FormCQeqEb3PinClash.lean:271:14: 'simpa [div_eq_mul_inv, mul_comm, mul_left_comm, mul_assoc] using
  (dist_midpoint_left (𝕜 := ℝ) q1 q2)' tactic does nothing

Note: This linter can be disabled with `set_option linter.unusedTactic false`
warning: Erdos9796Proof/P97/N4d/FormCQeqEb3PinClash.lean:275:14: 'simpa [div_eq_mul_inv, mul_comm, mul_left_comm, mul_assoc] using
  (dist_midpoint_right (𝕜 := ℝ) q1 q2)' tactic does nothing

Note: This linter can be disabled with `set_option linter.unusedTactic false`
warning: Erdos9796Proof/P97/N4d/FormCQeqEb3PinClash.lean:578:63: try 'simp' instead of 'simpa'

Note: This linter can be disabled with `set_option linter.unnecessarySimpa false`
warning: Erdos9796Proof/P97/N4d/FormCQeqEb3PinClash.lean:604:64: try 'simp' instead of 'simpa'

Note: This linter can be disabled with `set_option linter.unnecessarySimpa false`
warning: Erdos9796Proof/P97/N4d/FormCQeqEb3PinClash.lean:636:21: unused variable `tau`

Note: This linter can be disabled with `set_option linter.unusedVariables false`
warning: Erdos9796Proof/P97/N4d/FormCQeqEb3PinClash.lean:645:76: this tactic is never executed

Note: This linter can be disabled with `set_option linter.unreachableTactic false`
warning: Erdos9796Proof/P97/N4d/FormCQeqEb3PinClash.lean:648:76: this tactic is never executed

Note: This linter can be disabled with `set_option linter.unreachableTactic false`
warning: Erdos9796Proof/P97/N4d/FormCQeqEb3PinClash.lean:644:10: Used `tac1 <;> tac2` where `(tac1; tac2)` would suffice

Note: This linter can be disabled with `set_option linter.unnecessarySeqFocus false`
warning: Erdos9796Proof/P97/N4d/FormCQeqEb3PinClash.lean:647:10: Used `tac1 <;> tac2` where `(tac1; tac2)` would suffice

Note: This linter can be disabled with `set_option linter.unnecessarySeqFocus false`
warning: Erdos9796Proof/P97/N4d/FormCQeqEb3PinClash.lean:687:12: Used `tac1 <;> tac2` where `(tac1; tac2)` would suffice

Note: This linter can be disabled with `set_option linter.unnecessarySeqFocus false`
warning: Erdos9796Proof/P97/N4d/FormCQeqEb3PinClash.lean:690:12: Used `tac1 <;> tac2` where `(tac1; tac2)` would suffice

Note: This linter can be disabled with `set_option linter.unnecessarySeqFocus false`
warning: Erdos9796Proof/P97/N4d/FormCQeqEb3PinClash.lean:645:76: 'norm_num' tactic does nothing

Note: This linter can be disabled with `set_option linter.unusedTactic false`
warning: Erdos9796Proof/P97/N4d/FormCQeqEb3PinClash.lean:648:76: 'norm_num' tactic does nothing

Note: This linter can be disabled with `set_option linter.unusedTactic false`
warning: Erdos9796Proof/P97/N4d/FormCQeqEb3PinClash.lean:709:0: Please, add a comment explaining the need for modifying the maxHeartbeat limit, as in
set_option maxHeartbeats 4000000 in
-- reason for change
...

Note: This linter can be disabled with `set_option linter.style.maxHeartbeats false`
warning: Erdos9796Proof/P97/N4d/FormCQeqEb3PinClash.lean:901:0: Please, add a comment explaining the need for modifying the maxHeartbeat limit, as in
set_option maxHeartbeats 2000000 in
-- reason for change
...

Note: This linter can be disabled with `set_option linter.style.maxHeartbeats false`
warning: Erdos9796Proof/P97/N4d/FormCQeqEb3PinClash.lean:948:0: This line exceeds the 100 character limit, please shorten it!

Note: This linter can be disabled with `set_option linter.style.longLine false`
warning: Erdos9796Proof/P97/N4d/FormCQeqEb3PinClash.lean:1066:5: unused variable `hb3C3`

Note: This linter can be disabled with `set_option linter.unusedVariables false`
⚠ [8284/8690] Replayed Erdos9796Proof.P97.N4d.ExcludesFormCv1
warning: Erdos9796Proof/P97/N4d/ExcludesFormCv1.lean:279:64: try 'simp' instead of 'simpa'

Note: This linter can be disabled with `set_option linter.unnecessarySimpa false`
warning: Erdos9796Proof/P97/N4d/ExcludesFormCv1.lean:396:6: Try `simp at this` instead of `simpa using this`

Note: This linter can be disabled with `set_option linter.unnecessarySimpa false`
warning: Erdos9796Proof/P97/N4d/ExcludesFormCv1.lean:400:6: Try `simp at this` instead of `simpa using this`

Note: This linter can be disabled with `set_option linter.unnecessarySimpa false`
warning: Erdos9796Proof/P97/N4d/ExcludesFormCv1.lean:404:6: Try `simp at this` instead of `simpa using this`

Note: This linter can be disabled with `set_option linter.unnecessarySimpa false`
warning: Erdos9796Proof/P97/N4d/ExcludesFormCv1.lean:408:6: Try `simp at this` instead of `simpa using this`

Note: This linter can be disabled with `set_option linter.unnecessarySimpa false`
warning: Erdos9796Proof/P97/N4d/ExcludesFormCv1.lean:425:8: Try `simp at this` instead of `simpa using this`

Note: This linter can be disabled with `set_option linter.unnecessarySimpa false`
warning: Erdos9796Proof/P97/N4d/ExcludesFormCv1.lean:471:6: Try `simp at this` instead of `simpa using this`

Note: This linter can be disabled with `set_option linter.unnecessarySimpa false`
warning: Erdos9796Proof/P97/N4d/ExcludesFormCv1.lean:475:6: Try `simp at this` instead of `simpa using this`

Note: This linter can be disabled with `set_option linter.unnecessarySimpa false`
warning: Erdos9796Proof/P97/N4d/ExcludesFormCv1.lean:479:6: Try `simp at this` instead of `simpa using this`

Note: This linter can be disabled with `set_option linter.unnecessarySimpa false`
warning: Erdos9796Proof/P97/N4d/ExcludesFormCv1.lean:483:6: Try `simp at this` instead of `simpa using this`

Note: This linter can be disabled with `set_option linter.unnecessarySimpa false`
warning: Erdos9796Proof/P97/N4d/ExcludesFormCv1.lean:500:8: Try `simp at this` instead of `simpa using this`

Note: This linter can be disabled with `set_option linter.unnecessarySimpa false`
warning: Erdos9796Proof/P97/N4d/ExcludesFormCv1.lean:443:20: This simp argument is unused:
  Fin.val_rev

Hint: Omit it from the simp argument list.
  simp [i1, i2,̵ ̵F̵i̵n̵.̵v̵a̵l̵_̵r̵e̵v̵]

Note: This linter can be disabled with `set_option linter.unusedSimpArgs false`
warning: Erdos9796Proof/P97/N4d/ExcludesFormCv1.lean:446:20: This simp argument is unused:
  Fin.val_rev

Hint: Omit it from the simp argument list.
  simp [i1, i2,̵ ̵F̵i̵n̵.̵v̵a̵l̵_̵r̵e̵v̵]

Note: This linter can be disabled with `set_option linter.unusedSimpArgs false`
warning: Erdos9796Proof/P97/N4d/ExcludesFormCv1.lean:449:20: This simp argument is unused:
  Fin.val_rev

Hint: Omit it from the simp argument list.
  simp [i0, i3,̵ ̵F̵i̵n̵.̵v̵a̵l̵_̵r̵e̵v̵]

Note: This linter can be disabled with `set_option linter.unusedSimpArgs false`
warning: Erdos9796Proof/P97/N4d/ExcludesFormCv1.lean:798:32: try 'simp' instead of 'simpa'

Note: This linter can be disabled with `set_option linter.unnecessarySimpa false`
warning: Erdos9796Proof/P97/N4d/ExcludesFormCv1.lean:801:32: try 'simp' instead of 'simpa'

Note: This linter can be disabled with `set_option linter.unnecessarySimpa false`
warning: Erdos9796Proof/P97/N4d/ExcludesFormCv1.lean:822:32: try 'simp' instead of 'simpa'

Note: This linter can be disabled with `set_option linter.unnecessarySimpa false`
warning: Erdos9796Proof/P97/N4d/ExcludesFormCv1.lean:825:32: try 'simp' instead of 'simpa'

Note: This linter can be disabled with `set_option linter.unnecessarySimpa false`
warning: Erdos9796Proof/P97/N4d/ExcludesFormCv1.lean:851:0: This line exceeds the 100 character limit, please shorten it!

Note: This linter can be disabled with `set_option linter.style.longLine false`
warning: Erdos9796Proof/P97/N4d/ExcludesFormCv1.lean:876:0: This line exceeds the 100 character limit, please shorten it!

Note: This linter can be disabled with `set_option linter.style.longLine false`
⚠ [8288/8690] Replayed Erdos9796Proof.P97.U2.OneHitMonotone
warning: Erdos9796Proof/P97/U2/OneHitMonotone.lean:107:71: missing space in the source

This part of the code
  'π/3) :'
should be written as
  'π / 3)'


Note: This linter can be disabled with `set_option linter.style.whitespace false`
warning: Erdos9796Proof/P97/U2/OneHitMonotone.lean:148:66: missing space in the source

This part of the code
  'π/3) :'
should be written as
  'π / 3)'


Note: This linter can be disabled with `set_option linter.style.whitespace false`
warning: Erdos9796Proof/P97/U2/OneHitMonotone.lean:162:64: missing space in the source

This part of the code
  'π/3)
 '
should be written as
  'π / 3)'


Note: This linter can be disabled with `set_option linter.style.whitespace false`
warning: Erdos9796Proof/P97/U2/OneHitMonotone.lean:164:34: missing space in the source

This part of the code
  '(0:ℝ) (π/3))'
should be written as
  '(0 : ℝ)'


Note: This linter can be disabled with `set_option linter.style.whitespace false`
warning: Erdos9796Proof/P97/U2/OneHitMonotone.lean:164:40: missing space in the source

This part of the code
  '(π/3))
'
should be written as
  '(π / 3))'


Note: This linter can be disabled with `set_option linter.style.whitespace false`
warning: Erdos9796Proof/P97/U2/OneHitMonotone.lean:172:0: This file has more than one module docstring (`/-! ... -/`). Only the first one is treated as module documentation; convert additional ones to regular comments (`/- ... -/`).

Note: This linter can be disabled with `set_option linter.style.moduleDocstring false`
warning: Erdos9796Proof/P97/U2/OneHitMonotone.lean:212:71: missing space in the source

This part of the code
  'π/3) :'
should be written as
  'π / 3)'


Note: This linter can be disabled with `set_option linter.style.whitespace false`
warning: Erdos9796Proof/P97/U2/OneHitMonotone.lean:273:66: missing space in the source

This part of the code
  'π/3) :'
should be written as
  'π / 3)'


Note: This linter can be disabled with `set_option linter.style.whitespace false`
warning: Erdos9796Proof/P97/U2/OneHitMonotone.lean:290:67: missing space in the source

This part of the code
  'π/3)
 '
should be written as
  'π / 3)'


Note: This linter can be disabled with `set_option linter.style.whitespace false`
warning: Erdos9796Proof/P97/U2/OneHitMonotone.lean:292:34: missing space in the source

This part of the code
  '(0:ℝ) (π/3))'
should be written as
  '(0 : ℝ)'


Note: This linter can be disabled with `set_option linter.style.whitespace false`
warning: Erdos9796Proof/P97/U2/OneHitMonotone.lean:292:40: missing space in the source

This part of the code
  '(π/3))
'
should be written as
  '(π / 3))'


Note: This linter can be disabled with `set_option linter.style.whitespace false`
⚠ [8289/8690] Replayed Erdos9796Proof.P97.U2.OneHitRealization
warning: Erdos9796Proof/P97/U2/OneHitRealization.lean:58:0: This file has more than one module docstring (`/-! ... -/`). Only the first one is treated as module documentation; convert additional ones to regular comments (`/- ... -/`).

Note: This linter can be disabled with `set_option linter.style.moduleDocstring false`
warning: Erdos9796Proof/P97/U2/OneHitRealization.lean:115:38: missing space in the source

This part of the code
  'π/3)
 '
should be written as
  'π / 3)'


Note: This linter can be disabled with `set_option linter.style.whitespace false`
warning: Erdos9796Proof/P97/U2/OneHitRealization.lean:116:50: missing space in the source

This part of the code
  '(0:ℝ) (π/3))'
should be written as
  '(0 : ℝ)'


Note: This linter can be disabled with `set_option linter.style.whitespace false`
warning: Erdos9796Proof/P97/U2/OneHitRealization.lean:116:56: missing space in the source

This part of the code
  '(π/3)) (hγmono'
should be written as
  '(π / 3))'


Note: This linter can be disabled with `set_option linter.style.whitespace false`
warning: Erdos9796Proof/P97/U2/OneHitRealization.lean:127:38: missing space in the source

This part of the code
  'π/3)
 '
should be written as
  'π / 3)'


Note: This linter can be disabled with `set_option linter.style.whitespace false`
warning: Erdos9796Proof/P97/U2/OneHitRealization.lean:128:50: missing space in the source

This part of the code
  '(0:ℝ) (π/3))'
should be written as
  '(0 : ℝ)'


Note: This linter can be disabled with `set_option linter.style.whitespace false`
warning: Erdos9796Proof/P97/U2/OneHitRealization.lean:128:56: missing space in the source

This part of the code
  '(π/3)) (hδanti'
should be written as
  '(π / 3))'


Note: This linter can be disabled with `set_option linter.style.whitespace false`
⚠ [8295/8690] Replayed Erdos9796Proof.P97.N8.N8CapCoordNorm
warning: Erdos9796Proof/P97/N8/N8CapCoordNorm.lean:633:22: 'simp [Fin.sum_univ_three] at hg'' is a flexible tactic modifying 'hg''. Try 'simp?' and use the suggested 'simp only [...]'. Alternatively, use `suffices` to explicitly state the simplified form.

Note: This linter can be disabled with `set_option linter.flexible false`
info: Erdos9796Proof/P97/N8/N8CapCoordNorm.lean:633:22: Try this:
  [apply] simp only [Fin.isValue] at hg'
info: Erdos9796Proof/P97/N8/N8CapCoordNorm.lean:634:6: 'convert hg' using 2' uses 'hg''!
warning: Erdos9796Proof/P97/N8/N8CapCoordNorm.lean:893:4: The `show` tactic should only be used to indicate intermediate goal states for readability.
However, this tactic invocation changed the goal. Please use `change` instead for these purposes.

Note: This linter can be disabled with `set_option linter.style.show false`
warning: Erdos9796Proof/P97/N8/N8CapCoordNorm.lean:911:4: The `show` tactic should only be used to indicate intermediate goal states for readability.
However, this tactic invocation changed the goal. Please use `change` instead for these purposes.

Note: This linter can be disabled with `set_option linter.style.show false`
warning: Erdos9796Proof/P97/N8/N8CapCoordNorm.lean:930:4: The `show` tactic should only be used to indicate intermediate goal states for readability.
However, this tactic invocation changed the goal. Please use `change` instead for these purposes.

Note: This linter can be disabled with `set_option linter.style.show false`
warning: Erdos9796Proof/P97/N8/N8CapCoordNorm.lean:1020:0: This line exceeds the 100 character limit, please shorten it!

Note: This linter can be disabled with `set_option linter.style.longLine false`
warning: Erdos9796Proof/P97/N8/N8CapCoordNorm.lean:975:4: The `show` tactic should only be used to indicate intermediate goal states for readability.
However, this tactic invocation changed the goal. Please use `change` instead for these purposes.

Note: This linter can be disabled with `set_option linter.style.show false`
warning: Erdos9796Proof/P97/N8/N8CapCoordNorm.lean:996:4: The `show` tactic should only be used to indicate intermediate goal states for readability.
However, this tactic invocation changed the goal. Please use `change` instead for these purposes.

Note: This linter can be disabled with `set_option linter.style.show false`
warning: Erdos9796Proof/P97/N8/N8CapCoordNorm.lean:1018:4: The `show` tactic should only be used to indicate intermediate goal states for readability.
However, this tactic invocation changed the goal. Please use `change` instead for these purposes.

Note: This linter can be disabled with `set_option linter.style.show false`
⚠ [8315/8690] Replayed Erdos9796Proof.P97.U2EquilateralMECFromM44
warning: Erdos9796Proof/P97/U2EquilateralMECFromM44.lean:9:0: This file has no module docstring (`/-! ... -/`). Add one after the imports to document the file.

Note: This linter can be disabled with `set_option linter.style.moduleDocstring false`
⚠ [8316/8690] Replayed Erdos9796Proof.P97.U5ModeADeletion
warning: Erdos9796Proof/P97/U5ModeADeletion.lean:11:0: This file has no module docstring (`/-! ... -/`). Add one after the imports to document the file.

Note: This linter can be disabled with `set_option linter.style.moduleDocstring false`
⚠ [8318/8690] Replayed Erdos9796Proof.P97.U3ToU5DangerousTriple
warning: Erdos9796Proof/P97/U3ToU5DangerousTriple.lean:232:4: 'simp' is a flexible tactic modifying '⊢'. Try 'simp?' and use the suggested 'simp only [...]'. Alternatively, use `suffices` to explicitly state the simplified form.

Note: This linter can be disabled with `set_option linter.flexible false`
info: Erdos9796Proof/P97/U3ToU5DangerousTriple.lean:232:4: Try this:
  [apply] simp only [dist_self]
info: Erdos9796Proof/P97/U3ToU5DangerousTriple.lean:233:4: 'exact ne_of_lt hr' uses '⊢'!
ℹ [8366/8690] Replayed Erdos9796Proof.P97.ATail.CapCrossingKalmanson
info: Erdos9796Proof/P97/ATail/CapCrossingKalmanson.lean:456:0: 'Problem97.CapCrossingKalmansonBridge.exists_mem_openSegment_diagonals_of_ccw' depends on axioms: [propext,
 Classical.choice,
 Quot.sound]
info: Erdos9796Proof/P97/ATail/CapCrossingKalmanson.lean:457:0: 'Problem97.CapCrossingKalmansonBridge.dist_add_dist_lt_diagonal_sum_of_openSegment_diagonals' depends on axioms: [propext,
 Classical.choice,
 Quot.sound]
info: Erdos9796Proof/P97/ATail/CapCrossingKalmanson.lean:458:0: 'Problem97.CapCrossingKalmansonBridge.complementary_dist_add_dist_lt_diagonal_sum_of_openSegment_diagonals' depends on axioms: [propext,
 Classical.choice,
 Quot.sound]
info: Erdos9796Proof/P97/ATail/CapCrossingKalmanson.lean:459:0: 'Problem97.CapCrossingKalmansonBridge.dist_add_dist_lt_diagonal_sum_of_ccw' depends on axioms: [propext,
 Classical.choice,
 Quot.sound]
info: Erdos9796Proof/P97/ATail/CapCrossingKalmanson.lean:460:0: 'Problem97.CapCrossingKalmansonBridge.complementary_dist_add_dist_lt_diagonal_sum_of_ccw' depends on axioms: [propext,
 Classical.choice,
 Quot.sound]
info: Erdos9796Proof/P97/ATail/CapCrossingKalmanson.lean:461:0: 'Problem97.CapCrossingKalmansonBridge.dist_lt_of_ccw_of_dist_diagonal_eq_side' depends on axioms: [propext,
 Classical.choice,
 Quot.sound]
info: Erdos9796Proof/P97/ATail/CapCrossingKalmanson.lean:462:0: 'Problem97.CapCrossingKalmansonBridge.dist_first_side_lt_second_diagonal_of_ccw_of_dist_diagonal_eq_last_side' depends on axioms: [propext,
 Classical.choice,
 Quot.sound]
info: Erdos9796Proof/P97/ATail/CapCrossingKalmanson.lean:463:0: 'Problem97.CapCrossingKalmansonBridge.false_of_five_ccw_three_shell_equalities' depends on axioms: [propext,
 Classical.choice,
 Quot.sound]
info: Erdos9796Proof/P97/ATail/CapCrossingKalmanson.lean:464:0: 'Problem97.CapCrossingKalmansonBridge.false_of_selected_rows_in_five_ccw_order' depends on axioms: [propext,
 Classical.choice,
 Quot.sound]
info: Erdos9796Proof/P97/ATail/CapCrossingKalmanson.lean:465:0: 'Problem97.CapCrossingKalmansonBridge.false_of_two_selected_rows_shared_late_pair' depends on axioms: [propext,
 Classical.choice,
 Quot.sound]
⚠ [8378/8690] Replayed Erdos9796Proof.P97.CapSelectedRowCounting
warning: Erdos9796Proof/P97/CapSelectedRowCounting.lean:707:42: This simp argument is unused:
  hfirstLast

Hint: Omit it from the simp argument list.
  simp [weight, Finset.sum_add_distrib, h̵f̵i̵r̵s̵t̵L̵a̵s̵t̵,̵ ̵Nat.add_assoc, Nat.add_comm, Nat.add_left_comm]

Note: This linter can be disabled with `set_option linter.unusedSimpArgs false`
warning: Erdos9796Proof/P97/CapSelectedRowCounting.lean:708:6: This simp argument is unused:
  Nat.add_comm

Hint: Omit it from the simp argument list.
  simp [weight, Finset.sum_add_distrib, hfirstLast, Nat.add_assoc, N̵a̵t̵.̵a̵d̵d̵_̵c̵o̵m̵m̵,̵ ̵Nat.add_left_comm]

Note: This linter can be disabled with `set_option linter.unusedSimpArgs false`
warning: Erdos9796Proof/P97/CapSelectedRowCounting.lean:708:20: This simp argument is unused:
  Nat.add_left_comm

Hint: Omit it from the simp argument list.
  simp [weight, Finset.sum_add_distrib, hfirstLast, Nat.add_assoc, N̵a̵t̵.̵a̵d̵d̵_̵c̵o̵m̵m̵,̵ ̵N̵a̵t̵.̵a̵d̵d̵_̵l̵e̵f̵t̵_̵c̵o̵m̵m̵]̵N̲a̲t̲.̲a̲d̲d̲_̲c̲o̲m̲m̲]̲

Note: This linter can be disabled with `set_option linter.unusedSimpArgs false`
warning: Erdos9796Proof/P97/CapSelectedRowCounting.lean:832:8: unused variable `Hside`

Note: This linter can be disabled with `set_option linter.unusedVariables false`
warning: Erdos9796Proof/P97/CapSelectedRowCounting.lean:833:8: unused variable `Hord`

Note: This linter can be disabled with `set_option linter.unusedVariables false`
warning: Erdos9796Proof/P97/CapSelectedRowCounting.lean:884:8: unused variable `Hside`

Note: This linter can be disabled with `set_option linter.unusedVariables false`
warning: Erdos9796Proof/P97/CapSelectedRowCounting.lean:885:8: unused variable `Hord`

Note: This linter can be disabled with `set_option linter.unusedVariables false`
ℹ [8384/8690] Replayed Erdos9796Proof.P97.ATail.LargeCapUniqueFivePhysicalOmissionCycle
info: Erdos9796Proof/P97/ATail/LargeCapUniqueFivePhysicalOmissionCycle.lean:549:0: 'Problem97.ATailLargeCapUniqueFivePhysicalOmissionCycle.physicalVertices_card_ge_three' depends on axioms: [propext,
 Classical.choice,
 Quot.sound]
info: Erdos9796Proof/P97/ATail/LargeCapUniqueFivePhysicalOmissionCycle.lean:550:0: 'Problem97.ATailLargeCapUniqueFivePhysicalOmissionCycle.nonempty_physicalActualCriticalOmissionTransition' depends on axioms: [propext,
 Classical.choice,
 Quot.sound]
info: Erdos9796Proof/P97/ATail/LargeCapUniqueFivePhysicalOmissionCycle.lean:551:0: 'Problem97.ATailLargeCapUniqueFivePhysicalOmissionCycle.PhysicalActualCriticalOmissionCycle.source_injective' depends on axioms: [propext,
 Classical.choice,
 Quot.sound]
info: Erdos9796Proof/P97/ATail/LargeCapUniqueFivePhysicalOmissionCycle.lean:552:0: 'Problem97.ATailLargeCapUniqueFivePhysicalOmissionCycle.PhysicalActualCriticalOmissionCycle.actualBlocker_ne_physicalApex' depends on axioms: [propext,
 Classical.choice,
 Quot.sound]
info: Erdos9796Proof/P97/ATail/LargeCapUniqueFivePhysicalOmissionCycle.lean:553:0: 'Problem97.ATailLargeCapUniqueFivePhysicalOmissionCycle.PhysicalActualCriticalOmissionCycle.successor_not_mem_actualCriticalSupport' depends on axioms: [propext,
 Classical.choice,
 Quot.sound]
info: Erdos9796Proof/P97/ATail/LargeCapUniqueFivePhysicalOmissionCycle.lean:554:0: 'Problem97.ATailLargeCapUniqueFivePhysicalOmissionCycle.PhysicalActualCriticalOmissionCycle.successor_deletion_survives_actualBlocker' depends on axioms: [propext,
 Classical.choice,
 Quot.sound]
info: Erdos9796Proof/P97/ATail/LargeCapUniqueFivePhysicalOmissionCycle.lean:555:0: 'Problem97.ATailLargeCapUniqueFivePhysicalOmissionCycle.PhysicalActualCriticalOmissionCycle.successor_actualBlockers_ne' depends on axioms: [propext,
 Classical.choice,
 Quot.sound]
info: Erdos9796Proof/P97/ATail/LargeCapUniqueFivePhysicalOmissionCycle.lean:556:0: 'Problem97.ATailLargeCapUniqueFivePhysicalOmissionCycle.PhysicalActualCriticalOmissionCycle.period_le_five' depends on axioms: [propext,
 Classical.choice,
 Quot.sound]
info: Erdos9796Proof/P97/ATail/LargeCapUniqueFivePhysicalOmissionCycle.lean:557:0: 'Problem97.ATailLargeCapUniqueFivePhysicalOmissionCycle.PhysicalActualCriticalMutualOmissionEdge.reverse_deletion_survives_actualBlocker' depends on axioms: [propext,
 Classical.choice,
 Quot.sound]
info: Erdos9796Proof/P97/ATail/LargeCapUniqueFivePhysicalOmissionCycle.lean:558:0: 'Problem97.ATailLargeCapUniqueFivePhysicalOmissionCycle.nonempty_mutualOmissionEdge_or_all_reverseMembership' depends on axioms: [propext,
 Classical.choice,
 Quot.sound]
info: Erdos9796Proof/P97/ATail/LargeCapUniqueFivePhysicalOmissionCycle.lean:559:0: 'Problem97.ATailLargeCapUniqueFivePhysicalOmissionCycle.nonempty_physicalActualCriticalOmissionCycle_from_start' depends on axioms: [propext,
 Classical.choice,
 Quot.sound]
info: Erdos9796Proof/P97/ATail/LargeCapUniqueFivePhysicalOmissionCycle.lean:560:0: 'Problem97.ATailLargeCapUniqueFivePhysicalOmissionCycle.nonempty_physicalActualCriticalOmissionCycle' depends on axioms: [propext,
 Classical.choice,
 Quot.sound]
ℹ [8386/8690] Replayed Erdos9796Proof.P97.ATail.PhysicalOmissionCycleParentResidual
info: Erdos9796Proof/P97/ATail/PhysicalOmissionCycleParentResidual.lean:180:0: 'Problem97.ATailPhysicalOmissionCycleParentResidual.nonempty_exactFivePhysicalCycleParentResidual' depends on axioms: [propext,
 Classical.choice,
 Quot.sound]
info: Erdos9796Proof/P97/ATail/PhysicalOmissionCycleParentResidual.lean:181:0: 'Problem97.ATailPhysicalOmissionCycleParentResidual.nonempty_frontierCoupledExactFivePhysicalCycleParentResidual' depends on axioms: [propext,
 Classical.choice,
 Quot.sound]
info: Erdos9796Proof/P97/ATail/PhysicalOmissionCycleParentResidual.lean:182:0: 'Problem97.ATailPhysicalOmissionCycleParentResidual.commonDeletion_or_frontierCoupledExactFivePhysicalCycleParentResidual' depends on axioms: [propext,
 Classical.choice,
 Quot.sound]
info: Erdos9796Proof/P97/ATail/PhysicalOmissionCycleParentResidual.lean:183:0: 'Problem97.ATailPhysicalOmissionCycleParentResidual.false_of_largeSecondApexRadius_of_residualConsumers' depends on axioms: [propext,
 Classical.choice,
 Quot.sound]
ℹ [8391/8690] Replayed Erdos9796Proof.P97.ATail.FirstApexCriticalFiberRow
info: Erdos9796Proof/P97/ATail/FirstApexCriticalFiberRow.lean:246:0: 'Problem97.ATailFirstApexCriticalFiberRow.criticalShell_inter_frontierRadiusClass_card_le_two' depends on axioms: [propext,
 Classical.choice,
 Quot.sound]
ℹ [8394/8690] Replayed Erdos9796Proof.P97.Census554.FivePointCircleIsoscelesOrderCore
info: Erdos9796Proof/P97/Census554/FivePointCircleIsoscelesOrderCore.lean:167:0: 'Problem97.Census554.FivePointCircleIsoscelesOrderCore.metric_order_incompatibility' depends on axioms: [propext,
 Classical.choice,
 Quot.sound]
info: Erdos9796Proof/P97/Census554/FivePointCircleIsoscelesOrderCore.lean:168:0: 'Problem97.Census554.FivePointCircleIsoscelesOrderCore.false_of_core' depends on axioms: [propext,
 Classical.choice,
 Quot.sound]
info: Erdos9796Proof/P97/Census554/FivePointCircleIsoscelesOrderCore.lean:169:0: 'Problem97.Census554.FivePointCircleIsoscelesOrderCore.false_of_core_of_neg' depends on axioms: [propext,
 Classical.choice,
 Quot.sound]
ℹ [8395/8690] Replayed Erdos9796Proof.P97.Census554.FivePointCircleIsoscelesOrderBridge
info: Erdos9796Proof/P97/Census554/FivePointCircleIsoscelesOrderBridge.lean:64:0: 'Problem97.Census554.FivePointCircleIsoscelesOrderBridge.false_of_core_of_ccw' depends on axioms: [propext,
 Classical.choice,
 Quot.sound]
ℹ [8397/8690] Replayed Erdos9796Proof.P97.Census554.FiveRowCircleIntersectionOrderCore
info: Erdos9796Proof/P97/Census554/FiveRowCircleIntersectionOrderCore.lean:125:0: 'Problem97.Census554.FiveRowCircleIntersectionOrderCore.false_of_core' depends on axioms: [propext,
 Classical.choice,
 Quot.sound]
info: Erdos9796Proof/P97/Census554/FiveRowCircleIntersectionOrderCore.lean:126:0: 'Problem97.Census554.FiveRowCircleIntersectionOrderCore.false_of_core_of_neg' depends on axioms: [propext,
 Classical.choice,
 Quot.sound]
⚠ [8407/8690] Replayed Erdos9796Proof.P97.Census554.SevenPointSixCircleCollisionBCertificateStage01Part01
warning: Erdos9796Proof/P97/Census554/SevenPointSixCircleCollisionBCertificateStage01Part01.lean:18:0: Unscoped option maxHeartbeats is not allowed:
Please scope this to individual declarations, as in
```
set_option maxHeartbeats in
-- comment explaining why this is necessary
example : ... := ...
```

Note: This linter can be disabled with `set_option linter.style.setOption false`
warning: Erdos9796Proof/P97/Census554/SevenPointSixCircleCollisionBCertificateStage01Part01.lean:26:29: unused variable `x5x`

Note: This linter can be disabled with `set_option linter.unusedVariables false`
warning: Erdos9796Proof/P97/Census554/SevenPointSixCircleCollisionBCertificateStage01Part01.lean:27:15: missing space in the source

This part of the code
  '-x2x^2-x2y^2+1'
should be written as
  '-x2x ^ 2'


Note: This linter can be disabled with `set_option linter.style.whitespace false`
warning: Erdos9796Proof/P97/Census554/SevenPointSixCircleCollisionBCertificateStage01Part01.lean:27:21: missing space in the source

This part of the code
  '-x2x^2-x2y^2+1 = 0)'
should be written as
  'x2y ^ 2'


Note: This linter can be disabled with `set_option linter.style.whitespace false`
⚠ [8408/8690] Replayed Erdos9796Proof.P97.Census554.SevenPointSixCircleCollisionBCertificateStage01Part02
warning: Erdos9796Proof/P97/Census554/SevenPointSixCircleCollisionBCertificateStage01Part02.lean:18:0: Unscoped option maxHeartbeats is not allowed:
Please scope this to individual declarations, as in
```
set_option maxHeartbeats in
-- comment explaining why this is necessary
example : ... := ...
```

Note: This linter can be disabled with `set_option linter.style.setOption false`
warning: Erdos9796Proof/P97/Census554/SevenPointSixCircleCollisionBCertificateStage01Part02.lean:26:29: unused variable `x5x`

Note: This linter can be disabled with `set_option linter.unusedVariables false`
warning: Erdos9796Proof/P97/Census554/SevenPointSixCircleCollisionBCertificateStage01Part02.lean:27:15: missing space in the source

This part of the code
  '-x2x^2-x2y^2+1'
should be written as
  '-x2x ^ 2'


Note: This linter can be disabled with `set_option linter.style.whitespace false`
warning: Erdos9796Proof/P97/Census554/SevenPointSixCircleCollisionBCertificateStage01Part02.lean:27:21: missing space in the source

This part of the code
  '-x2x^2-x2y^2+1 = 0)'
should be written as
  'x2y ^ 2'


Note: This linter can be disabled with `set_option linter.style.whitespace false`
⚠ [8409/8690] Replayed Erdos9796Proof.P97.Census554.SevenPointSixCircleCollisionBCertificateStage01Part03
warning: Erdos9796Proof/P97/Census554/SevenPointSixCircleCollisionBCertificateStage01Part03.lean:18:0: Unscoped option maxHeartbeats is not allowed:
Please scope this to individual declarations, as in
```
set_option maxHeartbeats in
-- comment explaining why this is necessary
example : ... := ...
```

Note: This linter can be disabled with `set_option linter.style.setOption false`
warning: Erdos9796Proof/P97/Census554/SevenPointSixCircleCollisionBCertificateStage01Part03.lean:26:29: unused variable `x5x`

Note: This linter can be disabled with `set_option linter.unusedVariables false`
warning: Erdos9796Proof/P97/Census554/SevenPointSixCircleCollisionBCertificateStage01Part03.lean:27:15: missing space in the source

This part of the code
  '-x2x^2-x2y^2+1'
should be written as
  '-x2x ^ 2'


Note: This linter can be disabled with `set_option linter.style.whitespace false`
warning: Erdos9796Proof/P97/Census554/SevenPointSixCircleCollisionBCertificateStage01Part03.lean:27:21: missing space in the source

This part of the code
  '-x2x^2-x2y^2+1 = 0)'
should be written as
  'x2y ^ 2'


Note: This linter can be disabled with `set_option linter.style.whitespace false`
⚠ [8410/8690] Replayed Erdos9796Proof.P97.Census554.SevenPointSixCircleCollisionBCertificateStage01Part04
warning: Erdos9796Proof/P97/Census554/SevenPointSixCircleCollisionBCertificateStage01Part04.lean:18:0: Unscoped option maxHeartbeats is not allowed:
Please scope this to individual declarations, as in
```
set_option maxHeartbeats in
-- comment explaining why this is necessary
example : ... := ...
```

Note: This linter can be disabled with `set_option linter.style.setOption false`
warning: Erdos9796Proof/P97/Census554/SevenPointSixCircleCollisionBCertificateStage01Part04.lean:26:29: unused variable `x5x`

Note: This linter can be disabled with `set_option linter.unusedVariables false`
warning: Erdos9796Proof/P97/Census554/SevenPointSixCircleCollisionBCertificateStage01Part04.lean:27:15: missing space in the source

This part of the code
  '-x2x^2-x2y^2+1'
should be written as
  '-x2x ^ 2'


Note: This linter can be disabled with `set_option linter.style.whitespace false`
warning: Erdos9796Proof/P97/Census554/SevenPointSixCircleCollisionBCertificateStage01Part04.lean:27:21: missing space in the source

This part of the code
  '-x2x^2-x2y^2+1 = 0)'
should be written as
  'x2y ^ 2'


Note: This linter can be disabled with `set_option linter.style.whitespace false`
⚠ [8411/8690] Replayed Erdos9796Proof.P97.Census554.SevenPointSixCircleCollisionBCertificateStage01Part05
warning: Erdos9796Proof/P97/Census554/SevenPointSixCircleCollisionBCertificateStage01Part05.lean:18:0: Unscoped option maxHeartbeats is not allowed:
Please scope this to individual declarations, as in
```
set_option maxHeartbeats in
-- comment explaining why this is necessary
example : ... := ...
```

Note: This linter can be disabled with `set_option linter.style.setOption false`
warning: Erdos9796Proof/P97/Census554/SevenPointSixCircleCollisionBCertificateStage01Part05.lean:26:29: unused variable `x5x`

Note: This linter can be disabled with `set_option linter.unusedVariables false`
warning: Erdos9796Proof/P97/Census554/SevenPointSixCircleCollisionBCertificateStage01Part05.lean:27:15: missing space in the source

This part of the code
  '-x2x^2-x2y^2+1'
should be written as
  '-x2x ^ 2'


Note: This linter can be disabled with `set_option linter.style.whitespace false`
warning: Erdos9796Proof/P97/Census554/SevenPointSixCircleCollisionBCertificateStage01Part05.lean:27:21: missing space in the source

This part of the code
  '-x2x^2-x2y^2+1 = 0)'
should be written as
  'x2y ^ 2'


Note: This linter can be disabled with `set_option linter.style.whitespace false`
⚠ [8412/8690] Replayed Erdos9796Proof.P97.Census554.SevenPointSixCircleCollisionBCertificateStage01Part06
warning: Erdos9796Proof/P97/Census554/SevenPointSixCircleCollisionBCertificateStage01Part06.lean:18:0: Unscoped option maxHeartbeats is not allowed:
Please scope this to individual declarations, as in
```
set_option maxHeartbeats in
-- comment explaining why this is necessary
example : ... := ...
```

Note: This linter can be disabled with `set_option linter.style.setOption false`
warning: Erdos9796Proof/P97/Census554/SevenPointSixCircleCollisionBCertificateStage01Part06.lean:26:29: unused variable `x5x`

Note: This linter can be disabled with `set_option linter.unusedVariables false`
warning: Erdos9796Proof/P97/Census554/SevenPointSixCircleCollisionBCertificateStage01Part06.lean:27:15: missing space in the source

This part of the code
  '-x2x^2-x2y^2+1'
should be written as
  '-x2x ^ 2'


Note: This linter can be disabled with `set_option linter.style.whitespace false`
warning: Erdos9796Proof/P97/Census554/SevenPointSixCircleCollisionBCertificateStage01Part06.lean:27:21: missing space in the source

This part of the code
  '-x2x^2-x2y^2+1 = 0)'
should be written as
  'x2y ^ 2'


Note: This linter can be disabled with `set_option linter.style.whitespace false`
⚠ [8413/8690] Replayed Erdos9796Proof.P97.Census554.SevenPointSixCircleCollisionBCertificateStage01Part07
warning: Erdos9796Proof/P97/Census554/SevenPointSixCircleCollisionBCertificateStage01Part07.lean:18:0: Unscoped option maxHeartbeats is not allowed:
Please scope this to individual declarations, as in
```
set_option maxHeartbeats in
-- comment explaining why this is necessary
example : ... := ...
```

Note: This linter can be disabled with `set_option linter.style.setOption false`
warning: Erdos9796Proof/P97/Census554/SevenPointSixCircleCollisionBCertificateStage01Part07.lean:26:29: unused variable `x5x`

Note: This linter can be disabled with `set_option linter.unusedVariables false`
warning: Erdos9796Proof/P97/Census554/SevenPointSixCircleCollisionBCertificateStage01Part07.lean:27:15: missing space in the source

This part of the code
  '-x2x^2-x2y^2+1'
should be written as
  '-x2x ^ 2'


Note: This linter can be disabled with `set_option linter.style.whitespace false`
warning: Erdos9796Proof/P97/Census554/SevenPointSixCircleCollisionBCertificateStage01Part07.lean:27:21: missing space in the source

This part of the code
  '-x2x^2-x2y^2+1 = 0)'
should be written as
  'x2y ^ 2'


Note: This linter can be disabled with `set_option linter.style.whitespace false`
⚠ [8414/8690] Replayed Erdos9796Proof.P97.Census554.SevenPointSixCircleCollisionBCertificateStage01Part08
warning: Erdos9796Proof/P97/Census554/SevenPointSixCircleCollisionBCertificateStage01Part08.lean:18:0: Unscoped option maxHeartbeats is not allowed:
Please scope this to individual declarations, as in
```
set_option maxHeartbeats in
-- comment explaining why this is necessary
example : ... := ...
```

Note: This linter can be disabled with `set_option linter.style.setOption false`
warning: Erdos9796Proof/P97/Census554/SevenPointSixCircleCollisionBCertificateStage01Part08.lean:26:29: unused variable `x5x`

Note: This linter can be disabled with `set_option linter.unusedVariables false`
warning: Erdos9796Proof/P97/Census554/SevenPointSixCircleCollisionBCertificateStage01Part08.lean:27:15: missing space in the source

This part of the code
  '-x2x^2-x2y^2+1'
should be written as
  '-x2x ^ 2'


Note: This linter can be disabled with `set_option linter.style.whitespace false`
warning: Erdos9796Proof/P97/Census554/SevenPointSixCircleCollisionBCertificateStage01Part08.lean:27:21: missing space in the source

This part of the code
  '-x2x^2-x2y^2+1 = 0)'
should be written as
  'x2y ^ 2'


Note: This linter can be disabled with `set_option linter.style.whitespace false`
⚠ [8415/8690] Replayed Erdos9796Proof.P97.Census554.SevenPointSixCircleCollisionBCertificateStage01Part09
warning: Erdos9796Proof/P97/Census554/SevenPointSixCircleCollisionBCertificateStage01Part09.lean:18:0: Unscoped option maxHeartbeats is not allowed:
Please scope this to individual declarations, as in
```
set_option maxHeartbeats in
-- comment explaining why this is necessary
example : ... := ...
```

Note: This linter can be disabled with `set_option linter.style.setOption false`
warning: Erdos9796Proof/P97/Census554/SevenPointSixCircleCollisionBCertificateStage01Part09.lean:26:29: unused variable `x5x`

Note: This linter can be disabled with `set_option linter.unusedVariables false`
warning: Erdos9796Proof/P97/Census554/SevenPointSixCircleCollisionBCertificateStage01Part09.lean:27:15: missing space in the source

This part of the code
  '-x2x^2-x2y^2+1'
should be written as
  '-x2x ^ 2'


Note: This linter can be disabled with `set_option linter.style.whitespace false`
warning: Erdos9796Proof/P97/Census554/SevenPointSixCircleCollisionBCertificateStage01Part09.lean:27:21: missing space in the source

This part of the code
  '-x2x^2-x2y^2+1 = 0)'
should be written as
  'x2y ^ 2'


Note: This linter can be disabled with `set_option linter.style.whitespace false`
⚠ [8416/8690] Replayed Erdos9796Proof.P97.Census554.SevenPointSixCircleCollisionBCertificateStage01Part10
warning: Erdos9796Proof/P97/Census554/SevenPointSixCircleCollisionBCertificateStage01Part10.lean:18:0: Unscoped option maxHeartbeats is not allowed:
Please scope this to individual declarations, as in
```
set_option maxHeartbeats in
-- comment explaining why this is necessary
example : ... := ...
```

Note: This linter can be disabled with `set_option linter.style.setOption false`
warning: Erdos9796Proof/P97/Census554/SevenPointSixCircleCollisionBCertificateStage01Part10.lean:26:29: unused variable `x5x`

Note: This linter can be disabled with `set_option linter.unusedVariables false`
warning: Erdos9796Proof/P97/Census554/SevenPointSixCircleCollisionBCertificateStage01Part10.lean:27:15: missing space in the source

This part of the code
  '-x2x^2-x2y^2+1'
should be written as
  '-x2x ^ 2'


Note: This linter can be disabled with `set_option linter.style.whitespace false`
warning: Erdos9796Proof/P97/Census554/SevenPointSixCircleCollisionBCertificateStage01Part10.lean:27:21: missing space in the source

This part of the code
  '-x2x^2-x2y^2+1 = 0)'
should be written as
  'x2y ^ 2'


Note: This linter can be disabled with `set_option linter.style.whitespace false`
⚠ [8417/8690] Replayed Erdos9796Proof.P97.Census554.SevenPointSixCircleCollisionBCertificateStage01Part11
warning: Erdos9796Proof/P97/Census554/SevenPointSixCircleCollisionBCertificateStage01Part11.lean:18:0: Unscoped option maxHeartbeats is not allowed:
Please scope this to individual declarations, as in
```
set_option maxHeartbeats in
-- comment explaining why this is necessary
example : ... := ...
```

Note: This linter can be disabled with `set_option linter.style.setOption false`
warning: Erdos9796Proof/P97/Census554/SevenPointSixCircleCollisionBCertificateStage01Part11.lean:26:29: unused variable `x5x`

Note: This linter can be disabled with `set_option linter.unusedVariables false`
warning: Erdos9796Proof/P97/Census554/SevenPointSixCircleCollisionBCertificateStage01Part11.lean:27:15: missing space in the source

This part of the code
  '-x2x^2-x2y^2+1'
should be written as
  '-x2x ^ 2'


Note: This linter can be disabled with `set_option linter.style.whitespace false`
warning: Erdos9796Proof/P97/Census554/SevenPointSixCircleCollisionBCertificateStage01Part11.lean:27:21: missing space in the source

This part of the code
  '-x2x^2-x2y^2+1 = 0)'
should be written as
  'x2y ^ 2'


Note: This linter can be disabled with `set_option linter.style.whitespace false`
⚠ [8418/8690] Replayed Erdos9796Proof.P97.Census554.SevenPointSixCircleCollisionBCertificateStage01Part12
warning: Erdos9796Proof/P97/Census554/SevenPointSixCircleCollisionBCertificateStage01Part12.lean:18:0: Unscoped option maxHeartbeats is not allowed:
Please scope this to individual declarations, as in
```
set_option maxHeartbeats in
-- comment explaining why this is necessary
example : ... := ...
```

Note: This linter can be disabled with `set_option linter.style.setOption false`
warning: Erdos9796Proof/P97/Census554/SevenPointSixCircleCollisionBCertificateStage01Part12.lean:26:29: unused variable `x5x`

Note: This linter can be disabled with `set_option linter.unusedVariables false`
warning: Erdos9796Proof/P97/Census554/SevenPointSixCircleCollisionBCertificateStage01Part12.lean:27:15: missing space in the source

This part of the code
  '-x2x^2-x2y^2+1'
should be written as
  '-x2x ^ 2'


Note: This linter can be disabled with `set_option linter.style.whitespace false`
warning: Erdos9796Proof/P97/Census554/SevenPointSixCircleCollisionBCertificateStage01Part12.lean:27:21: missing space in the source

This part of the code
  '-x2x^2-x2y^2+1 = 0)'
should be written as
  'x2y ^ 2'


Note: This linter can be disabled with `set_option linter.style.whitespace false`
⚠ [8419/8690] Replayed Erdos9796Proof.P97.Census554.SevenPointSixCircleCollisionBCertificateStage01Part13
warning: Erdos9796Proof/P97/Census554/SevenPointSixCircleCollisionBCertificateStage01Part13.lean:18:0: Unscoped option maxHeartbeats is not allowed:
Please scope this to individual declarations, as in
```
set_option maxHeartbeats in
-- comment explaining why this is necessary
example : ... := ...
```

Note: This linter can be disabled with `set_option linter.style.setOption false`
warning: Erdos9796Proof/P97/Census554/SevenPointSixCircleCollisionBCertificateStage01Part13.lean:26:29: unused variable `x5x`

Note: This linter can be disabled with `set_option linter.unusedVariables false`
warning: Erdos9796Proof/P97/Census554/SevenPointSixCircleCollisionBCertificateStage01Part13.lean:27:15: missing space in the source

This part of the code
  '-x2x^2-x2y^2+1'
should be written as
  '-x2x ^ 2'


Note: This linter can be disabled with `set_option linter.style.whitespace false`
warning: Erdos9796Proof/P97/Census554/SevenPointSixCircleCollisionBCertificateStage01Part13.lean:27:21: missing space in the source

This part of the code
  '-x2x^2-x2y^2+1 = 0)'
should be written as
  'x2y ^ 2'


Note: This linter can be disabled with `set_option linter.style.whitespace false`
⚠ [8420/8690] Replayed Erdos9796Proof.P97.Census554.SevenPointSixCircleCollisionBCertificateStage01Part14
warning: Erdos9796Proof/P97/Census554/SevenPointSixCircleCollisionBCertificateStage01Part14.lean:18:0: Unscoped option maxHeartbeats is not allowed:
Please scope this to individual declarations, as in
```
set_option maxHeartbeats in
-- comment explaining why this is necessary
example : ... := ...
```

Note: This linter can be disabled with `set_option linter.style.setOption false`
warning: Erdos9796Proof/P97/Census554/SevenPointSixCircleCollisionBCertificateStage01Part14.lean:26:29: unused variable `x5x`

Note: This linter can be disabled with `set_option linter.unusedVariables false`
warning: Erdos9796Proof/P97/Census554/SevenPointSixCircleCollisionBCertificateStage01Part14.lean:27:15: missing space in the source

This part of the code
  '-x2x^2-x2y^2+1'
should be written as
  '-x2x ^ 2'


Note: This linter can be disabled with `set_option linter.style.whitespace false`
warning: Erdos9796Proof/P97/Census554/SevenPointSixCircleCollisionBCertificateStage01Part14.lean:27:21: missing space in the source

This part of the code
  '-x2x^2-x2y^2+1 = 0)'
should be written as
  'x2y ^ 2'


Note: This linter can be disabled with `set_option linter.style.whitespace false`
⚠ [8421/8690] Replayed Erdos9796Proof.P97.Census554.SevenPointSixCircleCollisionBCertificateStage01Part15
warning: Erdos9796Proof/P97/Census554/SevenPointSixCircleCollisionBCertificateStage01Part15.lean:18:0: Unscoped option maxHeartbeats is not allowed:
Please scope this to individual declarations, as in
```
set_option maxHeartbeats in
-- comment explaining why this is necessary
example : ... := ...
```

Note: This linter can be disabled with `set_option linter.style.setOption false`
warning: Erdos9796Proof/P97/Census554/SevenPointSixCircleCollisionBCertificateStage01Part15.lean:26:29: unused variable `x5x`

Note: This linter can be disabled with `set_option linter.unusedVariables false`
warning: Erdos9796Proof/P97/Census554/SevenPointSixCircleCollisionBCertificateStage01Part15.lean:27:15: missing space in the source

This part of the code
  '-x2x^2-x2y^2+1'
should be written as
  '-x2x ^ 2'


Note: This linter can be disabled with `set_option linter.style.whitespace false`
warning: Erdos9796Proof/P97/Census554/SevenPointSixCircleCollisionBCertificateStage01Part15.lean:27:21: missing space in the source

This part of the code
  '-x2x^2-x2y^2+1 = 0)'
should be written as
  'x2y ^ 2'


Note: This linter can be disabled with `set_option linter.style.whitespace false`
⚠ [8422/8690] Replayed Erdos9796Proof.P97.Census554.SevenPointSixCircleCollisionBCertificateStage01Part16
warning: Erdos9796Proof/P97/Census554/SevenPointSixCircleCollisionBCertificateStage01Part16.lean:18:0: Unscoped option maxHeartbeats is not allowed:
Please scope this to individual declarations, as in
```
set_option maxHeartbeats in
-- comment explaining why this is necessary
example : ... := ...
```

Note: This linter can be disabled with `set_option linter.style.setOption false`
warning: Erdos9796Proof/P97/Census554/SevenPointSixCircleCollisionBCertificateStage01Part16.lean:26:29: unused variable `x5x`

Note: This linter can be disabled with `set_option linter.unusedVariables false`
warning: Erdos9796Proof/P97/Census554/SevenPointSixCircleCollisionBCertificateStage01Part16.lean:27:15: missing space in the source

This part of the code
  '-x2x^2-x2y^2+1'
should be written as
  '-x2x ^ 2'


Note: This linter can be disabled with `set_option linter.style.whitespace false`
warning: Erdos9796Proof/P97/Census554/SevenPointSixCircleCollisionBCertificateStage01Part16.lean:27:21: missing space in the source

This part of the code
  '-x2x^2-x2y^2+1 = 0)'
should be written as
  'x2y ^ 2'


Note: This linter can be disabled with `set_option linter.style.whitespace false`
⚠ [8423/8690] Replayed Erdos9796Proof.P97.Census554.SevenPointSixCircleCollisionBCertificateStage02
warning: Erdos9796Proof/P97/Census554/SevenPointSixCircleCollisionBCertificateStage02.lean:18:0: Unscoped option maxHeartbeats is not allowed:
Please scope this to individual declarations, as in
```
set_option maxHeartbeats in
-- comment explaining why this is necessary
example : ... := ...
```

Note: This linter can be disabled with `set_option linter.style.setOption false`
warning: Erdos9796Proof/P97/Census554/SevenPointSixCircleCollisionBCertificateStage02.lean:26:29: unused variable `x5x`

Note: This linter can be disabled with `set_option linter.unusedVariables false`
warning: Erdos9796Proof/P97/Census554/SevenPointSixCircleCollisionBCertificateStage02.lean:27:15: missing space in the source

This part of the code
  '-x3x^2+2*x3x-x3y^2'
should be written as
  '-x3x ^ 2'


Note: This linter can be disabled with `set_option linter.style.whitespace false`
warning: Erdos9796Proof/P97/Census554/SevenPointSixCircleCollisionBCertificateStage02.lean:27:23: missing space in the source

This part of the code
  '-x3x^2+2*x3x-x3y^2'
should be written as
  'x3x - x3y'


Note: This linter can be disabled with `set_option linter.style.whitespace false`
warning: Erdos9796Proof/P97/Census554/SevenPointSixCircleCollisionBCertificateStage02.lean:27:27: missing space in the source

This part of the code
  '-x3x^2+2*x3x-x3y^2 = 0)'
should be written as
  'x3y ^ 2'


Note: This linter can be disabled with `set_option linter.style.whitespace false`
⚠ [8424/8690] Replayed Erdos9796Proof.P97.Census554.SevenPointSixCircleCollisionBCertificateStage03
warning: Erdos9796Proof/P97/Census554/SevenPointSixCircleCollisionBCertificateStage03.lean:18:0: Unscoped option maxHeartbeats is not allowed:
Please scope this to individual declarations, as in
```
set_option maxHeartbeats in
-- comment explaining why this is necessary
example : ... := ...
```

Note: This linter can be disabled with `set_option linter.style.setOption false`
warning: Erdos9796Proof/P97/Census554/SevenPointSixCircleCollisionBCertificateStage03.lean:26:29: unused variable `x5x`

Note: This linter can be disabled with `set_option linter.unusedVariables false`
warning: Erdos9796Proof/P97/Census554/SevenPointSixCircleCollisionBCertificateStage03.lean:27:15: missing space in the source

This part of the code
  '-x2x^2+2*x2x*x3x-x2y^2+2*x2y*x3y'
should be written as
  '-x2x ^ 2'


Note: This linter can be disabled with `set_option linter.style.whitespace false`
warning: Erdos9796Proof/P97/Census554/SevenPointSixCircleCollisionBCertificateStage03.lean:27:23: missing space in the source

This part of the code
  '-x2x^2+2*x2x*x3x-x2y^2+2*x2y*x3y'
should be written as
  'x2x * x3x'


Note: This linter can be disabled with `set_option linter.style.whitespace false`
warning: Erdos9796Proof/P97/Census554/SevenPointSixCircleCollisionBCertificateStage03.lean:27:27: missing space in the source

This part of the code
  '-x2x^2+2*x2x*x3x-x2y^2+2*x2y*x3y'
should be written as
  'x3x - x2y'


Note: This linter can be disabled with `set_option linter.style.whitespace false`
warning: Erdos9796Proof/P97/Census554/SevenPointSixCircleCollisionBCertificateStage03.lean:27:31: missing space in the source

This part of the code
  '-x2x^2+2*x2x*x3x-x2y^2+2*x2y*x3y'
should be written as
  'x2y ^ 2'


Note: This linter can be disabled with `set_option linter.style.whitespace false`
warning: Erdos9796Proof/P97/Census554/SevenPointSixCircleCollisionBCertificateStage03.lean:27:39: missing space in the source

This part of the code
  '-x2x^2+2*x2x*x3x-x2y^2+2*x2y*x3y ='
should be written as
  'x2y * x3y'


Note: This linter can be disabled with `set_option linter.style.whitespace false`
⚠ [8425/8690] Replayed Erdos9796Proof.P97.Census554.SevenPointSixCircleCollisionBCertificateStage04
warning: Erdos9796Proof/P97/Census554/SevenPointSixCircleCollisionBCertificateStage04.lean:18:0: Unscoped option maxHeartbeats is not allowed:
Please scope this to individual declarations, as in
```
set_option maxHeartbeats in
-- comment explaining why this is necessary
example : ... := ...
```

Note: This linter can be disabled with `set_option linter.style.setOption false`
warning: Erdos9796Proof/P97/Census554/SevenPointSixCircleCollisionBCertificateStage04.lean:26:29: unused variable `x5x`

Note: This linter can be disabled with `set_option linter.unusedVariables false`
warning: Erdos9796Proof/P97/Census554/SevenPointSixCircleCollisionBCertificateStage04.lean:27:12: missing space in the source

This part of the code
  '2*x3x*x6x+2*x3y*x6y-x6x^2-x6y^2'
should be written as
  '2 * x3x'


Note: This linter can be disabled with `set_option linter.style.whitespace false`
warning: Erdos9796Proof/P97/Census554/SevenPointSixCircleCollisionBCertificateStage04.lean:27:16: missing space in the source

This part of the code
  '2*x3x*x6x+2*x3y*x6y-x6x^2-x6y^2'
should be written as
  'x3x * x6x'


Note: This linter can be disabled with `set_option linter.style.whitespace false`
warning: Erdos9796Proof/P97/Census554/SevenPointSixCircleCollisionBCertificateStage04.lean:27:20: missing space in the source

This part of the code
  '2*x3x*x6x+2*x3y*x6y-x6x^2-x6y^2'
should be written as
  'x6x + 2'


Note: This linter can be disabled with `set_option linter.style.whitespace false`
warning: Erdos9796Proof/P97/Census554/SevenPointSixCircleCollisionBCertificateStage04.lean:27:26: missing space in the source

This part of the code
  '2*x3x*x6x+2*x3y*x6y-x6x^2-x6y^2'
should be written as
  'x3y * x6y'


Note: This linter can be disabled with `set_option linter.style.whitespace false`
warning: Erdos9796Proof/P97/Census554/SevenPointSixCircleCollisionBCertificateStage04.lean:27:30: missing space in the source

This part of the code
  '2*x3x*x6x+2*x3y*x6y-x6x^2-x6y^2'
should be written as
  'x6y - x6x'


Note: This linter can be disabled with `set_option linter.style.whitespace false`
warning: Erdos9796Proof/P97/Census554/SevenPointSixCircleCollisionBCertificateStage04.lean:27:34: missing space in the source

This part of the code
  '2*x3x*x6x+2*x3y*x6y-x6x^2-x6y^2'
should be written as
  'x6x ^ 2'


Note: This linter can be disabled with `set_option linter.style.whitespace false`
warning: Erdos9796Proof/P97/Census554/SevenPointSixCircleCollisionBCertificateStage04.lean:27:40: missing space in the source

This part of the code
  '2*x3x*x6x+2*x3y*x6y-x6x^2-x6y^2 = 0)'
should be written as
  'x6y ^ 2'


Note: This linter can be disabled with `set_option linter.style.whitespace false`
⚠ [8426/8690] Replayed Erdos9796Proof.P97.Census554.SevenPointSixCircleCollisionBCertificateStage05
warning: Erdos9796Proof/P97/Census554/SevenPointSixCircleCollisionBCertificateStage05.lean:18:0: Unscoped option maxHeartbeats is not allowed:
Please scope this to individual declarations, as in
```
set_option maxHeartbeats in
-- comment explaining why this is necessary
example : ... := ...
```

Note: This linter can be disabled with `set_option linter.style.setOption false`
warning: Erdos9796Proof/P97/Census554/SevenPointSixCircleCollisionBCertificateStage05.lean:26:29: unused variable `x5x`

Note: This linter can be disabled with `set_option linter.unusedVariables false`
warning: Erdos9796Proof/P97/Census554/SevenPointSixCircleCollisionBCertificateStage05.lean:27:15: missing space in the source

This part of the code
  '-x3x^2+2*x3x*x4x-x3y^2+2*x3y*x4y-2*x4x+1'
should be written as
  '-x3x ^ 2'


Note: This linter can be disabled with `set_option linter.style.whitespace false`
warning: Erdos9796Proof/P97/Census554/SevenPointSixCircleCollisionBCertificateStage05.lean:27:23: missing space in the source

This part of the code
  '-x3x^2+2*x3x*x4x-x3y^2+2*x3y*x4y-2*x4x+1'
should be written as
  'x3x * x4x'


Note: This linter can be disabled with `set_option linter.style.whitespace false`
warning: Erdos9796Proof/P97/Census554/SevenPointSixCircleCollisionBCertificateStage05.lean:27:27: missing space in the source

This part of the code
  '-x3x^2+2*x3x*x4x-x3y^2+2*x3y*x4y-2*x4x+1'
should be written as
  'x4x - x3y'


Note: This linter can be disabled with `set_option linter.style.whitespace false`
warning: Erdos9796Proof/P97/Census554/SevenPointSixCircleCollisionBCertificateStage05.lean:27:31: missing space in the source

This part of the code
  '-x3x^2+2*x3x*x4x-x3y^2+2*x3y*x4y-2*x4x+1'
should be written as
  'x3y ^ 2'


Note: This linter can be disabled with `set_option linter.style.whitespace false`
warning: Erdos9796Proof/P97/Census554/SevenPointSixCircleCollisionBCertificateStage05.lean:27:39: missing space in the source

This part of the code
  '-x3x^2+2*x3x*x4x-x3y^2+2*x3y*x4y-2*x4x+1'
should be written as
  'x3y * x4y'


Note: This linter can be disabled with `set_option linter.style.whitespace false`
warning: Erdos9796Proof/P97/Census554/SevenPointSixCircleCollisionBCertificateStage05.lean:27:43: missing space in the source

This part of the code
  '-x3x^2+2*x3x*x4x-x3y^2+2*x3y*x4y-2*x4x+1'
should be written as
  'x4y - 2'


Note: This linter can be disabled with `set_option linter.style.whitespace false`
warning: Erdos9796Proof/P97/Census554/SevenPointSixCircleCollisionBCertificateStage05.lean:27:49: missing space in the source

This part of the code
  '-x3x^2+2*x3x*x4x-x3y^2+2*x3y*x4y-2*x4x+1 = 0)'
should be written as
  'x4x + 1'


Note: This linter can be disabled with `set_option linter.style.whitespace false`
⚠ [8427/8690] Replayed Erdos9796Proof.P97.Census554.SevenPointSixCircleCollisionBCertificateStage06
warning: Erdos9796Proof/P97/Census554/SevenPointSixCircleCollisionBCertificateStage06.lean:18:0: Unscoped option maxHeartbeats is not allowed:
Please scope this to individual declarations, as in
```
set_option maxHeartbeats in
-- comment explaining why this is necessary
example : ... := ...
```

Note: This linter can be disabled with `set_option linter.style.setOption false`
warning: Erdos9796Proof/P97/Census554/SevenPointSixCircleCollisionBCertificateStage06.lean:27:12: missing space in the source

This part of the code
  '2*x4x*x5x-2*x4x+2*x4y*x5y-x5x^2-x5y^2+1'
should be written as
  '2 * x4x'


Note: This linter can be disabled with `set_option linter.style.whitespace false`
warning: Erdos9796Proof/P97/Census554/SevenPointSixCircleCollisionBCertificateStage06.lean:27:16: missing space in the source

This part of the code
  '2*x4x*x5x-2*x4x+2*x4y*x5y-x5x^2-x5y^2+1'
should be written as
  'x4x * x5x'


Note: This linter can be disabled with `set_option linter.style.whitespace false`
warning: Erdos9796Proof/P97/Census554/SevenPointSixCircleCollisionBCertificateStage06.lean:27:20: missing space in the source

This part of the code
  '2*x4x*x5x-2*x4x+2*x4y*x5y-x5x^2-x5y^2+1'
should be written as
  'x5x - 2'


Note: This linter can be disabled with `set_option linter.style.whitespace false`
warning: Erdos9796Proof/P97/Census554/SevenPointSixCircleCollisionBCertificateStage06.lean:27:26: missing space in the source

This part of the code
  '2*x4x*x5x-2*x4x+2*x4y*x5y-x5x^2-x5y^2+1'
should be written as
  'x4x + 2'


Note: This linter can be disabled with `set_option linter.style.whitespace false`
warning: Erdos9796Proof/P97/Census554/SevenPointSixCircleCollisionBCertificateStage06.lean:27:32: missing space in the source

This part of the code
  '2*x4x*x5x-2*x4x+2*x4y*x5y-x5x^2-x5y^2+1'
should be written as
  'x4y * x5y'


Note: This linter can be disabled with `set_option linter.style.whitespace false`
warning: Erdos9796Proof/P97/Census554/SevenPointSixCircleCollisionBCertificateStage06.lean:27:36: missing space in the source

This part of the code
  '2*x4x*x5x-2*x4x+2*x4y*x5y-x5x^2-x5y^2+1'
should be written as
  'x5y - x5x'


Note: This linter can be disabled with `set_option linter.style.whitespace false`
warning: Erdos9796Proof/P97/Census554/SevenPointSixCircleCollisionBCertificateStage06.lean:27:40: missing space in the source

This part of the code
  '2*x4x*x5x-2*x4x+2*x4y*x5y-x5x^2-x5y^2+1'
should be written as
  'x5x ^ 2'


Note: This linter can be disabled with `set_option linter.style.whitespace false`
warning: Erdos9796Proof/P97/Census554/SevenPointSixCircleCollisionBCertificateStage06.lean:27:46: missing space in the source

This part of the code
  '2*x4x*x5x-2*x4x+2*x4y*x5y-x5x^2-x5y^2+1 = 0)'
should be written as
  'x5y ^ 2'


Note: This linter can be disabled with `set_option linter.style.whitespace false`
⚠ [8428/8690] Replayed Erdos9796Proof.P97.Census554.SevenPointSixCircleCollisionBCertificateStage07
warning: Erdos9796Proof/P97/Census554/SevenPointSixCircleCollisionBCertificateStage07.lean:18:0: Unscoped option maxHeartbeats is not allowed:
Please scope this to individual declarations, as in
```
set_option maxHeartbeats in
-- comment explaining why this is necessary
example : ... := ...
```

Note: This linter can be disabled with `set_option linter.style.setOption false`
warning: Erdos9796Proof/P97/Census554/SevenPointSixCircleCollisionBCertificateStage07.lean:26:29: unused variable `x5x`

Note: This linter can be disabled with `set_option linter.unusedVariables false`
warning: Erdos9796Proof/P97/Census554/SevenPointSixCircleCollisionBCertificateStage07.lean:27:12: missing space in the source

This part of the code
  '2*x4x*x6x-2*x4x+2*x4y*x6y-x6x^2-x6y^2+1'
should be written as
  '2 * x4x'


Note: This linter can be disabled with `set_option linter.style.whitespace false`
warning: Erdos9796Proof/P97/Census554/SevenPointSixCircleCollisionBCertificateStage07.lean:27:16: missing space in the source

This part of the code
  '2*x4x*x6x-2*x4x+2*x4y*x6y-x6x^2-x6y^2+1'
should be written as
  'x4x * x6x'


Note: This linter can be disabled with `set_option linter.style.whitespace false`
warning: Erdos9796Proof/P97/Census554/SevenPointSixCircleCollisionBCertificateStage07.lean:27:20: missing space in the source

This part of the code
  '2*x4x*x6x-2*x4x+2*x4y*x6y-x6x^2-x6y^2+1'
should be written as
  'x6x - 2'


Note: This linter can be disabled with `set_option linter.style.whitespace false`
warning: Erdos9796Proof/P97/Census554/SevenPointSixCircleCollisionBCertificateStage07.lean:27:26: missing space in the source

This part of the code
  '2*x4x*x6x-2*x4x+2*x4y*x6y-x6x^2-x6y^2+1'
should be written as
  'x4x + 2'


Note: This linter can be disabled with `set_option linter.style.whitespace false`
warning: Erdos9796Proof/P97/Census554/SevenPointSixCircleCollisionBCertificateStage07.lean:27:32: missing space in the source

This part of the code
  '2*x4x*x6x-2*x4x+2*x4y*x6y-x6x^2-x6y^2+1'
should be written as
  'x4y * x6y'


Note: This linter can be disabled with `set_option linter.style.whitespace false`
warning: Erdos9796Proof/P97/Census554/SevenPointSixCircleCollisionBCertificateStage07.lean:27:36: missing space in the source

This part of the code
  '2*x4x*x6x-2*x4x+2*x4y*x6y-x6x^2-x6y^2+1'
should be written as
  'x6y - x6x'


Note: This linter can be disabled with `set_option linter.style.whitespace false`
warning: Erdos9796Proof/P97/Census554/SevenPointSixCircleCollisionBCertificateStage07.lean:27:40: missing space in the source

This part of the code
  '2*x4x*x6x-2*x4x+2*x4y*x6y-x6x^2-x6y^2+1'
should be written as
  'x6x ^ 2'


Note: This linter can be disabled with `set_option linter.style.whitespace false`
warning: Erdos9796Proof/P97/Census554/SevenPointSixCircleCollisionBCertificateStage07.lean:27:46: missing space in the source

This part of the code
  '2*x4x*x6x-2*x4x+2*x4y*x6y-x6x^2-x6y^2+1 = 0)'
should be written as
  'x6y ^ 2'


Note: This linter can be disabled with `set_option linter.style.whitespace false`
⚠ [8429/8690] Replayed Erdos9796Proof.P97.Census554.SevenPointSixCircleCollisionBCertificateStage08
warning: Erdos9796Proof/P97/Census554/SevenPointSixCircleCollisionBCertificateStage08.lean:18:0: Unscoped option maxHeartbeats is not allowed:
Please scope this to individual declarations, as in
```
set_option maxHeartbeats in
-- comment explaining why this is necessary
example : ... := ...
```

Note: This linter can be disabled with `set_option linter.style.setOption false`
warning: Erdos9796Proof/P97/Census554/SevenPointSixCircleCollisionBCertificateStage08.lean:27:12: missing space in the source

This part of the code
  '2*x5x-1'
should be written as
  '2 * x5x'


Note: This linter can be disabled with `set_option linter.style.whitespace false`
warning: Erdos9796Proof/P97/Census554/SevenPointSixCircleCollisionBCertificateStage08.lean:27:16: missing space in the source

This part of the code
  '2*x5x-1 = 0)'
should be written as
  'x5x - 1'


Note: This linter can be disabled with `set_option linter.style.whitespace false`
⚠ [8430/8690] Replayed Erdos9796Proof.P97.Census554.SevenPointSixCircleCollisionBCertificateStage09
warning: Erdos9796Proof/P97/Census554/SevenPointSixCircleCollisionBCertificateStage09.lean:18:0: Unscoped option maxHeartbeats is not allowed:
Please scope this to individual declarations, as in
```
set_option maxHeartbeats in
-- comment explaining why this is necessary
example : ... := ...
```

Note: This linter can be disabled with `set_option linter.style.setOption false`
warning: Erdos9796Proof/P97/Census554/SevenPointSixCircleCollisionBCertificateStage09.lean:27:15: missing space in the source

This part of the code
  '-x4x^2+2*x4x*x5x-x4y^2+2*x4y*x5y'
should be written as
  '-x4x ^ 2'


Note: This linter can be disabled with `set_option linter.style.whitespace false`
warning: Erdos9796Proof/P97/Census554/SevenPointSixCircleCollisionBCertificateStage09.lean:27:23: missing space in the source

This part of the code
  '-x4x^2+2*x4x*x5x-x4y^2+2*x4y*x5y'
should be written as
  'x4x * x5x'


Note: This linter can be disabled with `set_option linter.style.whitespace false`
warning: Erdos9796Proof/P97/Census554/SevenPointSixCircleCollisionBCertificateStage09.lean:27:27: missing space in the source

This part of the code
  '-x4x^2+2*x4x*x5x-x4y^2+2*x4y*x5y'
should be written as
  'x5x - x4y'


Note: This linter can be disabled with `set_option linter.style.whitespace false`
warning: Erdos9796Proof/P97/Census554/SevenPointSixCircleCollisionBCertificateStage09.lean:27:31: missing space in the source

This part of the code
  '-x4x^2+2*x4x*x5x-x4y^2+2*x4y*x5y'
should be written as
  'x4y ^ 2'


Note: This linter can be disabled with `set_option linter.style.whitespace false`
warning: Erdos9796Proof/P97/Census554/SevenPointSixCircleCollisionBCertificateStage09.lean:27:39: missing space in the source

This part of the code
  '-x4x^2+2*x4x*x5x-x4y^2+2*x4y*x5y ='
should be written as
  'x4y * x5y'


Note: This linter can be disabled with `set_option linter.style.whitespace false`
⚠ [8431/8690] Replayed Erdos9796Proof.P97.Census554.SevenPointSixCircleCollisionBCertificateStage10
warning: Erdos9796Proof/P97/Census554/SevenPointSixCircleCollisionBCertificateStage10.lean:18:0: Unscoped option maxHeartbeats is not allowed:
Please scope this to individual declarations, as in
```
set_option maxHeartbeats in
-- comment explaining why this is necessary
example : ... := ...
```

Note: This linter can be disabled with `set_option linter.style.setOption false`
warning: Erdos9796Proof/P97/Census554/SevenPointSixCircleCollisionBCertificateStage10.lean:26:29: unused variable `x5x`

Note: This linter can be disabled with `set_option linter.unusedVariables false`
warning: Erdos9796Proof/P97/Census554/SevenPointSixCircleCollisionBCertificateStage10.lean:27:16: missing space in the source

This part of the code
  '-x2x^2+2*x2x*x6x-x2y^2+2*x2y*x6y'
should be written as
  '-x2x ^ 2'


Note: This linter can be disabled with `set_option linter.style.whitespace false`
warning: Erdos9796Proof/P97/Census554/SevenPointSixCircleCollisionBCertificateStage10.lean:27:24: missing space in the source

This part of the code
  '-x2x^2+2*x2x*x6x-x2y^2+2*x2y*x6y'
should be written as
  'x2x * x6x'


Note: This linter can be disabled with `set_option linter.style.whitespace false`
warning: Erdos9796Proof/P97/Census554/SevenPointSixCircleCollisionBCertificateStage10.lean:27:28: missing space in the source

This part of the code
  '-x2x^2+2*x2x*x6x-x2y^2+2*x2y*x6y'
should be written as
  'x6x - x2y'


Note: This linter can be disabled with `set_option linter.style.whitespace false`
warning: Erdos9796Proof/P97/Census554/SevenPointSixCircleCollisionBCertificateStage10.lean:27:32: missing space in the source

This part of the code
  '-x2x^2+2*x2x*x6x-x2y^2+2*x2y*x6y'
should be written as
  'x2y ^ 2'


Note: This linter can be disabled with `set_option linter.style.whitespace false`
warning: Erdos9796Proof/P97/Census554/SevenPointSixCircleCollisionBCertificateStage10.lean:27:40: missing space in the source

This part of the code
  '-x2x^2+2*x2x*x6x-x2y^2+2*x2y*x6y ='
should be written as
  'x2y * x6y'


Note: This linter can be disabled with `set_option linter.style.whitespace false`
⚠ [8432/8690] Replayed Erdos9796Proof.P97.Census554.SevenPointSixCircleCollisionBCertificateStage11
warning: Erdos9796Proof/P97/Census554/SevenPointSixCircleCollisionBCertificateStage11.lean:18:0: Unscoped option maxHeartbeats is not allowed:
Please scope this to individual declarations, as in
```
set_option maxHeartbeats in
-- comment explaining why this is necessary
example : ... := ...
```

Note: This linter can be disabled with `set_option linter.style.setOption false`
warning: Erdos9796Proof/P97/Census554/SevenPointSixCircleCollisionBCertificateStage11.lean:27:16: missing space in the source

This part of the code
  '-x5x^2+2*x5x*x6x-x5y^2+2*x5y*x6y'
should be written as
  '-x5x ^ 2'


Note: This linter can be disabled with `set_option linter.style.whitespace false`
warning: Erdos9796Proof/P97/Census554/SevenPointSixCircleCollisionBCertificateStage11.lean:27:24: missing space in the source

This part of the code
  '-x5x^2+2*x5x*x6x-x5y^2+2*x5y*x6y'
should be written as
  'x5x * x6x'


Note: This linter can be disabled with `set_option linter.style.whitespace false`
warning: Erdos9796Proof/P97/Census554/SevenPointSixCircleCollisionBCertificateStage11.lean:27:28: missing space in the source

This part of the code
  '-x5x^2+2*x5x*x6x-x5y^2+2*x5y*x6y'
should be written as
  'x6x - x5y'


Note: This linter can be disabled with `set_option linter.style.whitespace false`
warning: Erdos9796Proof/P97/Census554/SevenPointSixCircleCollisionBCertificateStage11.lean:27:32: missing space in the source

This part of the code
  '-x5x^2+2*x5x*x6x-x5y^2+2*x5y*x6y'
should be written as
  'x5y ^ 2'


Note: This linter can be disabled with `set_option linter.style.whitespace false`
warning: Erdos9796Proof/P97/Census554/SevenPointSixCircleCollisionBCertificateStage11.lean:27:40: missing space in the source

This part of the code
  '-x5x^2+2*x5x*x6x-x5y^2+2*x5y*x6y ='
should be written as
  'x5y * x6y'


Note: This linter can be disabled with `set_option linter.style.whitespace false`
⚠ [8433/8690] Replayed Erdos9796Proof.P97.Census554.SevenPointSixCircleCollisionBCertificate
warning: Erdos9796Proof/P97/Census554/SevenPointSixCircleCollisionBCertificate.lean:43:0: Unscoped option maxHeartbeats is not allowed:
Please scope this to individual declarations, as in
```
set_option maxHeartbeats in
-- comment explaining why this is necessary
example : ... := ...
```

Note: This linter can be disabled with `set_option linter.style.setOption false`
warning: Erdos9796Proof/P97/Census554/SevenPointSixCircleCollisionBCertificate.lean:52:15: missing space in the source

This part of the code
  '-x2x^2-x2y^2+1'
should be written as
  '-x2x ^ 2'


Note: This linter can be disabled with `set_option linter.style.whitespace false`
warning: Erdos9796Proof/P97/Census554/SevenPointSixCircleCollisionBCertificate.lean:52:21: missing space in the source

This part of the code
  '-x2x^2-x2y^2+1 = 0)'
should be written as
  'x2y ^ 2'


Note: This linter can be disabled with `set_option linter.style.whitespace false`
warning: Erdos9796Proof/P97/Census554/SevenPointSixCircleCollisionBCertificate.lean:53:15: missing space in the source

This part of the code
  '-x3x^2+2*x3x-x3y^2'
should be written as
  '-x3x ^ 2'


Note: This linter can be disabled with `set_option linter.style.whitespace false`
warning: Erdos9796Proof/P97/Census554/SevenPointSixCircleCollisionBCertificate.lean:53:23: missing space in the source

This part of the code
  '-x3x^2+2*x3x-x3y^2'
should be written as
  'x3x - x3y'


Note: This linter can be disabled with `set_option linter.style.whitespace false`
warning: Erdos9796Proof/P97/Census554/SevenPointSixCircleCollisionBCertificate.lean:53:27: missing space in the source

This part of the code
  '-x3x^2+2*x3x-x3y^2 = 0)'
should be written as
  'x3y ^ 2'


Note: This linter can be disabled with `set_option linter.style.whitespace false`
warning: Erdos9796Proof/P97/Census554/SevenPointSixCircleCollisionBCertificate.lean:54:15: missing space in the source

This part of the code
  '-x2x^2+2*x2x*x3x-x2y^2+2*x2y*x3y'
should be written as
  '-x2x ^ 2'


Note: This linter can be disabled with `set_option linter.style.whitespace false`
warning: Erdos9796Proof/P97/Census554/SevenPointSixCircleCollisionBCertificate.lean:54:23: missing space in the source

This part of the code
  '-x2x^2+2*x2x*x3x-x2y^2+2*x2y*x3y'
should be written as
  'x2x * x3x'


Note: This linter can be disabled with `set_option linter.style.whitespace false`
warning: Erdos9796Proof/P97/Census554/SevenPointSixCircleCollisionBCertificate.lean:54:27: missing space in the source

This part of the code
  '-x2x^2+2*x2x*x3x-x2y^2+2*x2y*x3y'
should be written as
  'x3x - x2y'


Note: This linter can be disabled with `set_option linter.style.whitespace false`
warning: Erdos9796Proof/P97/Census554/SevenPointSixCircleCollisionBCertificate.lean:54:31: missing space in the source

This part of the code
  '-x2x^2+2*x2x*x3x-x2y^2+2*x2y*x3y'
should be written as
  'x2y ^ 2'


Note: This linter can be disabled with `set_option linter.style.whitespace false`
warning: Erdos9796Proof/P97/Census554/SevenPointSixCircleCollisionBCertificate.lean:54:39: missing space in the source

This part of the code
  '-x2x^2+2*x2x*x3x-x2y^2+2*x2y*x3y ='
should be written as
  'x2y * x3y'


Note: This linter can be disabled with `set_option linter.style.whitespace false`
warning: Erdos9796Proof/P97/Census554/SevenPointSixCircleCollisionBCertificate.lean:55:12: missing space in the source

This part of the code
  '2*x3x*x6x+2*x3y*x6y-x6x^2-x6y^2'
should be written as
  '2 * x3x'


Note: This linter can be disabled with `set_option linter.style.whitespace false`
warning: Erdos9796Proof/P97/Census554/SevenPointSixCircleCollisionBCertificate.lean:55:16: missing space in the source

This part of the code
  '2*x3x*x6x+2*x3y*x6y-x6x^2-x6y^2'
should be written as
  'x3x * x6x'


Note: This linter can be disabled with `set_option linter.style.whitespace false`
warning: Erdos9796Proof/P97/Census554/SevenPointSixCircleCollisionBCertificate.lean:55:20: missing space in the source

This part of the code
  '2*x3x*x6x+2*x3y*x6y-x6x^2-x6y^2'
should be written as
  'x6x + 2'


Note: This linter can be disabled with `set_option linter.style.whitespace false`
warning: Erdos9796Proof/P97/Census554/SevenPointSixCircleCollisionBCertificate.lean:55:26: missing space in the source

This part of the code
  '2*x3x*x6x+2*x3y*x6y-x6x^2-x6y^2'
should be written as
  'x3y * x6y'


Note: This linter can be disabled with `set_option linter.style.whitespace false`
warning: Erdos9796Proof/P97/Census554/SevenPointSixCircleCollisionBCertificate.lean:55:30: missing space in the source

This part of the code
  '2*x3x*x6x+2*x3y*x6y-x6x^2-x6y^2'
should be written as
  'x6y - x6x'


Note: This linter can be disabled with `set_option linter.style.whitespace false`
warning: Erdos9796Proof/P97/Census554/SevenPointSixCircleCollisionBCertificate.lean:55:34: missing space in the source

This part of the code
  '2*x3x*x6x+2*x3y*x6y-x6x^2-x6y^2'
should be written as
  'x6x ^ 2'


Note: This linter can be disabled with `set_option linter.style.whitespace false`
warning: Erdos9796Proof/P97/Census554/SevenPointSixCircleCollisionBCertificate.lean:55:40: missing space in the source

This part of the code
  '2*x3x*x6x+2*x3y*x6y-x6x^2-x6y^2 = 0)'
should be written as
  'x6y ^ 2'


Note: This linter can be disabled with `set_option linter.style.whitespace false`
warning: Erdos9796Proof/P97/Census554/SevenPointSixCircleCollisionBCertificate.lean:56:15: missing space in the source

This part of the code
  '-x3x^2+2*x3x*x4x-x3y^2+2*x3y*x4y-2*x4x+1'
should be written as
  '-x3x ^ 2'


Note: This linter can be disabled with `set_option linter.style.whitespace false`
warning: Erdos9796Proof/P97/Census554/SevenPointSixCircleCollisionBCertificate.lean:56:23: missing space in the source

This part of the code
  '-x3x^2+2*x3x*x4x-x3y^2+2*x3y*x4y-2*x4x+1'
should be written as
  'x3x * x4x'


Note: This linter can be disabled with `set_option linter.style.whitespace false`
warning: Erdos9796Proof/P97/Census554/SevenPointSixCircleCollisionBCertificate.lean:56:27: missing space in the source

This part of the code
  '-x3x^2+2*x3x*x4x-x3y^2+2*x3y*x4y-2*x4x+1'
should be written as
  'x4x - x3y'


Note: This linter can be disabled with `set_option linter.style.whitespace false`
warning: Erdos9796Proof/P97/Census554/SevenPointSixCircleCollisionBCertificate.lean:56:31: missing space in the source

This part of the code
  '-x3x^2+2*x3x*x4x-x3y^2+2*x3y*x4y-2*x4x+1'
should be written as
  'x3y ^ 2'


Note: This linter can be disabled with `set_option linter.style.whitespace false`
warning: Erdos9796Proof/P97/Census554/SevenPointSixCircleCollisionBCertificate.lean:56:39: missing space in the source

This part of the code
  '-x3x^2+2*x3x*x4x-x3y^2+2*x3y*x4y-2*x4x+1'
should be written as
  'x3y * x4y'


Note: This linter can be disabled with `set_option linter.style.whitespace false`
warning: Erdos9796Proof/P97/Census554/SevenPointSixCircleCollisionBCertificate.lean:56:43: missing space in the source

This part of the code
  '-x3x^2+2*x3x*x4x-x3y^2+2*x3y*x4y-2*x4x+1'
should be written as
  'x4y - 2'


Note: This linter can be disabled with `set_option linter.style.whitespace false`
warning: Erdos9796Proof/P97/Census554/SevenPointSixCircleCollisionBCertificate.lean:56:49: missing space in the source

This part of the code
  '-x3x^2+2*x3x*x4x-x3y^2+2*x3y*x4y-2*x4x+1 = 0)'
should be written as
  'x4x + 1'


Note: This linter can be disabled with `set_option linter.style.whitespace false`
warning: Erdos9796Proof/P97/Census554/SevenPointSixCircleCollisionBCertificate.lean:57:12: missing space in the source

This part of the code
  '2*x4x*x5x-2*x4x+2*x4y*x5y-x5x^2-x5y^2+1'
should be written as
  '2 * x4x'


Note: This linter can be disabled with `set_option linter.style.whitespace false`
warning: Erdos9796Proof/P97/Census554/SevenPointSixCircleCollisionBCertificate.lean:57:16: missing space in the source

This part of the code
  '2*x4x*x5x-2*x4x+2*x4y*x5y-x5x^2-x5y^2+1'
should be written as
  'x4x * x5x'


Note: This linter can be disabled with `set_option linter.style.whitespace false`
warning: Erdos9796Proof/P97/Census554/SevenPointSixCircleCollisionBCertificate.lean:57:20: missing space in the source

This part of the code
  '2*x4x*x5x-2*x4x+2*x4y*x5y-x5x^2-x5y^2+1'
should be written as
  'x5x - 2'


Note: This linter can be disabled with `set_option linter.style.whitespace false`
warning: Erdos9796Proof/P97/Census554/SevenPointSixCircleCollisionBCertificate.lean:57:26: missing space in the source

This part of the code
  '2*x4x*x5x-2*x4x+2*x4y*x5y-x5x^2-x5y^2+1'
should be written as
  'x4x + 2'


Note: This linter can be disabled with `set_option linter.style.whitespace false`
warning: Erdos9796Proof/P97/Census554/SevenPointSixCircleCollisionBCertificate.lean:57:32: missing space in the source

This part of the code
  '2*x4x*x5x-2*x4x+2*x4y*x5y-x5x^2-x5y^2+1'
should be written as
  'x4y * x5y'


Note: This linter can be disabled with `set_option linter.style.whitespace false`
warning: Erdos9796Proof/P97/Census554/SevenPointSixCircleCollisionBCertificate.lean:57:36: missing space in the source

This part of the code
  '2*x4x*x5x-2*x4x+2*x4y*x5y-x5x^2-x5y^2+1'
should be written as
  'x5y - x5x'


Note: This linter can be disabled with `set_option linter.style.whitespace false`
warning: Erdos9796Proof/P97/Census554/SevenPointSixCircleCollisionBCertificate.lean:57:40: missing space in the source

This part of the code
  '2*x4x*x5x-2*x4x+2*x4y*x5y-x5x^2-x5y^2+1'
should be written as
  'x5x ^ 2'


Note: This linter can be disabled with `set_option linter.style.whitespace false`
warning: Erdos9796Proof/P97/Census554/SevenPointSixCircleCollisionBCertificate.lean:57:46: missing space in the source

This part of the code
  '2*x4x*x5x-2*x4x+2*x4y*x5y-x5x^2-x5y^2+1 = 0)'
should be written as
  'x5y ^ 2'


Note: This linter can be disabled with `set_option linter.style.whitespace false`
warning: Erdos9796Proof/P97/Census554/SevenPointSixCircleCollisionBCertificate.lean:58:12: missing space in the source

This part of the code
  '2*x4x*x6x-2*x4x+2*x4y*x6y-x6x^2-x6y^2+1'
should be written as
  '2 * x4x'


Note: This linter can be disabled with `set_option linter.style.whitespace false`
warning: Erdos9796Proof/P97/Census554/SevenPointSixCircleCollisionBCertificate.lean:58:16: missing space in the source

This part of the code
  '2*x4x*x6x-2*x4x+2*x4y*x6y-x6x^2-x6y^2+1'
should be written as
  'x4x * x6x'


Note: This linter can be disabled with `set_option linter.style.whitespace false`
warning: Erdos9796Proof/P97/Census554/SevenPointSixCircleCollisionBCertificate.lean:58:20: missing space in the source

This part of the code
  '2*x4x*x6x-2*x4x+2*x4y*x6y-x6x^2-x6y^2+1'
should be written as
  'x6x - 2'


Note: This linter can be disabled with `set_option linter.style.whitespace false`
warning: Erdos9796Proof/P97/Census554/SevenPointSixCircleCollisionBCertificate.lean:58:26: missing space in the source

This part of the code
  '2*x4x*x6x-2*x4x+2*x4y*x6y-x6x^2-x6y^2+1'
should be written as
  'x4x + 2'


Note: This linter can be disabled with `set_option linter.style.whitespace false`
warning: Erdos9796Proof/P97/Census554/SevenPointSixCircleCollisionBCertificate.lean:58:32: missing space in the source

This part of the code
  '2*x4x*x6x-2*x4x+2*x4y*x6y-x6x^2-x6y^2+1'
should be written as
  'x4y * x6y'


Note: This linter can be disabled with `set_option linter.style.whitespace false`
warning: Erdos9796Proof/P97/Census554/SevenPointSixCircleCollisionBCertificate.lean:58:36: missing space in the source

This part of the code
  '2*x4x*x6x-2*x4x+2*x4y*x6y-x6x^2-x6y^2+1'
should be written as
  'x6y - x6x'


Note: This linter can be disabled with `set_option linter.style.whitespace false`
warning: Erdos9796Proof/P97/Census554/SevenPointSixCircleCollisionBCertificate.lean:58:40: missing space in the source

This part of the code
  '2*x4x*x6x-2*x4x+2*x4y*x6y-x6x^2-x6y^2+1'
should be written as
  'x6x ^ 2'


Note: This linter can be disabled with `set_option linter.style.whitespace false`
warning: Erdos9796Proof/P97/Census554/SevenPointSixCircleCollisionBCertificate.lean:58:46: missing space in the source

This part of the code
  '2*x4x*x6x-2*x4x+2*x4y*x6y-x6x^2-x6y^2+1 = 0)'
should be written as
  'x6y ^ 2'


Note: This linter can be disabled with `set_option linter.style.whitespace false`
warning: Erdos9796Proof/P97/Census554/SevenPointSixCircleCollisionBCertificate.lean:59:12: missing space in the source

This part of the code
  '2*x5x-1'
should be written as
  '2 * x5x'


Note: This linter can be disabled with `set_option linter.style.whitespace false`
warning: Erdos9796Proof/P97/Census554/SevenPointSixCircleCollisionBCertificate.lean:59:16: missing space in the source

This part of the code
  '2*x5x-1 = 0)'
should be written as
  'x5x - 1'


Note: This linter can be disabled with `set_option linter.style.whitespace false`
warning: Erdos9796Proof/P97/Census554/SevenPointSixCircleCollisionBCertificate.lean:60:15: missing space in the source

This part of the code
  '-x4x^2+2*x4x*x5x-x4y^2+2*x4y*x5y'
should be written as
  '-x4x ^ 2'


Note: This linter can be disabled with `set_option linter.style.whitespace false`
warning: Erdos9796Proof/P97/Census554/SevenPointSixCircleCollisionBCertificate.lean:60:23: missing space in the source

This part of the code
  '-x4x^2+2*x4x*x5x-x4y^2+2*x4y*x5y'
should be written as
  'x4x * x5x'


Note: This linter can be disabled with `set_option linter.style.whitespace false`
warning: Erdos9796Proof/P97/Census554/SevenPointSixCircleCollisionBCertificate.lean:60:27: missing space in the source

This part of the code
  '-x4x^2+2*x4x*x5x-x4y^2+2*x4y*x5y'
should be written as
  'x5x - x4y'


Note: This linter can be disabled with `set_option linter.style.whitespace false`
warning: Erdos9796Proof/P97/Census554/SevenPointSixCircleCollisionBCertificate.lean:60:31: missing space in the source

This part of the code
  '-x4x^2+2*x4x*x5x-x4y^2+2*x4y*x5y'
should be written as
  'x4y ^ 2'


Note: This linter can be disabled with `set_option linter.style.whitespace false`
warning: Erdos9796Proof/P97/Census554/SevenPointSixCircleCollisionBCertificate.lean:60:39: missing space in the source

This part of the code
  '-x4x^2+2*x4x*x5x-x4y^2+2*x4y*x5y ='
should be written as
  'x4y * x5y'


Note: This linter can be disabled with `set_option linter.style.whitespace false`
warning: Erdos9796Proof/P97/Census554/SevenPointSixCircleCollisionBCertificate.lean:61:16: missing space in the source

This part of the code
  '-x2x^2+2*x2x*x6x-x2y^2+2*x2y*x6y'
should be written as
  '-x2x ^ 2'


Note: This linter can be disabled with `set_option linter.style.whitespace false`
warning: Erdos9796Proof/P97/Census554/SevenPointSixCircleCollisionBCertificate.lean:61:24: missing space in the source

This part of the code
  '-x2x^2+2*x2x*x6x-x2y^2+2*x2y*x6y'
should be written as
  'x2x * x6x'


Note: This linter can be disabled with `set_option linter.style.whitespace false`
warning: Erdos9796Proof/P97/Census554/SevenPointSixCircleCollisionBCertificate.lean:61:28: missing space in the source

This part of the code
  '-x2x^2+2*x2x*x6x-x2y^2+2*x2y*x6y'
should be written as
  'x6x - x2y'


Note: This linter can be disabled with `set_option linter.style.whitespace false`
warning: Erdos9796Proof/P97/Census554/SevenPointSixCircleCollisionBCertificate.lean:61:32: missing space in the source

This part of the code
  '-x2x^2+2*x2x*x6x-x2y^2+2*x2y*x6y'
should be written as
  'x2y ^ 2'


Note: This linter can be disabled with `set_option linter.style.whitespace false`
warning: Erdos9796Proof/P97/Census554/SevenPointSixCircleCollisionBCertificate.lean:61:40: missing space in the source

This part of the code
  '-x2x^2+2*x2x*x6x-x2y^2+2*x2y*x6y ='
should be written as
  'x2y * x6y'


Note: This linter can be disabled with `set_option linter.style.whitespace false`
warning: Erdos9796Proof/P97/Census554/SevenPointSixCircleCollisionBCertificate.lean:62:16: missing space in the source

This part of the code
  '-x5x^2+2*x5x*x6x-x5y^2+2*x5y*x6y'
should be written as
  '-x5x ^ 2'


Note: This linter can be disabled with `set_option linter.style.whitespace false`
warning: Erdos9796Proof/P97/Census554/SevenPointSixCircleCollisionBCertificate.lean:62:24: missing space in the source

This part of the code
  '-x5x^2+2*x5x*x6x-x5y^2+2*x5y*x6y'
should be written as
  'x5x * x6x'


Note: This linter can be disabled with `set_option linter.style.whitespace false`
warning: Erdos9796Proof/P97/Census554/SevenPointSixCircleCollisionBCertificate.lean:62:28: missing space in the source

This part of the code
  '-x5x^2+2*x5x*x6x-x5y^2+2*x5y*x6y'
should be written as
  'x6x - x5y'


Note: This linter can be disabled with `set_option linter.style.whitespace false`
warning: Erdos9796Proof/P97/Census554/SevenPointSixCircleCollisionBCertificate.lean:62:32: missing space in the source

This part of the code
  '-x5x^2+2*x5x*x6x-x5y^2+2*x5y*x6y'
should be written as
  'x5y ^ 2'


Note: This linter can be disabled with `set_option linter.style.whitespace false`
warning: Erdos9796Proof/P97/Census554/SevenPointSixCircleCollisionBCertificate.lean:62:40: missing space in the source

This part of the code
  '-x5x^2+2*x5x*x6x-x5y^2+2*x5y*x6y ='
should be written as
  'x5y * x6y'


Note: This linter can be disabled with `set_option linter.style.whitespace false`
⚠ [8435/8690] Replayed Erdos9796Proof.P97.Census554.SevenPointTwinFourCircleCollision
warning: Erdos9796Proof/P97/Census554/SevenPointTwinFourCircleCollision.lean:30:0: Please, add a comment explaining the need for modifying the maxHeartbeat limit, as in
set_option maxHeartbeats 12000000 in
-- reason for change
...

Note: This linter can be disabled with `set_option linter.style.maxHeartbeats false`
⚠ [8438/8690] Replayed Erdos9796Proof.P97.Q3SharedInterior
warning: Erdos9796Proof/P97/Q3SharedInterior.lean:1004:4: Try `simp at hq` instead of `simpa using hq`

Note: This linter can be disabled with `set_option linter.unnecessarySimpa false`
warning: Erdos9796Proof/P97/Q3SharedInterior.lean:1034:2: Try `simp at hqInter` instead of `simpa using hqInter`

Note: This linter can be disabled with `set_option linter.unnecessarySimpa false`
warning: Erdos9796Proof/P97/Q3SharedInterior.lean:1096:4: Try `simp at hq` instead of `simpa using hq`

Note: This linter can be disabled with `set_option linter.unnecessarySimpa false`
warning: Erdos9796Proof/P97/Q3SharedInterior.lean:1126:2: Try `simp at hqInter` instead of `simpa using hqInter`

Note: This linter can be disabled with `set_option linter.unnecessarySimpa false`
⚠ [9078/9554] Replayed Erdos9796Proof.P97.SurplusCertificate.RelaxedSplit.Bank
warning: Erdos9796Proof/P97/SurplusCertificate/RelaxedSplit/Bank.lean:9:0: This file has no module docstring (`/-! ... -/`). Add one after the imports to document the file.

Note: This linter can be disabled with `set_option linter.style.moduleDocstring false`
⚠ [9082/9554] Replayed Erdos9796Proof.P97.ErasedCertificate.CardTenP4SeedP4U
warning: Erdos9796Proof/P97/ErasedCertificate/CardTenP4SeedP4U.lean:40:2: Try `simp at hmem` instead of `simpa using hmem`

Note: This linter can be disabled with `set_option linter.unnecessarySimpa false`
⚠ [9083/9554] Replayed Erdos9796Proof.P97.ErasedCertificate.CardTenP4SeedP4S1A
warning: Erdos9796Proof/P97/ErasedCertificate/CardTenP4SeedP4S1A.lean:25:2: Try `simp at hmem` instead of `simpa using hmem`

Note: This linter can be disabled with `set_option linter.unnecessarySimpa false`
⚠ [9084/9554] Replayed Erdos9796Proof.P97.ErasedCertificate.CardTenP4SeedP4S1B
warning: Erdos9796Proof/P97/ErasedCertificate/CardTenP4SeedP4S1B.lean:25:2: Try `simp at hmem` instead of `simpa using hmem`

Note: This linter can be disabled with `set_option linter.unnecessarySimpa false`
⚠ [9086/9554] Replayed Erdos9796Proof.P97.ErasedCertificate.CardTenP4SeedP4S2A
warning: Erdos9796Proof/P97/ErasedCertificate/CardTenP4SeedP4S2A.lean:25:2: Try `simp at hmem` instead of `simpa using hmem`

Note: This linter can be disabled with `set_option linter.unnecessarySimpa false`
⚠ [9087/9554] Replayed Erdos9796Proof.P97.ErasedCertificate.CardTenP4SeedP4S2B
warning: Erdos9796Proof/P97/ErasedCertificate/CardTenP4SeedP4S2B.lean:25:2: Try `simp at hmem` instead of `simpa using hmem`

Note: This linter can be disabled with `set_option linter.unnecessarySimpa false`
⚠ [9089/9554] Replayed Erdos9796Proof.P97.ErasedCertificate.CardTenP4SeedP4S3A
warning: Erdos9796Proof/P97/ErasedCertificate/CardTenP4SeedP4S3A.lean:25:2: Try `simp at hmem` instead of `simpa using hmem`

Note: This linter can be disabled with `set_option linter.unnecessarySimpa false`
⚠ [9090/9554] Replayed Erdos9796Proof.P97.ErasedCertificate.CardTenP4SeedP4S3B
warning: Erdos9796Proof/P97/ErasedCertificate/CardTenP4SeedP4S3B.lean:25:2: Try `simp at hmem` instead of `simpa using hmem`

Note: This linter can be disabled with `set_option linter.unnecessarySimpa false`
✔ [9093/9554] Built Erdos9796Proof.P97.EndpointCertificate.NormalAxisVariables (7.5s)
✔ [9094/9554] Built Erdos9796Proof.P97.Census554.SeparationMirror (7.4s)
✔ [9095/9554] Built Erdos9796Proof.P97.ATail.MinimalUniqueFourCover (7.7s)
✔ [9096/9554] Built Erdos9796Proof.P97.Census554.PinnedCarrierBridge (7.6s)
✔ [9097/9554] Built Erdos9796Proof.P97.Census554.Space (8.1s)
✔ [9098/9554] Built Erdos9796Proof.P97.Census554.CapSelectedFiniteCode (8.1s)
✔ [9099/9554] Built Erdos9796Proof.P97.EndpointCertificate.MetricShadow (5.4s)
✔ [9100/9554] Built Erdos9796Proof.P97.ATail.ApexRichClassStructure (5.4s)
✔ [9101/9554] Built Erdos9796Proof.P97.ErasedCertificate.ErasedNativeClassifier (5.7s)
✔ [9102/9554] Built Erdos9796Proof.P97.EndpointCertificate.GeneralMCardEleven (6.1s)
✔ [9103/9554] Built Erdos9796Proof.P97.EndpointCertificate.GeneratorZeros (5.1s)
⚠ [9104/9554] Built Erdos9796Proof.P97.ATail.FrontierLiveClosure (5.2s)
warning: Erdos9796Proof/P97/ATail/FrontierLiveClosure.lean:43:8: declaration uses 'sorry'
warning: Erdos9796Proof/P97/ATail/FrontierLiveClosure.lean:332:8: declaration uses 'sorry'
✔ [9105/9554] Built Erdos9796Proof.P97.EndpointCertificate.Geometry (19s)
✔ [9106/9554] Built Erdos9796Proof.P97.EndpointCertificate.RowZeros.Product.EpQ1009 (41s)
⚠ [9107/9554] Built Erdos9796Proof.P97.N8.N8kDistribution (60s)
warning: Erdos9796Proof/P97/N8/N8kDistribution.lean:33:0: This line exceeds the 100 character limit, please shorten it!

Note: This linter can be disabled with `set_option linter.style.longLine false`
warning: Erdos9796Proof/P97/N8/N8kDistribution.lean:238:0: This line exceeds the 100 character limit, please shorten it!

Note: This linter can be disabled with `set_option linter.style.longLine false`
warning: Erdos9796Proof/P97/N8/N8kDistribution.lean:319:0: This line exceeds the 100 character limit, please shorten it!

Note: This linter can be disabled with `set_option linter.style.longLine false`
warning: Erdos9796Proof/P97/N8/N8kDistribution.lean:835:5: unused variable `haA`

Note: This linter can be disabled with `set_option linter.unusedVariables false`
warning: Erdos9796Proof/P97/N8/N8kDistribution.lean:877:21: unused variable `hac`

Note: This linter can be disabled with `set_option linter.unusedVariables false`
warning: Erdos9796Proof/P97/N8/N8kDistribution.lean:878:35: unused variable `hcA`

Note: This linter can be disabled with `set_option linter.unusedVariables false`
warning: Erdos9796Proof/P97/N8/N8kDistribution.lean:880:20: unused variable `hxc`

Note: This linter can be disabled with `set_option linter.unusedVariables false`
warning: Erdos9796Proof/P97/N8/N8kDistribution.lean:895:0: This line exceeds the 100 character limit, please shorten it!

Note: This linter can be disabled with `set_option linter.style.longLine false`
warning: Erdos9796Proof/P97/N8/N8kDistribution.lean:902:0: This line exceeds the 100 character limit, please shorten it!

Note: This linter can be disabled with `set_option linter.style.longLine false`
warning: Erdos9796Proof/P97/N8/N8kDistribution.lean:919:43: unused variable `hr_pos`

Note: This linter can be disabled with `set_option linter.unusedVariables false`
warning: Erdos9796Proof/P97/N8/N8kDistribution.lean:940:0: This line exceeds the 100 character limit, please shorten it!

Note: This linter can be disabled with `set_option linter.style.longLine false`
warning: Erdos9796Proof/P97/N8/N8kDistribution.lean:942:0: This line exceeds the 100 character limit, please shorten it!

Note: This linter can be disabled with `set_option linter.style.longLine false`
warning: Erdos9796Proof/P97/N8/N8kDistribution.lean:944:0: This line exceeds the 100 character limit, please shorten it!

Note: This linter can be disabled with `set_option linter.style.longLine false`
warning: Erdos9796Proof/P97/N8/N8kDistribution.lean:955:0: This line exceeds the 100 character limit, please shorten it!

Note: This linter can be disabled with `set_option linter.style.longLine false`
warning: Erdos9796Proof/P97/N8/N8kDistribution.lean:965:0: This line exceeds the 100 character limit, please shorten it!

Note: This linter can be disabled with `set_option linter.style.longLine false`
warning: Erdos9796Proof/P97/N8/N8kDistribution.lean:967:0: This line exceeds the 100 character limit, please shorten it!

Note: This linter can be disabled with `set_option linter.style.longLine false`
warning: Erdos9796Proof/P97/N8/N8kDistribution.lean:968:0: This line exceeds the 100 character limit, please shorten it!

Note: This linter can be disabled with `set_option linter.style.longLine false`
warning: Erdos9796Proof/P97/N8/N8kDistribution.lean:977:0: This line exceeds the 100 character limit, please shorten it!

Note: This linter can be disabled with `set_option linter.style.longLine false`
warning: Erdos9796Proof/P97/N8/N8kDistribution.lean:978:0: This line exceeds the 100 character limit, please shorten it!

Note: This linter can be disabled with `set_option linter.style.longLine false`
warning: Erdos9796Proof/P97/N8/N8kDistribution.lean:981:0: This line exceeds the 100 character limit, please shorten it!

Note: This linter can be disabled with `set_option linter.style.longLine false`
warning: Erdos9796Proof/P97/N8/N8kDistribution.lean:983:0: This line exceeds the 100 character limit, please shorten it!

Note: This linter can be disabled with `set_option linter.style.longLine false`
warning: Erdos9796Proof/P97/N8/N8kDistribution.lean:984:0: This line exceeds the 100 character limit, please shorten it!

Note: This linter can be disabled with `set_option linter.style.longLine false`
warning: Erdos9796Proof/P97/N8/N8kDistribution.lean:992:0: This line exceeds the 100 character limit, please shorten it!

Note: This linter can be disabled with `set_option linter.style.longLine false`
warning: Erdos9796Proof/P97/N8/N8kDistribution.lean:1002:0: This line exceeds the 100 character limit, please shorten it!

Note: This linter can be disabled with `set_option linter.style.longLine false`
warning: Erdos9796Proof/P97/N8/N8kDistribution.lean:1011:0: This line exceeds the 100 character limit, please shorten it!

Note: This linter can be disabled with `set_option linter.style.longLine false`
warning: Erdos9796Proof/P97/N8/N8kDistribution.lean:1023:0: This line exceeds the 100 character limit, please shorten it!

Note: This linter can be disabled with `set_option linter.style.longLine false`
warning: Erdos9796Proof/P97/N8/N8kDistribution.lean:1025:0: This line exceeds the 100 character limit, please shorten it!

Note: This linter can be disabled with `set_option linter.style.longLine false`
warning: Erdos9796Proof/P97/N8/N8kDistribution.lean:1026:0: This line exceeds the 100 character limit, please shorten it!

Note: This linter can be disabled with `set_option linter.style.longLine false`
warning: Erdos9796Proof/P97/N8/N8kDistribution.lean:1035:0: This line exceeds the 100 character limit, please shorten it!

Note: This linter can be disabled with `set_option linter.style.longLine false`
warning: Erdos9796Proof/P97/N8/N8kDistribution.lean:1036:0: This line exceeds the 100 character limit, please shorten it!

Note: This linter can be disabled with `set_option linter.style.longLine false`
warning: Erdos9796Proof/P97/N8/N8kDistribution.lean:1039:0: This line exceeds the 100 character limit, please shorten it!

Note: This linter can be disabled with `set_option linter.style.longLine false`
warning: Erdos9796Proof/P97/N8/N8kDistribution.lean:1041:0: This line exceeds the 100 character limit, please shorten it!

Note: This linter can be disabled with `set_option linter.style.longLine false`
warning: Erdos9796Proof/P97/N8/N8kDistribution.lean:1042:0: This line exceeds the 100 character limit, please shorten it!

Note: This linter can be disabled with `set_option linter.style.longLine false`
warning: Erdos9796Proof/P97/N8/N8kDistribution.lean:1051:0: This line exceeds the 100 character limit, please shorten it!

Note: This linter can be disabled with `set_option linter.style.longLine false`
warning: Erdos9796Proof/P97/N8/N8kDistribution.lean:1057:0: This line exceeds the 100 character limit, please shorten it!

Note: This linter can be disabled with `set_option linter.style.longLine false`
warning: Erdos9796Proof/P97/N8/N8kDistribution.lean:1060:0: This line exceeds the 100 character limit, please shorten it!

Note: This linter can be disabled with `set_option linter.style.longLine false`
warning: Erdos9796Proof/P97/N8/N8kDistribution.lean:1061:0: This line exceeds the 100 character limit, please shorten it!

Note: This linter can be disabled with `set_option linter.style.longLine false`
warning: Erdos9796Proof/P97/N8/N8kDistribution.lean:1064:0: This line exceeds the 100 character limit, please shorten it!

Note: This linter can be disabled with `set_option linter.style.longLine false`
warning: Erdos9796Proof/P97/N8/N8kDistribution.lean:1066:0: This line exceeds the 100 character limit, please shorten it!

Note: This linter can be disabled with `set_option linter.style.longLine false`
warning: Erdos9796Proof/P97/N8/N8kDistribution.lean:1067:0: This line exceeds the 100 character limit, please shorten it!

Note: This linter can be disabled with `set_option linter.style.longLine false`
warning: Erdos9796Proof/P97/N8/N8kDistribution.lean:1076:0: This line exceeds the 100 character limit, please shorten it!

Note: This linter can be disabled with `set_option linter.style.longLine false`
warning: Erdos9796Proof/P97/N8/N8kDistribution.lean:1088:0: This line exceeds the 100 character limit, please shorten it!

Note: This linter can be disabled with `set_option linter.style.longLine false`
warning: Erdos9796Proof/P97/N8/N8kDistribution.lean:1090:0: This line exceeds the 100 character limit, please shorten it!

Note: This linter can be disabled with `set_option linter.style.longLine false`
warning: Erdos9796Proof/P97/N8/N8kDistribution.lean:1091:0: This line exceeds the 100 character limit, please shorten it!

Note: This linter can be disabled with `set_option linter.style.longLine false`
warning: Erdos9796Proof/P97/N8/N8kDistribution.lean:1372:59: This simp argument is unused:
  ite_false

Hint: Omit it from the simp argument list.
  simp only [ho_C1, ho_C2, ite_true,̵ ̵i̵t̵e̵_̵f̵a̵l̵s̵e̵] at hone

Note: This linter can be disabled with `set_option linter.unusedSimpArgs false`
warning: Erdos9796Proof/P97/N8/N8kDistribution.lean:1475:59: This simp argument is unused:
  ite_false

Hint: Omit it from the simp argument list.
  simp only [ho_C2, ho_C3, ite_true,̵ ̵i̵t̵e̵_̵f̵a̵l̵s̵e̵] at hone

Note: This linter can be disabled with `set_option linter.unusedSimpArgs false`
warning: Erdos9796Proof/P97/N8/N8kDistribution.lean:1576:59: This simp argument is unused:
  ite_false

Hint: Omit it from the simp argument list.
  simp only [ho_C1, ho_C3, ite_true,̵ ̵i̵t̵e̵_̵f̵a̵l̵s̵e̵] at hone

Note: This linter can be disabled with `set_option linter.unusedSimpArgs false`
warning: Erdos9796Proof/P97/N8/N8kDistribution.lean:1695:59: This simp argument is unused:
  ite_false

Hint: Omit it from the simp argument list.
  simp only [ho_C1, ho_C3, ite_true,̵ ̵i̵t̵e̵_̵f̵a̵l̵s̵e̵] at hone

Note: This linter can be disabled with `set_option linter.unusedSimpArgs false`
warning: Erdos9796Proof/P97/N8/N8kDistribution.lean:1804:59: This simp argument is unused:
  ite_false

Hint: Omit it from the simp argument list.
  simp only [ho_C1, ho_C2, ite_true,̵ ̵i̵t̵e̵_̵f̵a̵l̵s̵e̵] at hone

Note: This linter can be disabled with `set_option linter.unusedSimpArgs false`
warning: Erdos9796Proof/P97/N8/N8kDistribution.lean:1914:59: This simp argument is unused:
  ite_false

Hint: Omit it from the simp argument list.
  simp only [ho_C2, ho_C3, ite_true,̵ ̵i̵t̵e̵_̵f̵a̵l̵s̵e̵] at hone

Note: This linter can be disabled with `set_option linter.unusedSimpArgs false`
warning: Erdos9796Proof/P97/N8/N8kDistribution.lean:1098:0: Please, add a comment explaining the need for modifying the maxHeartbeat limit, as in
set_option maxHeartbeats 1600000 in
-- reason for change
...

Note: This linter can be disabled with `set_option linter.style.maxHeartbeats false`
warning: Erdos9796Proof/P97/N8/N8kDistribution.lean:1337:0: This line exceeds the 100 character limit, please shorten it!

Note: This linter can be disabled with `set_option linter.style.longLine false`
warning: Erdos9796Proof/P97/N8/N8kDistribution.lean:1341:0: This line exceeds the 100 character limit, please shorten it!

Note: This linter can be disabled with `set_option linter.style.longLine false`
warning: Erdos9796Proof/P97/N8/N8kDistribution.lean:1343:0: This line exceeds the 100 character limit, please shorten it!

Note: This linter can be disabled with `set_option linter.style.longLine false`
warning: Erdos9796Proof/P97/N8/N8kDistribution.lean:1344:0: This line exceeds the 100 character limit, please shorten it!

Note: This linter can be disabled with `set_option linter.style.longLine false`
warning: Erdos9796Proof/P97/N8/N8kDistribution.lean:1361:0: This line exceeds the 100 character limit, please shorten it!

Note: This linter can be disabled with `set_option linter.style.longLine false`
✔ [9108/9554] Built Erdos9796Proof.P97.EndpointCertificate.RowZeros.Direct.EpQ2077 (42s)
✔ [9109/9554] Built Erdos9796Proof.P97.EndpointCertificate.RowZeros.Direct.EpQ2083 (42s)
✔ [9110/9554] Built Erdos9796Proof.P97.EndpointCertificate.RowZeros.Direct.EpQ2075 (43s)
✔ [9111/9554] Built Erdos9796Proof.P97.EndpointCertificate.RowZeros.Product.EpQ2008 (43s)
✔ [9112/9554] Built Erdos9796Proof.P97.EndpointCertificate.RowZeros.Direct.EpQ2071 (43s)
✔ [9113/9554] Built Erdos9796Proof.P97.EndpointCertificate.RowZeros.Product.EpQ2024 (43s)
✔ [9114/9554] Built Erdos9796Proof.P97.EndpointCertificate.RowZeros.Product.EpQ2041 (43s)
✔ [9115/9554] Built Erdos9796Proof.P97.EndpointCertificate.RowZeros.Product.EpQ2054 (43s)
✔ [9116/9554] Built Erdos9796Proof.P97.EndpointCertificate.RowZeros.Direct.EpQ2068 (44s)
✔ [9117/9554] Built Erdos9796Proof.P97.EndpointCertificate.RowZeros.Product.EpQ2002 (44s)
✔ [9118/9554] Built Erdos9796Proof.P97.EndpointCertificate.RowZeros.Direct.EpQ2081 (44s)
✔ [9119/9554] Built Erdos9796Proof.P97.EndpointCertificate.RowZeros.Direct.EpQ2078 (44s)
✔ [9120/9554] Built Erdos9796Proof.P97.EndpointCertificate.RowZeros.Product.EpQ2019 (44s)
✔ [9121/9554] Built Erdos9796Proof.P97.EndpointCertificate.RowZeros.Product.EpQ2020 (44s)
✔ [9122/9554] Built Erdos9796Proof.P97.EndpointCertificate.RowZeros.Direct.EpQ2067 (44s)
✔ [9123/9554] Built Erdos9796Proof.P97.EndpointCertificate.RowZeros.Product.EpQ1008 (44s)
✔ [9124/9554] Built Erdos9796Proof.P97.EndpointCertificate.RowZeros.Direct.EpQ2072 (44s)
✔ [9125/9554] Built Erdos9796Proof.P97.EndpointCertificate.RowZeros.Direct.EpQ2073 (44s)
✔ [9126/9554] Built Erdos9796Proof.P97.EndpointCertificate.RowZeros.Direct.EpQ2076 (44s)
✔ [9127/9554] Built Erdos9796Proof.P97.EndpointCertificate.RowZeros.Direct.EpQ2079 (44s)
✔ [9128/9554] Built Erdos9796Proof.P97.EndpointCertificate.RowZeros.Direct.EpQ2080 (44s)
✔ [9129/9554] Built Erdos9796Proof.P97.EndpointCertificate.RowZeros.Product.EpQ1028 (44s)
✔ [9130/9554] Built Erdos9796Proof.P97.EndpointCertificate.RowZeros.Direct.EpQ2082 (44s)
✔ [9131/9554] Built Erdos9796Proof.P97.EndpointCertificate.RowZeros.Product.EpQ2074 (44s)
✔ [9132/9554] Built Erdos9796Proof.P97.EndpointCertificate.RowZeros.Direct.EpQ2066 (43s)
✔ [9133/9554] Built Erdos9796Proof.P97.EndpointCertificate.RowZeros.Direct.EpQ2070 (44s)
✔ [9134/9554] Built Erdos9796Proof.P97.EndpointCertificate.RowZeros.Product.EpQ2064 (44s)
✔ [9135/9554] Built Erdos9796Proof.P97.EndpointCertificate.RowZeros.Direct.EpQ2069 (17s)
✔ [9136/9554] Built Erdos9796Proof.P97.EndpointCertificate.RowZeros.Direct.EpQ2065 (21s)
✔ [9137/9554] Built Erdos9796Proof.P97.EndpointCertificate.RowZeros.Direct.EpQ2062 (24s)
✔ [9138/9554] Built Erdos9796Proof.P97.EndpointCertificate.RowZeros.Direct.EpQ2063 (26s)
✔ [9139/9554] Built Erdos9796Proof.P97.EndpointCertificate.RowZeros.Direct.EpQ2060 (34s)
✔ [9140/9554] Built Erdos9796Proof.P97.EndpointCertificate.RowZeros.Direct.EpQ2061 (34s)
✔ [9141/9554] Built Erdos9796Proof.P97.EndpointCertificate.RowZeros.Direct.EpQ2058 (38s)
✔ [9142/9554] Built Erdos9796Proof.P97.EndpointCertificate.RowZeros.Direct.EpQ2059 (39s)
✔ [9143/9554] Built Erdos9796Proof.P97.EndpointCertificate.RowZeros.Direct.EpQ2057 (39s)
✔ [9144/9554] Built Erdos9796Proof.P97.EndpointCertificate.RowZeros.Direct.EpQ2055 (39s)
✔ [9145/9554] Built Erdos9796Proof.P97.EndpointCertificate.RowZeros.Direct.EpQ2056 (40s)
✔ [9146/9554] Built Erdos9796Proof.P97.EndpointCertificate.RowZeros.Direct.EpQ2051 (40s)
✔ [9147/9554] Built Erdos9796Proof.P97.EndpointCertificate.RowZeros.Direct.EpQ2050 (40s)
✔ [9148/9554] Built Erdos9796Proof.P97.EndpointCertificate.RowZeros.Direct.EpQ2053 (40s)
✔ [9149/9554] Built Erdos9796Proof.P97.EndpointCertificate.RowZeros.Direct.EpQ2048 (40s)
✔ [9150/9554] Built Erdos9796Proof.P97.EndpointCertificate.RowZeros.Direct.EpQ2052 (40s)
✔ [9151/9554] Built Erdos9796Proof.P97.EndpointCertificate.RowZeros.Direct.EpQ2046 (40s)
✔ [9152/9554] Built Erdos9796Proof.P97.EndpointCertificate.RowZeros.Direct.EpQ2049 (41s)
✔ [9153/9554] Built Erdos9796Proof.P97.EndpointCertificate.RowZeros.Direct.EpQ2035 (40s)
✔ [9154/9554] Built Erdos9796Proof.P97.EndpointCertificate.RowZeros.Direct.EpQ2036 (40s)
✔ [9155/9554] Built Erdos9796Proof.P97.EndpointCertificate.RowZeros.Direct.EpQ2037 (40s)
✔ [9156/9554] Built Erdos9796Proof.P97.EndpointCertificate.RowZeros.Direct.EpQ2038 (40s)
✔ [9157/9554] Built Erdos9796Proof.P97.EndpointCertificate.RowZeros.Direct.EpQ2040 (40s)
✔ [9158/9554] Built Erdos9796Proof.P97.EndpointCertificate.RowZeros.Direct.EpQ2047 (41s)
✔ [9159/9554] Built Erdos9796Proof.P97.EndpointCertificate.RowZeros.Direct.EpQ2039 (40s)
✔ [9160/9554] Built Erdos9796Proof.P97.EndpointCertificate.RowZeros.Direct.EpQ2042 (40s)
✔ [9161/9554] Built Erdos9796Proof.P97.EndpointCertificate.RowZeros.Direct.EpQ2044 (40s)
✔ [9162/9554] Built Erdos9796Proof.P97.EndpointCertificate.RowZeros.Direct.EpQ2045 (40s)
✔ [9163/9554] Built Erdos9796Proof.P97.EndpointCertificate.RowZeros.Direct.EpQ2043 (41s)
✔ [9164/9554] Built Erdos9796Proof.P97.EndpointCertificate.RowZeros.Direct.EpQ2034 (27s)
✔ [9165/9554] Built Erdos9796Proof.P97.EndpointCertificate.RowZeros.Direct.EpQ2033 (23s)
✔ [9166/9554] Built Erdos9796Proof.P97.EndpointCertificate.RowZeros.Direct.EpQ2032 (19s)
✔ [9167/9554] Built Erdos9796Proof.P97.EndpointCertificate.RowZeros.Direct.EpQ2031 (18s)
✔ [9168/9554] Built Erdos9796Proof.P97.EndpointCertificate.RowZeros.Direct.EpQ2029 (9.0s)
✔ [9169/9554] Built Erdos9796Proof.P97.EndpointCertificate.RowZeros.Direct.EpQ2030 (9.9s)
✔ [9170/9554] Built Erdos9796Proof.P97.SurplusCOMPGBankGeometry (96s)
✔ [9171/9554] Built Erdos9796Proof.P97.EndpointCertificate.RowZeros.Direct.EpQ2028 (9.8s)
✔ [9172/9554] Built Erdos9796Proof.P97.EndpointCertificate.RowZeros.Direct.EpQ2027 (10s)
✔ [9173/9554] Built Erdos9796Proof.P97.EndpointCertificate.RowZeros.Direct.EpQ2026 (12s)
✔ [9174/9554] Built Erdos9796Proof.P97.EndpointCertificate.RowZeros.Direct.EpQ2025 (19s)
✔ [9175/9554] Built Erdos9796Proof.P97.EndpointCertificate.RowZeros.Direct.EpQ2023 (23s)
✔ [9176/9554] Built Erdos9796Proof.P97.EndpointCertificate.RowZeros.Direct.EpQ2022 (41s)
✔ [9177/9554] Built Erdos9796Proof.P97.EndpointCertificate.RowZeros.Direct.EpQ2017 (42s)
✔ [9178/9554] Built Erdos9796Proof.P97.EndpointCertificate.RowZeros.Direct.EpQ2021 (42s)
✔ [9179/9554] Built Erdos9796Proof.P97.EndpointCertificate.RowZeros.Direct.EpQ2018 (42s)
✔ [9180/9554] Built Erdos9796Proof.P97.EndpointCertificate.RowZeros.Direct.EpQ2016 (43s)
✔ [9181/9554] Built Erdos9796Proof.P97.EndpointCertificate.RowZeros.Direct.EpQ2014 (43s)
✔ [9182/9554] Built Erdos9796Proof.P97.EndpointCertificate.RowZeros.Direct.EpQ2015 (43s)
✔ [9183/9554] Built Erdos9796Proof.P97.EndpointCertificate.RowZeros.Direct.EpQ2009 (44s)
✔ [9184/9554] Built Erdos9796Proof.P97.EndpointCertificate.RowZeros.Direct.EpQ2012 (44s)
✔ [9185/9554] Built Erdos9796Proof.P97.EndpointCertificate.RowZeros.Direct.EpQ2001 (44s)
✔ [9186/9554] Built Erdos9796Proof.P97.EndpointCertificate.RowZeros.Direct.EpQ2003 (44s)
✔ [9187/9554] Built Erdos9796Proof.P97.EndpointCertificate.RowZeros.Direct.EpQ2004 (44s)
✔ [9188/9554] Built Erdos9796Proof.P97.EndpointCertificate.RowZeros.Direct.EpQ2005 (44s)
✔ [9189/9554] Built Erdos9796Proof.P97.EndpointCertificate.RowZeros.Direct.EpQ2006 (44s)
✔ [9190/9554] Built Erdos9796Proof.P97.EndpointCertificate.RowZeros.Direct.EpQ2007 (44s)
✔ [9191/9554] Built Erdos9796Proof.P97.EndpointCertificate.RowZeros.Direct.EpQ2010 (44s)
✔ [9192/9554] Built Erdos9796Proof.P97.EndpointCertificate.RowZeros.Direct.EpQ2011 (44s)
✔ [9193/9554] Built Erdos9796Proof.P97.EndpointCertificate.RowZeros.Direct.EpQ2013 (45s)
✔ [9194/9554] Built Erdos9796Proof.P97.EndpointCertificate.RowZeros.Direct.EpQ2000 (43s)
✔ [9195/9554] Built Erdos9796Proof.P97.EndpointCertificate.RowZeros.Direct.EpQ1031 (43s)
✔ [9196/9554] Built Erdos9796Proof.P97.EndpointCertificate.RowZeros.Direct.EpQ1032 (43s)
✔ [9197/9554] Built Erdos9796Proof.P97.EndpointCertificate.RowZeros.Direct.EpQ1027 (43s)
✔ [9198/9554] Built Erdos9796Proof.P97.EndpointCertificate.RowZeros.Direct.EpQ1029 (43s)
✔ [9199/9554] Built Erdos9796Proof.P97.EndpointCertificate.RowZeros.Direct.EpQ1030 (43s)
✔ [9200/9554] Built Erdos9796Proof.P97.EndpointCertificate.RowZeros.Direct.EpQ1025 (39s)
✔ [9201/9554] Built Erdos9796Proof.P97.EndpointCertificate.RowZeros.Direct.EpQ1024 (38s)
✔ [9202/9554] Built Erdos9796Proof.P97.EndpointCertificate.RowZeros.Direct.EpQ1026 (40s)
✔ [9203/9554] Built Erdos9796Proof.P97.EndpointCertificate.RowZeros.Direct.EpQ1022 (29s)
✔ [9204/9554] Built Erdos9796Proof.P97.EndpointCertificate.RowZeros.Direct.EpQ1023 (35s)
✔ [9205/9554] Built Erdos9796Proof.P97.EndpointCertificate.RowZeros.Direct.EpQ1021 (24s)
✔ [9206/9554] Built Erdos9796Proof.P97.EndpointCertificate.RowZeros.Direct.EpQ1020 (8.3s)
✔ [9207/9554] Built Erdos9796Proof.P97.EndpointCertificate.RowZeros.Direct.EpQ1018 (9.1s)
✔ [9208/9554] Built Erdos9796Proof.P97.EndpointCertificate.RowZeros.Direct.EpQ1019 (9.2s)
✔ [9209/9554] Built Erdos9796Proof.P97.EndpointCertificate.RowZeros.Direct.EpQ1017 (10s)
✔ [9210/9554] Built Erdos9796Proof.P97.EndpointCertificate.RowZeros.Direct.EpQ1016 (11s)
✔ [9211/9554] Built Erdos9796Proof.P97.EndpointCertificate.EndpointPlacementDispatch (155s)
✔ [9212/9554] Built Erdos9796Proof.P97.EndpointCertificate.RowZeros.Direct.EpQ1015 (17s)
✔ [9213/9554] Built Erdos9796Proof.P97.EndpointCertificate.RowZeros.Direct.EpQ1014 (17s)
✔ [9214/9554] Built Erdos9796Proof.P97.EndpointCertificate.RowZeros.Product.All (25s)
✔ [9215/9554] Built Erdos9796Proof.P97.N9Endpoint.Closure (25s)
✔ [9216/9554] Built Erdos9796Proof.P97.EndpointCertificate.RowZeros.Direct.EpQ1012 (27s)
✔ [9217/9554] Built Erdos9796Proof.P97.EndpointCertificate.RowZeros.Direct.EpQ1013 (27s)
✔ [9218/9554] Built Erdos9796Proof.P97.SurplusCertificate.GeometryCore (26s)
✔ [9219/9554] Built Erdos9796Proof.P97.EndpointCertificate.RowZeros.Direct.EpQ1000 (28s)
✔ [9220/9554] Built Erdos9796Proof.P97.EndpointCertificate.RowZeros.Direct.EpQ1001 (28s)
✔ [9221/9554] Built Erdos9796Proof.P97.EndpointCertificate.RowZeros.Direct.EpQ1002 (27s)
✔ [9222/9554] Built Erdos9796Proof.P97.EndpointCertificate.RowZeros.Direct.EpQ1003 (28s)
✔ [9223/9554] Built Erdos9796Proof.P97.EndpointCertificate.RowZeros.Direct.EpQ1004 (28s)
✔ [9224/9554] Built Erdos9796Proof.P97.EndpointCertificate.RowZeros.Direct.EpQ1005 (28s)
✔ [9225/9554] Built Erdos9796Proof.P97.EndpointCertificate.RowZeros.Direct.EpQ1006 (28s)
✔ [9226/9554] Built Erdos9796Proof.P97.EndpointCertificate.RowZeros.Direct.EpQ1007 (28s)
✔ [9227/9554] Built Erdos9796Proof.P97.EndpointCertificate.RowZeros.Direct.EpQ1010 (28s)
✔ [9228/9554] Built Erdos9796Proof.P97.EndpointCertificate.RowZeros.Direct.EpQ1011 (28s)
✔ [9229/9554] Built Erdos9796Proof.P97.PinnedHullOrder (29s)
✔ [9230/9554] Built Erdos9796Proof.P97.UniversalProblem97 (4.3s)
⚠ [9231/9554] Built Erdos9796Proof.P97.U1LargeCapRouteBTail (31s)
warning: Erdos9796Proof/P97/U1LargeCapRouteBTail.lean:3453:5: unused variable `hlocalNoQFree`

Note: This linter can be disabled with `set_option linter.unusedVariables false`
warning: Erdos9796Proof/P97/U1LargeCapRouteBTail.lean:3454:5: unused variable `hfixed`

Note: This linter can be disabled with `set_option linter.unusedVariables false`
warning: Erdos9796Proof/P97/U1LargeCapRouteBTail.lean:3455:5: unused variable `hbase`

Note: This linter can be disabled with `set_option linter.unusedVariables false`
warning: Erdos9796Proof/P97/U1LargeCapRouteBTail.lean:3463:5: unused variable `hqCap`

Note: This linter can be disabled with `set_option linter.unusedVariables false`
warning: Erdos9796Proof/P97/U1LargeCapRouteBTail.lean:3465:5: unused variable `hqNonMoser`

Note: This linter can be disabled with `set_option linter.unusedVariables false`
warning: Erdos9796Proof/P97/U1LargeCapRouteBTail.lean:3466:5: unused variable `hnotOppExact`

Note: This linter can be disabled with `set_option linter.unusedVariables false`
warning: Erdos9796Proof/P97/U1LargeCapRouteBTail.lean:3470:5: unused variable `hnoRem`

Note: This linter can be disabled with `set_option linter.unusedVariables false`
warning: Erdos9796Proof/P97/U1LargeCapRouteBTail.lean:3477:5: unused variable `hf2Center_eq_rowAt_center`

Note: This linter can be disabled with `set_option linter.unusedVariables false`
warning: Erdos9796Proof/P97/U1LargeCapRouteBTail.lean:3482:5: unused variable `hf2Selected_l1_eq_rowAt_l1`

Note: This linter can be disabled with `set_option linter.unusedVariables false`
warning: Erdos9796Proof/P97/U1LargeCapRouteBTail.lean:3487:5: unused variable `H`

Note: This linter can be disabled with `set_option linter.unusedVariables false`
✔ [9232/9554] Built Erdos9796Proof.P97.SurplusCertificate.RowZeros.DirectSoundness (4.6s)
✔ [9233/9554] Built Erdos9796Proof.P97.EndpointCertificate.RowZeros.Direct.All (4.1s)
✔ [9234/9554] Built Erdos9796Proof.P97.EndpointCertificate.GeometryCoverage (33s)
✔ [9235/9554] Built Erdos9796Proof.P97.Census554.CapSelectedNativeClassifierFacts (183s)
✔ [9236/9554] Built Erdos9796Proof.P97.SurplusCertificate.RowZeros.Product.R005UeqvR005YNY (46s)
✔ [9237/9554] Built Erdos9796Proof.P97.SurplusCertificate.RowZeros.Product.R010UeqvR010YY (46s)
✔ [9238/9554] Built Erdos9796Proof.P97.SurplusCertificate.RowZeros.Product.R014UeqvR014YY (49s)
✔ [9239/9554] Built Erdos9796Proof.P97.SurplusCertificate.RowZeros.Product.R013UeqvR013YYYY (49s)
✔ [9240/9554] Built Erdos9796Proof.P97.SurplusCertificate.RowZeros.Product.R007UeqvR007NY (50s)
✔ [9241/9554] Built Erdos9796Proof.P97.SurplusCertificate.RowZeros.Product.R009UeqvR009NNNNY (50s)
✔ [9242/9554] Built Erdos9796Proof.P97.SurplusCertificate.RowZeros.Product.R009UeqvR009NYYYY (50s)
✔ [9243/9554] Built Erdos9796Proof.P97.SurplusCertificate.RowZeros.Product.R010UeqvR010NYN (52s)
✔ [9244/9554] Built Erdos9796Proof.P97.SurplusCertificate.RowZeros.Product.R011UeqvR011NNNN (52s)
✔ [9245/9554] Built Erdos9796Proof.P97.SurplusCertificate.RowZeros.Product.R010UeqvR010YNN (52s)
✔ [9246/9554] Built Erdos9796Proof.P97.SurplusCertificate.RowZeros.Product.R013UeqvR013NNYY (52s)
✔ [9247/9554] Built Erdos9796Proof.P97.SurplusCertificate.RowZeros.Product.R009UeqvR009YNNNN (52s)
✔ [9248/9554] Built Erdos9796Proof.P97.SurplusCertificate.RowZeros.Product.R013UeqvR013YNNN (53s)
✔ [9249/9554] Built Erdos9796Proof.P97.SurplusCertificate.RowZeros.Product.R006UeqvR006 (53s)
✔ [9250/9554] Built Erdos9796Proof.P97.SurplusCertificate.RowZeros.Product.R009UeqvR009YYYNN (53s)
✔ [9251/9554] Built Erdos9796Proof.P97.MultiCenter.CapProfile (53s)
✔ [9252/9554] Built Erdos9796Proof.P97.SurplusCertificate.RowZeros.Product.R005UeqvR005NNNN (50s)
✔ [9253/9554] Built Erdos9796Proof.P97.SurplusCertificate.RowZeros.Product.R005UeqvR005NNY (52s)
✔ [9254/9554] Built Erdos9796Proof.P97.SurplusCertificate.RowZeros.Product.R005UeqvR005NYN (53s)
✔ [9255/9554] Built Erdos9796Proof.P97.SurplusCertificate.RowZeros.Product.R009UeqvR009NNNNN (53s)
✔ [9256/9554] Built Erdos9796Proof.P97.SurplusCertificate.RowZeros.Product.R009UeqvR009NNNYN (53s)
✔ [9257/9554] Built Erdos9796Proof.P97.SurplusCertificate.RowZeros.Product.R009UeqvR009NYNYN (53s)
✔ [9258/9554] Built Erdos9796Proof.P97.SurplusCertificate.RowZeros.Product.R009UeqvR009NYYNY (53s)
✔ [9259/9554] Built Erdos9796Proof.P97.SurplusCertificate.RowZeros.Product.R010UeqvR010NYY (53s)
✔ [9260/9554] Built Erdos9796Proof.P97.SurplusCertificate.RowZeros.Product.R011UeqvR011NNNY (53s)
✔ [9261/9554] Built Erdos9796Proof.P97.SurplusCertificate.RowZeros.Product.R011UeqvR011YYY (53s)
✔ [9262/9554] Built Erdos9796Proof.P97.SurplusCertificate.RowZeros.Product.R013UeqvR013NNYN (53s)
✔ [9263/9554] Built Erdos9796Proof.P97.SurplusCertificate.RowZeros.Product.R013UeqvR013NYYN (53s)
✔ [9264/9554] Built Erdos9796Proof.P97.SurplusCertificate.RowZeros.Product.R013UeqvR013YNNY (53s)
✔ [9265/9554] Built Erdos9796Proof.P97.SurplusCertificate.RowZeros.Product.R013UeqvR013YYNYN (53s)
✔ [9266/9554] Built Erdos9796Proof.P97.SurplusCertificate.RowZeros.Product.R013UeqvR013YYYN (53s)
✔ [9267/9554] Built Erdos9796Proof.P97.SurplusCertificate.RowZeros.Product.R003UeqvR003YY (42s)
✔ [9268/9554] Built Erdos9796Proof.P97.SurplusCertificate.RowZeros.Product.R003UeqvR003NY (8.8s)
✔ [9269/9554] Built Erdos9796Proof.P97.SurplusCertificate.RowZeros.Product.R003UeqvR003NN (8.0s)
✔ [9270/9554] Built Erdos9796Proof.P97.SurplusCertificate.RowZeros.Product.R002UeqvR002YNYN (7.4s)
✔ [9271/9554] Built Erdos9796Proof.P97.SurplusCertificate.RowZeros.Direct.R014UeqvR014YN (7.6s)
✔ [9272/9554] Built Erdos9796Proof.P97.SurplusCertificate.RowZeros.Direct.R014UeqvR014NNN (19s)
✔ [9273/9554] Built Erdos9796Proof.P97.SurplusCertificate.RowZeros.Direct.R014UeqvR014NNY (19s)
✔ [9274/9554] Built Erdos9796Proof.P97.SurplusCertificate.RowZeros.Direct.R014UeqvR014NY (19s)
✔ [9275/9554] Built Erdos9796Proof.P97.SurplusCertificate.RowZeros.Direct.R013UeqvR013YYNN (36s)
✔ [9276/9554] Built Erdos9796Proof.P97.SurplusCertificate.RowZeros.Direct.R013UeqvR013YYNYY (36s)
✔ [9277/9554] Built Erdos9796Proof.P97.SurplusCertificate.RowZeros.Direct.R013UeqvR013YNYN (39s)
✔ [9278/9554] Built Erdos9796Proof.P97.SurplusCertificate.RowZeros.Direct.R013UeqvR013YNYY (39s)
✔ [9279/9554] Built Erdos9796Proof.P97.SurplusCertificate.RowZeros.Direct.R013UeqvR013NYNY (47s)
✔ [9280/9554] Built Erdos9796Proof.P97.SurplusCertificate.RowZeros.Direct.R013UeqvR013NYYY (47s)
✔ [9281/9554] Built Erdos9796Proof.P97.SurplusCertificate.RowZeros.Direct.R013UeqvR013NYNN (48s)
✔ [9282/9554] Built Erdos9796Proof.P97.SurplusCertificate.RowZeros.Direct.R013UeqvR013NNNY (49s)
✔ [9283/9554] Built Erdos9796Proof.P97.SurplusCertificate.RowZeros.Direct.R011UeqvR011YNNN (49s)
✔ [9284/9554] Built Erdos9796Proof.P97.SurplusCertificate.RowZeros.Direct.R009UeqvR009YYYYY (50s)
✔ [9285/9554] Built Erdos9796Proof.P97.SurplusCertificate.RowZeros.Direct.R011UeqvR011NNY (51s)
✔ [9286/9554] Built Erdos9796Proof.P97.SurplusCertificate.RowZeros.Direct.R011UeqvR011NYY (51s)
✔ [9287/9554] Built Erdos9796Proof.P97.SurplusCertificate.RowZeros.Direct.R013UeqvR013NNNN (51s)
✔ [9288/9554] Built Erdos9796Proof.P97.SurplusCertificate.RowZeros.Direct.R009UeqvR009YYNYYN (49s)
✔ [9289/9554] Built Erdos9796Proof.P97.SurplusCertificate.RowZeros.Direct.R009UeqvR009YYNYYY (49s)
✔ [9290/9554] Built Erdos9796Proof.P97.SurplusCertificate.RowZeros.Direct.R009UeqvR009YYYNY (50s)
✔ [9291/9554] Built Erdos9796Proof.P97.SurplusCertificate.RowZeros.Direct.R009UeqvR009YYYYN (51s)
✔ [9292/9554] Built Erdos9796Proof.P97.SurplusCertificate.RowZeros.Direct.R010UeqvR010NN (51s)
✔ [9293/9554] Built Erdos9796Proof.P97.SurplusCertificate.RowZeros.Direct.R010UeqvR010YNY (51s)
✔ [9294/9554] Built Erdos9796Proof.P97.SurplusCertificate.RowZeros.Direct.R011Ueqs1R011NN (51s)
✔ [9295/9554] Built Erdos9796Proof.P97.SurplusCertificate.RowZeros.Direct.R011Ueqs1R011NY (51s)
✔ [9296/9554] Built Erdos9796Proof.P97.SurplusCertificate.RowZeros.Direct.R011Ueqs1R011Y (51s)
✔ [9297/9554] Built Erdos9796Proof.P97.SurplusCertificate.RowZeros.Direct.R011UeqvR011NYN (51s)
✔ [9298/9554] Built Erdos9796Proof.P97.SurplusCertificate.RowZeros.Direct.R011UeqvR011YNNY (51s)
✔ [9299/9554] Built Erdos9796Proof.P97.SurplusCertificate.RowZeros.Direct.R011UeqvR011YNY (51s)
✔ [9300/9554] Built Erdos9796Proof.P97.SurplusCertificate.RowZeros.Direct.R011UeqvR011YYN (51s)
✔ [9301/9554] Built Erdos9796Proof.P97.SurplusCertificate.RowZeros.Direct.R012UeqvR012 (51s)
✔ [9302/9554] Built Erdos9796Proof.P97.SurplusCertificate.RowZeros.Direct.R009UeqvR009YYNYN (47s)
✔ [9303/9554] Built Erdos9796Proof.P97.SurplusCertificate.RowZeros.Direct.R009UeqvR009YYNN (47s)
✔ [9304/9554] Built Erdos9796Proof.P97.SurplusCertificate.RowZeros.Direct.R009UeqvR009YNYNY (34s)
✔ [9305/9554] Built Erdos9796Proof.P97.SurplusCertificate.RowZeros.Direct.R009UeqvR009YNYYN (34s)
✔ [9306/9554] Built Erdos9796Proof.P97.SurplusCertificate.RowZeros.Direct.R009UeqvR009YNYYY (34s)
✔ [9307/9554] Built Erdos9796Proof.P97.SurplusCertificate.RowZeros.Direct.R009UeqvR009YNNNY (15s)
✔ [9308/9554] Built Erdos9796Proof.P97.SurplusCertificate.RowZeros.Direct.R009UeqvR009YNNYN (15s)
✔ [9309/9554] Built Erdos9796Proof.P97.SurplusCertificate.RowZeros.Direct.R009UeqvR009YNNYY (18s)
✔ [9310/9554] Built Erdos9796Proof.P97.SurplusCertificate.RowZeros.Direct.R009UeqvR009YNYNN (18s)
✔ [9311/9554] Built Erdos9796Proof.P97.SurplusCertificate.RowZeros.Direct.R009UeqvR009NYYYNN (7.7s)
✔ [9312/9554] Built Erdos9796Proof.P97.SurplusCertificate.RowZeros.Direct.R009UeqvR009NYYYNY (7.8s)
✔ [9313/9554] Built Erdos9796Proof.P97.SurplusCertificate.RowZeros.Direct.R009UeqvR009NYYNN (7.9s)
✔ [9314/9554] Built Erdos9796Proof.P97.SurplusCertificate.RowZeros.Direct.R009UeqvR009NYNYY (15s)
✔ [9315/9554] Built Erdos9796Proof.P97.SurplusCertificate.RowZeros.Direct.R009UeqvR009NYNNY (27s)
✔ [9316/9554] Built Erdos9796Proof.P97.SurplusCertificate.RowZeros.Direct.R009UeqvR009NNYY (45s)
✔ [9317/9554] Built Erdos9796Proof.P97.SurplusCertificate.RowZeros.Direct.R009UeqvR009NNYNNY (45s)
✔ [9318/9554] Built Erdos9796Proof.P97.SurplusCertificate.RowZeros.Direct.R009UeqvR009NYNNN (47s)
✔ [9319/9554] Built Erdos9796Proof.P97.SurplusCertificate.RowZeros.Direct.R009UeqvR009NNYNY (48s)
✔ [9320/9554] Built Erdos9796Proof.P97.SurplusCertificate.RowZeros.Direct.R008UeqvR008YYNN (49s)
✔ [9321/9554] Built Erdos9796Proof.P97.SurplusCertificate.RowZeros.Direct.R009Ueqs1R009NY (49s)
✔ [9322/9554] Built Erdos9796Proof.P97.SurplusCertificate.RowZeros.Direct.R009UeqvR009NNNYY (49s)
✔ [9323/9554] Built Erdos9796Proof.P97.SurplusCertificate.RowZeros.Direct.R009Ueqs1R009NN (50s)
✔ [9324/9554] Built Erdos9796Proof.P97.SurplusCertificate.RowZeros.Direct.R009Ueqs1R009Y (50s)
✔ [9325/9554] Built Erdos9796Proof.P97.SurplusCertificate.RowZeros.Direct.R008UeqvR008YNNN (50s)
✔ [9326/9554] Built Erdos9796Proof.P97.SurplusCertificate.RowZeros.Direct.R008UeqvR008YNYN (50s)
✔ [9327/9554] Built Erdos9796Proof.P97.SurplusCertificate.RowZeros.Direct.R008UeqvR008YNYY (50s)
✔ [9328/9554] Built Erdos9796Proof.P97.SurplusCertificate.RowZeros.Direct.R008UeqvR008YYYN (50s)
✔ [9329/9554] Built Erdos9796Proof.P97.SurplusCertificate.RowZeros.Direct.R008UeqvR008YYYY (50s)
✔ [9330/9554] Built Erdos9796Proof.P97.SurplusCertificate.RowZeros.Direct.R009UeqvR009NNYNNN (50s)
✔ [9331/9554] Built Erdos9796Proof.P97.SurplusCertificate.RowZeros.Direct.R008UeqvR008NNYN (49s)
✔ [9332/9554] Built Erdos9796Proof.P97.SurplusCertificate.RowZeros.Direct.R008UeqvR008NYNY (50s)
✔ [9333/9554] Built Erdos9796Proof.P97.SurplusCertificate.RowZeros.Direct.R008UeqvR008NYYN (51s)
✔ [9334/9554] Built Erdos9796Proof.P97.SurplusCertificate.RowZeros.Direct.R008UeqvR008NYYY (51s)
✔ [9335/9554] Built Erdos9796Proof.P97.SurplusCertificate.RowZeros.Direct.R008UeqvR008YNNY (51s)
✔ [9336/9554] Built Erdos9796Proof.P97.SurplusCertificate.RowZeros.Direct.R008UeqvR008YYNY (51s)
✔ [9337/9554] Built Erdos9796Proof.P97.SurplusCertificate.RowZeros.Direct.R008UeqvR008NYNN (50s)
✔ [9338/9554] Built Erdos9796Proof.P97.SurplusCertificate.RowZeros.Direct.R008UeqvR008NNYY (50s)
✔ [9339/9554] Built Erdos9796Proof.P97.SurplusCertificate.RowZeros.Direct.R007UeqvR007NN (47s)
✔ [9340/9554] Built Erdos9796Proof.P97.SurplusCertificate.RowZeros.Direct.R007UeqvR007YN (48s)
✔ [9341/9554] Built Erdos9796Proof.P97.SurplusCertificate.RowZeros.Direct.R008UeqvR008NNNN (49s)
✔ [9342/9554] Built Erdos9796Proof.P97.SurplusCertificate.RowZeros.Direct.R008UeqvR008NNNY (49s)
✔ [9343/9554] Built Erdos9796Proof.P97.SurplusCertificate.RowZeros.Direct.R005UeqvR005YYN (46s)
✔ [9344/9554] Built Erdos9796Proof.P97.SurplusCertificate.RowZeros.Direct.R005UeqvR005YYY (47s)
✔ [9345/9554] Built Erdos9796Proof.P97.SurplusCertificate.RowZeros.Direct.R007UeqvR007YY (49s)
✔ [9346/9554] Built Erdos9796Proof.P97.SurplusCertificate.RowZeros.Direct.R005UeqvR005YNNY (39s)
✔ [9347/9554] Built Erdos9796Proof.P97.SurplusCertificate.RowZeros.Direct.R005UeqvR005YNNN (26s)
✔ [9348/9554] Built Erdos9796Proof.P97.SurplusCertificate.RowZeros.Direct.R005UeqvR005NNNY (8.0s)
✔ [9349/9554] Built Erdos9796Proof.P97.SurplusCertificate.RowZeros.Direct.R005UeqvR005NYY (8.1s)
✔ [9350/9554] Built Erdos9796Proof.P97.SurplusCertificate.RowZeros.Direct.R004UeqvR004YYY (6.9s)
✔ [9351/9554] Built Erdos9796Proof.P97.SurplusCertificate.RowZeros.Direct.R004UeqvR004YYN (7.8s)
✔ [9352/9554] Built Erdos9796Proof.P97.SurplusCertificate.RowZeros.Direct.R004UeqvR004NYY (25s)
✔ [9353/9554] Built Erdos9796Proof.P97.SurplusCertificate.RowZeros.Direct.R004UeqvR004YNN (25s)
✔ [9354/9554] Built Erdos9796Proof.P97.SurplusCertificate.RowZeros.Direct.R004UeqvR004YNY (25s)
✔ [9355/9554] Built Erdos9796Proof.P97.SurplusCertificate.RowZeros.Direct.R004UeqvR004NYN (33s)
✔ [9356/9554] Built Erdos9796Proof.P97.SurplusCertificate.RowZeros.Direct.R004UeqvR004NNY (34s)
✔ [9357/9554] Built Erdos9796Proof.P97.SurplusCertificate.RowZeros.Direct.R003UeqvR003YN (34s)
✔ [9358/9554] Built Erdos9796Proof.P97.SurplusCertificate.RowZeros.Direct.R002UeqvR002YNYY (35s)
✔ [9359/9554] Built Erdos9796Proof.P97.SurplusCertificate.RowZeros.Direct.R002UeqvR002YYN (35s)
✔ [9360/9554] Built Erdos9796Proof.P97.SurplusCertificate.RowZeros.Direct.R004UeqvR004NNN (35s)
✔ [9361/9554] Built Erdos9796Proof.P97.SurplusCertificate.RowZeros.Direct.R002UeqvR002YNN (35s)
✔ [9362/9554] Built Erdos9796Proof.P97.SurplusCertificate.RowZeros.Direct.R002UeqvR002YYY (35s)
✔ [9363/9554] Built Erdos9796Proof.P97.SurplusCertificate.RowZeros.Direct.R000UeqvR000 (35s)
✔ [9364/9554] Built Erdos9796Proof.P97.SurplusCertificate.RowZeros.Direct.R001NoSeparatorR001N (35s)
✔ [9365/9554] Built Erdos9796Proof.P97.SurplusCertificate.RowZeros.Direct.R001NoSeparatorR001Y (35s)
✔ [9366/9554] Built Erdos9796Proof.P97.SurplusCertificate.RowZeros.Direct.R002UeqvR002NNNN (35s)
✔ [9367/9554] Built Erdos9796Proof.P97.SurplusCertificate.RowZeros.Direct.R002UeqvR002NNNY (35s)
✔ [9368/9554] Built Erdos9796Proof.P97.SurplusCertificate.RowZeros.Direct.R002UeqvR002NNY (35s)
✔ [9369/9554] Built Erdos9796Proof.P97.SurplusCertificate.RowZeros.Direct.R002UeqvR002NYN (35s)
✔ [9370/9554] Built Erdos9796Proof.P97.SurplusCertificate.RowZeros.Direct.R002UeqvR002NYYN (35s)
✔ [9371/9554] Built Erdos9796Proof.P97.SurplusCertificate.RowZeros.Direct.R002UeqvR002NYYY (35s)
✔ [9372/9554] Built Erdos9796Proof.P97.SurplusCertificate.RowZeros.Product.All (34s)
✔ [9373/9554] Built Erdos9796Proof.P97.Census554.GeometryBridge (36s)
✔ [9374/9554] Built Erdos9796Proof.P97.EndpointCertificate.RowZeros.Bank (38s)
✔ [9375/9554] Built Erdos9796Proof.P97.SurplusCertificate.RowZeros.Direct.All (3.8s)
✔ [9376/9554] Built Erdos9796Proof.P97.Census554.CapSelectedGeometry (6.2s)
✔ [9377/9554] Built Erdos9796Proof.P97.EndpointCertificate.ResidualSoundness (5.1s)
✔ [9378/9554] Built Erdos9796Proof.P97.Census554.CapSelectedNativeClassifierSound (44s)
✔ [9379/9554] Built Erdos9796Proof.P97.SurplusCertificate.RowZeros.Bank (7.0s)
⚠ [9380/9554] Built Erdos9796Proof.P97.Census554.CapSelectedNativeClassifierCoverage (5.1s)
warning: Erdos9796Proof/P97/Census554/CapSelectedNativeClassifierCoverage.lean:130:14: try 'simp' instead of 'simpa'

Note: This linter can be disabled with `set_option linter.unnecessarySimpa false`
warning: Erdos9796Proof/P97/Census554/CapSelectedNativeClassifierCoverage.lean:283:4: try 'simp' instead of 'simpa'

Note: This linter can be disabled with `set_option linter.unnecessarySimpa false`
✔ [9381/9554] Built Erdos9796Proof.P97.ErasedCertificate.ErasedClassifierSound (5.3s)
✔ [9382/9554] Built Erdos9796Proof.P97.EndpointCertificate.ResidualCoreData (6.3s)
⚠ [9383/9554] Built Erdos9796Proof.P97.EndpointCertificate.GeometryProducer (10s)
warning: Erdos9796Proof/P97/EndpointCertificate/GeometryProducer.lean:917:0: This line exceeds the 100 character limit, please shorten it!

Note: This linter can be disabled with `set_option linter.style.longLine false`
warning: Erdos9796Proof/P97/EndpointCertificate/GeometryProducer.lean:1158:0: This line exceeds the 100 character limit, please shorten it!

Note: This linter can be disabled with `set_option linter.style.longLine false`
warning: Erdos9796Proof/P97/EndpointCertificate/GeometryProducer.lean:1568:0: This line exceeds the 100 character limit, please shorten it!

Note: This linter can be disabled with `set_option linter.style.longLine false`
warning: Erdos9796Proof/P97/EndpointCertificate/GeometryProducer.lean:1444:18: The `show` tactic should only be used to indicate intermediate goal states for readability.
However, this tactic invocation changed the goal. Please use `change` instead for these purposes.

Note: This linter can be disabled with `set_option linter.style.show false`
warning: Erdos9796Proof/P97/EndpointCertificate/GeometryProducer.lean:1821:0: This line exceeds the 100 character limit, please shorten it!

Note: This linter can be disabled with `set_option linter.style.longLine false`
warning: Erdos9796Proof/P97/EndpointCertificate/GeometryProducer.lean:1684:4: The `show` tactic should only be used to indicate intermediate goal states for readability.
However, this tactic invocation changed the goal. Please use `change` instead for these purposes.

Note: This linter can be disabled with `set_option linter.style.show false`
✔ [9384/9554] Built Erdos9796Proof.P97.ErasedCertificate.P2PlacementDefs (5.7s)
✔ [9385/9554] Built Erdos9796Proof.P97.ErasedCertificate.P4SPlacementDefs (5.7s)
⚠ [9386/9554] Built Erdos9796Proof.P97.ErasedCertificate.ErasedClassifierCoverage (6.7s)
warning: Erdos9796Proof/P97/ErasedCertificate/ErasedClassifierCoverage.lean:106:14: try 'simp' instead of 'simpa'

Note: This linter can be disabled with `set_option linter.unnecessarySimpa false`
warning: Erdos9796Proof/P97/ErasedCertificate/ErasedClassifierCoverage.lean:272:2: 'simp [erasedPlacementCheckAt, hfixedLocal, hsearchFixed']' is a flexible tactic modifying '⊢'. Try 'simp?' and use the suggested 'simp only [...]'. Alternatively, use `suffices` to explicitly state the simplified form.

Note: This linter can be disabled with `set_option linter.flexible false`
info: Erdos9796Proof/P97/ErasedCertificate/ErasedClassifierCoverage.lean:273:2: 'exact hnoneEmptyFixed' uses '⊢'!
warning: Erdos9796Proof/P97/ErasedCertificate/ErasedClassifierCoverage.lean:312:2: 'simp [p4uVariableCenters] at hcenter' is a flexible tactic modifying 'hcenter'. Try 'simp?' and use the suggested 'simp only [...]'. Alternatively, use `suffices` to explicitly state the simplified form.

Note: This linter can be disabled with `set_option linter.flexible false`
info: Erdos9796Proof/P97/ErasedCertificate/ErasedClassifierCoverage.lean:312:2: Try this:
  [apply] simp only [Fin.isValue, Fin.ofNat_eq_cast, List.mem_cons, Fin.natCast_eq_zero, List.not_mem_nil, or_false,
    not_or] at hcenter
info: Erdos9796Proof/P97/ErasedCertificate/ErasedClassifierCoverage.lean:313:2: 'rcases hcenter with rfl | rfl | rfl | rfl | rfl | rfl | rfl | rfl' uses 'hcenter'!
warning: Erdos9796Proof/P97/ErasedCertificate/ErasedClassifierCoverage.lean:312:2: 'simp [p4uVariableCenters] at hcenter' is a flexible tactic modifying 'hcenter'. Try 'simp?' and use the suggested 'simp only [...]'. Alternatively, use `suffices` to explicitly state the simplified form.

Note: This linter can be disabled with `set_option linter.flexible false`
info: Erdos9796Proof/P97/ErasedCertificate/ErasedClassifierCoverage.lean:312:2: Try this:
  [apply] simp only [Fin.isValue, Fin.ofNat_eq_cast, List.mem_cons, Fin.natCast_eq_zero, List.not_mem_nil, or_false,
    not_or] at hcenter
info: Erdos9796Proof/P97/ErasedCertificate/ErasedClassifierCoverage.lean:314:4: 'decide' uses 'hcenter'!
warning: Erdos9796Proof/P97/ErasedCertificate/ErasedClassifierCoverage.lean:312:2: 'simp [p4uVariableCenters] at hcenter' is a flexible tactic modifying 'hcenter'. Try 'simp?' and use the suggested 'simp only [...]'. Alternatively, use `suffices` to explicitly state the simplified form.

Note: This linter can be disabled with `set_option linter.flexible false`
info: Erdos9796Proof/P97/ErasedCertificate/ErasedClassifierCoverage.lean:312:2: Try this:
  [apply] simp only [Fin.isValue, Fin.ofNat_eq_cast, List.mem_cons, Fin.natCast_eq_zero, List.not_mem_nil, or_false,
    not_or] at hcenter
info: Erdos9796Proof/P97/ErasedCertificate/ErasedClassifierCoverage.lean:314:4: 'decide' uses 'hcenter'!
warning: Erdos9796Proof/P97/ErasedCertificate/ErasedClassifierCoverage.lean:312:2: 'simp [p4uVariableCenters] at hcenter' is a flexible tactic modifying 'hcenter'. Try 'simp?' and use the suggested 'simp only [...]'. Alternatively, use `suffices` to explicitly state the simplified form.

Note: This linter can be disabled with `set_option linter.flexible false`
info: Erdos9796Proof/P97/ErasedCertificate/ErasedClassifierCoverage.lean:312:2: Try this:
  [apply] simp only [Fin.isValue, Fin.ofNat_eq_cast, List.mem_cons, Fin.natCast_eq_zero, List.not_mem_nil, or_false,
    not_or] at hcenter
info: Erdos9796Proof/P97/ErasedCertificate/ErasedClassifierCoverage.lean:314:4: 'decide' uses 'hcenter'!
warning: Erdos9796Proof/P97/ErasedCertificate/ErasedClassifierCoverage.lean:312:2: 'simp [p4uVariableCenters] at hcenter' is a flexible tactic modifying 'hcenter'. Try 'simp?' and use the suggested 'simp only [...]'. Alternatively, use `suffices` to explicitly state the simplified form.

Note: This linter can be disabled with `set_option linter.flexible false`
info: Erdos9796Proof/P97/ErasedCertificate/ErasedClassifierCoverage.lean:312:2: Try this:
  [apply] simp only [Fin.isValue, Fin.ofNat_eq_cast, List.mem_cons, Fin.natCast_eq_zero, List.not_mem_nil, or_false,
    not_or] at hcenter
info: Erdos9796Proof/P97/ErasedCertificate/ErasedClassifierCoverage.lean:314:4: 'decide' uses 'hcenter'!
warning: Erdos9796Proof/P97/ErasedCertificate/ErasedClassifierCoverage.lean:312:2: 'simp [p4uVariableCenters] at hcenter' is a flexible tactic modifying 'hcenter'. Try 'simp?' and use the suggested 'simp only [...]'. Alternatively, use `suffices` to explicitly state the simplified form.

Note: This linter can be disabled with `set_option linter.flexible false`
info: Erdos9796Proof/P97/ErasedCertificate/ErasedClassifierCoverage.lean:312:2: Try this:
  [apply] simp only [Fin.isValue, Fin.ofNat_eq_cast, List.mem_cons, Fin.natCast_eq_zero, List.not_mem_nil, or_false,
    not_or] at hcenter
info: Erdos9796Proof/P97/ErasedCertificate/ErasedClassifierCoverage.lean:314:4: 'decide' uses 'hcenter'!
warning: Erdos9796Proof/P97/ErasedCertificate/ErasedClassifierCoverage.lean:312:2: 'simp [p4uVariableCenters] at hcenter' is a flexible tactic modifying 'hcenter'. Try 'simp?' and use the suggested 'simp only [...]'. Alternatively, use `suffices` to explicitly state the simplified form.

Note: This linter can be disabled with `set_option linter.flexible false`
info: Erdos9796Proof/P97/ErasedCertificate/ErasedClassifierCoverage.lean:312:2: Try this:
  [apply] simp only [Fin.isValue, Fin.ofNat_eq_cast, List.mem_cons, Fin.natCast_eq_zero, List.not_mem_nil, or_false,
    not_or] at hcenter
info: Erdos9796Proof/P97/ErasedCertificate/ErasedClassifierCoverage.lean:314:4: 'decide' uses 'hcenter'!
warning: Erdos9796Proof/P97/ErasedCertificate/ErasedClassifierCoverage.lean:312:2: 'simp [p4uVariableCenters] at hcenter' is a flexible tactic modifying 'hcenter'. Try 'simp?' and use the suggested 'simp only [...]'. Alternatively, use `suffices` to explicitly state the simplified form.

Note: This linter can be disabled with `set_option linter.flexible false`
info: Erdos9796Proof/P97/ErasedCertificate/ErasedClassifierCoverage.lean:312:2: Try this:
  [apply] simp only [Fin.isValue, Fin.ofNat_eq_cast, List.mem_cons, Fin.natCast_eq_zero, List.not_mem_nil, or_false,
    not_or] at hcenter
info: Erdos9796Proof/P97/ErasedCertificate/ErasedClassifierCoverage.lean:314:4: 'decide' uses 'hcenter'!
warning: Erdos9796Proof/P97/ErasedCertificate/ErasedClassifierCoverage.lean:312:2: 'simp [p4uVariableCenters] at hcenter' is a flexible tactic modifying 'hcenter'. Try 'simp?' and use the suggested 'simp only [...]'. Alternatively, use `suffices` to explicitly state the simplified form.

Note: This linter can be disabled with `set_option linter.flexible false`
info: Erdos9796Proof/P97/ErasedCertificate/ErasedClassifierCoverage.lean:312:2: Try this:
  [apply] simp only [Fin.isValue, Fin.ofNat_eq_cast, List.mem_cons, Fin.natCast_eq_zero, List.not_mem_nil, or_false,
    not_or] at hcenter
info: Erdos9796Proof/P97/ErasedCertificate/ErasedClassifierCoverage.lean:314:4: 'decide' uses 'hcenter'!
warning: Erdos9796Proof/P97/ErasedCertificate/ErasedClassifierCoverage.lean:453:2: 'simp [erasedP4UPlacementCheck, hlocal₀', hlocal₁, hlocal₂,
    hcompatible₁', hcompatible₂', hsearchFixed']' is a flexible tactic modifying '⊢'. Try 'simp?' and use the suggested 'simp only [...]'. Alternatively, use `suffices` to explicitly state the simplified form.

Note: This linter can be disabled with `set_option linter.flexible false`
info: Erdos9796Proof/P97/ErasedCertificate/ErasedClassifierCoverage.lean:455:2: 'exact hnoneEmptyFixed'' uses '⊢'!
✔ [9387/9554] Built Erdos9796Proof.P97.Census554.CapSelectedNativeClosureSound (11s)
⚠ [9388/9554] Built Erdos9796Proof.P97.EndpointCertificate.OrderedCoreSigns (20s)
warning: Erdos9796Proof/P97/EndpointCertificate/OrderedCoreSigns.lean:225:0: Please, add a comment explaining the need for modifying the maxHeartbeat limit, as in
set_option maxHeartbeats 1000000 in
-- reason for change
...

Note: This linter can be disabled with `set_option linter.style.maxHeartbeats false`
✔ [9389/9554] Built Erdos9796Proof.P97.ErasedCertificate.P4UPlacements (21s)
⚠ [9390/9554] Built Erdos9796Proof.P97.ErasedCertificate.P4SPlacement6ASecondPart2Native (1296s)
warning: Erdos9796Proof/P97/ErasedCertificate/P4SPlacement6ASecondPart2Native.lean:14:0: Please, add a comment explaining the need for modifying the maxHeartbeat limit, as in
set_option maxHeartbeats 0 in
-- reason for change
...

Note: This linter can be disabled with `set_option linter.style.maxHeartbeats false`
⚠ [9391/9554] Built Erdos9796Proof.P97.ErasedCertificate.P4SPlacement6BSecondPart2Native (1353s)
warning: Erdos9796Proof/P97/ErasedCertificate/P4SPlacement6BSecondPart2Native.lean:14:0: Please, add a comment explaining the need for modifying the maxHeartbeat limit, as in
set_option maxHeartbeats 0 in
-- reason for change
...

Note: This linter can be disabled with `set_option linter.style.maxHeartbeats false`
⚠ [9392/9554] Built Erdos9796Proof.P97.ErasedCertificate.P4SPlacement5ASecondPart2Native (1460s)
warning: Erdos9796Proof/P97/ErasedCertificate/P4SPlacement5ASecondPart2Native.lean:14:0: Please, add a comment explaining the need for modifying the maxHeartbeat limit, as in
set_option maxHeartbeats 0 in
-- reason for change
...

Note: This linter can be disabled with `set_option linter.style.maxHeartbeats false`
⚠ [9393/9554] Built Erdos9796Proof.P97.ErasedCertificate.P4SPlacement4BSecondPart2Native (1485s)
warning: Erdos9796Proof/P97/ErasedCertificate/P4SPlacement4BSecondPart2Native.lean:14:0: Please, add a comment explaining the need for modifying the maxHeartbeat limit, as in
set_option maxHeartbeats 0 in
-- reason for change
...

Note: This linter can be disabled with `set_option linter.style.maxHeartbeats false`
⚠ [9394/9554] Built Erdos9796Proof.P97.ErasedCertificate.P4SPlacement5BSecondPart2Native (1487s)
warning: Erdos9796Proof/P97/ErasedCertificate/P4SPlacement5BSecondPart2Native.lean:14:0: Please, add a comment explaining the need for modifying the maxHeartbeat limit, as in
set_option maxHeartbeats 0 in
-- reason for change
...

Note: This linter can be disabled with `set_option linter.style.maxHeartbeats false`
⚠ [9395/9554] Built Erdos9796Proof.P97.ErasedCertificate.P4SPlacement4ASecondPart2Native (1570s)
warning: Erdos9796Proof/P97/ErasedCertificate/P4SPlacement4ASecondPart2Native.lean:14:0: Please, add a comment explaining the need for modifying the maxHeartbeat limit, as in
set_option maxHeartbeats 0 in
-- reason for change
...

Note: This linter can be disabled with `set_option linter.style.maxHeartbeats false`
⚠ [9396/9554] Built Erdos9796Proof.P97.ErasedCertificate.P4SPlacement6AFirstPart1Native (2134s)
warning: Erdos9796Proof/P97/ErasedCertificate/P4SPlacement6AFirstPart1Native.lean:14:0: Please, add a comment explaining the need for modifying the maxHeartbeat limit, as in
set_option maxHeartbeats 0 in
-- reason for change
...

Note: This linter can be disabled with `set_option linter.style.maxHeartbeats false`
⚠ [9397/9554] Built Erdos9796Proof.P97.ErasedCertificate.P4SPlacement6BFirstPart2Native (2213s)
warning: Erdos9796Proof/P97/ErasedCertificate/P4SPlacement6BFirstPart2Native.lean:14:0: Please, add a comment explaining the need for modifying the maxHeartbeat limit, as in
set_option maxHeartbeats 0 in
-- reason for change
...

Note: This linter can be disabled with `set_option linter.style.maxHeartbeats false`
⚠ [9398/9554] Built Erdos9796Proof.P97.ErasedCertificate.P4SPlacement6AFirstPart2Native (2251s)
warning: Erdos9796Proof/P97/ErasedCertificate/P4SPlacement6AFirstPart2Native.lean:14:0: Please, add a comment explaining the need for modifying the maxHeartbeat limit, as in
set_option maxHeartbeats 0 in
-- reason for change
...

Note: This linter can be disabled with `set_option linter.style.maxHeartbeats false`
⚠ [9399/9554] Built Erdos9796Proof.P97.ErasedCertificate.P4SPlacement6BFirstPart1Native (2281s)
warning: Erdos9796Proof/P97/ErasedCertificate/P4SPlacement6BFirstPart1Native.lean:14:0: Please, add a comment explaining the need for modifying the maxHeartbeat limit, as in
set_option maxHeartbeats 0 in
-- reason for change
...

Note: This linter can be disabled with `set_option linter.style.maxHeartbeats false`
⚠ [9400/9554] Built Erdos9796Proof.P97.ErasedCertificate.P4SPlacement4BFirstPart1Native (2360s)
warning: Erdos9796Proof/P97/ErasedCertificate/P4SPlacement4BFirstPart1Native.lean:14:0: Please, add a comment explaining the need for modifying the maxHeartbeat limit, as in
set_option maxHeartbeats 0 in
-- reason for change
...

Note: This linter can be disabled with `set_option linter.style.maxHeartbeats false`
⚠ [9401/9554] Built Erdos9796Proof.P97.ErasedCertificate.P4SPlacement5AFirstPart2Native (2372s)
warning: Erdos9796Proof/P97/ErasedCertificate/P4SPlacement5AFirstPart2Native.lean:14:0: Please, add a comment explaining the need for modifying the maxHeartbeat limit, as in
set_option maxHeartbeats 0 in
-- reason for change
...

Note: This linter can be disabled with `set_option linter.style.maxHeartbeats false`
⚠ [9402/9554] Built Erdos9796Proof.P97.ErasedCertificate.P4SPlacement5BFirstPart2Native (2374s)
warning: Erdos9796Proof/P97/ErasedCertificate/P4SPlacement5BFirstPart2Native.lean:14:0: Please, add a comment explaining the need for modifying the maxHeartbeat limit, as in
set_option maxHeartbeats 0 in
-- reason for change
...

Note: This linter can be disabled with `set_option linter.style.maxHeartbeats false`
⚠ [9403/9554] Built Erdos9796Proof.P97.ErasedCertificate.P4SPlacement5AFirstPart1Native (2383s)
warning: Erdos9796Proof/P97/ErasedCertificate/P4SPlacement5AFirstPart1Native.lean:14:0: Please, add a comment explaining the need for modifying the maxHeartbeat limit, as in
set_option maxHeartbeats 0 in
-- reason for change
...

Note: This linter can be disabled with `set_option linter.style.maxHeartbeats false`
⚠ [9404/9554] Built Erdos9796Proof.P97.ErasedCertificate.P4SPlacement4BFirstPart2Native (2400s)
warning: Erdos9796Proof/P97/ErasedCertificate/P4SPlacement4BFirstPart2Native.lean:14:0: Please, add a comment explaining the need for modifying the maxHeartbeat limit, as in
set_option maxHeartbeats 0 in
-- reason for change
...

Note: This linter can be disabled with `set_option linter.style.maxHeartbeats false`
⚠ [9405/9554] Built Erdos9796Proof.P97.ErasedCertificate.P4SPlacement5BFirstPart1Native (2496s)
warning: Erdos9796Proof/P97/ErasedCertificate/P4SPlacement5BFirstPart1Native.lean:14:0: Please, add a comment explaining the need for modifying the maxHeartbeat limit, as in
set_option maxHeartbeats 0 in
-- reason for change
...

Note: This linter can be disabled with `set_option linter.style.maxHeartbeats false`
⚠ [9406/9554] Built Erdos9796Proof.P97.ErasedCertificate.P4SPlacement3BSecondPart2Native (1465s)
warning: Erdos9796Proof/P97/ErasedCertificate/P4SPlacement3BSecondPart2Native.lean:14:0: Please, add a comment explaining the need for modifying the maxHeartbeat limit, as in
set_option maxHeartbeats 0 in
-- reason for change
...

Note: This linter can be disabled with `set_option linter.style.maxHeartbeats false`
⚠ [9407/9554] Built Erdos9796Proof.P97.ErasedCertificate.P4SPlacement6BSecondPart1Native (3244s)
warning: Erdos9796Proof/P97/ErasedCertificate/P4SPlacement6BSecondPart1Native.lean:14:0: Please, add a comment explaining the need for modifying the maxHeartbeat limit, as in
set_option maxHeartbeats 0 in
-- reason for change
...

Note: This linter can be disabled with `set_option linter.style.maxHeartbeats false`
⚠ [9408/9554] Built Erdos9796Proof.P97.ErasedCertificate.P4SPlacement4BSecondPart1Native (3274s)
warning: Erdos9796Proof/P97/ErasedCertificate/P4SPlacement4BSecondPart1Native.lean:14:0: Please, add a comment explaining the need for modifying the maxHeartbeat limit, as in
set_option maxHeartbeats 0 in
-- reason for change
...

Note: This linter can be disabled with `set_option linter.style.maxHeartbeats false`
⚠ [9409/9554] Built Erdos9796Proof.P97.ErasedCertificate.P4SPlacement6ASecondPart1Native (3295s)
warning: Erdos9796Proof/P97/ErasedCertificate/P4SPlacement6ASecondPart1Native.lean:14:0: Please, add a comment explaining the need for modifying the maxHeartbeat limit, as in
set_option maxHeartbeats 0 in
-- reason for change
...

Note: This linter can be disabled with `set_option linter.style.maxHeartbeats false`
⚠ [9410/9554] Built Erdos9796Proof.P97.ErasedCertificate.P4SPlacement5ASecondPart1Native (3332s)
warning: Erdos9796Proof/P97/ErasedCertificate/P4SPlacement5ASecondPart1Native.lean:14:0: Please, add a comment explaining the need for modifying the maxHeartbeat limit, as in
set_option maxHeartbeats 0 in
-- reason for change
...

Note: This linter can be disabled with `set_option linter.style.maxHeartbeats false`
⚠ [9411/9554] Built Erdos9796Proof.P97.ErasedCertificate.P4SPlacement5BSecondPart1Native (3443s)
warning: Erdos9796Proof/P97/ErasedCertificate/P4SPlacement5BSecondPart1Native.lean:14:0: Please, add a comment explaining the need for modifying the maxHeartbeat limit, as in
set_option maxHeartbeats 0 in
-- reason for change
...

Note: This linter can be disabled with `set_option linter.style.maxHeartbeats false`
⚠ [9412/9554] Built Erdos9796Proof.P97.ErasedCertificate.P2Placement10ASecondPart1Native (3717s)
warning: Erdos9796Proof/P97/ErasedCertificate/P2Placement10ASecondPart1Native.lean:14:0: Please, add a comment explaining the need for modifying the maxHeartbeat limit, as in
set_option maxHeartbeats 0 in
-- reason for change
...

Note: This linter can be disabled with `set_option linter.style.maxHeartbeats false`
⚠ [9413/9554] Built Erdos9796Proof.P97.ErasedCertificate.P2Placement10BSecondPart1Native (3729s)
warning: Erdos9796Proof/P97/ErasedCertificate/P2Placement10BSecondPart1Native.lean:14:0: Please, add a comment explaining the need for modifying the maxHeartbeat limit, as in
set_option maxHeartbeats 0 in
-- reason for change
...

Note: This linter can be disabled with `set_option linter.style.maxHeartbeats false`
⚠ [9414/9554] Built Erdos9796Proof.P97.ErasedCertificate.P4SPlacement3ASecondPart2Native (1507s)
warning: Erdos9796Proof/P97/ErasedCertificate/P4SPlacement3ASecondPart2Native.lean:14:0: Please, add a comment explaining the need for modifying the maxHeartbeat limit, as in
set_option maxHeartbeats 0 in
-- reason for change
...

Note: This linter can be disabled with `set_option linter.style.maxHeartbeats false`
⚠ [9415/9554] Built Erdos9796Proof.P97.ErasedCertificate.P4SPlacement4AFirstPart1Native (2354s)
warning: Erdos9796Proof/P97/ErasedCertificate/P4SPlacement4AFirstPart1Native.lean:14:0: Please, add a comment explaining the need for modifying the maxHeartbeat limit, as in
set_option maxHeartbeats 0 in
-- reason for change
...

Note: This linter can be disabled with `set_option linter.style.maxHeartbeats false`
⚠ [9416/9554] Built Erdos9796Proof.P97.ErasedCertificate.P4SPlacement4AFirstPart2Native (2486s)
warning: Erdos9796Proof/P97/ErasedCertificate/P4SPlacement4AFirstPart2Native.lean:14:0: Please, add a comment explaining the need for modifying the maxHeartbeat limit, as in
set_option maxHeartbeats 0 in
-- reason for change
...

Note: This linter can be disabled with `set_option linter.style.maxHeartbeats false`
⚠ [9417/9554] Built Erdos9796Proof.P97.ErasedCertificate.P2Placement10BFirstPart2Native (4217s)
warning: Erdos9796Proof/P97/ErasedCertificate/P2Placement10BFirstPart2Native.lean:14:0: Please, add a comment explaining the need for modifying the maxHeartbeat limit, as in
set_option maxHeartbeats 0 in
-- reason for change
...

Note: This linter can be disabled with `set_option linter.style.maxHeartbeats false`
⚠ [9418/9554] Built Erdos9796Proof.P97.ErasedCertificate.P2Placement10ASecondPart2Native (4246s)
warning: Erdos9796Proof/P97/ErasedCertificate/P2Placement10ASecondPart2Native.lean:14:0: Please, add a comment explaining the need for modifying the maxHeartbeat limit, as in
set_option maxHeartbeats 0 in
-- reason for change
...

Note: This linter can be disabled with `set_option linter.style.maxHeartbeats false`
⚠ [9419/9554] Built Erdos9796Proof.P97.ErasedCertificate.P2Placement10AFirstPart1Native (4257s)
warning: Erdos9796Proof/P97/ErasedCertificate/P2Placement10AFirstPart1Native.lean:14:0: Please, add a comment explaining the need for modifying the maxHeartbeat limit, as in
set_option maxHeartbeats 0 in
-- reason for change
...

Note: This linter can be disabled with `set_option linter.style.maxHeartbeats false`
⚠ [9420/9554] Built Erdos9796Proof.P97.ErasedCertificate.P4SPlacement3BFirstPart1Native (2047s)
warning: Erdos9796Proof/P97/ErasedCertificate/P4SPlacement3BFirstPart1Native.lean:14:0: Please, add a comment explaining the need for modifying the maxHeartbeat limit, as in
set_option maxHeartbeats 0 in
-- reason for change
...

Note: This linter can be disabled with `set_option linter.style.maxHeartbeats false`
⚠ [9421/9554] Built Erdos9796Proof.P97.ErasedCertificate.P2Placement10BFirstPart1Native (4309s)
warning: Erdos9796Proof/P97/ErasedCertificate/P2Placement10BFirstPart1Native.lean:14:0: Please, add a comment explaining the need for modifying the maxHeartbeat limit, as in
set_option maxHeartbeats 0 in
-- reason for change
...

Note: This linter can be disabled with `set_option linter.style.maxHeartbeats false`
⚠ [9422/9554] Built Erdos9796Proof.P97.ErasedCertificate.P2Placement10AFirstPart2Native (4364s)
warning: Erdos9796Proof/P97/ErasedCertificate/P2Placement10AFirstPart2Native.lean:14:0: Please, add a comment explaining the need for modifying the maxHeartbeat limit, as in
set_option maxHeartbeats 0 in
-- reason for change
...

Note: This linter can be disabled with `set_option linter.style.maxHeartbeats false`
✔ [9423/9554] Built Erdos9796Proof.P97.ErasedCertificate.ErasedClosureSound (5.0s)
✔ [9424/9554] Built Erdos9796Proof.P97.Census554.CapSelectedCarrierBridge (22s)
✔ [9425/9554] Built Erdos9796Proof.P97.EndpointCertificate.EndpointClassifierSound (5.9s)
⚠ [9426/9554] Built Erdos9796Proof.P97.ErasedCertificate.P2Placement9BFirstPart2Native (4404s)
warning: Erdos9796Proof/P97/ErasedCertificate/P2Placement9BFirstPart2Native.lean:14:0: Please, add a comment explaining the need for modifying the maxHeartbeat limit, as in
set_option maxHeartbeats 0 in
-- reason for change
...

Note: This linter can be disabled with `set_option linter.style.maxHeartbeats false`
✔ [9427/9554] Built Erdos9796Proof.P97.ErasedCertificate.P4SPlacement6AFirstNative (9.3s)
✔ [9428/9554] Built Erdos9796Proof.P97.ErasedCertificate.P4SPlacement6BFirstNative (9.3s)
✔ [9429/9554] Built Erdos9796Proof.P97.ErasedCertificate.P4SPlacement5AFirstNative (9.2s)
✔ [9430/9554] Built Erdos9796Proof.P97.ErasedCertificate.P4SPlacement4BFirstNative (9.3s)
✔ [9431/9554] Built Erdos9796Proof.P97.ErasedCertificate.P4SPlacement5BFirstNative (9.3s)
⚠ [9432/9554] Built Erdos9796Proof.P97.ErasedCertificate.P4SPlacement3AFirstPart1Native (2054s)
warning: Erdos9796Proof/P97/ErasedCertificate/P4SPlacement3AFirstPart1Native.lean:14:0: Please, add a comment explaining the need for modifying the maxHeartbeat limit, as in
set_option maxHeartbeats 0 in
-- reason for change
...

Note: This linter can be disabled with `set_option linter.style.maxHeartbeats false`
✔ [9433/9554] Built Erdos9796Proof.P97.ErasedCertificate.P4SPlacement6BSecondNative (9.9s)
✔ [9434/9554] Built Erdos9796Proof.P97.ErasedCertificate.P4SPlacement4BSecondNative (9.9s)
✔ [9435/9554] Built Erdos9796Proof.P97.ErasedCertificate.P4SPlacement6ASecondNative (9.7s)
✔ [9436/9554] Built Erdos9796Proof.P97.ErasedCertificate.P4SPlacement5ASecondNative (9.8s)
✔ [9437/9554] Built Erdos9796Proof.P97.ErasedCertificate.P4SPlacement5BSecondNative (9.8s)
✔ [9438/9554] Built Erdos9796Proof.P97.ErasedCertificate.P4SPlacement4AFirstNative (9.6s)
✔ [9439/9554] Built Erdos9796Proof.P97.ErasedCertificate.P2Placement10ASecondNative (8.0s)
✔ [9440/9554] Built Erdos9796Proof.P97.ErasedCertificate.P2Placement10BFirstNative (9.0s)
✔ [9441/9554] Built Erdos9796Proof.P97.ErasedCertificate.P2Placement10AFirstNative (8.9s)
✔ [9442/9554] Built Erdos9796Proof.P97.EndpointCertificate.BridgeStaging (5.4s)
⚠ [9443/9554] Built Erdos9796Proof.P97.Census554.CapSelectedPinnedShellBridge (5.0s)
warning: Erdos9796Proof/P97/Census554/CapSelectedPinnedShellBridge.lean:151:48: Try `simp at this` instead of `simpa using this`

Note: This linter can be disabled with `set_option linter.unnecessarySimpa false`
warning: Erdos9796Proof/P97/Census554/CapSelectedPinnedShellBridge.lean:156:48: Try `simp at this` instead of `simpa using this`

Note: This linter can be disabled with `set_option linter.unnecessarySimpa false`
warning: Erdos9796Proof/P97/Census554/CapSelectedPinnedShellBridge.lean:161:48: Try `simp at this` instead of `simpa using this`

Note: This linter can be disabled with `set_option linter.unnecessarySimpa false`
✔ [9444/9554] Built Erdos9796Proof.P97.ErasedCertificate.P4SPlacement6BNative (5.2s)
✔ [9445/9554] Built Erdos9796Proof.P97.EndpointCertificate.EndpointClosureSound (6.6s)
✔ [9446/9554] Built Erdos9796Proof.P97.ErasedCertificate.P4SPlacement4BNative (4.0s)
✔ [9447/9554] Built Erdos9796Proof.P97.ErasedCertificate.P4SPlacement6ANative (5.2s)
✔ [9448/9554] Built Erdos9796Proof.P97.ErasedCertificate.P4SPlacement5ANative (4.0s)
✔ [9449/9554] Built Erdos9796Proof.P97.ErasedCertificate.P4SPlacement5BNative (4.0s)
✔ [9450/9554] Built Erdos9796Proof.P97.ErasedCertificate.P2Placement10ANative (5.1s)
✔ [9451/9554] Built Erdos9796Proof.P97.EndpointCertificate.BridgeCarrier (6.1s)
✔ [9452/9554] Built Erdos9796Proof.P97.ErasedCertificate.P4SPlacement6B (4.0s)
✔ [9453/9554] Built Erdos9796Proof.P97.ErasedCertificate.P4SPlacement4B (4.0s)
✔ [9454/9554] Built Erdos9796Proof.P97.ErasedCertificate.P4SPlacement6A (5.2s)
✔ [9455/9554] Built Erdos9796Proof.P97.ErasedCertificate.P4SPlacement5A (5.1s)
✔ [9456/9554] Built Erdos9796Proof.P97.ErasedCertificate.P4SPlacement5B (5.0s)
✔ [9457/9554] Built Erdos9796Proof.P97.ErasedCertificate.P2Placement10A (5.2s)
✔ [9458/9554] Built Erdos9796Proof.P97.ErasedCertificate.CardElevenBridgeStaging (6.7s)
✔ [9459/9554] Built Erdos9796Proof.P97.EndpointCertificate.BridgeAssembly (6.2s)
✔ [9460/9554] Built Erdos9796Proof.P97.ErasedCertificate.P4SPlacement6 (4.0s)
✔ [9461/9554] Built Erdos9796Proof.P97.ErasedCertificate.P4SPlacement5 (4.9s)
✔ [9462/9554] Built Erdos9796Proof.P97.ErasedCertificate.CardElevenBlocker (5.9s)
✔ [9463/9554] Built Erdos9796Proof.P97.ErasedCertificate.CardElevenShellBridge (5.5s)
✔ [9464/9554] Built Erdos9796Proof.P97.ErasedCertificate.P4UClosure (5.4s)
✔ [9465/9554] Built Erdos9796Proof.P97.RemovableVertexAxiom.Base (20s)
✔ [9466/9554] Built Erdos9796Proof.P97.ErasedCertificate.CardTenProducer (11s)
✔ [9467/9554] Built Erdos9796Proof.P97.RemovableVertexAxiom.PinnedSurplusProducer (33s)
✔ [9468/9554] Built Erdos9796Proof.P97.RemovableVertexAxiom.PinnedSurplusGeneralM (8.2s)
✔ [9469/9554] Built Erdos9796Proof.P97.RemovableVertexAxiom.PinnedSurplusBank (5.2s)
⚠ [9470/9554] Built Erdos9796Proof.P97.ErasedCertificate.P4SPlacement4ASecondPart1Native (3266s)
warning: Erdos9796Proof/P97/ErasedCertificate/P4SPlacement4ASecondPart1Native.lean:14:0: Please, add a comment explaining the need for modifying the maxHeartbeat limit, as in
set_option maxHeartbeats 0 in
-- reason for change
...

Note: This linter can be disabled with `set_option linter.style.maxHeartbeats false`
✔ [9471/9554] Built Erdos9796Proof.P97.ErasedCertificate.P4SPlacement4ASecondNative (8.8s)
✔ [9472/9554] Built Erdos9796Proof.P97.ErasedCertificate.P4SPlacement4ANative (4.3s)
✔ [9473/9554] Built Erdos9796Proof.P97.ErasedCertificate.P4SPlacement4A (4.4s)
✔ [9474/9554] Built Erdos9796Proof.P97.ErasedCertificate.P4SPlacement4 (4.4s)
⚠ [9475/9554] Built Erdos9796Proof.P97.ErasedCertificate.P2Placement10BSecondPart2Native (4586s)
warning: Erdos9796Proof/P97/ErasedCertificate/P2Placement10BSecondPart2Native.lean:14:0: Please, add a comment explaining the need for modifying the maxHeartbeat limit, as in
set_option maxHeartbeats 0 in
-- reason for change
...

Note: This linter can be disabled with `set_option linter.style.maxHeartbeats false`
⚠ [9476/9554] Built Erdos9796Proof.P97.ErasedCertificate.P4SPlacement3BFirstPart2Native (2373s)
warning: Erdos9796Proof/P97/ErasedCertificate/P4SPlacement3BFirstPart2Native.lean:14:0: Please, add a comment explaining the need for modifying the maxHeartbeat limit, as in
set_option maxHeartbeats 0 in
-- reason for change
...

Note: This linter can be disabled with `set_option linter.style.maxHeartbeats false`
✔ [9477/9554] Built Erdos9796Proof.P97.ErasedCertificate.P2Placement10BSecondNative (8.3s)
✔ [9478/9554] Built Erdos9796Proof.P97.ErasedCertificate.P4SPlacement3BFirstNative (8.3s)
✔ [9479/9554] Built Erdos9796Proof.P97.ErasedCertificate.P2Placement10BNative (4.2s)
✔ [9480/9554] Built Erdos9796Proof.P97.ErasedCertificate.P2Placement10B (4.1s)
⚠ [9481/9554] Built Erdos9796Proof.P97.ErasedCertificate.P2Placement9BSecondPart1Native (4625s)
warning: Erdos9796Proof/P97/ErasedCertificate/P2Placement9BSecondPart1Native.lean:14:0: Please, add a comment explaining the need for modifying the maxHeartbeat limit, as in
set_option maxHeartbeats 0 in
-- reason for change
...

Note: This linter can be disabled with `set_option linter.style.maxHeartbeats false`
⚠ [9482/9554] Built Erdos9796Proof.P97.ErasedCertificate.P4SPlacement3AFirstPart2Native (2384s)
warning: Erdos9796Proof/P97/ErasedCertificate/P4SPlacement3AFirstPart2Native.lean:14:0: Please, add a comment explaining the need for modifying the maxHeartbeat limit, as in
set_option maxHeartbeats 0 in
-- reason for change
...

Note: This linter can be disabled with `set_option linter.style.maxHeartbeats false`
✔ [9483/9554] Built Erdos9796Proof.P97.ErasedCertificate.P4SPlacement3AFirstNative (7.7s)
⚠ [9484/9554] Built Erdos9796Proof.P97.ErasedCertificate.P2Placement9BSecondPart2Native (4781s)
warning: Erdos9796Proof/P97/ErasedCertificate/P2Placement9BSecondPart2Native.lean:14:0: Please, add a comment explaining the need for modifying the maxHeartbeat limit, as in
set_option maxHeartbeats 0 in
-- reason for change
...

Note: This linter can be disabled with `set_option linter.style.maxHeartbeats false`
✔ [9485/9554] Built Erdos9796Proof.P97.ErasedCertificate.P2Placement9BSecondNative (7.4s)
⚠ [9486/9554] Built Erdos9796Proof.P97.ErasedCertificate.P4SPlacement3BSecondPart1Native (2764s)
warning: Erdos9796Proof/P97/ErasedCertificate/P4SPlacement3BSecondPart1Native.lean:14:0: Please, add a comment explaining the need for modifying the maxHeartbeat limit, as in
set_option maxHeartbeats 0 in
-- reason for change
...

Note: This linter can be disabled with `set_option linter.style.maxHeartbeats false`
✔ [9487/9554] Built Erdos9796Proof.P97.ErasedCertificate.P4SPlacement3BSecondNative (7.7s)
✔ [9488/9554] Built Erdos9796Proof.P97.ErasedCertificate.P4SPlacement3BNative (4.1s)
✔ [9489/9554] Built Erdos9796Proof.P97.ErasedCertificate.P4SPlacement3B (3.9s)
⚠ [9490/9554] Built Erdos9796Proof.P97.ErasedCertificate.P4SPlacement3ASecondPart1Native (2785s)
warning: Erdos9796Proof/P97/ErasedCertificate/P4SPlacement3ASecondPart1Native.lean:14:0: Please, add a comment explaining the need for modifying the maxHeartbeat limit, as in
set_option maxHeartbeats 0 in
-- reason for change
...

Note: This linter can be disabled with `set_option linter.style.maxHeartbeats false`
✔ [9491/9554] Built Erdos9796Proof.P97.ErasedCertificate.P4SPlacement3ASecondNative (7.5s)
✔ [9492/9554] Built Erdos9796Proof.P97.ErasedCertificate.P4SPlacement3ANative (3.9s)
✔ [9493/9554] Built Erdos9796Proof.P97.ErasedCertificate.P4SPlacement3A (3.0s)
✔ [9494/9554] Built Erdos9796Proof.P97.ErasedCertificate.P4SPlacement3 (3.9s)
✔ [9495/9554] Built Erdos9796Proof.P97.ErasedCertificate.P4SPlacements (4.4s)
✔ [9496/9554] Built Erdos9796Proof.P97.ErasedCertificate.P4SClosure (4.1s)
⚠ [9497/9554] Built Erdos9796Proof.P97.ErasedCertificate.P2Placement9ASecondPart2Native (4437s)
warning: Erdos9796Proof/P97/ErasedCertificate/P2Placement9ASecondPart2Native.lean:14:0: Please, add a comment explaining the need for modifying the maxHeartbeat limit, as in
set_option maxHeartbeats 0 in
-- reason for change
...

Note: This linter can be disabled with `set_option linter.style.maxHeartbeats false`
⚠ [9498/9554] Built Erdos9796Proof.P97.ErasedCertificate.P2Placement9BFirstPart1Native (4467s)
warning: Erdos9796Proof/P97/ErasedCertificate/P2Placement9BFirstPart1Native.lean:14:0: Please, add a comment explaining the need for modifying the maxHeartbeat limit, as in
set_option maxHeartbeats 0 in
-- reason for change
...

Note: This linter can be disabled with `set_option linter.style.maxHeartbeats false`
✔ [9499/9554] Built Erdos9796Proof.P97.ErasedCertificate.P2Placement9BFirstNative (6.8s)
✔ [9500/9554] Built Erdos9796Proof.P97.ErasedCertificate.P2Placement9BNative (3.8s)
✔ [9501/9554] Built Erdos9796Proof.P97.ErasedCertificate.P2Placement9B (3.8s)
⚠ [9502/9554] Built Erdos9796Proof.P97.ErasedCertificate.P2Placement9ASecondPart1Native (3816s)
warning: Erdos9796Proof/P97/ErasedCertificate/P2Placement9ASecondPart1Native.lean:14:0: Please, add a comment explaining the need for modifying the maxHeartbeat limit, as in
set_option maxHeartbeats 0 in
-- reason for change
...

Note: This linter can be disabled with `set_option linter.style.maxHeartbeats false`
✔ [9503/9554] Built Erdos9796Proof.P97.ErasedCertificate.P2Placement9ASecondNative (6.7s)
⚠ [9504/9554] Built Erdos9796Proof.P97.ErasedCertificate.P2Placement9AFirstPart2Native (3846s)
warning: Erdos9796Proof/P97/ErasedCertificate/P2Placement9AFirstPart2Native.lean:14:0: Please, add a comment explaining the need for modifying the maxHeartbeat limit, as in
set_option maxHeartbeats 0 in
-- reason for change
...

Note: This linter can be disabled with `set_option linter.style.maxHeartbeats false`
⚠ [9505/9554] Built Erdos9796Proof.P97.ErasedCertificate.P2Placement9AFirstPart1Native (4050s)
warning: Erdos9796Proof/P97/ErasedCertificate/P2Placement9AFirstPart1Native.lean:14:0: Please, add a comment explaining the need for modifying the maxHeartbeat limit, as in
set_option maxHeartbeats 0 in
-- reason for change
...

Note: This linter can be disabled with `set_option linter.style.maxHeartbeats false`
✔ [9506/9554] Built Erdos9796Proof.P97.ErasedCertificate.P2Placement9AFirstNative (6.5s)
✔ [9507/9554] Built Erdos9796Proof.P97.ErasedCertificate.P2Placement9ANative (3.6s)
✔ [9508/9554] Built Erdos9796Proof.P97.ErasedCertificate.P2Placement9A (3.6s)
⚠ [9509/9554] Built Erdos9796Proof.P97.ErasedCertificate.P2Placement8BSecondPart1Native (3359s)
warning: Erdos9796Proof/P97/ErasedCertificate/P2Placement8BSecondPart1Native.lean:14:0: Please, add a comment explaining the need for modifying the maxHeartbeat limit, as in
set_option maxHeartbeats 0 in
-- reason for change
...

Note: This linter can be disabled with `set_option linter.style.maxHeartbeats false`
⚠ [9510/9554] Built Erdos9796Proof.P97.ErasedCertificate.P2Placement8BFirstPart1Native (3378s)
warning: Erdos9796Proof/P97/ErasedCertificate/P2Placement8BFirstPart1Native.lean:14:0: Please, add a comment explaining the need for modifying the maxHeartbeat limit, as in
set_option maxHeartbeats 0 in
-- reason for change
...

Note: This linter can be disabled with `set_option linter.style.maxHeartbeats false`
⚠ [9511/9554] Built Erdos9796Proof.P97.ErasedCertificate.P2Placement7BSecondPart1Native (3036s)
warning: Erdos9796Proof/P97/ErasedCertificate/P2Placement7BSecondPart1Native.lean:14:0: Please, add a comment explaining the need for modifying the maxHeartbeat limit, as in
set_option maxHeartbeats 0 in
-- reason for change
...

Note: This linter can be disabled with `set_option linter.style.maxHeartbeats false`
⚠ [9512/9554] Built Erdos9796Proof.P97.ErasedCertificate.P2Placement8AFirstPart1Native (3227s)
warning: Erdos9796Proof/P97/ErasedCertificate/P2Placement8AFirstPart1Native.lean:14:0: Please, add a comment explaining the need for modifying the maxHeartbeat limit, as in
set_option maxHeartbeats 0 in
-- reason for change
...

Note: This linter can be disabled with `set_option linter.style.maxHeartbeats false`
⚠ [9513/9554] Built Erdos9796Proof.P97.ErasedCertificate.P2Placement8ASecondPart1Native (3514s)
warning: Erdos9796Proof/P97/ErasedCertificate/P2Placement8ASecondPart1Native.lean:14:0: Please, add a comment explaining the need for modifying the maxHeartbeat limit, as in
set_option maxHeartbeats 0 in
-- reason for change
...

Note: This linter can be disabled with `set_option linter.style.maxHeartbeats false`
⚠ [9514/9554] Built Erdos9796Proof.P97.ErasedCertificate.P2Placement7BFirstPart2Native (3264s)
warning: Erdos9796Proof/P97/ErasedCertificate/P2Placement7BFirstPart2Native.lean:14:0: Please, add a comment explaining the need for modifying the maxHeartbeat limit, as in
set_option maxHeartbeats 0 in
-- reason for change
...

Note: This linter can be disabled with `set_option linter.style.maxHeartbeats false`
⚠ [9515/9554] Built Erdos9796Proof.P97.ErasedCertificate.P2Placement8BSecondPart2Native (4064s)
warning: Erdos9796Proof/P97/ErasedCertificate/P2Placement8BSecondPart2Native.lean:14:0: Please, add a comment explaining the need for modifying the maxHeartbeat limit, as in
set_option maxHeartbeats 0 in
-- reason for change
...

Note: This linter can be disabled with `set_option linter.style.maxHeartbeats false`
✔ [9516/9554] Built Erdos9796Proof.P97.ErasedCertificate.P2Placement8BSecondNative (6.6s)
⚠ [9517/9554] Built Erdos9796Proof.P97.ErasedCertificate.P2Placement7BFirstPart1Native (2930s)
warning: Erdos9796Proof/P97/ErasedCertificate/P2Placement7BFirstPart1Native.lean:14:0: Please, add a comment explaining the need for modifying the maxHeartbeat limit, as in
set_option maxHeartbeats 0 in
-- reason for change
...

Note: This linter can be disabled with `set_option linter.style.maxHeartbeats false`
⚠ [9518/9554] Built Erdos9796Proof.P97.ErasedCertificate.P2Placement7AFirstPart1Native (2843s)
warning: Erdos9796Proof/P97/ErasedCertificate/P2Placement7AFirstPart1Native.lean:14:0: Please, add a comment explaining the need for modifying the maxHeartbeat limit, as in
set_option maxHeartbeats 0 in
-- reason for change
...

Note: This linter can be disabled with `set_option linter.style.maxHeartbeats false`
✔ [9519/9554] Built Erdos9796Proof.P97.ErasedCertificate.P2Placement7BFirstNative (6.7s)
⚠ [9520/9554] Built Erdos9796Proof.P97.ErasedCertificate.P2Placement7BSecondPart2Native (3527s)
warning: Erdos9796Proof/P97/ErasedCertificate/P2Placement7BSecondPart2Native.lean:14:0: Please, add a comment explaining the need for modifying the maxHeartbeat limit, as in
set_option maxHeartbeats 0 in
-- reason for change
...

Note: This linter can be disabled with `set_option linter.style.maxHeartbeats false`
✔ [9521/9554] Built Erdos9796Proof.P97.ErasedCertificate.P2Placement7BSecondNative (6.6s)
✔ [9522/9554] Built Erdos9796Proof.P97.ErasedCertificate.P2Placement7BNative (3.5s)
✔ [9523/9554] Built Erdos9796Proof.P97.ErasedCertificate.P2Placement7B (3.5s)
⚠ [9524/9554] Built Erdos9796Proof.P97.ErasedCertificate.P2Placement8ASecondPart2Native (4007s)
warning: Erdos9796Proof/P97/ErasedCertificate/P2Placement8ASecondPart2Native.lean:14:0: Please, add a comment explaining the need for modifying the maxHeartbeat limit, as in
set_option maxHeartbeats 0 in
-- reason for change
...

Note: This linter can be disabled with `set_option linter.style.maxHeartbeats false`
⚠ [9525/9554] Built Erdos9796Proof.P97.ErasedCertificate.P2Placement7ASecondPart1Native (3085s)
warning: Erdos9796Proof/P97/ErasedCertificate/P2Placement7ASecondPart1Native.lean:14:0: Please, add a comment explaining the need for modifying the maxHeartbeat limit, as in
set_option maxHeartbeats 0 in
-- reason for change
...

Note: This linter can be disabled with `set_option linter.style.maxHeartbeats false`
✔ [9526/9554] Built Erdos9796Proof.P97.ErasedCertificate.P2Placement8ASecondNative (6.5s)
⚠ [9527/9554] Built Erdos9796Proof.P97.ErasedCertificate.P2Placement8BFirstPart2Native (4138s)
warning: Erdos9796Proof/P97/ErasedCertificate/P2Placement8BFirstPart2Native.lean:14:0: Please, add a comment explaining the need for modifying the maxHeartbeat limit, as in
set_option maxHeartbeats 0 in
-- reason for change
...

Note: This linter can be disabled with `set_option linter.style.maxHeartbeats false`
✔ [9528/9554] Built Erdos9796Proof.P97.ErasedCertificate.P2Placement8BFirstNative (6.7s)
✔ [9529/9554] Built Erdos9796Proof.P97.ErasedCertificate.P2Placement8BNative (3.7s)
✔ [9530/9554] Built Erdos9796Proof.P97.ErasedCertificate.P2Placement8B (3.6s)
⚠ [9531/9554] Built Erdos9796Proof.P97.ErasedCertificate.P2Placement7ASecondPart2Native (3339s)
warning: Erdos9796Proof/P97/ErasedCertificate/P2Placement7ASecondPart2Native.lean:14:0: Please, add a comment explaining the need for modifying the maxHeartbeat limit, as in
set_option maxHeartbeats 0 in
-- reason for change
...

Note: This linter can be disabled with `set_option linter.style.maxHeartbeats false`
✔ [9532/9554] Built Erdos9796Proof.P97.ErasedCertificate.P2Placement7ASecondNative (6.6s)
⚠ [9533/9554] Built Erdos9796Proof.P97.ErasedCertificate.P2Placement7AFirstPart2Native (3341s)
warning: Erdos9796Proof/P97/ErasedCertificate/P2Placement7AFirstPart2Native.lean:14:0: Please, add a comment explaining the need for modifying the maxHeartbeat limit, as in
set_option maxHeartbeats 0 in
-- reason for change
...

Note: This linter can be disabled with `set_option linter.style.maxHeartbeats false`
✔ [9534/9554] Built Erdos9796Proof.P97.ErasedCertificate.P2Placement7AFirstNative (6.7s)
✔ [9535/9554] Built Erdos9796Proof.P97.ErasedCertificate.P2Placement7ANative (3.5s)
✔ [9536/9554] Built Erdos9796Proof.P97.ErasedCertificate.P2Placement7A (3.5s)
⚠ [9537/9554] Built Erdos9796Proof.P97.ErasedCertificate.P2Placement8AFirstPart2Native (4108s)
warning: Erdos9796Proof/P97/ErasedCertificate/P2Placement8AFirstPart2Native.lean:14:0: Please, add a comment explaining the need for modifying the maxHeartbeat limit, as in
set_option maxHeartbeats 0 in
-- reason for change
...

Note: This linter can be disabled with `set_option linter.style.maxHeartbeats false`
✔ [9538/9554] Built Erdos9796Proof.P97.ErasedCertificate.P2Placement8AFirstNative (6.7s)
✔ [9539/9554] Built Erdos9796Proof.P97.ErasedCertificate.P2Placement8ANative (3.5s)
✔ [9540/9554] Built Erdos9796Proof.P97.ErasedCertificate.P2Placement8A (3.5s)
⚠ [9541/9554] Built Erdos9796Proof.P97.ErasedCertificate.P2Placements (3.8s)
warning: Erdos9796Proof/P97/ErasedCertificate/P2Placements.lean:36:2: 'simp [p2Centers] at hcenter' is a flexible tactic modifying 'hcenter'. Try 'simp?' and use the suggested 'simp only [...]'. Alternatively, use `suffices` to explicitly state the simplified form.

Note: This linter can be disabled with `set_option linter.flexible false`
info: Erdos9796Proof/P97/ErasedCertificate/P2Placements.lean:37:2: 'rcases hcenter with rfl | rfl | rfl | rfl' uses 'hcenter'!
✔ [9542/9554] Built Erdos9796Proof.P97.ErasedCertificate.P2Closure (3.7s)
⚠ [9543/9554] Built Erdos9796Proof.P97.RemovableVertexAxiom.ErasedPinRowResiduals (4.0s)
warning: Erdos9796Proof/P97/RemovableVertexAxiom/ErasedPinRowResiduals.lean:93:41: unused variable `hgt`

Note: This linter can be disabled with `set_option linter.unusedVariables false`
warning: Erdos9796Proof/P97/RemovableVertexAxiom/ErasedPinRowResiduals.lean:97:5: unused variable `hend1`

Note: This linter can be disabled with `set_option linter.unusedVariables false`
warning: Erdos9796Proof/P97/RemovableVertexAxiom/ErasedPinRowResiduals.lean:99:5: unused variable `hend2`

Note: This linter can be disabled with `set_option linter.unusedVariables false`
warning: Erdos9796Proof/P97/RemovableVertexAxiom/ErasedPinRowResiduals.lean:101:5: unused variable `hpin1`

Note: This linter can be disabled with `set_option linter.unusedVariables false`
warning: Erdos9796Proof/P97/RemovableVertexAxiom/ErasedPinRowResiduals.lean:103:5: unused variable `hpin2`

Note: This linter can be disabled with `set_option linter.unusedVariables false`
warning: Erdos9796Proof/P97/RemovableVertexAxiom/ErasedPinRowResiduals.lean:105:5: unused variable `hcontain`

Note: This linter can be disabled with `set_option linter.unusedVariables false`
warning: Erdos9796Proof/P97/RemovableVertexAxiom/ErasedPinRowResiduals.lean:151:41: unused variable `hgt`

Note: This linter can be disabled with `set_option linter.unusedVariables false`
warning: Erdos9796Proof/P97/RemovableVertexAxiom/ErasedPinRowResiduals.lean:155:5: unused variable `hend1`

Note: This linter can be disabled with `set_option linter.unusedVariables false`
warning: Erdos9796Proof/P97/RemovableVertexAxiom/ErasedPinRowResiduals.lean:157:5: unused variable `hend2`

Note: This linter can be disabled with `set_option linter.unusedVariables false`
warning: Erdos9796Proof/P97/RemovableVertexAxiom/ErasedPinRowResiduals.lean:159:5: unused variable `hpin1`

Note: This linter can be disabled with `set_option linter.unusedVariables false`
warning: Erdos9796Proof/P97/RemovableVertexAxiom/ErasedPinRowResiduals.lean:161:5: unused variable `hpin2`

Note: This linter can be disabled with `set_option linter.unusedVariables false`
warning: Erdos9796Proof/P97/RemovableVertexAxiom/ErasedPinRowResiduals.lean:163:5: unused variable `hcontain`

Note: This linter can be disabled with `set_option linter.unusedVariables false`
warning: Erdos9796Proof/P97/RemovableVertexAxiom/ErasedPinRowResiduals.lean:209:41: unused variable `hgt`

Note: This linter can be disabled with `set_option linter.unusedVariables false`
warning: Erdos9796Proof/P97/RemovableVertexAxiom/ErasedPinRowResiduals.lean:213:5: unused variable `hend1`

Note: This linter can be disabled with `set_option linter.unusedVariables false`
warning: Erdos9796Proof/P97/RemovableVertexAxiom/ErasedPinRowResiduals.lean:215:5: unused variable `hend2`

Note: This linter can be disabled with `set_option linter.unusedVariables false`
warning: Erdos9796Proof/P97/RemovableVertexAxiom/ErasedPinRowResiduals.lean:217:5: unused variable `hpin1`

Note: This linter can be disabled with `set_option linter.unusedVariables false`
warning: Erdos9796Proof/P97/RemovableVertexAxiom/ErasedPinRowResiduals.lean:219:5: unused variable `hpin2`

Note: This linter can be disabled with `set_option linter.unusedVariables false`
warning: Erdos9796Proof/P97/RemovableVertexAxiom/ErasedPinRowResiduals.lean:221:5: unused variable `hcontain`

Note: This linter can be disabled with `set_option linter.unusedVariables false`
warning: Erdos9796Proof/P97/RemovableVertexAxiom/ErasedPinRowResiduals.lean:267:41: unused variable `hgt`

Note: This linter can be disabled with `set_option linter.unusedVariables false`
warning: Erdos9796Proof/P97/RemovableVertexAxiom/ErasedPinRowResiduals.lean:271:5: unused variable `hend1`

Note: This linter can be disabled with `set_option linter.unusedVariables false`
warning: Erdos9796Proof/P97/RemovableVertexAxiom/ErasedPinRowResiduals.lean:273:5: unused variable `hend2`

Note: This linter can be disabled with `set_option linter.unusedVariables false`
warning: Erdos9796Proof/P97/RemovableVertexAxiom/ErasedPinRowResiduals.lean:275:5: unused variable `hpin1`

Note: This linter can be disabled with `set_option linter.unusedVariables false`
warning: Erdos9796Proof/P97/RemovableVertexAxiom/ErasedPinRowResiduals.lean:277:5: unused variable `hpin2`

Note: This linter can be disabled with `set_option linter.unusedVariables false`
warning: Erdos9796Proof/P97/RemovableVertexAxiom/ErasedPinRowResiduals.lean:279:5: unused variable `hcontain`

Note: This linter can be disabled with `set_option linter.unusedVariables false`
warning: Erdos9796Proof/P97/RemovableVertexAxiom/ErasedPinRowResiduals.lean:325:41: unused variable `hgt`

Note: This linter can be disabled with `set_option linter.unusedVariables false`
warning: Erdos9796Proof/P97/RemovableVertexAxiom/ErasedPinRowResiduals.lean:329:5: unused variable `hend1`

Note: This linter can be disabled with `set_option linter.unusedVariables false`
warning: Erdos9796Proof/P97/RemovableVertexAxiom/ErasedPinRowResiduals.lean:331:5: unused variable `hend2`

Note: This linter can be disabled with `set_option linter.unusedVariables false`
warning: Erdos9796Proof/P97/RemovableVertexAxiom/ErasedPinRowResiduals.lean:333:5: unused variable `hpin1`

Note: This linter can be disabled with `set_option linter.unusedVariables false`
warning: Erdos9796Proof/P97/RemovableVertexAxiom/ErasedPinRowResiduals.lean:335:5: unused variable `hpin2`

Note: This linter can be disabled with `set_option linter.unusedVariables false`
warning: Erdos9796Proof/P97/RemovableVertexAxiom/ErasedPinRowResiduals.lean:337:5: unused variable `hcontain`

Note: This linter can be disabled with `set_option linter.unusedVariables false`
warning: Erdos9796Proof/P97/RemovableVertexAxiom/ErasedPinRowResiduals.lean:383:41: unused variable `hgt`

Note: This linter can be disabled with `set_option linter.unusedVariables false`
warning: Erdos9796Proof/P97/RemovableVertexAxiom/ErasedPinRowResiduals.lean:387:5: unused variable `hend1`

Note: This linter can be disabled with `set_option linter.unusedVariables false`
warning: Erdos9796Proof/P97/RemovableVertexAxiom/ErasedPinRowResiduals.lean:389:5: unused variable `hend2`

Note: This linter can be disabled with `set_option linter.unusedVariables false`
warning: Erdos9796Proof/P97/RemovableVertexAxiom/ErasedPinRowResiduals.lean:391:5: unused variable `hpin1`

Note: This linter can be disabled with `set_option linter.unusedVariables false`
warning: Erdos9796Proof/P97/RemovableVertexAxiom/ErasedPinRowResiduals.lean:393:5: unused variable `hpin2`

Note: This linter can be disabled with `set_option linter.unusedVariables false`
warning: Erdos9796Proof/P97/RemovableVertexAxiom/ErasedPinRowResiduals.lean:395:5: unused variable `hcontain`

Note: This linter can be disabled with `set_option linter.unusedVariables false`
warning: Erdos9796Proof/P97/RemovableVertexAxiom/ErasedPinRowResiduals.lean:441:41: unused variable `hgt`

Note: This linter can be disabled with `set_option linter.unusedVariables false`
warning: Erdos9796Proof/P97/RemovableVertexAxiom/ErasedPinRowResiduals.lean:445:5: unused variable `hend1`

Note: This linter can be disabled with `set_option linter.unusedVariables false`
warning: Erdos9796Proof/P97/RemovableVertexAxiom/ErasedPinRowResiduals.lean:447:5: unused variable `hend2`

Note: This linter can be disabled with `set_option linter.unusedVariables false`
warning: Erdos9796Proof/P97/RemovableVertexAxiom/ErasedPinRowResiduals.lean:449:5: unused variable `hpin1`

Note: This linter can be disabled with `set_option linter.unusedVariables false`
warning: Erdos9796Proof/P97/RemovableVertexAxiom/ErasedPinRowResiduals.lean:451:5: unused variable `hpin2`

Note: This linter can be disabled with `set_option linter.unusedVariables false`
warning: Erdos9796Proof/P97/RemovableVertexAxiom/ErasedPinRowResiduals.lean:453:5: unused variable `hcontain`

Note: This linter can be disabled with `set_option linter.unusedVariables false`
warning: Erdos9796Proof/P97/RemovableVertexAxiom/ErasedPinRowResiduals.lean:499:41: unused variable `hgt`

Note: This linter can be disabled with `set_option linter.unusedVariables false`
warning: Erdos9796Proof/P97/RemovableVertexAxiom/ErasedPinRowResiduals.lean:503:5: unused variable `hend1`

Note: This linter can be disabled with `set_option linter.unusedVariables false`
warning: Erdos9796Proof/P97/RemovableVertexAxiom/ErasedPinRowResiduals.lean:505:5: unused variable `hend2`

Note: This linter can be disabled with `set_option linter.unusedVariables false`
warning: Erdos9796Proof/P97/RemovableVertexAxiom/ErasedPinRowResiduals.lean:507:5: unused variable `hpin1`

Note: This linter can be disabled with `set_option linter.unusedVariables false`
warning: Erdos9796Proof/P97/RemovableVertexAxiom/ErasedPinRowResiduals.lean:509:5: unused variable `hpin2`

Note: This linter can be disabled with `set_option linter.unusedVariables false`
warning: Erdos9796Proof/P97/RemovableVertexAxiom/ErasedPinRowResiduals.lean:511:5: unused variable `hcontain`

Note: This linter can be disabled with `set_option linter.unusedVariables false`
warning: Erdos9796Proof/P97/RemovableVertexAxiom/ErasedPinRowResiduals.lean:557:41: unused variable `hgt`

Note: This linter can be disabled with `set_option linter.unusedVariables false`
warning: Erdos9796Proof/P97/RemovableVertexAxiom/ErasedPinRowResiduals.lean:561:5: unused variable `hend1`

Note: This linter can be disabled with `set_option linter.unusedVariables false`
warning: Erdos9796Proof/P97/RemovableVertexAxiom/ErasedPinRowResiduals.lean:563:5: unused variable `hend2`

Note: This linter can be disabled with `set_option linter.unusedVariables false`
warning: Erdos9796Proof/P97/RemovableVertexAxiom/ErasedPinRowResiduals.lean:565:5: unused variable `hpin1`

Note: This linter can be disabled with `set_option linter.unusedVariables false`
warning: Erdos9796Proof/P97/RemovableVertexAxiom/ErasedPinRowResiduals.lean:567:5: unused variable `hpin2`

Note: This linter can be disabled with `set_option linter.unusedVariables false`
warning: Erdos9796Proof/P97/RemovableVertexAxiom/ErasedPinRowResiduals.lean:569:5: unused variable `hcontain`

Note: This linter can be disabled with `set_option linter.unusedVariables false`
warning: Erdos9796Proof/P97/RemovableVertexAxiom/ErasedPinRowResiduals.lean:617:41: unused variable `hgt`

Note: This linter can be disabled with `set_option linter.unusedVariables false`
warning: Erdos9796Proof/P97/RemovableVertexAxiom/ErasedPinRowResiduals.lean:621:5: unused variable `hend1`

Note: This linter can be disabled with `set_option linter.unusedVariables false`
warning: Erdos9796Proof/P97/RemovableVertexAxiom/ErasedPinRowResiduals.lean:623:5: unused variable `hend2`

Note: This linter can be disabled with `set_option linter.unusedVariables false`
warning: Erdos9796Proof/P97/RemovableVertexAxiom/ErasedPinRowResiduals.lean:625:5: unused variable `hpin1`

Note: This linter can be disabled with `set_option linter.unusedVariables false`
warning: Erdos9796Proof/P97/RemovableVertexAxiom/ErasedPinRowResiduals.lean:627:5: unused variable `hpin2`

Note: This linter can be disabled with `set_option linter.unusedVariables false`
warning: Erdos9796Proof/P97/RemovableVertexAxiom/ErasedPinRowResiduals.lean:629:5: unused variable `hcontain`

Note: This linter can be disabled with `set_option linter.unusedVariables false`
warning: Erdos9796Proof/P97/RemovableVertexAxiom/ErasedPinRowResiduals.lean:680:41: unused variable `hgt`

Note: This linter can be disabled with `set_option linter.unusedVariables false`
warning: Erdos9796Proof/P97/RemovableVertexAxiom/ErasedPinRowResiduals.lean:684:5: unused variable `hend1`

Note: This linter can be disabled with `set_option linter.unusedVariables false`
warning: Erdos9796Proof/P97/RemovableVertexAxiom/ErasedPinRowResiduals.lean:686:5: unused variable `hend2`

Note: This linter can be disabled with `set_option linter.unusedVariables false`
warning: Erdos9796Proof/P97/RemovableVertexAxiom/ErasedPinRowResiduals.lean:688:5: unused variable `hpin1`

Note: This linter can be disabled with `set_option linter.unusedVariables false`
warning: Erdos9796Proof/P97/RemovableVertexAxiom/ErasedPinRowResiduals.lean:690:5: unused variable `hpin2`

Note: This linter can be disabled with `set_option linter.unusedVariables false`
warning: Erdos9796Proof/P97/RemovableVertexAxiom/ErasedPinRowResiduals.lean:692:5: unused variable `hcontain`

Note: This linter can be disabled with `set_option linter.unusedVariables false`
warning: Erdos9796Proof/P97/RemovableVertexAxiom/ErasedPinRowResiduals.lean:738:41: unused variable `hgt`

Note: This linter can be disabled with `set_option linter.unusedVariables false`
warning: Erdos9796Proof/P97/RemovableVertexAxiom/ErasedPinRowResiduals.lean:742:5: unused variable `hend1`

Note: This linter can be disabled with `set_option linter.unusedVariables false`
warning: Erdos9796Proof/P97/RemovableVertexAxiom/ErasedPinRowResiduals.lean:744:5: unused variable `hend2`

Note: This linter can be disabled with `set_option linter.unusedVariables false`
warning: Erdos9796Proof/P97/RemovableVertexAxiom/ErasedPinRowResiduals.lean:746:5: unused variable `hpin1`

Note: This linter can be disabled with `set_option linter.unusedVariables false`
warning: Erdos9796Proof/P97/RemovableVertexAxiom/ErasedPinRowResiduals.lean:748:5: unused variable `hpin2`

Note: This linter can be disabled with `set_option linter.unusedVariables false`
warning: Erdos9796Proof/P97/RemovableVertexAxiom/ErasedPinRowResiduals.lean:750:5: unused variable `hcontain`

Note: This linter can be disabled with `set_option linter.unusedVariables false`
warning: Erdos9796Proof/P97/RemovableVertexAxiom/ErasedPinRowResiduals.lean:796:41: unused variable `hgt`

Note: This linter can be disabled with `set_option linter.unusedVariables false`
warning: Erdos9796Proof/P97/RemovableVertexAxiom/ErasedPinRowResiduals.lean:800:5: unused variable `hend1`

Note: This linter can be disabled with `set_option linter.unusedVariables false`
warning: Erdos9796Proof/P97/RemovableVertexAxiom/ErasedPinRowResiduals.lean:802:5: unused variable `hend2`

Note: This linter can be disabled with `set_option linter.unusedVariables false`
warning: Erdos9796Proof/P97/RemovableVertexAxiom/ErasedPinRowResiduals.lean:804:5: unused variable `hpin1`

Note: This linter can be disabled with `set_option linter.unusedVariables false`
warning: Erdos9796Proof/P97/RemovableVertexAxiom/ErasedPinRowResiduals.lean:806:5: unused variable `hpin2`

Note: This linter can be disabled with `set_option linter.unusedVariables false`
warning: Erdos9796Proof/P97/RemovableVertexAxiom/ErasedPinRowResiduals.lean:808:5: unused variable `hcontain`

Note: This linter can be disabled with `set_option linter.unusedVariables false`
warning: Erdos9796Proof/P97/RemovableVertexAxiom/ErasedPinRowResiduals.lean:854:41: unused variable `hgt`

Note: This linter can be disabled with `set_option linter.unusedVariables false`
warning: Erdos9796Proof/P97/RemovableVertexAxiom/ErasedPinRowResiduals.lean:858:5: unused variable `hend1`

Note: This linter can be disabled with `set_option linter.unusedVariables false`
warning: Erdos9796Proof/P97/RemovableVertexAxiom/ErasedPinRowResiduals.lean:860:5: unused variable `hend2`

Note: This linter can be disabled with `set_option linter.unusedVariables false`
warning: Erdos9796Proof/P97/RemovableVertexAxiom/ErasedPinRowResiduals.lean:862:5: unused variable `hpin1`

Note: This linter can be disabled with `set_option linter.unusedVariables false`
warning: Erdos9796Proof/P97/RemovableVertexAxiom/ErasedPinRowResiduals.lean:864:5: unused variable `hpin2`

Note: This linter can be disabled with `set_option linter.unusedVariables false`
warning: Erdos9796Proof/P97/RemovableVertexAxiom/ErasedPinRowResiduals.lean:866:5: unused variable `hcontain`

Note: This linter can be disabled with `set_option linter.unusedVariables false`
warning: Erdos9796Proof/P97/RemovableVertexAxiom/ErasedPinRowResiduals.lean:912:41: unused variable `hgt`

Note: This linter can be disabled with `set_option linter.unusedVariables false`
warning: Erdos9796Proof/P97/RemovableVertexAxiom/ErasedPinRowResiduals.lean:916:5: unused variable `hend1`

Note: This linter can be disabled with `set_option linter.unusedVariables false`
warning: Erdos9796Proof/P97/RemovableVertexAxiom/ErasedPinRowResiduals.lean:918:5: unused variable `hend2`

Note: This linter can be disabled with `set_option linter.unusedVariables false`
warning: Erdos9796Proof/P97/RemovableVertexAxiom/ErasedPinRowResiduals.lean:920:5: unused variable `hpin1`

Note: This linter can be disabled with `set_option linter.unusedVariables false`
warning: Erdos9796Proof/P97/RemovableVertexAxiom/ErasedPinRowResiduals.lean:922:5: unused variable `hpin2`

Note: This linter can be disabled with `set_option linter.unusedVariables false`
warning: Erdos9796Proof/P97/RemovableVertexAxiom/ErasedPinRowResiduals.lean:924:5: unused variable `hcontain`

Note: This linter can be disabled with `set_option linter.unusedVariables false`
warning: Erdos9796Proof/P97/RemovableVertexAxiom/ErasedPinRowResiduals.lean:970:41: unused variable `hgt`

Note: This linter can be disabled with `set_option linter.unusedVariables false`
warning: Erdos9796Proof/P97/RemovableVertexAxiom/ErasedPinRowResiduals.lean:974:5: unused variable `hend1`

Note: This linter can be disabled with `set_option linter.unusedVariables false`
warning: Erdos9796Proof/P97/RemovableVertexAxiom/ErasedPinRowResiduals.lean:976:5: unused variable `hend2`

Note: This linter can be disabled with `set_option linter.unusedVariables false`
warning: Erdos9796Proof/P97/RemovableVertexAxiom/ErasedPinRowResiduals.lean:978:5: unused variable `hpin1`

Note: This linter can be disabled with `set_option linter.unusedVariables false`
warning: Erdos9796Proof/P97/RemovableVertexAxiom/ErasedPinRowResiduals.lean:980:5: unused variable `hpin2`

Note: This linter can be disabled with `set_option linter.unusedVariables false`
warning: Erdos9796Proof/P97/RemovableVertexAxiom/ErasedPinRowResiduals.lean:982:5: unused variable `hcontain`

Note: This linter can be disabled with `set_option linter.unusedVariables false`
warning: Erdos9796Proof/P97/RemovableVertexAxiom/ErasedPinRowResiduals.lean:1028:41: unused variable `hgt`

Note: This linter can be disabled with `set_option linter.unusedVariables false`
warning: Erdos9796Proof/P97/RemovableVertexAxiom/ErasedPinRowResiduals.lean:1032:5: unused variable `hend1`

Note: This linter can be disabled with `set_option linter.unusedVariables false`
warning: Erdos9796Proof/P97/RemovableVertexAxiom/ErasedPinRowResiduals.lean:1034:5: unused variable `hend2`

Note: This linter can be disabled with `set_option linter.unusedVariables false`
warning: Erdos9796Proof/P97/RemovableVertexAxiom/ErasedPinRowResiduals.lean:1036:5: unused variable `hpin1`

Note: This linter can be disabled with `set_option linter.unusedVariables false`
warning: Erdos9796Proof/P97/RemovableVertexAxiom/ErasedPinRowResiduals.lean:1038:5: unused variable `hpin2`

Note: This linter can be disabled with `set_option linter.unusedVariables false`
warning: Erdos9796Proof/P97/RemovableVertexAxiom/ErasedPinRowResiduals.lean:1040:5: unused variable `hcontain`

Note: This linter can be disabled with `set_option linter.unusedVariables false`
warning: Erdos9796Proof/P97/RemovableVertexAxiom/ErasedPinRowResiduals.lean:1086:41: unused variable `hgt`

Note: This linter can be disabled with `set_option linter.unusedVariables false`
warning: Erdos9796Proof/P97/RemovableVertexAxiom/ErasedPinRowResiduals.lean:1090:5: unused variable `hend1`

Note: This linter can be disabled with `set_option linter.unusedVariables false`
warning: Erdos9796Proof/P97/RemovableVertexAxiom/ErasedPinRowResiduals.lean:1092:5: unused variable `hend2`

Note: This linter can be disabled with `set_option linter.unusedVariables false`
warning: Erdos9796Proof/P97/RemovableVertexAxiom/ErasedPinRowResiduals.lean:1094:5: unused variable `hpin1`

Note: This linter can be disabled with `set_option linter.unusedVariables false`
warning: Erdos9796Proof/P97/RemovableVertexAxiom/ErasedPinRowResiduals.lean:1096:5: unused variable `hpin2`

Note: This linter can be disabled with `set_option linter.unusedVariables false`
warning: Erdos9796Proof/P97/RemovableVertexAxiom/ErasedPinRowResiduals.lean:1098:5: unused variable `hcontain`

Note: This linter can be disabled with `set_option linter.unusedVariables false`
warning: Erdos9796Proof/P97/RemovableVertexAxiom/ErasedPinRowResiduals.lean:1144:41: unused variable `hgt`

Note: This linter can be disabled with `set_option linter.unusedVariables false`
warning: Erdos9796Proof/P97/RemovableVertexAxiom/ErasedPinRowResiduals.lean:1148:5: unused variable `hend1`

Note: This linter can be disabled with `set_option linter.unusedVariables false`
warning: Erdos9796Proof/P97/RemovableVertexAxiom/ErasedPinRowResiduals.lean:1150:5: unused variable `hend2`

Note: This linter can be disabled with `set_option linter.unusedVariables false`
warning: Erdos9796Proof/P97/RemovableVertexAxiom/ErasedPinRowResiduals.lean:1152:5: unused variable `hpin1`

Note: This linter can be disabled with `set_option linter.unusedVariables false`
warning: Erdos9796Proof/P97/RemovableVertexAxiom/ErasedPinRowResiduals.lean:1154:5: unused variable `hpin2`

Note: This linter can be disabled with `set_option linter.unusedVariables false`
warning: Erdos9796Proof/P97/RemovableVertexAxiom/ErasedPinRowResiduals.lean:1156:5: unused variable `hcontain`

Note: This linter can be disabled with `set_option linter.unusedVariables false`
warning: Erdos9796Proof/P97/RemovableVertexAxiom/ErasedPinRowResiduals.lean:1204:41: unused variable `hgt`

Note: This linter can be disabled with `set_option linter.unusedVariables false`
warning: Erdos9796Proof/P97/RemovableVertexAxiom/ErasedPinRowResiduals.lean:1208:5: unused variable `hend1`

Note: This linter can be disabled with `set_option linter.unusedVariables false`
warning: Erdos9796Proof/P97/RemovableVertexAxiom/ErasedPinRowResiduals.lean:1210:5: unused variable `hend2`

Note: This linter can be disabled with `set_option linter.unusedVariables false`
warning: Erdos9796Proof/P97/RemovableVertexAxiom/ErasedPinRowResiduals.lean:1212:5: unused variable `hpin1`

Note: This linter can be disabled with `set_option linter.unusedVariables false`
warning: Erdos9796Proof/P97/RemovableVertexAxiom/ErasedPinRowResiduals.lean:1214:5: unused variable `hpin2`

Note: This linter can be disabled with `set_option linter.unusedVariables false`
warning: Erdos9796Proof/P97/RemovableVertexAxiom/ErasedPinRowResiduals.lean:1216:5: unused variable `hcontain`

Note: This linter can be disabled with `set_option linter.unusedVariables false`
⚠ [9544/9554] Built Erdos9796Proof.P97.RemovableVertexAxiom.Continuation (6.4s)
warning: Erdos9796Proof/P97/RemovableVertexAxiom/Continuation.lean:114:41: unused variable `hgt`

Note: This linter can be disabled with `set_option linter.unusedVariables false`
warning: Erdos9796Proof/P97/RemovableVertexAxiom/Continuation.lean:118:5: unused variable `hend1`

Note: This linter can be disabled with `set_option linter.unusedVariables false`
warning: Erdos9796Proof/P97/RemovableVertexAxiom/Continuation.lean:120:5: unused variable `hend2`

Note: This linter can be disabled with `set_option linter.unusedVariables false`
warning: Erdos9796Proof/P97/RemovableVertexAxiom/Continuation.lean:122:5: unused variable `hpin1`

Note: This linter can be disabled with `set_option linter.unusedVariables false`
warning: Erdos9796Proof/P97/RemovableVertexAxiom/Continuation.lean:124:5: unused variable `hpin2`

Note: This linter can be disabled with `set_option linter.unusedVariables false`
warning: Erdos9796Proof/P97/RemovableVertexAxiom/Continuation.lean:139:41: unused variable `hgt`

Note: This linter can be disabled with `set_option linter.unusedVariables false`
warning: Erdos9796Proof/P97/RemovableVertexAxiom/Continuation.lean:143:5: unused variable `hend1`

Note: This linter can be disabled with `set_option linter.unusedVariables false`
warning: Erdos9796Proof/P97/RemovableVertexAxiom/Continuation.lean:145:5: unused variable `hend2`

Note: This linter can be disabled with `set_option linter.unusedVariables false`
warning: Erdos9796Proof/P97/RemovableVertexAxiom/Continuation.lean:147:5: unused variable `hpin1`

Note: This linter can be disabled with `set_option linter.unusedVariables false`
warning: Erdos9796Proof/P97/RemovableVertexAxiom/Continuation.lean:149:5: unused variable `hpin2`

Note: This linter can be disabled with `set_option linter.unusedVariables false`
warning: Erdos9796Proof/P97/RemovableVertexAxiom/Continuation.lean:151:5: unused variable `hcontain`

Note: This linter can be disabled with `set_option linter.unusedVariables false`
✔ [9545/9554] Built Erdos9796Proof.P97.RemovableVertexAxiom (3.8s)
✔ [9546/9554] Built Erdos9796Proof.P97.Descent (4.0s)
✔ [9547/9554] Built Erdos9796Proof.P97.UniversalLocal (4.1s)
✔ [9548/9554] Built Erdos9796Proof.P97.UpstreamBridge (4.7s)
✔ [9549/9554] Built Erdos9796Proof.P96.EuclideanPeeling (5.1s)
✔ [9550/9554] Built Erdos9796Proof.P96.UpstreamBridge (4.0s)
✔ [9551/9554] Built Erdos9796Proof (3.8s)
✔ [9553/9554] Built Erdos9796 (3.8s)
Build completed successfully (9554 jobs).
