{
  "bank_sha256": "0d5ef140da27c709d21392db4fdc090ea7ef613585d0257d9a5bde8556c0cafe",
  "created_utc_epoch": 1783913585.6565702,
  "cube": {
    "0": [
      2,
      3,
      5,
      6
    ],
    "1": [
      0,
      3,
      7,
      8
    ],
    "10": [
      0,
      3,
      4,
      5
    ],
    "2": [
      4,
      7,
      9,
      10
    ],
    "3": [
      2,
      4,
      7,
      8
    ],
    "4": [
      1,
      3,
      6,
      9
    ],
    "5": [
      1,
      2,
      3,
      4
    ],
    "6": [
      1,
      5,
      7,
      10
    ],
    "7": [
      6,
      8,
      9,
      10
    ],
    "8": [
      0,
      1,
      2,
      10
    ],
    "9": [
      0,
      4,
      6,
      8
    ]
  },
  "elapsed_s": 752.201359415998,
  "min_support_k": 6,
  "patterns": [
    {
      "0": [
        2,
        3,
        5
      ],
      "10": [
        0,
        3,
        4,
        5
      ],
      "2": [
        4,
        10
      ],
      "3": [
        2,
        4
      ],
      "5": [
        2,
        3,
        4
      ]
    }
  ],
  "probe_result_sha256": "17ac133322132482064bb25e6f65bb709372f4c5d448ab0b65654a8edf2d0e46",
  "schema": "census554_frontier_recovery_dead_supports.v1"
}
