Problem97.u5ModeADeletion_orderResidual_of_largeCapInterior	lean/RVOL/P97/C5D3BBoundedRecovery.lean	74	source-proved	theorem u5ModeADeletion_orderResidual_of_largeCapInterior {D : CounterexampleData} {z : ℝ²} (hmin : D.Minimal) (hM44 : D.IsM44) (hU2 : U2Statement D) (hModeA : U5ModeA D) (hDel : U5ModeADeletion D) (hzLarge : z ∈ largeCapInterior D) : ∃ p ∈ D.A, p ∉ ({D.packet.triangle.v1, D.packet.triangle.v2, D.packet.triangle.v3, z} : Finset ℝ²) ∧ muP (D.skeleton z) p = 3 ∧ (∃ r : ℝ, 0 < r ∧ dist p z = r ∧ (((D.skeleton z).erase p).filter (fun y => dist p y = r)).card = 3) ∧ U5StrictOrderViolation D z p
Problem97.false_of_largeCapInterior_localSameCircleOrAuditedSupport	lean/RVOL/P97/C5D3BBoundedRecovery.lean	109	source-proved	theorem false_of_largeCapInterior_localSameCircleOrAuditedSupport {D : CounterexampleData} {z : ℝ²} (hmin : D.Minimal) (hM44 : D.IsM44) (hU2 : U2Statement D) (hModeA : U5ModeA D) (hDel : U5ModeADeletion D) (hzLarge : z ∈ largeCapInterior D) (hpayload : ∀ {p : ℝ²}, p ∈ D.A → p ∉ ({D.packet.triangle.v1, D.packet.triangle.v2, D.packet.triangle.v3, z} : Finset ℝ²) → muP (D.skeleton z) p = 3 → U3LocalizedNoQFreePacket.localSameCircleOrAuditedSupport D z p) : False
Problem97.false_of_largeCapInterior_u5ResidualLocalPayloadCandidate	lean/RVOL/P97/C5D3BBoundedRecovery.lean	146	source-proved	theorem false_of_largeCapInterior_u5ResidualLocalPayloadCandidate {D : CounterexampleData} {z : ℝ²} (hmin : D.Minimal) (hM44 : D.IsM44) (hU2 : U2Statement D) (hModeA : U5ModeA D) (hDel : U5ModeADeletion D) (hzLarge : z ∈ largeCapInterior D) (hpayload : ∀ {p : ℝ²}, p ∈ D.A → p ∉ ({D.packet.triangle.v1, D.packet.triangle.v2, D.packet.triangle.v3, z} : Finset ℝ²) → muP (D.skeleton z) p = 3 → U5ResidualLocalPayloadCandidate D z p) : False
Problem97.u5ResidualLocalPayloadCandidate_iff_auditedSupport_of_largeCapResidual	lean/RVOL/P97/C5D3BBoundedRecovery.lean	173	source-proved	theorem u5ResidualLocalPayloadCandidate_iff_auditedSupport_of_largeCapResidual {D : CounterexampleData} {z p : ℝ²} (hzLarge : z ∈ largeCapInterior D) (hpA : p ∈ D.A) (hpnot : p ∉ ({D.packet.triangle.v1, D.packet.triangle.v2, D.packet.triangle.v3, z} : Finset ℝ²)) (hmu : muP (D.skeleton z) p = 3) : U5ResidualLocalPayloadCandidate D z p ↔ ∃ (T : Finset ℝ²) (u : ℝ²), U5DangerousTriple D z p T ∧ U5SelectedCandidateSkeleton D z p T u ∧ Nonempty (U5BoundedAuditSupport D z p T u)
Problem97.u5ResidualLocalPayloadCandidate_iff_confinedK4AuditPayload_of_largeCapResidual	lean/RVOL/P97/C5D3BBoundedRecovery.lean	199	source-proved	theorem u5ResidualLocalPayloadCandidate_iff_confinedK4AuditPayload_of_largeCapResidual {D : CounterexampleData} {z p : ℝ²} (hzLarge : z ∈ largeCapInterior D) (hpA : p ∈ D.A) (hpnot : p ∉ ({D.packet.triangle.v1, D.packet.triangle.v2, D.packet.triangle.v3, z} : Finset ℝ²)) (hmu : muP (D.skeleton z) p = 3) : U5ResidualLocalPayloadCandidate D z p ↔ ∃ (T : Finset ℝ²) (u : ℝ²), U5DangerousTriple D z p T ∧ U5SelectedCandidateSkeleton D z p T u ∧ Nonempty (U5ConfinedK4AuditPayload D z p T u)
Problem97.u5LargeCapResidualPayloadCore_iff_localPayloadCandidate	lean/RVOL/P97/C5D3BBoundedRecovery.lean	250	source-proved	theorem u5LargeCapResidualPayloadCore_iff_localPayloadCandidate {D : CounterexampleData} : U5LargeCapResidualPayloadCore D ↔ D.Minimal → D.IsM44 → U2Statement D → U5ModeA D → U5ModeADeletion D → ∀ {z p : ℝ²}, z ∈ largeCapInterior D → p ∈ D.A → p ∉ ({D.packet.triangle.v1, D.packet.triangle.v2, D.packet.triangle.v3, z} : Finset ℝ²) → muP (D.skeleton z) p = 3 → U5ResidualLocalPayloadCandidate D z p
Problem97.C5D3B.payloadLargeCapInteriorBoundedRecoveryAt_of_orderResidual	lean/RVOL/P97/C5D3BBoundedRecovery.lean	1131	source-proved	theorem payloadLargeCapInteriorBoundedRecoveryAt_of_orderResidual {D : CounterexampleData} {q v1 v3 qs w u x : ℝ²} {W : C5D3B.PayloadAuxWitness D q v3 ({v1, qs, w} : Finset ℝ²) u} (hmin : D.Minimal) (hM44 : D.IsM44) (hU2 : U2Statement D) (hModeA : U5ModeA D) (hDel : U5ModeADeletion D) (horder : ∀ {B : Finset ℝ²} {z p : ℝ²}, U5QAllowedK4Class D x B → B.card = 4 → z ∈ B → C5D3B.payloadFreshWitnessData D q v3 ({v1, qs, w} : Finset ℝ²) u W.a0 W.a1 x z → z ∉ U5QAllowedBoundedSupport D q v3 ({v1, qs, w} : Finset ℝ²) u W.a0 W.a1 → z ∈ largeCapInterior D → p ∈ D.A → p ∉ ({D.packet.triangle.v1, D.packet.triangle.v2, D.packet.triangle.v3, z} : Finset ℝ²) → muP (D.skeleton z) p = 3 → (∃ r : ℝ, 0 < r ∧ dist p z = r ∧ (((D.skeleton z).erase p).filter (fun y => dist p y = r)).card = 3) → U5StrictOrderViolation D z p → C5D3B.payloadConfinedClassAt D q v3 ({v1, qs, w} : Finset ℝ²) u W.a0 W.a1 x) : C5D3B.payloadLargeCapInteriorBoundedRecoveryAt D q v1 v3 qs w u W x
Problem97.C5D3B.payloadLargeCapInteriorBoundedRecoveryAt_of_noOrderResidual	lean/RVOL/P97/C5D3BBoundedRecovery.lean	1175	source-proved	theorem payloadLargeCapInteriorBoundedRecoveryAt_of_noOrderResidual {D : CounterexampleData} {q v1 v3 qs w u x : ℝ²} {W : C5D3B.PayloadAuxWitness D q v3 ({v1, qs, w} : Finset ℝ²) u} (hmin : D.Minimal) (hM44 : D.IsM44) (hU2 : U2Statement D) (hModeA : U5ModeA D) (hDel : U5ModeADeletion D) (hNoOrder : ∀ {z p : ℝ²}, z ∈ largeCapInterior D → p ∈ D.A → p ∉ ({D.packet.triangle.v1, D.packet.triangle.v2, D.packet.triangle.v3, z} : Finset ℝ²) → muP (D.skeleton z) p = 3 → (∃ r : ℝ, 0 < r ∧ dist p z = r ∧ (((D.skeleton z).erase p).filter (fun y => dist p y = r)).card = 3) → ¬ U5StrictOrderViolation D z p) : C5D3B.payloadLargeCapInteriorBoundedRecoveryAt D q v1 v3 qs w u W x
Problem97.C5D3B.payloadLargeCapInteriorBoundedRecoveryAt_of_localPayloadCandidate	lean/RVOL/P97/C5D3BBoundedRecovery.lean	1209	source-proved	theorem payloadLargeCapInteriorBoundedRecoveryAt_of_localPayloadCandidate {D : CounterexampleData} {q v1 v3 qs w u x : ℝ²} {W : C5D3B.PayloadAuxWitness D q v3 ({v1, qs, w} : Finset ℝ²) u} (hmin : D.Minimal) (hM44 : D.IsM44) (hU2 : U2Statement D) (hModeA : U5ModeA D) (hDel : U5ModeADeletion D) (hPayload : ∀ {z p : ℝ²}, z ∈ largeCapInterior D → p ∈ D.A → p ∉ ({D.packet.triangle.v1, D.packet.triangle.v2, D.packet.triangle.v3, z} : Finset ℝ²) → muP (D.skeleton z) p = 3 → U5ResidualLocalPayloadCandidate D z p) : C5D3B.payloadLargeCapInteriorBoundedRecoveryAt D q v1 v3 qs w u W x
Problem97.C5D3B.false_of_payloadClassEscapesAt_largeCapInteriorBoundedRecovery	lean/RVOL/P97/C5D3BBoundedRecovery.lean	2021	source-proved	theorem false_of_payloadClassEscapesAt_largeCapInteriorBoundedRecovery {D : CounterexampleData} {q v1 v3 qs w u x z : ℝ²} {W : C5D3B.PayloadAuxWitness D q v3 ({v1, qs, w} : Finset ℝ²) u} {B : Finset ℝ²} (hesc : C5D3B.payloadClassEscapesAt D q v3 ({v1, qs, w} : Finset ℝ²) u W.a0 W.a1 x) (hrec : C5D3B.payloadLargeCapInteriorBoundedRecoveryAt D q v1 v3 qs w u W x) (K : U5QAllowedK4Class D x B) (hBcard : B.card = 4) (hzB : z ∈ B) (hfresh : C5D3B.payloadFreshWitnessData D q v3 ({v1, qs, w} : Finset ℝ²) u W.a0 W.a1 x z) (hout : z ∉ U5QAllowedBoundedSupport D q v3 ({v1, qs, w} : Finset ℝ²) u W.a0 W.a1) (hzLarge : z ∈ largeCapInterior D) : False
Problem97.C5D3B.exists_two_off_rowCircle_of_sameSideTerminal	lean/RVOL/P97/C5D3BC2LargeCapInterior.lean	40	source-proved	theorem exists_two_off_rowCircle_of_sameSideTerminal {D : CounterexampleData} {q v1 v3 qs w u x : ℝ²} {B : Finset ℝ²} (P : C5D3BSameSideTerminalPacket D q v1 v3 qs w u) (K : U5QAllowedK4Class D x B) (hBcard : B.card = 4) (hx_ne_q : x ≠ q) : ∃ y z : ℝ², y ∈ B ∧ z ∈ B ∧ y ≠ z ∧ y ∉ ({v3, v1, qs, u} : Finset ℝ²) ∧ z ∉ ({v3, v1, qs, u} : Finset ℝ²)
Problem97.C5D3B.freshWitness_mem_offRowCircle_and_exists_second_of_sameSideTerminal	lean/RVOL/P97/C5D3BC2LargeCapInterior.lean	82	source-proved	theorem freshWitness_mem_offRowCircle_and_exists_second_of_sameSideTerminal {D : CounterexampleData} {q v1 v3 qs w u a0 a1 x z : ℝ²} {B : Finset ℝ²} (P : C5D3BSameSideTerminalPacket D q v1 v3 qs w u) (K : U5QAllowedK4Class D x B) (hBcard : B.card = 4) (hx_ne_q : x ≠ q) (hzB : z ∈ B) (hfresh : C5D3B.payloadFreshWitnessData D q v3 ({v1, qs, w} : Finset ℝ²) u a0 a1 x z) : z ∈ B \\ ({v3, v1, qs, u} : Finset ℝ²) ∧ ∃ y : ℝ², y ∈ B ∧ y ≠ z ∧ y ∉ ({v3, v1, qs, u} : Finset ℝ²)
Problem97.C5D3B.freshWitness_single_shortCap_inter_exists_offRow_offShort_of_sameSideTerminal	lean/RVOL/P97/C5D3BC2LargeCapInterior.lean	123	source-proved	theorem freshWitness_single_shortCap_inter_exists_offRow_offShort_of_sameSideTerminal {D : CounterexampleData} {i : Fin 2} {q v1 v3 qs w u a0 a1 x z : ℝ²} {B : Finset ℝ²} (P : C5D3BSameSideTerminalPacket D q v1 v3 qs w u) (K : U5QAllowedK4Class D x B) (hBcard : B.card = 4) (hx_ne_q : x ≠ q) (hzB : z ∈ B) (hfresh : C5D3B.payloadFreshWitnessData D q v3 ({v1, qs, w} : Finset ℝ²) u a0 a1 x z) (hInter : B ∩ shortCap D i = ({z} : Finset ℝ²)) : ∃ y : ℝ², y ∈ B ∧ y ≠ z ∧ y ∉ shortCap D i ∧ y ∉ ({v3, v1, qs, u} : Finset ℝ²)
Problem97.C5D3B.freshWitness_pair_shortCap_inter_offRow_or_offShort_of_sameSideTerminal	lean/RVOL/P97/C5D3BC2LargeCapInterior.lean	151	source-proved	theorem freshWitness_pair_shortCap_inter_offRow_or_offShort_of_sameSideTerminal {D : CounterexampleData} {i : Fin 2} {q v1 v3 qs w u a0 a1 x z r : ℝ²} {B : Finset ℝ²} (P : C5D3BSameSideTerminalPacket D q v1 v3 qs w u) (K : U5QAllowedK4Class D x B) (hBcard : B.card = 4) (hx_ne_q : x ≠ q) (hzB : z ∈ B) (hfresh : C5D3B.payloadFreshWitnessData D q v3 ({v1, qs, w} : Finset ℝ²) u a0 a1 x z) (hInter : B ∩ shortCap D i = ({z, r} : Finset ℝ²)) : (∃ y : ℝ², y ∈ B ∧ y ≠ z ∧ y ∉ shortCap D i ∧ y ∉ ({v3, v1, qs, u} : Finset ℝ²)) ∨ r ∉ ({v3, v1, qs, u} : Finset ℝ²)
Problem97.C5D3B.selected_offRow_mem_anchor_or_fresh	lean/RVOL/P97/C5D3BC2LargeCapInterior.lean	183	source-proved	theorem selected_offRow_mem_anchor_or_fresh {D : CounterexampleData} {q v1 v3 qs w u a0 a1 x y : ℝ²} {B : Finset ℝ²} (K : U5QAllowedK4Class D x B) (hyB : y ∈ B) (hyOffRow : y ∉ ({v3, v1, qs, u} : Finset ℝ²)) : y ∈ ({q, w, a0, a1} : Finset ℝ²) ∨ C5D3B.payloadFreshWitnessData D q v3 ({v1, qs, w} : Finset ℝ²) u a0 a1 x y ∧ y ∉ U5QAllowedBoundedSupport D q v3 ({v1, qs, w} : Finset ℝ²) u a0 a1
Problem97.C5D3B.w_not_mem_C2_C3_of_sameSideTerminal	lean/RVOL/P97/C5D3BC2LargeCapInterior.lean	221	source-proved	theorem w_not_mem_C2_C3_of_sameSideTerminal {D : CounterexampleData} {q v1 v3 qs w u : ℝ²} (P : C5D3BSameSideTerminalPacket D q v1 v3 qs w u) : w ∉ D.packet.partition.C2 ∧ w ∉ D.packet.partition.C3
Problem97.C5D3B.payloadIndexedFreshWitness_splitterStrictC1CapRole_shortCap_order_of_sameSideTerminal	lean/RVOL/P97/C5D3BC2LargeCapInterior.lean	353	source-proved	theorem payloadIndexedFreshWitness_splitterStrictC1CapRole_shortCap_order_of_sameSideTerminal {D : CounterexampleData} {q v1 v3 qs w u a0 a1 x : ℝ²} (P : C5D3BSameSideTerminalPacket D q v1 v3 qs w u) (W : C5D3B.PayloadIndexedFreshWitness D q v3 ({v1, qs, w} : Finset ℝ²) u a0 a1 x P.endpoint.setup.oriented.endpoints.C1Block) : (W.z = D.packet.triangle.v2 ∧ W.idx = P.endpoint.setup.oriented.endpoints.v2Index) ∨ (P.endpoint.storedSplitter.LeftSide W.idx ∧ W.idx ≠ P.endpoint.setup.uIndex ∧ W.idx ≠ P.endpoint.setup.wIndex ∧ W.z ≠ D.packet.triangle.v2) ∨ (W.idx = P.endpoint.split ∧ W.z = P.endpoint.setup.oriented.endpoints.C1Block.L.points P.endpoint.split ∧ W.z ∈ (D.packet.partition.C1.erase D.packet.triangle.v2).erase D.packet.triangle.v3 ∧ W.z ∉ D.packet.partition.C2 ∧ W.z ∉ D.packet.partition.C3 ∧ W.z ∉ D.packet.triangle.verts ∧ (∀ i : Fin 2, W.z ∈ shortCap D i ↔ (D.packet.surplusIdx = 1 ∧ i = 1) ∨ (D.packet.surplusIdx = 2 ∧ i = 0)) ∧ ((P.endpoint.setup.uIndex < W.idx ∧ P.endpoint.setup.wIndex < W.idx) ∨ (W.idx < P.endpoint.setup.uIndex ∧ W.idx < P.endpoint.setup.wIndex)) ∧ W.z ∉ U5QAllowedBoundedSupport D q v3 ({v1, qs, w} : Finset ℝ²) u a0 a1 ∧ W.z ≠ v3 ∧ W.z ≠ q ∧ W.z ≠ u ∧ W.z ≠ a0 ∧ W.z ≠ a1 ∧ W.z ∉ ({v1, qs, w} : Finset ℝ²) ∧ W.z ≠ D.packet.triangle.v2) ∨ (P.endpoint.storedSplitter.RightSide W.idx ∧ W.idx ≠ P.endpoint.setup.uIndex ∧ W.idx ≠ P.endpoint.setup.wIndex ∧ W.z ≠ D.packet.triangle.v2)
Problem97.C5D3B.payloadFreshWitness_splitterShortCapIndex_or_C2_or_C3Sector_of_sameSideTerminal	lean/RVOL/P97/C5D3BC2LargeCapInterior.lean	422	source-proved	theorem payloadFreshWitness_splitterShortCapIndex_or_C2_or_C3Sector_of_sameSideTerminal {D : CounterexampleData} {q v1 v3 qs w u a0 a1 x z : ℝ²} (P : C5D3BSameSideTerminalPacket D q v1 v3 qs w u) (hfresh : C5D3B.payloadFreshWitnessData D q v3 ({v1, qs, w} : Finset ℝ²) u a0 a1 x z) (hout : z ∉ U5QAllowedBoundedSupport D q v3 ({v1, qs, w} : Finset ℝ²) u a0 a1) : (∃ W : C5D3B.PayloadIndexedFreshWitness D q v3 ({v1, qs, w} : Finset ℝ²) u a0 a1 x P.endpoint.setup.oriented.endpoints.C1Block, W.z = z ∧ ((W.z = D.packet.triangle.v2 ∧ W.idx = P.endpoint.setup.oriented.endpoints.v2Index) ∨ (P.endpoint.storedSplitter.LeftSide W.idx ∧ W.idx ≠ P.endpoint.setup.uIndex ∧ W.idx ≠ P.endpoint.setup.wIndex ∧ W.z ≠ D.packet.triangle.v2) ∨ (W.idx = P.endpoint.split ∧ W.z = P.endpoint.setup.oriented.endpoints.C1Block.L.points P.endpoint.split ∧ W.z ∈ (D.packet.partition.C1.erase D.packet.triangle.v2).erase D.packet.triangle.v3 ∧ W.z ∉ D.packet.partition.C2 ∧ W.z ∉ D.packet.partition.C3 ∧ W.z ∉ D.packet.triangle.verts ∧ (∀ i : Fin 2, W.z ∈ shortCap D i ↔ (D.packet.surplusIdx = 1 ∧ i = 1) ∨ (D.packet.surplusIdx = 2 ∧ i = 0)) ∧ ((P.endpoint.setup.uIndex < W.idx ∧ P.endpoint.setup.wIndex < W.idx) ∨ (W.idx < P.endpoint.setup.uIndex ∧ W.idx < P.endpoint.setup.wIndex)) ∧ W.z ∉ U5QAllowedBoundedSupport D q v3 ({v1, qs, w} : Finset ℝ²) u a0 a1 ∧ W.z ≠ v3 ∧ W.z ≠ q ∧ W.z ≠ u ∧ W.z ≠ a0 ∧ W.z ≠ a1 ∧ W.z ∉ ({v1, qs, w} : Finset ℝ²) ∧ W.z ≠ D.packet.triangle.v2) ∨ (P.endpoint.storedSplitter.RightSide W.idx ∧ W.idx ≠ P.endpoint.setup.uIndex ∧ W.idx ≠ P.endpoint.setup.wIndex ∧ W.z ≠ D.packet.triangle.v2))) ∨ (z ∉ D.packet.partition.C1 ∧ z ∈ D.packet.partition.C2) ∨ (z ∉ D.packet.partition.C1 ∧ z ∉ D.packet.partition.C2 ∧ z ∈ D.packet.partition.C3 ∧ z ∉ D.packet.triangle.verts ∧ OnArcOpposite D.packet.triangle.v3 D.packet.triangle.v1 D.packet.triangle.v2 z ∧ signedArea2 z D.packet.triangle.v1 D.packet.triangle.v2 * signedArea2 D.packet.triangle.v3 D.packet.triangle.v1 D.packet.triangle.v2 ≤ 0 ∧ 0 < signedArea2 z D.packet.triangle.v2 D.packet.triangle.v3 * signedArea2 D.packet.triangle.v1 D.packet.triangle.v2 D.packet.triangle.v3 ∧ 0 < signedArea2 z D.packet.triangle.v3 D.packet.triangle.v1 * signedArea2 D.packet.triangle.v2 D.packet.triangle.v3 D.packet.triangle.v1)
Problem97.C5D3B.not_mem_C1_of_not_mem_shortCap_retained_index	lean/RVOL/P97/C5D3BC2LargeCapInterior.lean	586	source-proved	theorem not_mem_C1_of_not_mem_shortCap_retained_index {D : CounterexampleData} {i : Fin 2} {z : ℝ²} (hidx : (D.packet.surplusIdx = 1 ∧ i = 1) ∨ (D.packet.surplusIdx = 2 ∧ i = 0)) (hzShort : z ∉ shortCap D i) : z ∉ D.packet.partition.C1
Problem97.C5D3B.shortCap_retained_index_false_of_not_mem_C1	lean/RVOL/P97/C5D3BC2LargeCapInterior.lean	597	source-proved	theorem shortCap_retained_index_false_of_not_mem_C1 {D : CounterexampleData} {i : Fin 2} {z : ℝ²} (hzC1 : z ∉ D.packet.partition.C1) (hzShort : z ∈ shortCap D i) (hidx : (D.packet.surplusIdx = 1 ∧ i = 1) ∨ (D.packet.surplusIdx = 2 ∧ i = 0)) : False
Problem97.C5D3B.offShort_anchor_mem_reduced_or_w_index_of_sameSideTerminal	lean/RVOL/P97/C5D3BC2LargeCapInterior.lean	609	source-proved	theorem offShort_anchor_mem_reduced_or_w_index_of_sameSideTerminal {D : CounterexampleData} {i : Fin 2} {q v1 v3 qs w u a0 a1 y : ℝ²} (P : C5D3BSameSideTerminalPacket D q v1 v3 qs w u) (hyShort : y ∉ shortCap D i) (hyAnchor : y ∈ ({q, w, a0, a1} : Finset ℝ²)) : y ∈ ({q, a0, a1} : Finset ℝ²) ∨ (y = w ∧ ¬ ((D.packet.surplusIdx = 1 ∧ i = 1) ∨ (D.packet.surplusIdx = 2 ∧ i = 0)))
Problem97.C5D3B.payloadFreshWitness_C2_ne_triangle_v2_v3_of_sameSideTerminal	lean/RVOL/P97/C5D3BC2LargeCapInterior.lean	655	source-proved	theorem payloadFreshWitness_C2_ne_triangle_v2_v3_of_sameSideTerminal {D : CounterexampleData} {q v1 v3 qs w u a0 a1 x z : ℝ²} (P : C5D3BSameSideTerminalPacket D q v1 v3 qs w u) (hfresh : C5D3B.payloadFreshWitnessData D q v3 ({v1, qs, w} : Finset ℝ²) u a0 a1 x z) (hzC1 : z ∉ D.packet.partition.C1) : z ≠ D.packet.triangle.v2 ∧ z ≠ D.packet.triangle.v3
Problem97.C5D3B.payloadFreshWitness_C2_C3_eq_triangle_v1	lean/RVOL/P97/C5D3BC2LargeCapInterior.lean	673	source-proved	theorem payloadFreshWitness_C2_C3_eq_triangle_v1 {D : CounterexampleData} {q v3 u a0 a1 x z : ℝ²} {T : Finset ℝ²} (hfresh : C5D3B.payloadFreshWitnessData D q v3 T u a0 a1 x z) (hzC1 : z ∉ D.packet.partition.C1) (hzC2 : z ∈ D.packet.partition.C2) (hzC3 : z ∈ D.packet.partition.C3) : z = D.packet.triangle.v1
Problem97.C5D3B.mem_C2_C3_eq_triangle_v1_of_mem_A_not_C1	lean/RVOL/P97/C5D3BC2LargeCapInterior.lean	702	source-proved	theorem mem_C2_C3_eq_triangle_v1_of_mem_A_not_C1 {D : CounterexampleData} {p : ℝ²} (hpA : p ∈ D.A) (hpC1 : p ∉ D.packet.partition.C1) (hpC2 : p ∈ D.packet.partition.C2) (hpC3 : p ∈ D.packet.partition.C3) : p = D.packet.triangle.v1
Problem97.C5D3B.mem_C2_shortCap_index_or_endpoint_of_mem_A_not_C1	lean/RVOL/P97/C5D3BC2LargeCapInterior.lean	731	source-proved	theorem mem_C2_shortCap_index_or_endpoint_of_mem_A_not_C1 {D : CounterexampleData} {i : Fin 2} {p : ℝ²} (hpA : p ∈ D.A) (hpC1 : p ∉ D.packet.partition.C1) (hpC2 : p ∈ D.packet.partition.C2) (hpShort : p ∈ shortCap D i) : (((D.packet.surplusIdx = 0 ∧ i = 0) ∨ (D.packet.surplusIdx = 2 ∧ i = 1)) ∨ (((D.packet.surplusIdx = 0 ∧ i = 1) ∨ (D.packet.surplusIdx = 1 ∧ i = 0)) ∧ p = D.packet.triangle.v1))
Problem97.C5D3B.payloadFreshWitness_C2_shortCap_index_or_v1	lean/RVOL/P97/C5D3BC2LargeCapInterior.lean	767	source-proved	theorem payloadFreshWitness_C2_shortCap_index_or_v1 {D : CounterexampleData} {i : Fin 2} {q v3 u a0 a1 x z : ℝ²} {T : Finset ℝ²} (hfresh : C5D3B.payloadFreshWitnessData D q v3 T u a0 a1 x z) (hzC1 : z ∉ D.packet.partition.C1) (hzC2 : z ∈ D.packet.partition.C2) (hzShort : z ∈ shortCap D i) : (((D.packet.surplusIdx = 0 ∧ i = 0) ∨ (D.packet.surplusIdx = 2 ∧ i = 1)) ∨ z = D.packet.triangle.v1)
Problem97.C5D3B.payloadFreshWitness_C2_surplus_mem_largeCapInterior_of_ne_triangle_v1	lean/RVOL/P97/C5D3BC2LargeCapInterior.lean	804	source-proved	theorem payloadFreshWitness_C2_surplus_mem_largeCapInterior_of_ne_triangle_v1 {D : CounterexampleData} {q v1 v3 qs w u a0 a1 x z : ℝ²} (P : C5D3BSameSideTerminalPacket D q v1 v3 qs w u) (hfresh : C5D3B.payloadFreshWitnessData D q v3 ({v1, qs, w} : Finset ℝ²) u a0 a1 x z) (hzC1 : z ∉ D.packet.partition.C1) (hzSurp : z ∈ D.packet.surplusCap) (hz_ne_v1 : z ≠ D.packet.triangle.v1) : z ∈ largeCapInterior D
Problem97.C5D3B.payloadFreshWitness_C2_surplus_mem_largeCapInterior_of_v1_eq	lean/RVOL/P97/C5D3BC2LargeCapInterior.lean	822	source-proved	theorem payloadFreshWitness_C2_surplus_mem_largeCapInterior_of_v1_eq {D : CounterexampleData} {q v1 v3 qs w u a0 a1 x z : ℝ²} (P : C5D3BSameSideTerminalPacket D q v1 v3 qs w u) (hfresh : C5D3B.payloadFreshWitnessData D q v3 ({v1, qs, w} : Finset ℝ²) u a0 a1 x z) (hzC1 : z ∉ D.packet.partition.C1) (hzSurp : z ∈ D.packet.surplusCap) (hv1_eq : v1 = D.packet.triangle.v1) : z ∈ largeCapInterior D
Problem97.C5D3B.payloadFreshWitness_largeCapInterior_basic_profile	lean/RVOL/P97/C5D3BC2LargeCapInterior.lean	848	source-proved	theorem payloadFreshWitness_largeCapInterior_basic_profile {D : CounterexampleData} {q v1 v3 qs w u a0 a1 x z : ℝ²} (hfresh : C5D3B.payloadFreshWitnessData D q v3 ({v1, qs, w} : Finset ℝ²) u a0 a1 x z) (hzLarge : z ∈ largeCapInterior D) : z ∈ D.A ∧ z ∈ D.packet.surplusCap ∧ z ≠ x ∧ z ≠ v3 ∧ z ≠ q ∧ z ≠ u ∧ z ≠ a0 ∧ z ≠ a1 ∧ z ≠ v1 ∧ z ≠ qs ∧ z ≠ w ∧ z ∉ U5QAllowedBoundedSupport D q v3 ({v1, qs, w} : Finset ℝ²) u a0 a1 ∧ z ≠ D.packet.triangle.v1 ∧ z ≠ D.packet.triangle.v2 ∧ z ≠ D.packet.triangle.v3 ∧ z ≠ D.packet.oppApex1 ∧ z ≠ D.packet.oppApex2
Problem97.C5D3B.mem_C3_shortCap_or_largeCapInterior_of_not_triangle_verts	lean/RVOL/P97/C5D3BC2LargeCapInterior.lean	899	source-proved	theorem mem_C3_shortCap_or_largeCapInterior_of_not_triangle_verts {D : CounterexampleData} {z : ℝ²} (hzC3 : z ∈ D.packet.partition.C3) (hzVerts : z ∉ D.packet.triangle.verts) : z ∈ shortCap D 0 ∨ z ∈ shortCap D 1 ∨ z ∈ largeCapInterior D
Problem97.C5D3B.c3Sector_shortCap_or_largeCapInterior	lean/RVOL/P97/C5D3BC2LargeCapInterior.lean	932	source-proved	theorem c3Sector_shortCap_or_largeCapInterior {D : CounterexampleData} {z : ℝ²} (hC3 : z ∉ D.packet.partition.C1 ∧ z ∉ D.packet.partition.C2 ∧ z ∈ D.packet.partition.C3 ∧ z ∉ D.packet.triangle.verts ∧ OnArcOpposite D.packet.triangle.v3 D.packet.triangle.v1 D.packet.triangle.v2 z ∧ signedArea2 z D.packet.triangle.v1 D.packet.triangle.v2 * signedArea2 D.packet.triangle.v3 D.packet.triangle.v1 D.packet.triangle.v2 ≤ 0 ∧ 0 < signedArea2 z D.packet.triangle.v2 D.packet.triangle.v3 * signedArea2 D.packet.triangle.v1 D.packet.triangle.v2 D.packet.triangle.v3 ∧ 0 < signedArea2 z D.packet.triangle.v3 D.packet.triangle.v1 * signedArea2 D.packet.triangle.v2 D.packet.triangle.v3 D.packet.triangle.v1) : (∃ i : Fin 2, z ∈ shortCap D i) ∨ z ∈ largeCapInterior D
Problem97.C5D3B.c3Sector_shortCap_index_of_mem_shortCap	lean/RVOL/P97/C5D3BC2LargeCapInterior.lean	964	source-proved	theorem c3Sector_shortCap_index_of_mem_shortCap {D : CounterexampleData} {i : Fin 2} {z : ℝ²} (hC3 : z ∉ D.packet.partition.C1 ∧ z ∉ D.packet.partition.C2 ∧ z ∈ D.packet.partition.C3 ∧ z ∉ D.packet.triangle.verts ∧ OnArcOpposite D.packet.triangle.v3 D.packet.triangle.v1 D.packet.triangle.v2 z ∧ signedArea2 z D.packet.triangle.v1 D.packet.triangle.v2 * signedArea2 D.packet.triangle.v3 D.packet.triangle.v1 D.packet.triangle.v2 ≤ 0 ∧ 0 < signedArea2 z D.packet.triangle.v2 D.packet.triangle.v3 * signedArea2 D.packet.triangle.v1 D.packet.triangle.v2 D.packet.triangle.v3 ∧ 0 < signedArea2 z D.packet.triangle.v3 D.packet.triangle.v1 * signedArea2 D.packet.triangle.v2 D.packet.triangle.v3 D.packet.triangle.v1) (hzShort : z ∈ shortCap D i) : (D.packet.surplusIdx = 0 ∧ i = 1) ∨ (D.packet.surplusIdx = 1 ∧ i = 0)
Problem97.C5D3B.payloadFreshWitness_C2_surplusIdx_zero_false	lean/RVOL/P97/C5D3BC2LargeCapInterior.lean	1011	source-proved	theorem payloadFreshWitness_C2_surplusIdx_zero_false {D : CounterexampleData} {z : ℝ²} (hzC1 : z ∉ D.packet.partition.C1) (hzSurp : z ∈ D.packet.surplusCap) (hidx : D.packet.surplusIdx = 0) : False
Problem97.C5D3B.payloadFreshWitness_C2_surplusIdx_two_eq_triangle_v1	lean/RVOL/P97/C5D3BC2LargeCapInterior.lean	1027	source-proved	theorem payloadFreshWitness_C2_surplusIdx_two_eq_triangle_v1 {D : CounterexampleData} {q v1 v3 qs w u a0 a1 x z : ℝ²} (hfresh : C5D3B.payloadFreshWitnessData D q v3 ({v1, qs, w} : Finset ℝ²) u a0 a1 x z) (hzC1 : z ∉ D.packet.partition.C1) (hzC2 : z ∈ D.packet.partition.C2) (hzSurp : z ∈ D.packet.surplusCap) (hidx : D.packet.surplusIdx = 2) : z = D.packet.triangle.v1
Problem97.C5D3B.mem_C2_surplusIdx_two_eq_triangle_v1_of_mem_A_not_C1	lean/RVOL/P97/C5D3BC2LargeCapInterior.lean	1060	source-proved	theorem mem_C2_surplusIdx_two_eq_triangle_v1_of_mem_A_not_C1 {D : CounterexampleData} {p : ℝ²} (hpA : p ∈ D.A) (hpC1 : p ∉ D.packet.partition.C1) (hpC2 : p ∈ D.packet.partition.C2) (hpSurp : p ∈ D.packet.surplusCap) (hidx : D.packet.surplusIdx = 2) : p = D.packet.triangle.v1
Problem97.C5D3B.payloadFreshWitness_eq_triangle_v1_not_largeCapInterior	lean/RVOL/P97/C5D3BC2LargeCapInterior.lean	1107	source-proved	theorem payloadFreshWitness_eq_triangle_v1_not_largeCapInterior {D : CounterexampleData} {z : ℝ²} (hzEq : z = D.packet.triangle.v1) : z ∉ largeCapInterior D
Problem97.C5D3B.payloadFreshWitness_C2_shortCap_endpoint_index_false_of_row_v1_eq	lean/RVOL/P97/C5D3BC2LargeCapInterior.lean	1129	source-proved	theorem payloadFreshWitness_C2_shortCap_endpoint_index_false_of_row_v1_eq {D : CounterexampleData} {i : Fin 2} {q v1 v3 qs w u a0 a1 x z : ℝ²} (hfresh : C5D3B.payloadFreshWitnessData D q v3 ({v1, qs, w} : Finset ℝ²) u a0 a1 x z) (hzC1 : z ∉ D.packet.partition.C1) (hzC2 : z ∈ D.packet.partition.C2) (hzShort : z ∈ shortCap D i) (hidx : (D.packet.surplusIdx = 0 ∧ i = 1) ∨ (D.packet.surplusIdx = 1 ∧ i = 0)) (hv1_eq : v1 = D.packet.triangle.v1) : False
Problem97.C5D3B.payloadFreshWitness_C2_shortCap_endpoint_index_profile	lean/RVOL/P97/C5D3BC2LargeCapInterior.lean	1162	source-proved	theorem payloadFreshWitness_C2_shortCap_endpoint_index_profile {D : CounterexampleData} {i : Fin 2} {q v1 v3 qs w u a0 a1 x z : ℝ²} {B : Finset ℝ²} (hzB : z ∈ B) (hfresh : C5D3B.payloadFreshWitnessData D q v3 ({v1, qs, w} : Finset ℝ²) u a0 a1 x z) (hzC1 : z ∉ D.packet.partition.C1) (hzC2 : z ∈ D.packet.partition.C2) (hzShort : z ∈ shortCap D i) (hidx : (D.packet.surplusIdx = 0 ∧ i = 1) ∨ (D.packet.surplusIdx = 1 ∧ i = 0)) : z = D.packet.triangle.v1 ∧ D.packet.triangle.v1 ∈ B ∧ D.packet.triangle.v1 ∈ shortCap D i ∧ D.packet.triangle.v1 ∉ U5QAllowedBoundedSupport D q v3 ({v1, qs, w} : Finset ℝ²) u a0 a1 ∧ D.packet.triangle.v1 ∉ ({v3, v1, qs, u} : Finset ℝ²) ∧ v1 ≠ D.packet.triangle.v1 ∧ D.packet.triangle.v1 ≠ x
Problem97.C5D3B.payloadFreshWitness_C2_shortCap_index_or_endpoint_row_v1_ne	lean/RVOL/P97/C5D3BC2LargeCapInterior.lean	1220	source-proved	theorem payloadFreshWitness_C2_shortCap_index_or_endpoint_row_v1_ne {D : CounterexampleData} {i : Fin 2} {q v1 v3 qs w u a0 a1 x z : ℝ²} (hfresh : C5D3B.payloadFreshWitnessData D q v3 ({v1, qs, w} : Finset ℝ²) u a0 a1 x z) (hzC1 : z ∉ D.packet.partition.C1) (hzC2 : z ∈ D.packet.partition.C2) (hzShort : z ∈ shortCap D i) : (((((D.packet.surplusIdx = 0 ∧ i = 0) ∨ (D.packet.surplusIdx = 2 ∧ i = 1)) ∨ ((((D.packet.surplusIdx = 0 ∧ i = 1) ∨ (D.packet.surplusIdx = 1 ∧ i = 0)) ∧ z = D.packet.triangle.v1 ∧ v1 ≠ D.packet.triangle.v1))) ∧ (z ≠ D.packet.triangle.v1 ∨ v1 ≠ D.packet.triangle.v1)))
Problem97.C5D3B.payloadFreshWitness_C2_shortCap_index_of_row_v1_eq	lean/RVOL/P97/C5D3BC2LargeCapInterior.lean	1277	source-proved	theorem payloadFreshWitness_C2_shortCap_index_of_row_v1_eq {D : CounterexampleData} {i : Fin 2} {q v1 v3 qs w u a0 a1 x z : ℝ²} (hfresh : C5D3B.payloadFreshWitnessData D q v3 ({v1, qs, w} : Finset ℝ²) u a0 a1 x z) (hzC1 : z ∉ D.packet.partition.C1) (hzC2 : z ∈ D.packet.partition.C2) (hzShort : z ∈ shortCap D i) (hv1_eq : v1 = D.packet.triangle.v1) : ((D.packet.surplusIdx = 0 ∧ i = 0) ∨ (D.packet.surplusIdx = 2 ∧ i = 1)) ∧ z ≠ D.packet.triangle.v1
Problem97.C5D3B.payloadFreshWitness_C2_surplusIdx_two_not_largeCapInterior	lean/RVOL/P97/C5D3BC2LargeCapInterior.lean	1303	source-proved	theorem payloadFreshWitness_C2_surplusIdx_two_not_largeCapInterior {D : CounterexampleData} {q v1 v3 qs w u a0 a1 x z : ℝ²} (hfresh : C5D3B.payloadFreshWitnessData D q v3 ({v1, qs, w} : Finset ℝ²) u a0 a1 x z) (hzC1 : z ∉ D.packet.partition.C1) (hzC2 : z ∈ D.packet.partition.C2) (hzSurp : z ∈ D.packet.surplusCap) (hidx : D.packet.surplusIdx = 2) : z ∉ largeCapInterior D
Problem97.C5D3B.payloadFreshWitness_C2_surplusIdx_two_mem_shortCap_one	lean/RVOL/P97/C5D3BC2LargeCapInterior.lean	1340	source-proved	theorem payloadFreshWitness_C2_surplusIdx_two_mem_shortCap_one {D : CounterexampleData} {q v1 v3 qs w u a0 a1 x z : ℝ²} (hfresh : C5D3B.payloadFreshWitnessData D q v3 ({v1, qs, w} : Finset ℝ²) u a0 a1 x z) (hzC1 : z ∉ D.packet.partition.C1) (hzC2 : z ∈ D.packet.partition.C2) (hzSurp : z ∈ D.packet.surplusCap) (hidx : D.packet.surplusIdx = 2) : z ∈ shortCap D 1
Problem97.C5D3B.exists_two_off_shortCap_skeleton_of_minimal_u3	lean/RVOL/P97/C5D3BC2LargeCapInterior.lean	1637	source-proved	theorem exists_two_off_shortCap_skeleton_of_minimal_u3 {D : CounterexampleData} {i : Fin 2} {x : ℝ²} {B : Finset ℝ²} (hM44 : D.IsM44) (hU2 : U2Statement D) (hmin : D.Minimal) (hU3 : U3ShortCapSaturation D) (K : U5QAllowedK4Class D x B) : ∃ y z : ℝ², y ∈ B ∧ z ∈ B ∧ y ≠ z ∧ y ∉ shortCap D i ∧ z ∉ shortCap D i ∧ y ∈ D.skeleton x ∧ z ∈ D.skeleton x
Problem97.C5D3B.exists_two_off_shortCap_same_radius_of_minimal_u3	lean/RVOL/P97/C5D3BC2LargeCapInterior.lean	1671	source-proved	theorem exists_two_off_shortCap_same_radius_of_minimal_u3 {D : CounterexampleData} {i : Fin 2} {x : ℝ²} {B : Finset ℝ²} (hM44 : D.IsM44) (hU2 : U2Statement D) (hmin : D.Minimal) (hU3 : U3ShortCapSaturation D) (K : U5QAllowedK4Class D x B) : ∃ y z : ℝ², y ∈ B ∧ z ∈ B ∧ y ≠ z ∧ y ∉ shortCap D i ∧ z ∉ shortCap D i ∧ y ∈ D.A ∧ z ∈ D.A ∧ y ≠ x ∧ z ≠ x ∧ dist x y = K.radius ∧ dist x z = K.radius
Problem97.C5D3B.exists_shortCap_point_two_off_same_radius_of_minimal_u3	lean/RVOL/P97/C5D3BC2LargeCapInterior.lean	1700	source-proved	theorem exists_shortCap_point_two_off_same_radius_of_minimal_u3 {D : CounterexampleData} {i : Fin 2} {x p : ℝ²} {B : Finset ℝ²} (hM44 : D.IsM44) (hU2 : U2Statement D) (hmin : D.Minimal) (hU3 : U3ShortCapSaturation D) (K : U5QAllowedK4Class D x B) (hpB : p ∈ B) (hpShort : p ∈ shortCap D i) : ∃ y z : ℝ², y ∈ B ∧ z ∈ B ∧ ({p, y, z} : Finset ℝ²) ⊆ B ∧ ({p, y, z} : Finset ℝ²).card = 3 ∧ y ≠ z ∧ p ≠ y ∧ p ≠ z ∧ y ∉ shortCap D i ∧ z ∉ shortCap D i ∧ p ∈ D.A ∧ y ∈ D.A ∧ z ∈ D.A ∧ p ≠ x ∧ y ≠ x ∧ z ≠ x ∧ dist x p = K.radius ∧ dist x y = K.radius ∧ dist x z = K.radius
Problem97.C5D3B.exists_shortCap_point_two_off_four_carrier_of_minimal_u3	lean/RVOL/P97/C5D3BC2LargeCapInterior.lean	1778	source-proved	theorem exists_shortCap_point_two_off_four_carrier_of_minimal_u3 {D : CounterexampleData} {i : Fin 2} {x p : ℝ²} {B : Finset ℝ²} (hM44 : D.IsM44) (hU2 : U2Statement D) (hmin : D.Minimal) (hU3 : U3ShortCapSaturation D) (K : U5QAllowedK4Class D x B) (hBcard : B.card = 4) (hpB : p ∈ B) (hpShort : p ∈ shortCap D i) : ∃ y z r : ℝ², y ∈ B ∧ z ∈ B ∧ r ∈ B ∧ ({p, y, z} : Finset ℝ²) ⊆ B ∧ ({p, y, z} : Finset ℝ²).card = 3 ∧ B = ({p, y, z, r} : Finset ℝ²) ∧ ({p, y, z, r} : Finset ℝ²).card = 4 ∧ r ∉ ({p, y, z} : Finset ℝ²) ∧ y ≠ z ∧ p ≠ y ∧ p ≠ z ∧ p ≠ r ∧ y ≠ r ∧ z ≠ r ∧ y ∉ shortCap D i ∧ z ∉ shortCap D i ∧ p ∈ D.A ∧ y ∈ D.A ∧ z ∈ D.A ∧ r ∈ D.A ∧ p ≠ x ∧ y ≠ x ∧ z ≠ x ∧ r ≠ x ∧ dist x p = K.radius ∧ dist x y = K.radius ∧ dist x z = K.radius ∧ dist x r = K.radius
Problem97.C5D3B.exists_shortCap_point_two_off_four_carrier_overlap_split_of_minimal_u3	lean/RVOL/P97/C5D3BC2LargeCapInterior.lean	1846	source-proved	theorem exists_shortCap_point_two_off_four_carrier_overlap_split_of_minimal_u3 {D : CounterexampleData} {i : Fin 2} {x p : ℝ²} {B : Finset ℝ²} (hM44 : D.IsM44) (hU2 : U2Statement D) (hmin : D.Minimal) (hU3 : U3ShortCapSaturation D) (K : U5QAllowedK4Class D x B) (hBcard : B.card = 4) (hpB : p ∈ B) (hpShort : p ∈ shortCap D i) : ∃ y z r : ℝ², y ∈ B ∧ z ∈ B ∧ r ∈ B ∧ B = ({p, y, z, r} : Finset ℝ²) ∧ ({p, y, z, r} : Finset ℝ²).card = 4 ∧ r ∉ ({p, y, z} : Finset ℝ²) ∧ y ∉ shortCap D i ∧ z ∉ shortCap D i ∧ p ∈ D.A ∧ y ∈ D.A ∧ z ∈ D.A ∧ r ∈ D.A ∧ p ≠ x ∧ y ≠ x ∧ z ≠ x ∧ r ≠ x ∧ dist x p = K.radius ∧ dist x y = K.radius ∧ dist x z = K.radius ∧ dist x r = K.radius ∧ (((B ∩ shortCap D i).card = 1 ∧ r ∉ shortCap D i) ∨ ((B ∩ shortCap D i).card = 2 ∧ r ∈ shortCap D i))
Problem97.C5D3B.exists_shortCap_point_two_off_four_carrier_partition_of_minimal_u3	lean/RVOL/P97/C5D3BC2LargeCapInterior.lean	1891	source-proved	theorem exists_shortCap_point_two_off_four_carrier_partition_of_minimal_u3 {D : CounterexampleData} {i : Fin 2} {x p : ℝ²} {B : Finset ℝ²} (hM44 : D.IsM44) (hU2 : U2Statement D) (hmin : D.Minimal) (hU3 : U3ShortCapSaturation D) (K : U5QAllowedK4Class D x B) (hBcard : B.card = 4) (hpB : p ∈ B) (hpShort : p ∈ shortCap D i) : ∃ y z r : ℝ², y ∈ B ∧ z ∈ B ∧ r ∈ B ∧ B = ({p, y, z, r} : Finset ℝ²) ∧ ({p, y, z, r} : Finset ℝ²).card = 4 ∧ r ∉ ({p, y, z} : Finset ℝ²) ∧ y ≠ z ∧ p ≠ y ∧ p ≠ z ∧ p ≠ r ∧ y ≠ r ∧ z ≠ r ∧ y ∉ shortCap D i ∧ z ∉ shortCap D i ∧ p ∈ D.A ∧ y ∈ D.A ∧ z ∈ D.A ∧ r ∈ D.A ∧ p ≠ x ∧ y ≠ x ∧ z ≠ x ∧ r ≠ x ∧ dist x p = K.radius ∧ dist x y = K.radius ∧ dist x z = K.radius ∧ dist x r = K.radius ∧ (((B ∩ shortCap D i) = ({p} : Finset ℝ²) ∧ (B \\ shortCap D i) = ({y, z, r} : Finset ℝ²) ∧ ({y, z, r} : Finset ℝ²).card = 3 ∧ r ∉ shortCap D i) ∨ ((B ∩ shortCap D i) = ({p, r} : Finset ℝ²) ∧ (B \\ shortCap D i) = ({y, z} : Finset ℝ²) ∧ ({p, r} : Finset ℝ²).card = 2 ∧ ({y, z} : Finset ℝ²).card = 2 ∧ r ∈ shortCap D i))
Problem97.C5D3B.shortCapExactCarrierPartition_offShort_mem_carrier_split	lean/RVOL/P97/C5D3BC2LargeCapInterior.lean	2063	source-proved	theorem shortCapExactCarrierPartition_offShort_mem_carrier_split {D : CounterexampleData} {i : Fin 2} {x p splitter : ℝ²} {B : Finset ℝ²} {K : U5QAllowedK4Class D x B} (H : C5D3B.ShortCapExactCarrierPartition D i x p B K) (hsplitter : splitter ∈ B \\ shortCap D i) : ∃ y z r : ℝ², y ∈ B ∧ z ∈ B ∧ r ∈ B ∧ B = ({p, y, z, r} : Finset ℝ²) ∧ y ∉ shortCap D i ∧ z ∉ shortCap D i ∧ dist x y = K.radius ∧ dist x z = K.radius ∧ dist x r = K.radius ∧ (((B ∩ shortCap D i) = ({p} : Finset ℝ²) ∧ (B \\ shortCap D i) = ({y, z, r} : Finset ℝ²) ∧ r ∉ shortCap D i ∧ splitter ∈ ({y, z, r} : Finset ℝ²)) ∨ ((B ∩ shortCap D i) = ({p, r} : Finset ℝ²) ∧ (B \\ shortCap D i) = ({y, z} : Finset ℝ²) ∧ r ∈ shortCap D i ∧ splitter ∈ ({y, z} : Finset ℝ²)))
Problem97.C5D3B.shortCapExactCarrierPartition_offShort_selected_radius_split	lean/RVOL/P97/C5D3BC2LargeCapInterior.lean	2103	source-proved	theorem shortCapExactCarrierPartition_offShort_selected_radius_split {D : CounterexampleData} {i : Fin 2} {x p splitter : ℝ²} {B : Finset ℝ²} {K : U5QAllowedK4Class D x B} (H : C5D3B.ShortCapExactCarrierPartition D i x p B K) (hsplitter : splitter ∈ B \\ shortCap D i) : splitter ∈ B ∧ splitter ∉ shortCap D i ∧ splitter ∈ D.A ∧ splitter ≠ x ∧ dist x splitter = K.radius ∧ ∃ y z r : ℝ², y ∈ B ∧ z ∈ B ∧ r ∈ B ∧ B = ({p, y, z, r} : Finset ℝ²) ∧ y ∉ shortCap D i ∧ z ∉ shortCap D i ∧ dist x y = K.radius ∧ dist x z = K.radius ∧ dist x r = K.radius ∧ (((B ∩ shortCap D i) = ({p} : Finset ℝ²) ∧ (B \\ shortCap D i) = ({y, z, r} : Finset ℝ²) ∧ r ∉ shortCap D i ∧ (splitter = y ∨ splitter = z ∨ splitter = r)) ∨ ((B ∩ shortCap D i) = ({p, r} : Finset ℝ²) ∧ (B \\ shortCap D i) = ({y, z} : Finset ℝ²) ∧ r ∈ shortCap D i ∧ (splitter = y ∨ splitter = z)))
Problem97.C5D3B.shortCapExactCarrierPartition_retained_exists_two_not_C1_points	lean/RVOL/P97/C5D3BC2LargeCapInterior.lean	2199	source-proved	theorem shortCapExactCarrierPartition_retained_exists_two_not_C1_points {D : CounterexampleData} {i : Fin 2} {x p : ℝ²} {B : Finset ℝ²} {K : U5QAllowedK4Class D x B} (hidx : (D.packet.surplusIdx = 1 ∧ i = 1) ∨ (D.packet.surplusIdx = 2 ∧ i = 0)) (H : C5D3B.ShortCapExactCarrierPartition D i x p B K) : ∃ y z : ℝ², y ∈ B ∧ z ∈ B ∧ y ≠ z ∧ y ∉ D.packet.partition.C1 ∧ z ∉ D.packet.partition.C1 ∧ y ∈ D.A ∧ z ∈ D.A ∧ y ≠ x ∧ z ≠ x ∧ dist x y = K.radius ∧ dist x z = K.radius
Problem97.C5D3B.mem_C2_or_C3Sector_of_mem_A_not_C1	lean/RVOL/P97/C5D3BC2LargeCapInterior.lean	2223	source-proved	theorem mem_C2_or_C3Sector_of_mem_A_not_C1 {D : CounterexampleData} {p : ℝ²} (hpA : p ∈ D.A) (hpC1 : p ∉ D.packet.partition.C1) : (p ∉ D.packet.partition.C1 ∧ p ∈ D.packet.partition.C2) ∨ (p ∉ D.packet.partition.C1 ∧ p ∉ D.packet.partition.C2 ∧ p ∈ D.packet.partition.C3 ∧ p ∉ D.packet.triangle.verts ∧ OnArcOpposite D.packet.triangle.v3 D.packet.triangle.v1 D.packet.triangle.v2 p ∧ signedArea2 p D.packet.triangle.v1 D.packet.triangle.v2 * signedArea2 D.packet.triangle.v3 D.packet.triangle.v1 D.packet.triangle.v2 ≤ 0 ∧ 0 < signedArea2 p D.packet.triangle.v2 D.packet.triangle.v3 * signedArea2 D.packet.triangle.v1 D.packet.triangle.v2 D.packet.triangle.v3 ∧ 0 < signedArea2 p D.packet.triangle.v3 D.packet.triangle.v1 * signedArea2 D.packet.triangle.v2 D.packet.triangle.v3 D.packet.triangle.v1)
Problem97.C5D3B.shortCapExactCarrierPartition_retained_exists_two_classified_not_C1_points	lean/RVOL/P97/C5D3BC2LargeCapInterior.lean	2273	source-proved	theorem shortCapExactCarrierPartition_retained_exists_two_classified_not_C1_points {D : CounterexampleData} {i : Fin 2} {x p : ℝ²} {B : Finset ℝ²} {K : U5QAllowedK4Class D x B} (hidx : (D.packet.surplusIdx = 1 ∧ i = 1) ∨ (D.packet.surplusIdx = 2 ∧ i = 0)) (H : C5D3B.ShortCapExactCarrierPartition D i x p B K) : ∃ y z : ℝ², y ∈ B ∧ z ∈ B ∧ y ≠ z ∧ ((y ∉ D.packet.partition.C1 ∧ y ∈ D.packet.partition.C2) ∨ (y ∉ D.packet.partition.C1 ∧ y ∉ D.packet.partition.C2 ∧ y ∈ D.packet.partition.C3 ∧ y ∉ D.packet.triangle.verts ∧ OnArcOpposite D.packet.triangle.v3 D.packet.triangle.v1 D.packet.triangle.v2 y ∧ signedArea2 y D.packet.triangle.v1 D.packet.triangle.v2 * signedArea2 D.packet.triangle.v3 D.packet.triangle.v1 D.packet.triangle.v2 ≤ 0 ∧ 0 < signedArea2 y D.packet.triangle.v2 D.packet.triangle.v3 * signedArea2 D.packet.triangle.v1 D.packet.triangle.v2 D.packet.triangle.v3 ∧ 0 < signedArea2 y D.packet.triangle.v3 D.packet.triangle.v1 * signedArea2 D.packet.triangle.v2 D.packet.triangle.v3 D.packet.triangle.v1)) ∧ ((z ∉ D.packet.partition.C1 ∧ z ∈ D.packet.partition.C2) ∨ (z ∉ D.packet.partition.C1 ∧ z ∉ D.packet.partition.C2 ∧ z ∈ D.packet.partition.C3 ∧ z ∉ D.packet.triangle.verts ∧ OnArcOpposite D.packet.triangle.v3 D.packet.triangle.v1 D.packet.triangle.v2 z ∧ signedArea2 z D.packet.triangle.v1 D.packet.triangle.v2 * signedArea2 D.packet.triangle.v3 D.packet.triangle.v1 D.packet.triangle.v2 ≤ 0 ∧ 0 < signedArea2 z D.packet.triangle.v2 D.packet.triangle.v3 * signedArea2 D.packet.triangle.v1 D.packet.triangle.v2 D.packet.triangle.v3 ∧ 0 < signedArea2 z D.packet.triangle.v3 D.packet.triangle.v1 * signedArea2 D.packet.triangle.v2 D.packet.triangle.v3 D.packet.triangle.v1)) ∧ y ∈ D.A ∧ z ∈ D.A ∧ y ≠ x ∧ z ≠ x ∧ dist x y = K.radius ∧ dist x z = K.radius
Problem97.C5D3B.payloadIndexedFreshWitness_splitterLarge_or_two_not_C1_points_of_sameSideTerminal	lean/RVOL/P97/C5D3BC2LargeCapInterior.lean	2366	source-proved	theorem payloadIndexedFreshWitness_splitterLarge_or_two_not_C1_points_of_sameSideTerminal {D : CounterexampleData} {q v1 v3 qs w u a0 a1 x : ℝ²} {B : Finset ℝ²} (hM44 : D.IsM44) (hU2 : U2Statement D) (hmin : D.Minimal) (hU3 : U3ShortCapSaturation D) (P : C5D3BSameSideTerminalPacket D q v1 v3 qs w u) (K : U5QAllowedK4Class D x B) (hBcard : B.card = 4) (W : C5D3B.PayloadIndexedFreshWitness D q v3 ({v1, qs, w} : Finset ℝ²) u a0 a1 x P.endpoint.setup.oriented.endpoints.C1Block) (hsplit : W.idx = P.endpoint.split) (hzB : W.z ∈ B) : W.z ∈ largeCapInterior D ∨ ∃ y z : ℝ², y ∈ B ∧ z ∈ B ∧ y ≠ z ∧ y ∉ D.packet.partition.C1 ∧ z ∉ D.packet.partition.C1 ∧ y ∈ D.A ∧ z ∈ D.A ∧ y ≠ x ∧ z ≠ x ∧ dist x y = K.radius ∧ dist x z = K.radius
Problem97.C5D3B.payloadIndexedFreshWitness_splitterLarge_or_two_classified_not_C1_points_of_sameSideTerminal	lean/RVOL/P97/C5D3BC2LargeCapInterior.lean	2400	source-proved	theorem payloadIndexedFreshWitness_splitterLarge_or_two_classified_not_C1_points_of_sameSideTerminal {D : CounterexampleData} {q v1 v3 qs w u a0 a1 x : ℝ²} {B : Finset ℝ²} (hM44 : D.IsM44) (hU2 : U2Statement D) (hmin : D.Minimal) (hU3 : U3ShortCapSaturation D) (P : C5D3BSameSideTerminalPacket D q v1 v3 qs w u) (K : U5QAllowedK4Class D x B) (hBcard : B.card = 4) (W : C5D3B.PayloadIndexedFreshWitness D q v3 ({v1, qs, w} : Finset ℝ²) u a0 a1 x P.endpoint.setup.oriented.endpoints.C1Block) (hsplit : W.idx = P.endpoint.split) (hzB : W.z ∈ B) : W.z ∈ largeCapInterior D ∨ ∃ y z : ℝ², y ∈ B ∧ z ∈ B ∧ y ≠ z ∧ ((y ∉ D.packet.partition.C1 ∧ y ∈ D.packet.partition.C2) ∨ (y ∉ D.packet.partition.C1 ∧ y ∉ D.packet.partition.C2 ∧ y ∈ D.packet.partition.C3 ∧ y ∉ D.packet.triangle.verts ∧ OnArcOpposite D.packet.triangle.v3 D.packet.triangle.v1 D.packet.triangle.v2 y ∧ signedArea2 y D.packet.triangle.v1 D.packet.triangle.v2 * signedArea2 D.packet.triangle.v3 D.packet.triangle.v1 D.packet.triangle.v2 ≤ 0 ∧ 0 < signedArea2 y D.packet.triangle.v2 D.packet.triangle.v3 * signedArea2 D.packet.triangle.v1 D.packet.triangle.v2 D.packet.triangle.v3 ∧ 0 < signedArea2 y D.packet.triangle.v3 D.packet.triangle.v1 * signedArea2 D.packet.triangle.v2 D.packet.triangle.v3 D.packet.triangle.v1)) ∧ ((z ∉ D.packet.partition.C1 ∧ z ∈ D.packet.partition.C2) ∨ (z ∉ D.packet.partition.C1 ∧ z ∉ D.packet.partition.C2 ∧ z ∈ D.packet.partition.C3 ∧ z ∉ D.packet.triangle.verts ∧ OnArcOpposite D.packet.triangle.v3 D.packet.triangle.v1 D.packet.triangle.v2 z ∧ signedArea2 z D.packet.triangle.v1 D.packet.triangle.v2 * signedArea2 D.packet.triangle.v3 D.packet.triangle.v1 D.packet.triangle.v2 ≤ 0 ∧ 0 < signedArea2 z D.packet.triangle.v2 D.packet.triangle.v3 * signedArea2 D.packet.triangle.v1 D.packet.triangle.v2 D.packet.triangle.v3 ∧ 0 < signedArea2 z D.packet.triangle.v3 D.packet.triangle.v1 * signedArea2 D.packet.triangle.v2 D.packet.triangle.v3 D.packet.triangle.v1)) ∧ y ∈ D.A ∧ z ∈ D.A ∧ y ≠ x ∧ z ≠ x ∧ dist x y = K.radius ∧ dist x z = K.radius
Problem97.C5D3B.selectedC3Sector_shortCapCarrier_or_largeCapInterior_of_minimal_u3	lean/RVOL/P97/C5D3BC2LargeCapInterior.lean	2465	source-proved	theorem selectedC3Sector_shortCapCarrier_or_largeCapInterior_of_minimal_u3 {D : CounterexampleData} {x p : ℝ²} {B : Finset ℝ²} (hM44 : D.IsM44) (hU2 : U2Statement D) (hmin : D.Minimal) (hU3 : U3ShortCapSaturation D) (K : U5QAllowedK4Class D x B) (hBcard : B.card = 4) (hpB : p ∈ B) (hC3 : p ∉ D.packet.partition.C1 ∧ p ∉ D.packet.partition.C2 ∧ p ∈ D.packet.partition.C3 ∧ p ∉ D.packet.triangle.verts ∧ OnArcOpposite D.packet.triangle.v3 D.packet.triangle.v1 D.packet.triangle.v2 p ∧ signedArea2 p D.packet.triangle.v1 D.packet.triangle.v2 * signedArea2 D.packet.triangle.v3 D.packet.triangle.v1 D.packet.triangle.v2 ≤ 0 ∧ 0 < signedArea2 p D.packet.triangle.v2 D.packet.triangle.v3 * signedArea2 D.packet.triangle.v1 D.packet.triangle.v2 D.packet.triangle.v3 ∧ 0 < signedArea2 p D.packet.triangle.v3 D.packet.triangle.v1 * signedArea2 D.packet.triangle.v2 D.packet.triangle.v3 D.packet.triangle.v1) : p ∈ largeCapInterior D ∨ ∃ i : Fin 2, p ∈ shortCap D i ∧ ((D.packet.surplusIdx = 0 ∧ i = 1) ∨ (D.packet.surplusIdx = 1 ∧ i = 0)) ∧ C5D3B.ShortCapExactCarrierPartition D i x p B K
Problem97.C5D3B.payloadIndexedFreshWitness_splitterLarge_or_two_C2_or_c3Surface_points_of_sameSideTerminal	lean/RVOL/P97/C5D3BC2LargeCapInterior.lean	2509	source-proved	theorem payloadIndexedFreshWitness_splitterLarge_or_two_C2_or_c3Surface_points_of_sameSideTerminal {D : CounterexampleData} {q v1 v3 qs w u a0 a1 x : ℝ²} {B : Finset ℝ²} (hM44 : D.IsM44) (hU2 : U2Statement D) (hmin : D.Minimal) (hU3 : U3ShortCapSaturation D) (P : C5D3BSameSideTerminalPacket D q v1 v3 qs w u) (K : U5QAllowedK4Class D x B) (hBcard : B.card = 4) (W : C5D3B.PayloadIndexedFreshWitness D q v3 ({v1, qs, w} : Finset ℝ²) u a0 a1 x P.endpoint.setup.oriented.endpoints.C1Block) (hsplit : W.idx = P.endpoint.split) (hzB : W.z ∈ B) : W.z ∈ largeCapInterior D ∨ ∃ y z : ℝ², y ∈ B ∧ z ∈ B ∧ y ≠ z ∧ ((y ∉ D.packet.partition.C1 ∧ y ∈ D.packet.partition.C2) ∨ y ∈ largeCapInterior D ∨ ∃ i : Fin 2, y ∈ shortCap D i ∧ ((D.packet.surplusIdx = 0 ∧ i = 1) ∨ (D.packet.surplusIdx = 1 ∧ i = 0)) ∧ C5D3B.ShortCapExactCarrierPartition D i x y B K) ∧ ((z ∉ D.packet.partition.C1 ∧ z ∈ D.packet.partition.C2) ∨ z ∈ largeCapInterior D ∨ ∃ i : Fin 2, z ∈ shortCap D i ∧ ((D.packet.surplusIdx = 0 ∧ i = 1) ∨ (D.packet.surplusIdx = 1 ∧ i = 0)) ∧ C5D3B.ShortCapExactCarrierPartition D i x z B K) ∧ y ∈ D.A ∧ z ∈ D.A ∧ y ≠ x ∧ z ≠ x ∧ dist x y = K.radius ∧ dist x z = K.radius
Problem97.C5D3B.selectedCarrierSurfaceProfile_of_C2_or_large_or_shortCap	lean/RVOL/P97/C5D3BC2LargeCapInterior.lean	2670	source-proved	theorem selectedCarrierSurfaceProfile_of_C2_or_large_or_shortCap {D : CounterexampleData} {x p : ℝ²} {B : Finset ℝ²} {K : U5QAllowedK4Class D x B} (hpB : p ∈ B) (hpA : p ∈ D.A) (hp_ne_x : p ≠ x) (hp_radius : dist x p = K.radius) (hroute : (p ∉ D.packet.partition.C1 ∧ p ∈ D.packet.partition.C2) ∨ p ∈ largeCapInterior D ∨ ∃ i : Fin 2, p ∈ shortCap D i ∧ ((D.packet.surplusIdx = 0 ∧ i = 1) ∨ (D.packet.surplusIdx = 1 ∧ i = 0)) ∧ C5D3B.ShortCapExactCarrierPartition D i x p B K) : C5D3B.SelectedCarrierSurfaceProfile D x p B K
Problem97.C5D3B.payloadIndexedFreshWitness_splitterProfile_or_two_surface_points_of_sameSideTerminal	lean/RVOL/P97/C5D3BC2LargeCapInterior.lean	2712	source-proved	theorem payloadIndexedFreshWitness_splitterProfile_or_two_surface_points_of_sameSideTerminal {D : CounterexampleData} {q v1 v3 qs w u a0 a1 x : ℝ²} {B : Finset ℝ²} (hM44 : D.IsM44) (hU2 : U2Statement D) (hmin : D.Minimal) (hU3 : U3ShortCapSaturation D) (P : C5D3BSameSideTerminalPacket D q v1 v3 qs w u) (K : U5QAllowedK4Class D x B) (hBcard : B.card = 4) (W : C5D3B.PayloadIndexedFreshWitness D q v3 ({v1, qs, w} : Finset ℝ²) u a0 a1 x P.endpoint.setup.oriented.endpoints.C1Block) (hsplit : W.idx = P.endpoint.split) (hzB : W.z ∈ B) : (W.z ∈ largeCapInterior D ∧ W.z ∈ D.A ∧ W.z ∈ D.packet.surplusCap ∧ W.z ≠ x ∧ W.z ≠ v3 ∧ W.z ≠ q ∧ W.z ≠ u ∧ W.z ≠ a0 ∧ W.z ≠ a1 ∧ W.z ≠ v1 ∧ W.z ≠ qs ∧ W.z ≠ w ∧ W.z ∉ U5QAllowedBoundedSupport D q v3 ({v1, qs, w} : Finset ℝ²) u a0 a1 ∧ W.z ≠ D.packet.triangle.v1 ∧ W.z ≠ D.packet.triangle.v2 ∧ W.z ≠ D.packet.triangle.v3 ∧ W.z ≠ D.packet.oppApex1 ∧ W.z ≠ D.packet.oppApex2) ∨ ∃ y z : ℝ², y ≠ z ∧ C5D3B.SelectedCarrierSurfaceProfile D x y B K ∧ C5D3B.SelectedCarrierSurfaceProfile D x z B K
Problem97.C5D3B.selectedCarrierIndexedSurfaceProfile_cases_of_ne_triangle_v1	lean/RVOL/P97/C5D3BC2LargeCapInterior.lean	3057	source-proved	theorem selectedCarrierIndexedSurfaceProfile_cases_of_ne_triangle_v1 {D : CounterexampleData} {x p : ℝ²} {B : Finset ℝ²} {K : U5QAllowedK4Class D x B} (H : C5D3B.SelectedCarrierIndexedSurfaceProfile D x p B K) (hp_ne_tri1 : p ≠ D.packet.triangle.v1) : p ∈ B ∧ p ∈ D.A ∧ p ≠ x ∧ dist x p = K.radius ∧ ((D.packet.surplusIdx = 1 ∧ p ∉ D.packet.partition.C1 ∧ p ∈ D.packet.partition.C2 ∧ p ∈ D.packet.surplusCap) ∨ (p ∈ largeCapInterior D ∧ p ∈ D.packet.surplusCap ∧ p ≠ D.packet.triangle.v1 ∧ p ≠ D.packet.triangle.v2 ∧ p ≠ D.packet.triangle.v3 ∧ p ≠ D.packet.oppApex1 ∧ p ≠ D.packet.oppApex2) ∨ ∃ i : Fin 2, p ∈ shortCap D i ∧ C5D3B.ShortCapExactCarrierPartition D i x p B K ∧ (((p ∉ D.packet.partition.C1 ∧ p ∈ D.packet.partition.C2) ∧ ((D.packet.surplusIdx = 0 ∧ i = 0) ∨ (D.packet.surplusIdx = 2 ∧ i = 1))) ∨ ((D.packet.surplusIdx = 0 ∧ i = 1) ∨ (D.packet.surplusIdx = 1 ∧ i = 0))))
Problem97.C5D3B.largeCapInterior_profile_of_mem_surplusCap_not_C1_ne_triangle_v1	lean/RVOL/P97/C5D3BC2LargeCapInterior.lean	3167	source-proved	theorem largeCapInterior_profile_of_mem_surplusCap_not_C1_ne_triangle_v1 {D : CounterexampleData} {p : ℝ²} (hpSurp : p ∈ D.packet.surplusCap) (hp_not_C1 : p ∉ D.packet.partition.C1) (hp_ne_tri1 : p ≠ D.packet.triangle.v1) : p ∈ largeCapInterior D ∧ p ∈ D.packet.surplusCap ∧ p ≠ D.packet.triangle.v1 ∧ p ≠ D.packet.triangle.v2 ∧ p ≠ D.packet.triangle.v3 ∧ p ≠ D.packet.oppApex1 ∧ p ≠ D.packet.oppApex2
Problem97.C5D3B.mem_C3_eq_triangle_v2_or_C3Sector_of_mem_A_ne_triangle_v1	lean/RVOL/P97/C5D3BC2LargeCapInterior.lean	3394	source-proved	theorem mem_C3_eq_triangle_v2_or_C3Sector_of_mem_A_ne_triangle_v1 {D : CounterexampleData} {p : ℝ²} (hpA : p ∈ D.A) (hpC3 : p ∈ D.packet.partition.C3) (hp_ne_tri1 : p ≠ D.packet.triangle.v1) : p = D.packet.triangle.v2 ∨ (p ∉ D.packet.partition.C1 ∧ p ∉ D.packet.partition.C2 ∧ p ∈ D.packet.partition.C3 ∧ p ∉ D.packet.triangle.verts ∧ OnArcOpposite D.packet.triangle.v3 D.packet.triangle.v1 D.packet.triangle.v2 p ∧ signedArea2 p D.packet.triangle.v1 D.packet.triangle.v2 * signedArea2 D.packet.triangle.v3 D.packet.triangle.v1 D.packet.triangle.v2 ≤ 0 ∧ 0 < signedArea2 p D.packet.triangle.v2 D.packet.triangle.v3 * signedArea2 D.packet.triangle.v1 D.packet.triangle.v2 D.packet.triangle.v3 ∧ 0 < signedArea2 p D.packet.triangle.v3 D.packet.triangle.v1 * signedArea2 D.packet.triangle.v2 D.packet.triangle.v3 D.packet.triangle.v1)
Problem97.C5D3B.exists_shortCap_point_two_off_four_carrier_partition_sdiff_count_of_minimal_u3	lean/RVOL/P97/C5D3BC2LargeCapInterior.lean	3532	source-proved	theorem exists_shortCap_point_two_off_four_carrier_partition_sdiff_count_of_minimal_u3 {D : CounterexampleData} {i : Fin 2} {x p : ℝ²} {B : Finset ℝ²} (hM44 : D.IsM44) (hU2 : U2Statement D) (hmin : D.Minimal) (hU3 : U3ShortCapSaturation D) (K : U5QAllowedK4Class D x B) (hBcard : B.card = 4) (hpB : p ∈ B) (hpShort : p ∈ shortCap D i) : ∃ y z r : ℝ², y ∈ B ∧ z ∈ B ∧ r ∈ B ∧ B = ({p, y, z, r} : Finset ℝ²) ∧ ({p, y, z, r} : Finset ℝ²).card = 4 ∧ r ∉ ({p, y, z} : Finset ℝ²) ∧ y ≠ z ∧ p ≠ y ∧ p ≠ z ∧ p ≠ r ∧ y ≠ r ∧ z ≠ r ∧ y ∉ shortCap D i ∧ z ∉ shortCap D i ∧ p ∈ D.A ∧ y ∈ D.A ∧ z ∈ D.A ∧ r ∈ D.A ∧ p ≠ x ∧ y ≠ x ∧ z ≠ x ∧ r ≠ x ∧ dist x p = K.radius ∧ dist x y = K.radius ∧ dist x z = K.radius ∧ dist x r = K.radius ∧ (((B ∩ shortCap D i) = ({p} : Finset ℝ²) ∧ (B \\ shortCap D i) = ({y, z, r} : Finset ℝ²) ∧ (shortCap D i \\ B).card = 3 ∧ r ∉ shortCap D i) ∨ ((B ∩ shortCap D i) = ({p, r} : Finset ℝ²) ∧ (B \\ shortCap D i) = ({y, z} : Finset ℝ²) ∧ (shortCap D i \\ B).card = 2 ∧ r ∈ shortCap D i))
Problem97.C5D3B.exists_shortCap_missing_points_of_four_carrier_partition_of_minimal_u3	lean/RVOL/P97/C5D3BC2LargeCapInterior.lean	3606	source-proved	theorem exists_shortCap_missing_points_of_four_carrier_partition_of_minimal_u3 {D : CounterexampleData} {i : Fin 2} {x p : ℝ²} {B : Finset ℝ²} (hM44 : D.IsM44) (hU2 : U2Statement D) (hmin : D.Minimal) (hU3 : U3ShortCapSaturation D) (K : U5QAllowedK4Class D x B) (hBcard : B.card = 4) (hpB : p ∈ B) (hpShort : p ∈ shortCap D i) : ∃ y z r : ℝ², y ∈ B ∧ z ∈ B ∧ r ∈ B ∧ B = ({p, y, z, r} : Finset ℝ²) ∧ ({p, y, z, r} : Finset ℝ²).card = 4 ∧ r ∉ ({p, y, z} : Finset ℝ²) ∧ y ≠ z ∧ p ≠ y ∧ p ≠ z ∧ p ≠ r ∧ y ≠ r ∧ z ≠ r ∧ y ∉ shortCap D i ∧ z ∉ shortCap D i ∧ p ∈ D.A ∧ y ∈ D.A ∧ z ∈ D.A ∧ r ∈ D.A ∧ p ≠ x ∧ y ≠ x ∧ z ≠ x ∧ r ≠ x ∧ dist x p = K.radius ∧ dist x y = K.radius ∧ dist x z = K.radius ∧ dist x r = K.radius ∧ (((B ∩ shortCap D i) = ({p} : Finset ℝ²) ∧ (B \\ shortCap D i) = ({y, z, r} : Finset ℝ²) ∧ r ∉ shortCap D i ∧ ∃ a b c : ℝ², (shortCap D i \\ B) = ({a, b, c} : Finset ℝ²) ∧ a ≠ b ∧ a ≠ c ∧ b ≠ c ∧ a ∈ shortCap D i ∧ b ∈ shortCap D i ∧ c ∈ shortCap D i ∧ a ∉ B ∧ b ∉ B ∧ c ∉ B) ∨ ((B ∩ shortCap D i) = ({p, r} : Finset ℝ²) ∧ (B \\ shortCap D i) = ({y, z} : Finset ℝ²) ∧ r ∈ shortCap D i ∧ ∃ a b : ℝ², (shortCap D i \\ B) = ({a, b} : Finset ℝ²) ∧ a ≠ b ∧ a ∈ shortCap D i ∧ b ∈ shortCap D i ∧ a ∉ B ∧ b ∉ B))
Problem97.C5D3B.exists_shortCap_exact_points_of_four_carrier_partition_of_minimal_u3	lean/RVOL/P97/C5D3BC2LargeCapInterior.lean	3687	source-proved	theorem exists_shortCap_exact_points_of_four_carrier_partition_of_minimal_u3 {D : CounterexampleData} {i : Fin 2} {x p : ℝ²} {B : Finset ℝ²} (hM44 : D.IsM44) (hU2 : U2Statement D) (hmin : D.Minimal) (hU3 : U3ShortCapSaturation D) (K : U5QAllowedK4Class D x B) (hBcard : B.card = 4) (hpB : p ∈ B) (hpShort : p ∈ shortCap D i) : ∃ y z r : ℝ², y ∈ B ∧ z ∈ B ∧ r ∈ B ∧ B = ({p, y, z, r} : Finset ℝ²) ∧ ({p, y, z, r} : Finset ℝ²).card = 4 ∧ r ∉ ({p, y, z} : Finset ℝ²) ∧ y ≠ z ∧ p ≠ y ∧ p ≠ z ∧ p ≠ r ∧ y ≠ r ∧ z ≠ r ∧ y ∉ shortCap D i ∧ z ∉ shortCap D i ∧ p ∈ D.A ∧ y ∈ D.A ∧ z ∈ D.A ∧ r ∈ D.A ∧ p ≠ x ∧ y ≠ x ∧ z ≠ x ∧ r ≠ x ∧ dist x p = K.radius ∧ dist x y = K.radius ∧ dist x z = K.radius ∧ dist x r = K.radius ∧ (((B ∩ shortCap D i) = ({p} : Finset ℝ²) ∧ (B \\ shortCap D i) = ({y, z, r} : Finset ℝ²) ∧ r ∉ shortCap D i ∧ ∃ a b c : ℝ², shortCap D i = ({p, a, b, c} : Finset ℝ²) ∧ (shortCap D i \\ B) = ({a, b, c} : Finset ℝ²) ∧ ({p, a, b, c} : Finset ℝ²).card = 4 ∧ a ∈ shortCap D i ∧ b ∈ shortCap D i ∧ c ∈ shortCap D i ∧ a ∉ B ∧ b ∉ B ∧ c ∉ B) ∨ ((B ∩ shortCap D i) = ({p, r} : Finset ℝ²) ∧ (B \\ shortCap D i) = ({y, z} : Finset ℝ²) ∧ r ∈ shortCap D i ∧ ∃ a b : ℝ², shortCap D i = ({p, r, a, b} : Finset ℝ²) ∧ (shortCap D i \\ B) = ({a, b} : Finset ℝ²) ∧ ({p, r, a, b} : Finset ℝ²).card = 4 ∧ a ∈ shortCap D i ∧ b ∈ shortCap D i ∧ a ∉ B ∧ b ∉ B))
Problem97.C5D3B.exists_carrier_union_shortCap_points_of_minimal_u3	lean/RVOL/P97/C5D3BC2LargeCapInterior.lean	3828	source-proved	theorem exists_carrier_union_shortCap_points_of_minimal_u3 {D : CounterexampleData} {i : Fin 2} {x p : ℝ²} {B : Finset ℝ²} (hM44 : D.IsM44) (hU2 : U2Statement D) (hmin : D.Minimal) (hU3 : U3ShortCapSaturation D) (K : U5QAllowedK4Class D x B) (hBcard : B.card = 4) (hpB : p ∈ B) (hpShort : p ∈ shortCap D i) : ∃ y z r : ℝ², y ∈ B ∧ z ∈ B ∧ r ∈ B ∧ B = ({p, y, z, r} : Finset ℝ²) ∧ ({p, y, z, r} : Finset ℝ²).card = 4 ∧ r ∉ ({p, y, z} : Finset ℝ²) ∧ y ≠ z ∧ p ≠ y ∧ p ≠ z ∧ p ≠ r ∧ y ≠ r ∧ z ≠ r ∧ y ∉ shortCap D i ∧ z ∉ shortCap D i ∧ p ∈ D.A ∧ y ∈ D.A ∧ z ∈ D.A ∧ r ∈ D.A ∧ p ≠ x ∧ y ≠ x ∧ z ≠ x ∧ r ≠ x ∧ dist x p = K.radius ∧ dist x y = K.radius ∧ dist x z = K.radius ∧ dist x r = K.radius ∧ (((B ∩ shortCap D i) = ({p} : Finset ℝ²) ∧ (B \\ shortCap D i) = ({y, z, r} : Finset ℝ²) ∧ r ∉ shortCap D i ∧ ∃ a b c : ℝ², shortCap D i = ({p, a, b, c} : Finset ℝ²) ∧ (shortCap D i \\ B) = ({a, b, c} : Finset ℝ²) ∧ B ∪ shortCap D i = ({p, y, z, r, a, b, c} : Finset ℝ²) ∧ (B ∪ shortCap D i).card = 7) ∨ ((B ∩ shortCap D i) = ({p, r} : Finset ℝ²) ∧ (B \\ shortCap D i) = ({y, z} : Finset ℝ²) ∧ r ∈ shortCap D i ∧ ∃ a b : ℝ², shortCap D i = ({p, r, a, b} : Finset ℝ²) ∧ (shortCap D i \\ B) = ({a, b} : Finset ℝ²) ∧ B ∪ shortCap D i = ({p, y, z, r, a, b} : Finset ℝ²) ∧ (B ∪ shortCap D i).card = 6))
Problem97.C5D3B.c3Sector_carrier_union_shortCap_points_or_largeCapInterior_of_minimal_u3	lean/RVOL/P97/C5D3BC2LargeCapInterior.lean	3963	source-proved	theorem c3Sector_carrier_union_shortCap_points_or_largeCapInterior_of_minimal_u3 {D : CounterexampleData} {x z : ℝ²} {B : Finset ℝ²} (hM44 : D.IsM44) (hU2 : U2Statement D) (hmin : D.Minimal) (hU3 : U3ShortCapSaturation D) (K : U5QAllowedK4Class D x B) (hBcard : B.card = 4) (hzB : z ∈ B) (hC3 : z ∉ D.packet.partition.C1 ∧ z ∉ D.packet.partition.C2 ∧ z ∈ D.packet.partition.C3 ∧ z ∉ D.packet.triangle.verts ∧ OnArcOpposite D.packet.triangle.v3 D.packet.triangle.v1 D.packet.triangle.v2 z ∧ signedArea2 z D.packet.triangle.v1 D.packet.triangle.v2 * signedArea2 D.packet.triangle.v3 D.packet.triangle.v1 D.packet.triangle.v2 ≤ 0 ∧ 0 < signedArea2 z D.packet.triangle.v2 D.packet.triangle.v3 * signedArea2 D.packet.triangle.v1 D.packet.triangle.v2 D.packet.triangle.v3 ∧ 0 < signedArea2 z D.packet.triangle.v3 D.packet.triangle.v1 * signedArea2 D.packet.triangle.v2 D.packet.triangle.v3 D.packet.triangle.v1) : (∃ i : Fin 2, ((D.packet.surplusIdx = 0 ∧ i = 1) ∨ (D.packet.surplusIdx = 1 ∧ i = 0)) ∧ z ∈ shortCap D i ∧ ∃ y t r : ℝ², y ∈ B ∧ t ∈ B ∧ r ∈ B ∧ B = ({z, y, t, r} : Finset ℝ²) ∧ ({z, y, t, r} : Finset ℝ²).card = 4 ∧ r ∉ ({z, y, t} : Finset ℝ²) ∧ y ≠ t ∧ z ≠ y ∧ z ≠ t ∧ z ≠ r ∧ y ≠ r ∧ t ≠ r ∧ y ∉ shortCap D i ∧ t ∉ shortCap D i ∧ z ∈ D.A ∧ y ∈ D.A ∧ t ∈ D.A ∧ r ∈ D.A ∧ z ≠ x ∧ y ≠ x ∧ t ≠ x ∧ r ≠ x ∧ dist x z = K.radius ∧ dist x y = K.radius ∧ dist x t = K.radius ∧ dist x r = K.radius ∧ (((B ∩ shortCap D i) = ({z} : Finset ℝ²) ∧ (B \\ shortCap D i) = ({y, t, r} : Finset ℝ²) ∧ r ∉ shortCap D i ∧ ∃ a b c : ℝ², shortCap D i = ({z, a, b, c} : Finset ℝ²) ∧ (shortCap D i \\ B) = ({a, b, c} : Finset ℝ²) ∧ B ∪ shortCap D i = ({z, y, t, r, a, b, c} : Finset ℝ²) ∧ (B ∪ shortCap D i).card = 7) ∨ ((B ∩ shortCap D i) = ({z, r} : Finset ℝ²) ∧ (B \\ shortCap D i) = ({y, t} : Finset ℝ²) ∧ r ∈ shortCap D i ∧ ∃ a b : ℝ², shortCap D i = ({z, r, a, b} : Finset ℝ²) ∧ (shortCap D i \\ B) = ({a, b} : Finset ℝ²) ∧ B ∪ shortCap D i = ({z, y, t, r, a, b} : Finset ℝ²) ∧ (B ∪ shortCap D i).card = 6))) ∨ z ∈ largeCapInterior D
Problem97.C5D3B.payloadFreshWitness_C2_shortCap_endpoint_exactCarrier_profile	lean/RVOL/P97/C5D3BC2LargeCapInterior.lean	4077	source-proved	theorem payloadFreshWitness_C2_shortCap_endpoint_exactCarrier_profile {D : CounterexampleData} {i : Fin 2} {q v1 v3 qs w u a0 a1 x z : ℝ²} {B : Finset ℝ²} (hM44 : D.IsM44) (hU2 : U2Statement D) (hmin : D.Minimal) (hU3 : U3ShortCapSaturation D) (K : U5QAllowedK4Class D x B) (hBcard : B.card = 4) (hzB : z ∈ B) (hfresh : C5D3B.payloadFreshWitnessData D q v3 ({v1, qs, w} : Finset ℝ²) u a0 a1 x z) (hzC1 : z ∉ D.packet.partition.C1) (hzC2 : z ∈ D.packet.partition.C2) (hzShort : z ∈ shortCap D i) (hidx : (D.packet.surplusIdx = 0 ∧ i = 1) ∨ (D.packet.surplusIdx = 1 ∧ i = 0)) : C5D3B.ShortCapExactCarrierPartition D i x D.packet.triangle.v1 B K ∧ (((B ∩ shortCap D i = ({D.packet.triangle.v1} : Finset ℝ²)) ∧ (B ∪ shortCap D i).card = 7) ∨ ∃ r : ℝ², r ∈ B ∧ r ∈ shortCap D i ∧ D.packet.triangle.v1 ≠ r ∧ B ∩ shortCap D i = ({D.packet.triangle.v1, r} : Finset ℝ²) ∧ (B ∪ shortCap D i).card = 6) ∧ D.packet.triangle.v1 ∉ U5QAllowedBoundedSupport D q v3 ({v1, qs, w} : Finset ℝ²) u a0 a1 ∧ D.packet.triangle.v1 ∉ ({v3, v1, qs, u} : Finset ℝ²) ∧ v1 ≠ D.packet.triangle.v1 ∧ D.packet.triangle.v1 ≠ x
Problem97.C5D3B.mem_C2_not_C3_not_triangle_verts_of_mem_A_not_C1_ne_triangle_v1	lean/RVOL/P97/C5D3BC2LargeCapInterior.lean	4240	source-proved	theorem mem_C2_not_C3_not_triangle_verts_of_mem_A_not_C1_ne_triangle_v1 {D : CounterexampleData} {p : ℝ²} (hpA : p ∈ D.A) (hpC1 : p ∉ D.packet.partition.C1) (hpC2 : p ∈ D.packet.partition.C2) (hp_ne_tri1 : p ≠ D.packet.triangle.v1) : p ∉ D.packet.partition.C3 ∧ p ∉ D.packet.triangle.verts
Problem97.C5D3B.largeCapInterior_not_mem_shortCap	lean/RVOL/P97/C5D3BC2LargeCapInterior.lean	4352	source-proved	theorem largeCapInterior_not_mem_shortCap {D : CounterexampleData} {i : Fin 2} {p : ℝ²} (hpLarge : p ∈ largeCapInterior D) : p ∉ shortCap D i
Problem97.C5D3B.payloadFreshWitness_splitterSelectedSurface_or_C2_or_C3Sector_of_sameSideTerminal	lean/RVOL/P97/C5D3BC2LargeCapInterior.lean	4824	source-proved	theorem payloadFreshWitness_splitterSelectedSurface_or_C2_or_C3Sector_of_sameSideTerminal {D : CounterexampleData} {q v1 v3 qs w u a0 a1 x z : ℝ²} {B : Finset ℝ²} (hM44 : D.IsM44) (hU2 : U2Statement D) (hmin : D.Minimal) (hU3 : U3ShortCapSaturation D) (P : C5D3BSameSideTerminalPacket D q v1 v3 qs w u) (K : U5QAllowedK4Class D x B) (hBcard : B.card = 4) (hzB : z ∈ B) (hfresh : C5D3B.payloadFreshWitnessData D q v3 ({v1, qs, w} : Finset ℝ²) u a0 a1 x z) (hout : z ∉ U5QAllowedBoundedSupport D q v3 ({v1, qs, w} : Finset ℝ²) u a0 a1) : (∃ Widx : C5D3B.PayloadIndexedFreshWitness D q v3 ({v1, qs, w} : Finset ℝ²) u a0 a1 x P.endpoint.setup.oriented.endpoints.C1Block, Widx.z = z ∧ ((Widx.z = D.packet.triangle.v2 ∧ Widx.idx = P.endpoint.setup.oriented.endpoints.v2Index) ∨ (P.endpoint.storedSplitter.LeftSide Widx.idx ∧ Widx.idx ≠ P.endpoint.setup.uIndex ∧ Widx.idx ≠ P.endpoint.setup.wIndex ∧ Widx.z ≠ D.packet.triangle.v2) ∨ (Widx.idx = P.endpoint.split ∧ Widx.z = P.endpoint.setup.oriented.endpoints.C1Block.L.points P.endpoint.split ∧ Widx.z ∉ U5QAllowedBoundedSupport D q v3 ({v1, qs, w} : Finset ℝ²) u a0 a1 ∧ Widx.z ≠ v3 ∧ Widx.z ≠ q ∧ Widx.z ≠ u ∧ Widx.z ≠ a0 ∧ Widx.z ≠ a1 ∧ Widx.z ∉ ({v1, qs, w} : Finset ℝ²) ∧ Widx.z ≠ D.packet.triangle.v2 ∧ ∃ p : ℝ², C5D3B.SelectedCarrierLargeOffShortOrExactShortCapRoleProfile D x p B K) ∨ (P.endpoint.storedSplitter.RightSide Widx.idx ∧ Widx.idx ≠ P.endpoint.setup.uIndex ∧ Widx.idx ≠ P.endpoint.setup.wIndex ∧ Widx.z ≠ D.packet.triangle.v2))) ∨ (z ∉ D.packet.partition.C1 ∧ z ∈ D.packet.partition.C2) ∨ (z ∉ D.packet.partition.C1 ∧ z ∉ D.packet.partition.C2 ∧ z ∈ D.packet.partition.C3 ∧ z ∉ D.packet.triangle.verts ∧ OnArcOpposite D.packet.triangle.v3 D.packet.triangle.v1 D.packet.triangle.v2 z ∧ signedArea2 z D.packet.triangle.v1 D.packet.triangle.v2 * signedArea2 D.packet.triangle.v3 D.packet.triangle.v1 D.packet.triangle.v2 ≤ 0 ∧ 0 < signedArea2 z D.packet.triangle.v2 D.packet.triangle.v3 * signedArea2 D.packet.triangle.v1 D.packet.triangle.v2 D.packet.triangle.v3 ∧ 0 < signedArea2 z D.packet.triangle.v3 D.packet.triangle.v1 * signedArea2 D.packet.triangle.v2 D.packet.triangle.v3 D.packet.triangle.v1)
Problem97.C5D3B.payloadFreshWitness_splitterSeparatedSelectedSurface_or_C2_or_C3Sector_of_sameSideTerminal	lean/RVOL/P97/C5D3BC2LargeCapInterior.lean	4914	source-proved	theorem payloadFreshWitness_splitterSeparatedSelectedSurface_or_C2_or_C3Sector_of_sameSideTerminal {D : CounterexampleData} {q v1 v3 qs w u a0 a1 x z : ℝ²} {B : Finset ℝ²} (hM44 : D.IsM44) (hU2 : U2Statement D) (hmin : D.Minimal) (hU3 : U3ShortCapSaturation D) (P : C5D3BSameSideTerminalPacket D q v1 v3 qs w u) (K : U5QAllowedK4Class D x B) (hBcard : B.card = 4) (hzB : z ∈ B) (hfresh : C5D3B.payloadFreshWitnessData D q v3 ({v1, qs, w} : Finset ℝ²) u a0 a1 x z) (hout : z ∉ U5QAllowedBoundedSupport D q v3 ({v1, qs, w} : Finset ℝ²) u a0 a1) : (∃ Widx : C5D3B.PayloadIndexedFreshWitness D q v3 ({v1, qs, w} : Finset ℝ²) u a0 a1 x P.endpoint.setup.oriented.endpoints.C1Block, Widx.z = z ∧ ((Widx.z = D.packet.triangle.v2 ∧ Widx.idx = P.endpoint.setup.oriented.endpoints.v2Index) ∨ (P.endpoint.storedSplitter.LeftSide Widx.idx ∧ Widx.idx ≠ P.endpoint.setup.uIndex ∧ Widx.idx ≠ P.endpoint.setup.wIndex ∧ Widx.z ≠ D.packet.triangle.v2) ∨ (Widx.idx = P.endpoint.split ∧ Widx.z = P.endpoint.setup.oriented.endpoints.C1Block.L.points P.endpoint.split ∧ Widx.z ∉ U5QAllowedBoundedSupport D q v3 ({v1, qs, w} : Finset ℝ²) u a0 a1 ∧ Widx.z ≠ v3 ∧ Widx.z ≠ q ∧ Widx.z ≠ u ∧ Widx.z ≠ a0 ∧ Widx.z ≠ a1 ∧ Widx.z ∉ ({v1, qs, w} : Finset ℝ²) ∧ Widx.z ≠ D.packet.triangle.v2 ∧ ∃ p : ℝ², C5D3B.SelectedCarrierSplitterSeparatedProfile D x Widx.z p B K) ∨ (P.endpoint.storedSplitter.RightSide Widx.idx ∧ Widx.idx ≠ P.endpoint.setup.uIndex ∧ Widx.idx ≠ P.endpoint.setup.wIndex ∧ Widx.z ≠ D.packet.triangle.v2))) ∨ (z ∉ D.packet.partition.C1 ∧ z ∈ D.packet.partition.C2) ∨ (z ∉ D.packet.partition.C1 ∧ z ∉ D.packet.partition.C2 ∧ z ∈ D.packet.partition.C3 ∧ z ∉ D.packet.triangle.verts ∧ OnArcOpposite D.packet.triangle.v3 D.packet.triangle.v1 D.packet.triangle.v2 z ∧ signedArea2 z D.packet.triangle.v1 D.packet.triangle.v2 * signedArea2 D.packet.triangle.v3 D.packet.triangle.v1 D.packet.triangle.v2 ≤ 0 ∧ 0 < signedArea2 z D.packet.triangle.v2 D.packet.triangle.v3 * signedArea2 D.packet.triangle.v1 D.packet.triangle.v2 D.packet.triangle.v3 ∧ 0 < signedArea2 z D.packet.triangle.v3 D.packet.triangle.v1 * signedArea2 D.packet.triangle.v2 D.packet.triangle.v3 D.packet.triangle.v1)
Problem97.C5D3B.payloadFreshWitness_splitterOffShortSelectedSurface_or_C2_or_C3Sector_of_sameSideTerminal	lean/RVOL/P97/C5D3BC2LargeCapInterior.lean	5004	source-proved	theorem payloadFreshWitness_splitterOffShortSelectedSurface_or_C2_or_C3Sector_of_sameSideTerminal {D : CounterexampleData} {q v1 v3 qs w u a0 a1 x z : ℝ²} {B : Finset ℝ²} (hM44 : D.IsM44) (hU2 : U2Statement D) (hmin : D.Minimal) (hU3 : U3ShortCapSaturation D) (P : C5D3BSameSideTerminalPacket D q v1 v3 qs w u) (K : U5QAllowedK4Class D x B) (hBcard : B.card = 4) (hzB : z ∈ B) (hfresh : C5D3B.payloadFreshWitnessData D q v3 ({v1, qs, w} : Finset ℝ²) u a0 a1 x z) (hout : z ∉ U5QAllowedBoundedSupport D q v3 ({v1, qs, w} : Finset ℝ²) u a0 a1) : (∃ Widx : C5D3B.PayloadIndexedFreshWitness D q v3 ({v1, qs, w} : Finset ℝ²) u a0 a1 x P.endpoint.setup.oriented.endpoints.C1Block, Widx.z = z ∧ ((Widx.z = D.packet.triangle.v2 ∧ Widx.idx = P.endpoint.setup.oriented.endpoints.v2Index) ∨ (P.endpoint.storedSplitter.LeftSide Widx.idx ∧ Widx.idx ≠ P.endpoint.setup.uIndex ∧ Widx.idx ≠ P.endpoint.setup.wIndex ∧ Widx.z ≠ D.packet.triangle.v2) ∨ (Widx.idx = P.endpoint.split ∧ Widx.z = P.endpoint.setup.oriented.endpoints.C1Block.L.points P.endpoint.split ∧ Widx.z ∉ U5QAllowedBoundedSupport D q v3 ({v1, qs, w} : Finset ℝ²) u a0 a1 ∧ Widx.z ≠ v3 ∧ Widx.z ≠ q ∧ Widx.z ≠ u ∧ Widx.z ≠ a0 ∧ Widx.z ≠ a1 ∧ Widx.z ∉ ({v1, qs, w} : Finset ℝ²) ∧ Widx.z ≠ D.packet.triangle.v2 ∧ ∃ p : ℝ², C5D3B.SelectedCarrierSplitterOffShortProfile D x Widx.z p B K) ∨ (P.endpoint.storedSplitter.RightSide Widx.idx ∧ Widx.idx ≠ P.endpoint.setup.uIndex ∧ Widx.idx ≠ P.endpoint.setup.wIndex ∧ Widx.z ≠ D.packet.triangle.v2))) ∨ (z ∉ D.packet.partition.C1 ∧ z ∈ D.packet.partition.C2) ∨ (z ∉ D.packet.partition.C1 ∧ z ∉ D.packet.partition.C2 ∧ z ∈ D.packet.partition.C3 ∧ z ∉ D.packet.triangle.verts ∧ OnArcOpposite D.packet.triangle.v3 D.packet.triangle.v1 D.packet.triangle.v2 z ∧ signedArea2 z D.packet.triangle.v1 D.packet.triangle.v2 * signedArea2 D.packet.triangle.v3 D.packet.triangle.v1 D.packet.triangle.v2 ≤ 0 ∧ 0 < signedArea2 z D.packet.triangle.v2 D.packet.triangle.v3 * signedArea2 D.packet.triangle.v1 D.packet.triangle.v2 D.packet.triangle.v3 ∧ 0 < signedArea2 z D.packet.triangle.v3 D.packet.triangle.v1 * signedArea2 D.packet.triangle.v2 D.packet.triangle.v3 D.packet.triangle.v1)
Problem97.C5D3B.payloadFreshWitness_splitterCarrierOffShortSelectedSurface_or_C2_or_C3Sector_of_sameSideTerminal	lean/RVOL/P97/C5D3BC2LargeCapInterior.lean	5094	source-proved	theorem payloadFreshWitness_splitterCarrierOffShortSelectedSurface_or_C2_or_C3Sector_of_sameSideTerminal {D : CounterexampleData} {q v1 v3 qs w u a0 a1 x z : ℝ²} {B : Finset ℝ²} (hM44 : D.IsM44) (hU2 : U2Statement D) (hmin : D.Minimal) (hU3 : U3ShortCapSaturation D) (P : C5D3BSameSideTerminalPacket D q v1 v3 qs w u) (K : U5QAllowedK4Class D x B) (hBcard : B.card = 4) (hzB : z ∈ B) (hfresh : C5D3B.payloadFreshWitnessData D q v3 ({v1, qs, w} : Finset ℝ²) u a0 a1 x z) (hout : z ∉ U5QAllowedBoundedSupport D q v3 ({v1, qs, w} : Finset ℝ²) u a0 a1) : (∃ Widx : C5D3B.PayloadIndexedFreshWitness D q v3 ({v1, qs, w} : Finset ℝ²) u a0 a1 x P.endpoint.setup.oriented.endpoints.C1Block, Widx.z = z ∧ ((Widx.z = D.packet.triangle.v2 ∧ Widx.idx = P.endpoint.setup.oriented.endpoints.v2Index) ∨ (P.endpoint.storedSplitter.LeftSide Widx.idx ∧ Widx.idx ≠ P.endpoint.setup.uIndex ∧ Widx.idx ≠ P.endpoint.setup.wIndex ∧ Widx.z ≠ D.packet.triangle.v2) ∨ (Widx.idx = P.endpoint.split ∧ Widx.z = P.endpoint.setup.oriented.endpoints.C1Block.L.points P.endpoint.split ∧ Widx.z ∉ U5QAllowedBoundedSupport D q v3 ({v1, qs, w} : Finset ℝ²) u a0 a1 ∧ Widx.z ≠ v3 ∧ Widx.z ≠ q ∧ Widx.z ≠ u ∧ Widx.z ≠ a0 ∧ Widx.z ≠ a1 ∧ Widx.z ∉ ({v1, qs, w} : Finset ℝ²) ∧ Widx.z ≠ D.packet.triangle.v2 ∧ ∃ p : ℝ², C5D3B.SelectedCarrierSplitterCarrierOffShortProfile D x Widx.z p B K) ∨ (P.endpoint.storedSplitter.RightSide Widx.idx ∧ Widx.idx ≠ P.endpoint.setup.uIndex ∧ Widx.idx ≠ P.endpoint.setup.wIndex ∧ Widx.z ≠ D.packet.triangle.v2))) ∨ (z ∉ D.packet.partition.C1 ∧ z ∈ D.packet.partition.C2) ∨ (z ∉ D.packet.partition.C1 ∧ z ∉ D.packet.partition.C2 ∧ z ∈ D.packet.partition.C3 ∧ z ∉ D.packet.triangle.verts ∧ OnArcOpposite D.packet.triangle.v3 D.packet.triangle.v1 D.packet.triangle.v2 z ∧ signedArea2 z D.packet.triangle.v1 D.packet.triangle.v2 * signedArea2 D.packet.triangle.v3 D.packet.triangle.v1 D.packet.triangle.v2 ≤ 0 ∧ 0 < signedArea2 z D.packet.triangle.v2 D.packet.triangle.v3 * signedArea2 D.packet.triangle.v1 D.packet.triangle.v2 D.packet.triangle.v3 ∧ 0 < signedArea2 z D.packet.triangle.v3 D.packet.triangle.v1 * signedArea2 D.packet.triangle.v2 D.packet.triangle.v3 D.packet.triangle.v1)
Problem97.C5D3B.freshWitness_shortCap_profile_offRow_branch_of_minimal_u3	lean/RVOL/P97/C5D3BC2LargeCapInterior.lean	5180	source-proved	theorem freshWitness_shortCap_profile_offRow_branch_of_minimal_u3 {D : CounterexampleData} {i : Fin 2} {q v1 v3 qs w u a0 a1 x z : ℝ²} {B : Finset ℝ²} (hM44 : D.IsM44) (hU2 : U2Statement D) (hmin : D.Minimal) (hU3 : U3ShortCapSaturation D) (P : C5D3BSameSideTerminalPacket D q v1 v3 qs w u) (K : U5QAllowedK4Class D x B) (hBcard : B.card = 4) (hx_ne_q : x ≠ q) (hzB : z ∈ B) (hzShort : z ∈ shortCap D i) (hfresh : C5D3B.payloadFreshWitnessData D q v3 ({v1, qs, w} : Finset ℝ²) u a0 a1 x z) : (∃ y : ℝ², y ∈ B ∧ y ≠ z ∧ y ∉ shortCap D i ∧ y ∉ ({v3, v1, qs, u} : Finset ℝ²)) ∨ ∃ r : ℝ², r ∈ B ∧ r ∈ shortCap D i ∧ z ≠ r ∧ r ∉ ({v3, v1, qs, u} : Finset ℝ²) ∧ B ∩ shortCap D i = ({z, r} : Finset ℝ²)
Problem97.C5D3B.freshWitness_shortCap_profile_anchor_or_secondFresh_of_minimal_u3	lean/RVOL/P97/C5D3BC2LargeCapInterior.lean	5228	source-proved	theorem freshWitness_shortCap_profile_anchor_or_secondFresh_of_minimal_u3 {D : CounterexampleData} {i : Fin 2} {q v1 v3 qs w u a0 a1 x z : ℝ²} {B : Finset ℝ²} (hM44 : D.IsM44) (hU2 : U2Statement D) (hmin : D.Minimal) (hU3 : U3ShortCapSaturation D) (P : C5D3BSameSideTerminalPacket D q v1 v3 qs w u) (K : U5QAllowedK4Class D x B) (hBcard : B.card = 4) (hx_ne_q : x ≠ q) (hzB : z ∈ B) (hzShort : z ∈ shortCap D i) (hfresh : C5D3B.payloadFreshWitnessData D q v3 ({v1, qs, w} : Finset ℝ²) u a0 a1 x z) : (∃ y : ℝ², y ∈ B ∧ y ≠ z ∧ y ∉ shortCap D i ∧ y ∉ ({v3, v1, qs, u} : Finset ℝ²) ∧ y ∈ ({q, w, a0, a1} : Finset ℝ²)) ∨ (∃ y : ℝ², y ∈ B ∧ y ≠ z ∧ y ∉ shortCap D i ∧ y ∉ ({v3, v1, qs, u} : Finset ℝ²) ∧ C5D3B.payloadFreshWitnessData D q v3 ({v1, qs, w} : Finset ℝ²) u a0 a1 x y ∧ y ∉ U5QAllowedBoundedSupport D q v3 ({v1, qs, w} : Finset ℝ²) u a0 a1) ∨ (∃ r : ℝ², r ∈ B ∧ r ∈ shortCap D i ∧ z ≠ r ∧ B ∩ shortCap D i = ({z, r} : Finset ℝ²) ∧ r ∉ ({v3, v1, qs, u} : Finset ℝ²) ∧ r ∈ ({q, w, a0, a1} : Finset ℝ²)) ∨ ∃ r : ℝ², r ∈ B ∧ r ∈ shortCap D i ∧ z ≠ r ∧ B ∩ shortCap D i = ({z, r} : Finset ℝ²) ∧ r ∉ ({v3, v1, qs, u} : Finset ℝ²) ∧ C5D3B.payloadFreshWitnessData D q v3 ({v1, qs, w} : Finset ℝ²) u a0 a1 x r ∧ r ∉ U5QAllowedBoundedSupport D q v3 ({v1, qs, w} : Finset ℝ²) u a0 a1
Problem97.C5D3B.freshWitness_shortCap_profile_w_indexed_anchor_of_minimal_u3	lean/RVOL/P97/C5D3BC2LargeCapInterior.lean	5291	source-proved	theorem freshWitness_shortCap_profile_w_indexed_anchor_of_minimal_u3 {D : CounterexampleData} {i : Fin 2} {q v1 v3 qs w u a0 a1 x z : ℝ²} {B : Finset ℝ²} (hM44 : D.IsM44) (hU2 : U2Statement D) (hmin : D.Minimal) (hU3 : U3ShortCapSaturation D) (P : C5D3BSameSideTerminalPacket D q v1 v3 qs w u) (K : U5QAllowedK4Class D x B) (hBcard : B.card = 4) (hx_ne_q : x ≠ q) (hzB : z ∈ B) (hzShort : z ∈ shortCap D i) (hfresh : C5D3B.payloadFreshWitnessData D q v3 ({v1, qs, w} : Finset ℝ²) u a0 a1 x z) : (∃ y : ℝ², y ∈ B ∧ y ≠ z ∧ y ∉ shortCap D i ∧ y ∉ ({v3, v1, qs, u} : Finset ℝ²) ∧ y ∈ ({q, a0, a1} : Finset ℝ²)) ∨ (∃ y : ℝ², y ∈ B ∧ y ≠ z ∧ y ∉ shortCap D i ∧ y ∉ ({v3, v1, qs, u} : Finset ℝ²) ∧ y = w ∧ ¬ ((D.packet.surplusIdx = 1 ∧ i = 1) ∨ (D.packet.surplusIdx = 2 ∧ i = 0))) ∨ (∃ y : ℝ², y ∈ B ∧ y ≠ z ∧ y ∉ shortCap D i ∧ y ∉ ({v3, v1, qs, u} : Finset ℝ²) ∧ C5D3B.payloadFreshWitnessData D q v3 ({v1, qs, w} : Finset ℝ²) u a0 a1 x y ∧ y ∉ U5QAllowedBoundedSupport D q v3 ({v1, qs, w} : Finset ℝ²) u a0 a1) ∨ (∃ r : ℝ², r ∈ B ∧ r ∈ shortCap D i ∧ z ≠ r ∧ B ∩ shortCap D i = ({z, r} : Finset ℝ²) ∧ r ∉ ({v3, v1, qs, u} : Finset ℝ²) ∧ r ∈ ({q, a0, a1} : Finset ℝ²)) ∨ (∃ r : ℝ², r ∈ B ∧ r ∈ shortCap D i ∧ z ≠ r ∧ B ∩ shortCap D i = ({z, r} : Finset ℝ²) ∧ r ∉ ({v3, v1, qs, u} : Finset ℝ²) ∧ r = w ∧ ((D.packet.surplusIdx = 1 ∧ i = 1) ∨ (D.packet.surplusIdx = 2 ∧ i = 0))) ∨ ∃ r : ℝ², r ∈ B ∧ r ∈ shortCap D i ∧ z ≠ r ∧ B ∩ shortCap D i = ({z, r} : Finset ℝ²) ∧ r ∉ ({v3, v1, qs, u} : Finset ℝ²) ∧ C5D3B.payloadFreshWitnessData D q v3 ({v1, qs, w} : Finset ℝ²) u a0 a1 x r ∧ r ∉ U5QAllowedBoundedSupport D q v3 ({v1, qs, w} : Finset ℝ²) u a0 a1
Problem97.C5D3B.freshWitness_shortCap_profile_no_retained_w_of_minimal_u3	lean/RVOL/P97/C5D3BC2LargeCapInterior.lean	5368	source-proved	theorem freshWitness_shortCap_profile_no_retained_w_of_minimal_u3 {D : CounterexampleData} {i : Fin 2} {q v1 v3 qs w u a0 a1 x z : ℝ²} {B : Finset ℝ²} (hM44 : D.IsM44) (hU2 : U2Statement D) (hmin : D.Minimal) (hU3 : U3ShortCapSaturation D) (P : C5D3BSameSideTerminalPacket D q v1 v3 qs w u) (K : U5QAllowedK4Class D x B) (hBcard : B.card = 4) (hx_ne_q : x ≠ q) (hzB : z ∈ B) (hzC1 : z ∉ D.packet.partition.C1) (hzShort : z ∈ shortCap D i) (hfresh : C5D3B.payloadFreshWitnessData D q v3 ({v1, qs, w} : Finset ℝ²) u a0 a1 x z) : (∃ y : ℝ², y ∈ B ∧ y ≠ z ∧ y ∉ shortCap D i ∧ y ∉ ({v3, v1, qs, u} : Finset ℝ²) ∧ y ∈ ({q, a0, a1} : Finset ℝ²)) ∨ (∃ y : ℝ², y ∈ B ∧ y ≠ z ∧ y ∉ shortCap D i ∧ y ∉ ({v3, v1, qs, u} : Finset ℝ²) ∧ y = w ∧ ¬ ((D.packet.surplusIdx = 1 ∧ i = 1) ∨ (D.packet.surplusIdx = 2 ∧ i = 0))) ∨ (∃ y : ℝ², y ∈ B ∧ y ≠ z ∧ y ∉ shortCap D i ∧ y ∉ ({v3, v1, qs, u} : Finset ℝ²) ∧ C5D3B.payloadFreshWitnessData D q v3 ({v1, qs, w} : Finset ℝ²) u a0 a1 x y ∧ y ∉ U5QAllowedBoundedSupport D q v3 ({v1, qs, w} : Finset ℝ²) u a0 a1) ∨ (∃ r : ℝ², r ∈ B ∧ r ∈ shortCap D i ∧ z ≠ r ∧ B ∩ shortCap D i = ({z, r} : Finset ℝ²) ∧ r ∉ ({v3, v1, qs, u} : Finset ℝ²) ∧ r ∈ ({q, a0, a1} : Finset ℝ²)) ∨ ∃ r : ℝ², r ∈ B ∧ r ∈ shortCap D i ∧ z ≠ r ∧ B ∩ shortCap D i = ({z, r} : Finset ℝ²) ∧ r ∉ ({v3, v1, qs, u} : Finset ℝ²) ∧ C5D3B.payloadFreshWitnessData D q v3 ({v1, qs, w} : Finset ℝ²) u a0 a1 x r ∧ r ∉ U5QAllowedBoundedSupport D q v3 ({v1, qs, w} : Finset ℝ²) u a0 a1
Problem97.C5D3B.freshWitness_shortCap_profile_no_retained_w_qCritical_of_minimal_u3	lean/RVOL/P97/C5D3BC2LargeCapInterior.lean	5509	source-proved	theorem freshWitness_shortCap_profile_no_retained_w_qCritical_of_minimal_u3 {D : CounterexampleData} {i : Fin 2} {q v1 v3 qs w u a0 a1 x z : ℝ²} {B : Finset ℝ²} (hM44 : D.IsM44) (hU2 : U2Statement D) (hmin : D.Minimal) (hU3 : U3ShortCapSaturation D) (P : C5D3BSameSideTerminalPacket D q v1 v3 qs w u) (K : U5QAllowedK4Class D x B) (hBcard : B.card = 4) (hx_ne_q : x ≠ q) (hzB : z ∈ B) (hzC1 : z ∉ D.packet.partition.C1) (hzShort : z ∈ shortCap D i) (hfresh : C5D3B.payloadFreshWitnessData D q v3 ({v1, qs, w} : Finset ℝ²) u a0 a1 x z) : (∃ y : ℝ², y ∈ B ∧ y ≠ z ∧ y ∉ shortCap D i ∧ y ∉ ({v3, v1, qs, u} : Finset ℝ²) ∧ ((y = q ∧ Nonempty (U5QCriticalTripleClass D q x (B.erase q))) ∨ y ∈ ({a0, a1} : Finset ℝ²))) ∨ (∃ y : ℝ², y ∈ B ∧ y ≠ z ∧ y ∉ shortCap D i ∧ y ∉ ({v3, v1, qs, u} : Finset ℝ²) ∧ y = w ∧ ¬ ((D.packet.surplusIdx = 1 ∧ i = 1) ∨ (D.packet.surplusIdx = 2 ∧ i = 0))) ∨ (∃ y : ℝ², y ∈ B ∧ y ≠ z ∧ y ∉ shortCap D i ∧ y ∉ ({v3, v1, qs, u} : Finset ℝ²) ∧ C5D3B.payloadFreshWitnessData D q v3 ({v1, qs, w} : Finset ℝ²) u a0 a1 x y ∧ y ∉ U5QAllowedBoundedSupport D q v3 ({v1, qs, w} : Finset ℝ²) u a0 a1) ∨ (∃ r : ℝ², r ∈ B ∧ r ∈ shortCap D i ∧ z ≠ r ∧ B ∩ shortCap D i = ({z, r} : Finset ℝ²) ∧ r ∉ ({v3, v1, qs, u} : Finset ℝ²) ∧ ((r = q ∧ Nonempty (U5QCriticalTripleClass D q x (B.erase q))) ∨ r ∈ ({a0, a1} : Finset ℝ²))) ∨ ∃ r : ℝ², r ∈ B ∧ r ∈ shortCap D i ∧ z ≠ r ∧ B ∩ shortCap D i = ({z, r} : Finset ℝ²) ∧ r ∉ ({v3, v1, qs, u} : Finset ℝ²) ∧ C5D3B.payloadFreshWitnessData D q v3 ({v1, qs, w} : Finset ℝ²) u a0 a1 x r ∧ r ∉ U5QAllowedBoundedSupport D q v3 ({v1, qs, w} : Finset ℝ²) u a0 a1
Problem97.C5D3B.freshWitness_shortCap_profile_no_retained_w_qCritical_radius_of_minimal_u3	lean/RVOL/P97/C5D3BC2LargeCapInterior.lean	5583	source-proved	theorem freshWitness_shortCap_profile_no_retained_w_qCritical_radius_of_minimal_u3 {D : CounterexampleData} {i : Fin 2} {q v1 v3 qs w u a0 a1 x z : ℝ²} {B : Finset ℝ²} (hM44 : D.IsM44) (hU2 : U2Statement D) (hmin : D.Minimal) (hU3 : U3ShortCapSaturation D) (P : C5D3BSameSideTerminalPacket D q v1 v3 qs w u) (K : U5QAllowedK4Class D x B) (hBcard : B.card = 4) (hx_ne_q : x ≠ q) (hzB : z ∈ B) (hzC1 : z ∉ D.packet.partition.C1) (hzShort : z ∈ shortCap D i) (hfresh : C5D3B.payloadFreshWitnessData D q v3 ({v1, qs, w} : Finset ℝ²) u a0 a1 x z) : (∃ y : ℝ², y ∈ B ∧ y ≠ z ∧ y ∉ shortCap D i ∧ y ∉ ({v3, v1, qs, u} : Finset ℝ²) ∧ ((y = q ∧ dist x z = dist x q ∧ Nonempty (U5QCriticalTripleClass D q x (B.erase q))) ∨ y ∈ ({a0, a1} : Finset ℝ²))) ∨ (∃ y : ℝ², y ∈ B ∧ y ≠ z ∧ y ∉ shortCap D i ∧ y ∉ ({v3, v1, qs, u} : Finset ℝ²) ∧ y = w ∧ ¬ ((D.packet.surplusIdx = 1 ∧ i = 1) ∨ (D.packet.surplusIdx = 2 ∧ i = 0))) ∨ (∃ y : ℝ², y ∈ B ∧ y ≠ z ∧ y ∉ shortCap D i ∧ y ∉ ({v3, v1, qs, u} : Finset ℝ²) ∧ C5D3B.payloadFreshWitnessData D q v3 ({v1, qs, w} : Finset ℝ²) u a0 a1 x y ∧ y ∉ U5QAllowedBoundedSupport D q v3 ({v1, qs, w} : Finset ℝ²) u a0 a1) ∨ (∃ r : ℝ², r ∈ B ∧ r ∈ shortCap D i ∧ z ≠ r ∧ B ∩ shortCap D i = ({z, r} : Finset ℝ²) ∧ r ∉ ({v3, v1, qs, u} : Finset ℝ²) ∧ ((r = q ∧ dist x z = dist x q ∧ Nonempty (U5QCriticalTripleClass D q x (B.erase q))) ∨ r ∈ ({a0, a1} : Finset ℝ²))) ∨ ∃ r : ℝ², r ∈ B ∧ r ∈ shortCap D i ∧ z ≠ r ∧ B ∩ shortCap D i = ({z, r} : Finset ℝ²) ∧ r ∉ ({v3, v1, qs, u} : Finset ℝ²) ∧ C5D3B.payloadFreshWitnessData D q v3 ({v1, qs, w} : Finset ℝ²) u a0 a1 x r ∧ r ∉ U5QAllowedBoundedSupport D q v3 ({v1, qs, w} : Finset ℝ²) u a0 a1
Problem97.C5D3B.freshWitness_shortCap_profile_no_retained_w_qCritical_radius_mem_of_minimal_u3	lean/RVOL/P97/C5D3BC2LargeCapInterior.lean	5656	source-proved	theorem freshWitness_shortCap_profile_no_retained_w_qCritical_radius_mem_of_minimal_u3 {D : CounterexampleData} {i : Fin 2} {q v1 v3 qs w u a0 a1 x z : ℝ²} {B : Finset ℝ²} (hM44 : D.IsM44) (hU2 : U2Statement D) (hmin : D.Minimal) (hU3 : U3ShortCapSaturation D) (P : C5D3BSameSideTerminalPacket D q v1 v3 qs w u) (K : U5QAllowedK4Class D x B) (hBcard : B.card = 4) (hx_ne_q : x ≠ q) (hzB : z ∈ B) (hzC1 : z ∉ D.packet.partition.C1) (hzShort : z ∈ shortCap D i) (hfresh : C5D3B.payloadFreshWitnessData D q v3 ({v1, qs, w} : Finset ℝ²) u a0 a1 x z) : (∃ y : ℝ², y ∈ B ∧ y ≠ z ∧ y ∉ shortCap D i ∧ y ∉ ({v3, v1, qs, u} : Finset ℝ²) ∧ ((y = q ∧ z ∈ B.erase q ∧ dist x z = dist x q ∧ Nonempty (U5QCriticalTripleClass D q x (B.erase q))) ∨ y ∈ ({a0, a1} : Finset ℝ²))) ∨ (∃ y : ℝ², y ∈ B ∧ y ≠ z ∧ y ∉ shortCap D i ∧ y ∉ ({v3, v1, qs, u} : Finset ℝ²) ∧ y = w ∧ ¬ ((D.packet.surplusIdx = 1 ∧ i = 1) ∨ (D.packet.surplusIdx = 2 ∧ i = 0))) ∨ (∃ y : ℝ², y ∈ B ∧ y ≠ z ∧ y ∉ shortCap D i ∧ y ∉ ({v3, v1, qs, u} : Finset ℝ²) ∧ C5D3B.payloadFreshWitnessData D q v3 ({v1, qs, w} : Finset ℝ²) u a0 a1 x y ∧ y ∉ U5QAllowedBoundedSupport D q v3 ({v1, qs, w} : Finset ℝ²) u a0 a1) ∨ (∃ r : ℝ², r ∈ B ∧ r ∈ shortCap D i ∧ z ≠ r ∧ B ∩ shortCap D i = ({z, r} : Finset ℝ²) ∧ r ∉ ({v3, v1, qs, u} : Finset ℝ²) ∧ ((r = q ∧ z ∈ B.erase q ∧ dist x z = dist x q ∧ Nonempty (U5QCriticalTripleClass D q x (B.erase q))) ∨ r ∈ ({a0, a1} : Finset ℝ²))) ∨ ∃ r : ℝ², r ∈ B ∧ r ∈ shortCap D i ∧ z ≠ r ∧ B ∩ shortCap D i = ({z, r} : Finset ℝ²) ∧ r ∉ ({v3, v1, qs, u} : Finset ℝ²) ∧ C5D3B.payloadFreshWitnessData D q v3 ({v1, qs, w} : Finset ℝ²) u a0 a1 x r ∧ r ∉ U5QAllowedBoundedSupport D q v3 ({v1, qs, w} : Finset ℝ²) u a0 a1
Problem97.C5D3B.freshWitness_shortCap_profile_no_retained_w_center_separated_of_minimal_u3	lean/RVOL/P97/C5D3BC2LargeCapInterior.lean	5729	source-proved	theorem freshWitness_shortCap_profile_no_retained_w_center_separated_of_minimal_u3 {D : CounterexampleData} {i : Fin 2} {q v1 v3 qs w u a0 a1 x z : ℝ²} {B : Finset ℝ²} (hM44 : D.IsM44) (hU2 : U2Statement D) (hmin : D.Minimal) (hU3 : U3ShortCapSaturation D) (P : C5D3BSameSideTerminalPacket D q v1 v3 qs w u) (K : U5QAllowedK4Class D x B) (hBcard : B.card = 4) (hx_ne_q : x ≠ q) (hzB : z ∈ B) (hzC1 : z ∉ D.packet.partition.C1) (hzShort : z ∈ shortCap D i) (hfresh : C5D3B.payloadFreshWitnessData D q v3 ({v1, qs, w} : Finset ℝ²) u a0 a1 x z) : (∃ y : ℝ², y ∈ B ∧ y ≠ x ∧ y ≠ z ∧ y ∉ shortCap D i ∧ y ∉ ({v3, v1, qs, u} : Finset ℝ²) ∧ y ∈ ({q, a0, a1} : Finset ℝ²)) ∨ (∃ y : ℝ², y ∈ B ∧ y ≠ x ∧ y ≠ z ∧ y ∉ shortCap D i ∧ y ∉ ({v3, v1, qs, u} : Finset ℝ²) ∧ y = w ∧ ¬ ((D.packet.surplusIdx = 1 ∧ i = 1) ∨ (D.packet.surplusIdx = 2 ∧ i = 0))) ∨ (∃ y : ℝ², y ∈ B ∧ y ≠ x ∧ y ≠ z ∧ y ∉ shortCap D i ∧ y ∉ ({v3, v1, qs, u} : Finset ℝ²) ∧ C5D3B.payloadFreshWitnessData D q v3 ({v1, qs, w} : Finset ℝ²) u a0 a1 x y ∧ y ∉ U5QAllowedBoundedSupport D q v3 ({v1, qs, w} : Finset ℝ²) u a0 a1) ∨ (∃ r : ℝ², r ∈ B ∧ r ≠ x ∧ r ∈ shortCap D i ∧ z ≠ r ∧ B ∩ shortCap D i = ({z, r} : Finset ℝ²) ∧ r ∉ ({v3, v1, qs, u} : Finset ℝ²) ∧ r ∈ ({q, a0, a1} : Finset ℝ²)) ∨ ∃ r : ℝ², r ∈ B ∧ r ≠ x ∧ r ∈ shortCap D i ∧ z ≠ r ∧ B ∩ shortCap D i = ({z, r} : Finset ℝ²) ∧ r ∉ ({v3, v1, qs, u} : Finset ℝ²) ∧ C5D3B.payloadFreshWitnessData D q v3 ({v1, qs, w} : Finset ℝ²) u a0 a1 x r ∧ r ∉ U5QAllowedBoundedSupport D q v3 ({v1, qs, w} : Finset ℝ²) u a0 a1
Problem97.C5D3B.payloadFreshWitness_C2_shortCapProfile_or_largeCapInterior_of_minimal_u3	lean/RVOL/P97/C5D3BC2LargeCapInterior.lean	5812	source-proved	theorem payloadFreshWitness_C2_shortCapProfile_or_largeCapInterior_of_minimal_u3 {D : CounterexampleData} {q v1 v3 qs w u a0 a1 x z : ℝ²} {B : Finset ℝ²} (hM44 : D.IsM44) (hU2 : U2Statement D) (hmin : D.Minimal) (hU3 : U3ShortCapSaturation D) (P : C5D3BSameSideTerminalPacket D q v1 v3 qs w u) (K : U5QAllowedK4Class D x B) (hBcard : B.card = 4) (hx_ne_q : x ≠ q) (hzB : z ∈ B) (hfresh : C5D3B.payloadFreshWitnessData D q v3 ({v1, qs, w} : Finset ℝ²) u a0 a1 x z) (hzC1 : z ∉ D.packet.partition.C1) (hzC2 : z ∈ D.packet.partition.C2) : (∃ i : Fin 2, z ∈ shortCap D i ∧ ((∃ y : ℝ², y ∈ B ∧ y ≠ z ∧ y ∉ shortCap D i ∧ y ∉ ({v3, v1, qs, u} : Finset ℝ²)) ∨ ∃ r : ℝ², r ∈ B ∧ r ∈ shortCap D i ∧ z ≠ r ∧ r ∉ ({v3, v1, qs, u} : Finset ℝ²) ∧ B ∩ shortCap D i = ({z, r} : Finset ℝ²))) ∨ z ∈ largeCapInterior D
Problem97.C5D3B.payloadFreshWitness_C2_w_indexed_shortCapProfile_or_largeCapInterior_of_minimal_u3	lean/RVOL/P97/C5D3BC2LargeCapInterior.lean	5887	source-proved	theorem payloadFreshWitness_C2_w_indexed_shortCapProfile_or_largeCapInterior_of_minimal_u3 {D : CounterexampleData} {q v1 v3 qs w u a0 a1 x z : ℝ²} {B : Finset ℝ²} (hM44 : D.IsM44) (hU2 : U2Statement D) (hmin : D.Minimal) (hU3 : U3ShortCapSaturation D) (P : C5D3BSameSideTerminalPacket D q v1 v3 qs w u) (K : U5QAllowedK4Class D x B) (hBcard : B.card = 4) (hx_ne_q : x ≠ q) (hzB : z ∈ B) (hfresh : C5D3B.payloadFreshWitnessData D q v3 ({v1, qs, w} : Finset ℝ²) u a0 a1 x z) (hzC1 : z ∉ D.packet.partition.C1) (hzC2 : z ∈ D.packet.partition.C2) : (∃ i : Fin 2, z ∈ shortCap D i ∧ ((∃ y : ℝ², y ∈ B ∧ y ≠ z ∧ y ∉ shortCap D i ∧ y ∉ ({v3, v1, qs, u} : Finset ℝ²) ∧ y ∈ ({q, a0, a1} : Finset ℝ²)) ∨ (∃ y : ℝ², y ∈ B ∧ y ≠ z ∧ y ∉ shortCap D i ∧ y ∉ ({v3, v1, qs, u} : Finset ℝ²) ∧ y = w ∧ ¬ ((D.packet.surplusIdx = 1 ∧ i = 1) ∨ (D.packet.surplusIdx = 2 ∧ i = 0))) ∨ (∃ y : ℝ², y ∈ B ∧ y ≠ z ∧ y ∉ shortCap D i ∧ y ∉ ({v3, v1, qs, u} : Finset ℝ²) ∧ C5D3B.payloadFreshWitnessData D q v3 ({v1, qs, w} : Finset ℝ²) u a0 a1 x y ∧ y ∉ U5QAllowedBoundedSupport D q v3 ({v1, qs, w} : Finset ℝ²) u a0 a1) ∨ (∃ r : ℝ², r ∈ B ∧ r ∈ shortCap D i ∧ z ≠ r ∧ B ∩ shortCap D i = ({z, r} : Finset ℝ²) ∧ r ∉ ({v3, v1, qs, u} : Finset ℝ²) ∧ r ∈ ({q, a0, a1} : Finset ℝ²)) ∨ (∃ r : ℝ², r ∈ B ∧ r ∈ shortCap D i ∧ z ≠ r ∧ B ∩ shortCap D i = ({z, r} : Finset ℝ²) ∧ r ∉ ({v3, v1, qs, u} : Finset ℝ²) ∧ r = w ∧ ((D.packet.surplusIdx = 1 ∧ i = 1) ∨ (D.packet.surplusIdx = 2 ∧ i = 0))) ∨ ∃ r : ℝ², r ∈ B ∧ r ∈ shortCap D i ∧ z ≠ r ∧ B ∩ shortCap D i = ({z, r} : Finset ℝ²) ∧ r ∉ ({v3, v1, qs, u} : Finset ℝ²) ∧ C5D3B.payloadFreshWitnessData D q v3 ({v1, qs, w} : Finset ℝ²) u a0 a1 x r ∧ r ∉ U5QAllowedBoundedSupport D q v3 ({v1, qs, w} : Finset ℝ²) u a0 a1)) ∨ z ∈ largeCapInterior D
Problem97.C5D3B.payloadFreshWitness_C2_no_retained_w_profile_or_largeCapInterior_of_minimal_u3	lean/RVOL/P97/C5D3BC2LargeCapInterior.lean	6012	source-proved	theorem payloadFreshWitness_C2_no_retained_w_profile_or_largeCapInterior_of_minimal_u3 {D : CounterexampleData} {q v1 v3 qs w u a0 a1 x z : ℝ²} {B : Finset ℝ²} (hM44 : D.IsM44) (hU2 : U2Statement D) (hmin : D.Minimal) (hU3 : U3ShortCapSaturation D) (P : C5D3BSameSideTerminalPacket D q v1 v3 qs w u) (K : U5QAllowedK4Class D x B) (hBcard : B.card = 4) (hx_ne_q : x ≠ q) (hzB : z ∈ B) (hfresh : C5D3B.payloadFreshWitnessData D q v3 ({v1, qs, w} : Finset ℝ²) u a0 a1 x z) (hzC1 : z ∉ D.packet.partition.C1) (hzC2 : z ∈ D.packet.partition.C2) : (∃ i : Fin 2, z ∈ shortCap D i ∧ (((((D.packet.surplusIdx = 0 ∧ i = 0) ∨ (D.packet.surplusIdx = 2 ∧ i = 1)) ∨ ((((D.packet.surplusIdx = 0 ∧ i = 1) ∨ (D.packet.surplusIdx = 1 ∧ i = 0)) ∧ z = D.packet.triangle.v1 ∧ v1 ≠ D.packet.triangle.v1))) ∧ (z ≠ D.packet.triangle.v1 ∨ v1 ≠ D.packet.triangle.v1))) ∧ ((B ∪ shortCap D i).card = 6 ∨ (B ∪ shortCap D i).card = 7) ∧ (((∃ y0 y1 r a b c : ℝ², B ∪ shortCap D i = ({z, y0, y1, r, a, b, c} : Finset ℝ²) ∧ (B ∪ shortCap D i).card = 7) ∨ (∃ y0 y1 r a b : ℝ², B ∪ shortCap D i = ({z, y0, y1, r, a, b} : Finset ℝ²) ∧ (B ∪ shortCap D i).card = 6)) ∧ ((∃ y : ℝ², y ∈ B ∧ y ≠ z ∧ y ∉ shortCap D i ∧ y ∉ ({v3, v1, qs, u} : Finset ℝ²) ∧ (((B ∩ shortCap D i = ({z} : Finset ℝ²)) ∧ (B ∪ shortCap D i).card = 7) ∨ ∃ r : ℝ², r ∈ B ∧ r ∈ shortCap D i ∧ z ≠ r ∧ B ∩ shortCap D i = ({z, r} : Finset ℝ²) ∧ (B ∪ shortCap D i).card = 6) ∧ y ∈ ({q, a0, a1} : Finset ℝ²)) ∨ (∃ y : ℝ², y ∈ B ∧ y ≠ z ∧ y ∉ shortCap D i ∧ y ∉ ({v3, v1, qs, u} : Finset ℝ²) ∧ y = w ∧ (((B ∩ shortCap D i = ({z} : Finset ℝ²)) ∧ (B ∪ shortCap D i).card = 7) ∨ ∃ r : ℝ², r ∈ B ∧ r ∈ shortCap D i ∧ z ≠ r ∧ B ∩ shortCap D i = ({z, r} : Finset ℝ²) ∧ (B ∪ shortCap D i).card = 6) ∧ ¬ ((D.packet.surplusIdx = 1 ∧ i = 1) ∨ (D.packet.surplusIdx = 2 ∧ i = 0))) ∨ (∃ y : ℝ², y ∈ B ∧ y ≠ z ∧ y ∉ shortCap D i ∧ y ∉ ({v3, v1, qs, u} : Finset ℝ²) ∧ (((B ∩ shortCap D i = ({z} : Finset ℝ²)) ∧ (B ∪ shortCap D i).card = 7) ∨ ∃ r : ℝ², r ∈ B ∧ r ∈ shortCap D i ∧ z ≠ r ∧ B ∩ shortCap D i = ({z, r} : Finset ℝ²) ∧ (B ∪ shortCap D i).card = 6) ∧ C5D3B.payloadFreshWitnessData D q v3 ({v1, qs, w} : Finset ℝ²) u a0 a1 x y ∧ y ∉ U5QAllowedBoundedSupport D q v3 ({v1, qs, w} : Finset ℝ²) u a0 a1) ∨ (∃ r : ℝ², r ∈ B ∧ r ∈ shortCap D i ∧ z ≠ r ∧ B ∩ shortCap D i = ({z, r} : Finset ℝ²) ∧ r ∉ ({v3, v1, qs, u} : Finset ℝ²) ∧ (B ∪ shortCap D i).card = 6 ∧ r ∈ ({q, a0, a1} : Finset ℝ²)) ∨ ∃ r : ℝ², r ∈ B ∧ r ∈ shortCap D i ∧ z ≠ r ∧ B ∩ shortCap D i = ({z, r} : Finset ℝ²) ∧ r ∉ ({v3, v1, qs, u} : Finset ℝ²) ∧ (B ∪ shortCap D i).card = 6 ∧ C5D3B.payloadFreshWitnessData D q v3 ({v1, qs, w} : Finset ℝ²) u a0 a1 x r ∧ r ∉ U5QAllowedBoundedSupport D q v3 ({v1, qs, w} : Finset ℝ²) u a0 a1))) ∨ z ∈ largeCapInterior D
Problem97.C5D3B.payloadFreshWitness_C2_no_retained_w_profile_or_largeCapInterior_basic_profile_of_minimal_u3	lean/RVOL/P97/C5D3BC2LargeCapInterior.lean	6169	source-proved	theorem payloadFreshWitness_C2_no_retained_w_profile_or_largeCapInterior_basic_profile_of_minimal_u3 {D : CounterexampleData} {q v1 v3 qs w u a0 a1 x z : ℝ²} {B : Finset ℝ²} (hM44 : D.IsM44) (hU2 : U2Statement D) (hmin : D.Minimal) (hU3 : U3ShortCapSaturation D) (P : C5D3BSameSideTerminalPacket D q v1 v3 qs w u) (K : U5QAllowedK4Class D x B) (hBcard : B.card = 4) (hx_ne_q : x ≠ q) (hzB : z ∈ B) (hfresh : C5D3B.payloadFreshWitnessData D q v3 ({v1, qs, w} : Finset ℝ²) u a0 a1 x z) (hzC1 : z ∉ D.packet.partition.C1) (hzC2 : z ∈ D.packet.partition.C2) : (∃ i : Fin 2, z ∈ shortCap D i ∧ (((((D.packet.surplusIdx = 0 ∧ i = 0) ∨ (D.packet.surplusIdx = 2 ∧ i = 1)) ∨ ((((D.packet.surplusIdx = 0 ∧ i = 1) ∨ (D.packet.surplusIdx = 1 ∧ i = 0)) ∧ z = D.packet.triangle.v1 ∧ v1 ≠ D.packet.triangle.v1))) ∧ (z ≠ D.packet.triangle.v1 ∨ v1 ≠ D.packet.triangle.v1))) ∧ ((B ∪ shortCap D i).card = 6 ∨ (B ∪ shortCap D i).card = 7) ∧ (((∃ y0 y1 r a b c : ℝ², B ∪ shortCap D i = ({z, y0, y1, r, a, b, c} : Finset ℝ²) ∧ (B ∪ shortCap D i).card = 7) ∨ (∃ y0 y1 r a b : ℝ², B ∪ shortCap D i = ({z, y0, y1, r, a, b} : Finset ℝ²) ∧ (B ∪ shortCap D i).card = 6)) ∧ ((∃ y : ℝ², y ∈ B ∧ y ≠ z ∧ y ∉ shortCap D i ∧ y ∉ ({v3, v1, qs, u} : Finset ℝ²) ∧ (((B ∩ shortCap D i = ({z} : Finset ℝ²)) ∧ (B ∪ shortCap D i).card = 7) ∨ ∃ r : ℝ², r ∈ B ∧ r ∈ shortCap D i ∧ z ≠ r ∧ B ∩ shortCap D i = ({z, r} : Finset ℝ²) ∧ (B ∪ shortCap D i).card = 6) ∧ y ∈ ({q, a0, a1} : Finset ℝ²)) ∨ (∃ y : ℝ², y ∈ B ∧ y ≠ z ∧ y ∉ shortCap D i ∧ y ∉ ({v3, v1, qs, u} : Finset ℝ²) ∧ y = w ∧ (((B ∩ shortCap D i = ({z} : Finset ℝ²)) ∧ (B ∪ shortCap D i).card = 7) ∨ ∃ r : ℝ², r ∈ B ∧ r ∈ shortCap D i ∧ z ≠ r ∧ B ∩ shortCap D i = ({z, r} : Finset ℝ²) ∧ (B ∪ shortCap D i).card = 6) ∧ ¬ ((D.packet.surplusIdx = 1 ∧ i = 1) ∨ (D.packet.surplusIdx = 2 ∧ i = 0))) ∨ (∃ y : ℝ², y ∈ B ∧ y ≠ z ∧ y ∉ shortCap D i ∧ y ∉ ({v3, v1, qs, u} : Finset ℝ²) ∧ (((B ∩ shortCap D i = ({z} : Finset ℝ²)) ∧ (B ∪ shortCap D i).card = 7) ∨ ∃ r : ℝ², r ∈ B ∧ r ∈ shortCap D i ∧ z ≠ r ∧ B ∩ shortCap D i = ({z, r} : Finset ℝ²) ∧ (B ∪ shortCap D i).card = 6) ∧ C5D3B.payloadFreshWitnessData D q v3 ({v1, qs, w} : Finset ℝ²) u a0 a1 x y ∧ y ∉ U5QAllowedBoundedSupport D q v3 ({v1, qs, w} : Finset ℝ²) u a0 a1) ∨ (∃ r : ℝ², r ∈ B ∧ r ∈ shortCap D i ∧ z ≠ r ∧ B ∩ shortCap D i = ({z, r} : Finset ℝ²) ∧ r ∉ ({v3, v1, qs, u} : Finset ℝ²) ∧ (B ∪ shortCap D i).card = 6 ∧ r ∈ ({q, a0, a1} : Finset ℝ²)) ∨ ∃ r : ℝ², r ∈ B ∧ r ∈ shortCap D i ∧ z ≠ r ∧ B ∩ shortCap D i = ({z, r} : Finset ℝ²) ∧ r ∉ ({v3, v1, qs, u} : Finset ℝ²) ∧ (B ∪ shortCap D i).card = 6 ∧ C5D3B.payloadFreshWitnessData D q v3 ({v1, qs, w} : Finset ℝ²) u a0 a1 x r ∧ r ∉ U5QAllowedBoundedSupport D q v3 ({v1, qs, w} : Finset ℝ²) u a0 a1))) ∨ z ∈ largeCapInterior D ∧ z ∈ D.A ∧ z ∈ D.packet.surplusCap ∧ z ≠ x ∧ z ≠ v3 ∧ z ≠ q ∧ z ≠ u ∧ z ≠ a0 ∧ z ≠ a1 ∧ z ≠ v1 ∧ z ≠ qs ∧ z ≠ w ∧ z ∉ U5QAllowedBoundedSupport D q v3 ({v1, qs, w} : Finset ℝ²) u a0 a1 ∧ z ≠ D.packet.triangle.v1 ∧ z ≠ D.packet.triangle.v2 ∧ z ≠ D.packet.triangle.v3 ∧ z ≠ D.packet.oppApex1 ∧ z ≠ D.packet.oppApex2
Problem97.C5D3B.payloadFreshWitness_C2_exactCarrier_no_retained_w_profile_or_largeCapInterior_of_minimal_u3	lean/RVOL/P97/C5D3BC2LargeCapInterior.lean	6279	source-proved	theorem payloadFreshWitness_C2_exactCarrier_no_retained_w_profile_or_largeCapInterior_of_minimal_u3 {D : CounterexampleData} {q v1 v3 qs w u a0 a1 x z : ℝ²} {B : Finset ℝ²} (hM44 : D.IsM44) (hU2 : U2Statement D) (hmin : D.Minimal) (hU3 : U3ShortCapSaturation D) (P : C5D3BSameSideTerminalPacket D q v1 v3 qs w u) (K : U5QAllowedK4Class D x B) (hBcard : B.card = 4) (hx_ne_q : x ≠ q) (hzB : z ∈ B) (hfresh : C5D3B.payloadFreshWitnessData D q v3 ({v1, qs, w} : Finset ℝ²) u a0 a1 x z) (hzC1 : z ∉ D.packet.partition.C1) (hzC2 : z ∈ D.packet.partition.C2) : (∃ i : Fin 2, z ∈ shortCap D i ∧ C5D3B.ShortCapExactCarrierPartition D i x z B K ∧ (∀ t : ℝ², t ∈ B → t ≠ x) ∧ (((((D.packet.surplusIdx = 0 ∧ i = 0) ∨ (D.packet.surplusIdx = 2 ∧ i = 1)) ∨ ((((D.packet.surplusIdx = 0 ∧ i = 1) ∨ (D.packet.surplusIdx = 1 ∧ i = 0)) ∧ z = D.packet.triangle.v1 ∧ v1 ≠ D.packet.triangle.v1))) ∧ (z ≠ D.packet.triangle.v1 ∨ v1 ≠ D.packet.triangle.v1))) ∧ ((B ∪ shortCap D i).card = 6 ∨ (B ∪ shortCap D i).card = 7) ∧ (((∃ y0 y1 r a b c : ℝ², B ∪ shortCap D i = ({z, y0, y1, r, a, b, c} : Finset ℝ²) ∧ (B ∪ shortCap D i).card = 7) ∨ (∃ y0 y1 r a b : ℝ², B ∪ shortCap D i = ({z, y0, y1, r, a, b} : Finset ℝ²) ∧ (B ∪ shortCap D i).card = 6)) ∧ ((∃ y : ℝ², y ∈ B ∧ y ≠ z ∧ y ∉ shortCap D i ∧ y ∉ ({v3, v1, qs, u} : Finset ℝ²) ∧ (((B ∩ shortCap D i = ({z} : Finset ℝ²)) ∧ (B ∪ shortCap D i).card = 7) ∨ ∃ r : ℝ², r ∈ B ∧ r ∈ shortCap D i ∧ z ≠ r ∧ B ∩ shortCap D i = ({z, r} : Finset ℝ²) ∧ (B ∪ shortCap D i).card = 6) ∧ y ∈ ({q, a0, a1} : Finset ℝ²)) ∨ (∃ y : ℝ², y ∈ B ∧ y ≠ z ∧ y ∉ shortCap D i ∧ y ∉ ({v3, v1, qs, u} : Finset ℝ²) ∧ y = w ∧ (((B ∩ shortCap D i = ({z} : Finset ℝ²)) ∧ (B ∪ shortCap D i).card = 7) ∨ ∃ r : ℝ², r ∈ B ∧ r ∈ shortCap D i ∧ z ≠ r ∧ B ∩ shortCap D i = ({z, r} : Finset ℝ²) ∧ (B ∪ shortCap D i).card = 6) ∧ ¬ ((D.packet.surplusIdx = 1 ∧ i = 1) ∨ (D.packet.surplusIdx = 2 ∧ i = 0))) ∨ (∃ y : ℝ², y ∈ B ∧ y ≠ z ∧ y ∉ shortCap D i ∧ y ∉ ({v3, v1, qs, u} : Finset ℝ²) ∧ (((B ∩ shortCap D i = ({z} : Finset ℝ²)) ∧ (B ∪ shortCap D i).card = 7) ∨ ∃ r : ℝ², r ∈ B ∧ r ∈ shortCap D i ∧ z ≠ r ∧ B ∩ shortCap D i = ({z, r} : Finset ℝ²) ∧ (B ∪ shortCap D i).card = 6) ∧ C5D3B.payloadFreshWitnessData D q v3 ({v1, qs, w} : Finset ℝ²) u a0 a1 x y ∧ y ∉ U5QAllowedBoundedSupport D q v3 ({v1, qs, w} : Finset ℝ²) u a0 a1) ∨ (∃ r : ℝ², r ∈ B ∧ r ∈ shortCap D i ∧ z ≠ r ∧ B ∩ shortCap D i = ({z, r} : Finset ℝ²) ∧ r ∉ ({v3, v1, qs, u} : Finset ℝ²) ∧ (B ∪ shortCap D i).card = 6 ∧ r ∈ ({q, a0, a1} : Finset ℝ²)) ∨ ∃ r : ℝ², r ∈ B ∧ r ∈ shortCap D i ∧ z ≠ r ∧ B ∩ shortCap D i = ({z, r} : Finset ℝ²) ∧ r ∉ ({v3, v1, qs, u} : Finset ℝ²) ∧ (B ∪ shortCap D i).card = 6 ∧ C5D3B.payloadFreshWitnessData D q v3 ({v1, qs, w} : Finset ℝ²) u a0 a1 x r ∧ r ∉ U5QAllowedBoundedSupport D q v3 ({v1, qs, w} : Finset ℝ²) u a0 a1))) ∨ z ∈ largeCapInterior D
Problem97.C5D3B.payloadFreshWitness_cutPosition_shortCapProfile_largeCapInterior_or_C3Sector_of_minimal_u3	lean/RVOL/P97/C5D3BC2LargeCapInterior.lean	7062	source-proved	theorem payloadFreshWitness_cutPosition_shortCapProfile_largeCapInterior_or_C3Sector_of_minimal_u3 {D : CounterexampleData} {q v1 v3 qs w u a0 a1 x z : ℝ²} {B : Finset ℝ²} (hM44 : D.IsM44) (hU2 : U2Statement D) (hmin : D.Minimal) (hU3 : U3ShortCapSaturation D) (P : C5D3BSameSideTerminalPacket D q v1 v3 qs w u) (K : U5QAllowedK4Class D x B) (hBcard : B.card = 4) (hx_ne_q : x ≠ q) (hzB : z ∈ B) (hfresh : C5D3B.payloadFreshWitnessData D q v3 ({v1, qs, w} : Finset ℝ²) u a0 a1 x z) (hout : z ∉ U5QAllowedBoundedSupport D q v3 ({v1, qs, w} : Finset ℝ²) u a0 a1) : (∃ Widx : C5D3B.PayloadIndexedFreshWitness D q v3 ({v1, qs, w} : Finset ℝ²) u a0 a1 x P.endpoint.setup.oriented.endpoints.C1Block, Widx.z = z ∧ ((Widx.z = D.packet.triangle.v2 ∧ Widx.idx = P.endpoint.setup.oriented.endpoints.v2Index) ∨ (P.endpoint.storedSplitter.LeftSide Widx.idx ∧ Widx.idx ≠ P.endpoint.setup.uIndex ∧ Widx.idx ≠ P.endpoint.setup.wIndex ∧ Widx.z ≠ D.packet.triangle.v2) ∨ (Widx.idx = P.endpoint.split ∧ Widx.z = P.endpoint.setup.oriented.endpoints.C1Block.L.points P.endpoint.split ∧ Widx.z ∉ U5QAllowedBoundedSupport D q v3 ({v1, qs, w} : Finset ℝ²) u a0 a1 ∧ Widx.z ≠ v3 ∧ Widx.z ≠ q ∧ Widx.z ≠ u ∧ Widx.z ≠ a0 ∧ Widx.z ≠ a1 ∧ Widx.z ∉ ({v1, qs, w} : Finset ℝ²) ∧ Widx.z ≠ D.packet.triangle.v2) ∨ (P.endpoint.storedSplitter.RightSide Widx.idx ∧ Widx.idx ≠ P.endpoint.setup.uIndex ∧ Widx.idx ≠ P.endpoint.setup.wIndex ∧ Widx.z ≠ D.packet.triangle.v2))) ∨ (∃ i : Fin 2, z ∈ shortCap D i ∧ ((∃ y : ℝ², y ∈ B ∧ y ≠ z ∧ y ∉ shortCap D i ∧ y ∉ ({v3, v1, qs, u} : Finset ℝ²)) ∨ ∃ r : ℝ², r ∈ B ∧ r ∈ shortCap D i ∧ z ≠ r ∧ r ∉ ({v3, v1, qs, u} : Finset ℝ²) ∧ B ∩ shortCap D i = ({z, r} : Finset ℝ²))) ∨ z ∈ largeCapInterior D ∨ (z ∉ D.packet.partition.C1 ∧ z ∉ D.packet.partition.C2 ∧ z ∈ D.packet.partition.C3 ∧ z ∉ D.packet.triangle.verts ∧ OnArcOpposite D.packet.triangle.v3 D.packet.triangle.v1 D.packet.triangle.v2 z ∧ signedArea2 z D.packet.triangle.v1 D.packet.triangle.v2 * signedArea2 D.packet.triangle.v3 D.packet.triangle.v1 D.packet.triangle.v2 ≤ 0 ∧ 0 < signedArea2 z D.packet.triangle.v2 D.packet.triangle.v3 * signedArea2 D.packet.triangle.v1 D.packet.triangle.v2 D.packet.triangle.v3 ∧ 0 < signedArea2 z D.packet.triangle.v3 D.packet.triangle.v1 * signedArea2 D.packet.triangle.v2 D.packet.triangle.v3 D.packet.triangle.v1)
Problem97.C5D3B.payloadFreshWitness_cutPosition_w_indexed_C2_split_of_minimal_u3	lean/RVOL/P97/C5D3BC2LargeCapInterior.lean	7146	source-proved	theorem payloadFreshWitness_cutPosition_w_indexed_C2_split_of_minimal_u3 {D : CounterexampleData} {q v1 v3 qs w u a0 a1 x z : ℝ²} {B : Finset ℝ²} (hM44 : D.IsM44) (hU2 : U2Statement D) (hmin : D.Minimal) (hU3 : U3ShortCapSaturation D) (P : C5D3BSameSideTerminalPacket D q v1 v3 qs w u) (K : U5QAllowedK4Class D x B) (hBcard : B.card = 4) (hx_ne_q : x ≠ q) (hzB : z ∈ B) (hfresh : C5D3B.payloadFreshWitnessData D q v3 ({v1, qs, w} : Finset ℝ²) u a0 a1 x z) (hout : z ∉ U5QAllowedBoundedSupport D q v3 ({v1, qs, w} : Finset ℝ²) u a0 a1) : (∃ Widx : C5D3B.PayloadIndexedFreshWitness D q v3 ({v1, qs, w} : Finset ℝ²) u a0 a1 x P.endpoint.setup.oriented.endpoints.C1Block, Widx.z = z ∧ ((Widx.z = D.packet.triangle.v2 ∧ Widx.idx = P.endpoint.setup.oriented.endpoints.v2Index) ∨ (P.endpoint.storedSplitter.LeftSide Widx.idx ∧ Widx.idx ≠ P.endpoint.setup.uIndex ∧ Widx.idx ≠ P.endpoint.setup.wIndex ∧ Widx.z ≠ D.packet.triangle.v2) ∨ (Widx.idx = P.endpoint.split ∧ Widx.z = P.endpoint.setup.oriented.endpoints.C1Block.L.points P.endpoint.split ∧ Widx.z ∉ U5QAllowedBoundedSupport D q v3 ({v1, qs, w} : Finset ℝ²) u a0 a1 ∧ Widx.z ≠ v3 ∧ Widx.z ≠ q ∧ Widx.z ≠ u ∧ Widx.z ≠ a0 ∧ Widx.z ≠ a1 ∧ Widx.z ∉ ({v1, qs, w} : Finset ℝ²) ∧ Widx.z ≠ D.packet.triangle.v2) ∨ (P.endpoint.storedSplitter.RightSide Widx.idx ∧ Widx.idx ≠ P.endpoint.setup.uIndex ∧ Widx.idx ≠ P.endpoint.setup.wIndex ∧ Widx.z ≠ D.packet.triangle.v2))) ∨ (∃ i : Fin 2, z ∈ shortCap D i ∧ ((∃ y : ℝ², y ∈ B ∧ y ≠ z ∧ y ∉ shortCap D i ∧ y ∉ ({v3, v1, qs, u} : Finset ℝ²) ∧ y ∈ ({q, a0, a1} : Finset ℝ²)) ∨ (∃ y : ℝ², y ∈ B ∧ y ≠ z ∧ y ∉ shortCap D i ∧ y ∉ ({v3, v1, qs, u} : Finset ℝ²) ∧ y = w ∧ ¬ ((D.packet.surplusIdx = 1 ∧ i = 1) ∨ (D.packet.surplusIdx = 2 ∧ i = 0))) ∨ (∃ y : ℝ², y ∈ B ∧ y ≠ z ∧ y ∉ shortCap D i ∧ y ∉ ({v3, v1, qs, u} : Finset ℝ²) ∧ C5D3B.payloadFreshWitnessData D q v3 ({v1, qs, w} : Finset ℝ²) u a0 a1 x y ∧ y ∉ U5QAllowedBoundedSupport D q v3 ({v1, qs, w} : Finset ℝ²) u a0 a1) ∨ (∃ r : ℝ², r ∈ B ∧ r ∈ shortCap D i ∧ z ≠ r ∧ B ∩ shortCap D i = ({z, r} : Finset ℝ²) ∧ r ∉ ({v3, v1, qs, u} : Finset ℝ²) ∧ r ∈ ({q, a0, a1} : Finset ℝ²)) ∨ (∃ r : ℝ², r ∈ B ∧ r ∈ shortCap D i ∧ z ≠ r ∧ B ∩ shortCap D i = ({z, r} : Finset ℝ²) ∧ r ∉ ({v3, v1, qs, u} : Finset ℝ²) ∧ r = w ∧ ((D.packet.surplusIdx = 1 ∧ i = 1) ∨ (D.packet.surplusIdx = 2 ∧ i = 0))) ∨ ∃ r : ℝ², r ∈ B ∧ r ∈ shortCap D i ∧ z ≠ r ∧ B ∩ shortCap D i = ({z, r} : Finset ℝ²) ∧ r ∉ ({v3, v1, qs, u} : Finset ℝ²) ∧ C5D3B.payloadFreshWitnessData D q v3 ({v1, qs, w} : Finset ℝ²) u a0 a1 x r ∧ r ∉ U5QAllowedBoundedSupport D q v3 ({v1, qs, w} : Finset ℝ²) u a0 a1)) ∨ z ∈ largeCapInterior D ∨ (z ∉ D.packet.partition.C1 ∧ z ∉ D.packet.partition.C2 ∧ z ∈ D.packet.partition.C3 ∧ z ∉ D.packet.triangle.verts ∧ OnArcOpposite D.packet.triangle.v3 D.packet.triangle.v1 D.packet.triangle.v2 z ∧ signedArea2 z D.packet.triangle.v1 D.packet.triangle.v2 * signedArea2 D.packet.triangle.v3 D.packet.triangle.v1 D.packet.triangle.v2 ≤ 0 ∧ 0 < signedArea2 z D.packet.triangle.v2 D.packet.triangle.v3 * signedArea2 D.packet.triangle.v1 D.packet.triangle.v2 D.packet.triangle.v3 ∧ 0 < signedArea2 z D.packet.triangle.v3 D.packet.triangle.v1 * signedArea2 D.packet.triangle.v2 D.packet.triangle.v3 D.packet.triangle.v1)
Problem97.C5D3B.freshWitness_of_escape_C2_split_of_minimal_u3	lean/RVOL/P97/C5D3BC2LargeCapInterior.lean	7263	source-proved	theorem freshWitness_of_escape_C2_split_of_minimal_u3 {D : CounterexampleData} {q v1 v3 qs w u x : ℝ²} (hM44 : D.IsM44) (hU2 : U2Statement D) (hmin : D.Minimal) (hU3 : U3ShortCapSaturation D) (P : C5D3BSameSideTerminalPacket D q v1 v3 qs w u) (W : C5D3B.PayloadAuxWitness D q v3 ({v1, qs, w} : Finset ℝ²) u) (hesc : C5D3B.payloadClassEscapesAt D q v3 ({v1, qs, w} : Finset ℝ²) u W.a0 W.a1 x) : ∃ B : Finset ℝ², ∃ z : ℝ², ∃ _K : U5QAllowedK4Class D x B, B.card = 4 ∧ z ∈ B ∧ z ∉ U5QAllowedBoundedSupport D q v3 ({v1, qs, w} : Finset ℝ²) u W.a0 W.a1 ∧ C5D3B.payloadFreshWitnessData D q v3 ({v1, qs, w} : Finset ℝ²) u W.a0 W.a1 x z ∧ ((∃ Widx : C5D3B.PayloadIndexedFreshWitness D q v3 ({v1, qs, w} : Finset ℝ²) u W.a0 W.a1 x P.endpoint.setup.oriented.endpoints.C1Block, Widx.z = z ∧ ((Widx.z = D.packet.triangle.v2 ∧ Widx.idx = P.endpoint.setup.oriented.endpoints.v2Index) ∨ (P.endpoint.storedSplitter.LeftSide Widx.idx ∧ Widx.idx ≠ P.endpoint.setup.uIndex ∧ Widx.idx ≠ P.endpoint.setup.wIndex ∧ Widx.z ≠ D.packet.triangle.v2) ∨ (Widx.idx = P.endpoint.split ∧ Widx.z = P.endpoint.setup.oriented.endpoints.C1Block.L.points P.endpoint.split ∧ Widx.z ∉ U5QAllowedBoundedSupport D q v3 ({v1, qs, w} : Finset ℝ²) u W.a0 W.a1 ∧ Widx.z ≠ v3 ∧ Widx.z ≠ q ∧ Widx.z ≠ u ∧ Widx.z ≠ W.a0 ∧ Widx.z ≠ W.a1 ∧ Widx.z ∉ ({v1, qs, w} : Finset ℝ²) ∧ Widx.z ≠ D.packet.triangle.v2) ∨ (P.endpoint.storedSplitter.RightSide Widx.idx ∧ Widx.idx ≠ P.endpoint.setup.uIndex ∧ Widx.idx ≠ P.endpoint.setup.wIndex ∧ Widx.z ≠ D.packet.triangle.v2))) ∨ (∃ i : Fin 2, z ∈ shortCap D i ∧ ((∃ y : ℝ², y ∈ B ∧ y ≠ z ∧ y ∉ shortCap D i ∧ y ∉ ({v3, v1, qs, u} : Finset ℝ²)) ∨ ∃ r : ℝ², r ∈ B ∧ r ∈ shortCap D i ∧ z ≠ r ∧ r ∉ ({v3, v1, qs, u} : Finset ℝ²) ∧ B ∩ shortCap D i = ({z, r} : Finset ℝ²))) ∨ z ∈ largeCapInterior D ∨ (z ∉ D.packet.partition.C1 ∧ z ∉ D.packet.partition.C2 ∧ z ∈ D.packet.partition.C3 ∧ z ∉ D.packet.triangle.verts ∧ OnArcOpposite D.packet.triangle.v3 D.packet.triangle.v1 D.packet.triangle.v2 z ∧ signedArea2 z D.packet.triangle.v1 D.packet.triangle.v2 * signedArea2 D.packet.triangle.v3 D.packet.triangle.v1 D.packet.triangle.v2 ≤ 0 ∧ 0 < signedArea2 z D.packet.triangle.v2 D.packet.triangle.v3 * signedArea2 D.packet.triangle.v1 D.packet.triangle.v2 D.packet.triangle.v3 ∧ 0 < signedArea2 z D.packet.triangle.v3 D.packet.triangle.v1 * signedArea2 D.packet.triangle.v2 D.packet.triangle.v3 D.packet.triangle.v1))
Problem97.C5D3B.freshWitness_of_escape_compact_branch_router_of_minimal_u3	lean/RVOL/P97/C5D3BC2LargeCapInterior.lean	7354	source-proved	theorem freshWitness_of_escape_compact_branch_router_of_minimal_u3 {D : CounterexampleData} {q v1 v3 qs w u x : ℝ²} (hM44 : D.IsM44) (hU2 : U2Statement D) (hmin : D.Minimal) (hU3 : U3ShortCapSaturation D) (P : C5D3BSameSideTerminalPacket D q v1 v3 qs w u) (W : C5D3B.PayloadAuxWitness D q v3 ({v1, qs, w} : Finset ℝ²) u) (hesc : C5D3B.payloadClassEscapesAt D q v3 ({v1, qs, w} : Finset ℝ²) u W.a0 W.a1 x) : ∃ B : Finset ℝ², ∃ z : ℝ², ∃ _K : U5QAllowedK4Class D x B, B.card = 4 ∧ z ∈ B ∧ z ∉ U5QAllowedBoundedSupport D q v3 ({v1, qs, w} : Finset ℝ²) u W.a0 W.a1 ∧ C5D3B.payloadFreshWitnessData D q v3 ({v1, qs, w} : Finset ℝ²) u W.a0 W.a1 x z ∧ ((∃ Widx : C5D3B.PayloadIndexedFreshWitness D q v3 ({v1, qs, w} : Finset ℝ²) u W.a0 W.a1 x P.endpoint.setup.oriented.endpoints.C1Block, Widx.z = z) ∨ (∃ i : Fin 2, z ∈ shortCap D i) ∨ z ∈ largeCapInterior D ∨ (z ∉ D.packet.partition.C1 ∧ z ∉ D.packet.partition.C2 ∧ z ∈ D.packet.partition.C3 ∧ z ∉ D.packet.triangle.verts ∧ OnArcOpposite D.packet.triangle.v3 D.packet.triangle.v1 D.packet.triangle.v2 z ∧ signedArea2 z D.packet.triangle.v1 D.packet.triangle.v2 * signedArea2 D.packet.triangle.v3 D.packet.triangle.v1 D.packet.triangle.v2 ≤ 0 ∧ 0 < signedArea2 z D.packet.triangle.v2 D.packet.triangle.v3 * signedArea2 D.packet.triangle.v1 D.packet.triangle.v2 D.packet.triangle.v3 ∧ 0 < signedArea2 z D.packet.triangle.v3 D.packet.triangle.v1 * signedArea2 D.packet.triangle.v2 D.packet.triangle.v3 D.packet.triangle.v1))
Problem97.C5D3B.freshWitness_of_escape_w_indexed_C2_split_of_minimal_u3	lean/RVOL/P97/C5D3BC2LargeCapInterior.lean	7410	source-proved	theorem freshWitness_of_escape_w_indexed_C2_split_of_minimal_u3 {D : CounterexampleData} {q v1 v3 qs w u x : ℝ²} (hM44 : D.IsM44) (hU2 : U2Statement D) (hmin : D.Minimal) (hU3 : U3ShortCapSaturation D) (P : C5D3BSameSideTerminalPacket D q v1 v3 qs w u) (W : C5D3B.PayloadAuxWitness D q v3 ({v1, qs, w} : Finset ℝ²) u) (hesc : C5D3B.payloadClassEscapesAt D q v3 ({v1, qs, w} : Finset ℝ²) u W.a0 W.a1 x) : ∃ B : Finset ℝ², ∃ z : ℝ², ∃ _K : U5QAllowedK4Class D x B, B.card = 4 ∧ z ∈ B ∧ z ∉ U5QAllowedBoundedSupport D q v3 ({v1, qs, w} : Finset ℝ²) u W.a0 W.a1 ∧ C5D3B.payloadFreshWitnessData D q v3 ({v1, qs, w} : Finset ℝ²) u W.a0 W.a1 x z ∧ ((∃ Widx : C5D3B.PayloadIndexedFreshWitness D q v3 ({v1, qs, w} : Finset ℝ²) u W.a0 W.a1 x P.endpoint.setup.oriented.endpoints.C1Block, Widx.z = z ∧ ((Widx.z = D.packet.triangle.v2 ∧ Widx.idx = P.endpoint.setup.oriented.endpoints.v2Index) ∨ (P.endpoint.storedSplitter.LeftSide Widx.idx ∧ Widx.idx ≠ P.endpoint.setup.uIndex ∧ Widx.idx ≠ P.endpoint.setup.wIndex ∧ Widx.z ≠ D.packet.triangle.v2) ∨ (Widx.idx = P.endpoint.split ∧ Widx.z = P.endpoint.setup.oriented.endpoints.C1Block.L.points P.endpoint.split ∧ Widx.z ∉ U5QAllowedBoundedSupport D q v3 ({v1, qs, w} : Finset ℝ²) u W.a0 W.a1 ∧ Widx.z ≠ v3 ∧ Widx.z ≠ q ∧ Widx.z ≠ u ∧ Widx.z ≠ W.a0 ∧ Widx.z ≠ W.a1 ∧ Widx.z ∉ ({v1, qs, w} : Finset ℝ²) ∧ Widx.z ≠ D.packet.triangle.v2) ∨ (P.endpoint.storedSplitter.RightSide Widx.idx ∧ Widx.idx ≠ P.endpoint.setup.uIndex ∧ Widx.idx ≠ P.endpoint.setup.wIndex ∧ Widx.z ≠ D.packet.triangle.v2))) ∨ (∃ i : Fin 2, z ∈ shortCap D i ∧ ((∃ y : ℝ², y ∈ B ∧ y ≠ z ∧ y ∉ shortCap D i ∧ y ∉ ({v3, v1, qs, u} : Finset ℝ²) ∧ y ∈ ({q, W.a0, W.a1} : Finset ℝ²)) ∨ (∃ y : ℝ², y ∈ B ∧ y ≠ z ∧ y ∉ shortCap D i ∧ y ∉ ({v3, v1, qs, u} : Finset ℝ²) ∧ y = w ∧ ¬ ((D.packet.surplusIdx = 1 ∧ i = 1) ∨ (D.packet.surplusIdx = 2 ∧ i = 0))) ∨ (∃ y : ℝ², y ∈ B ∧ y ≠ z ∧ y ∉ shortCap D i ∧ y ∉ ({v3, v1, qs, u} : Finset ℝ²) ∧ C5D3B.payloadFreshWitnessData D q v3 ({v1, qs, w} : Finset ℝ²) u W.a0 W.a1 x y ∧ y ∉ U5QAllowedBoundedSupport D q v3 ({v1, qs, w} : Finset ℝ²) u W.a0 W.a1) ∨ (∃ r : ℝ², r ∈ B ∧ r ∈ shortCap D i ∧ z ≠ r ∧ B ∩ shortCap D i = ({z, r} : Finset ℝ²) ∧ r ∉ ({v3, v1, qs, u} : Finset ℝ²) ∧ r ∈ ({q, W.a0, W.a1} : Finset ℝ²)) ∨ (∃ r : ℝ², r ∈ B ∧ r ∈ shortCap D i ∧ z ≠ r ∧ B ∩ shortCap D i = ({z, r} : Finset ℝ²) ∧ r ∉ ({v3, v1, qs, u} : Finset ℝ²) ∧ r = w ∧ ((D.packet.surplusIdx = 1 ∧ i = 1) ∨ (D.packet.surplusIdx = 2 ∧ i = 0))) ∨ ∃ r : ℝ², r ∈ B ∧ r ∈ shortCap D i ∧ z ≠ r ∧ B ∩ shortCap D i = ({z, r} : Finset ℝ²) ∧ r ∉ ({v3, v1, qs, u} : Finset ℝ²) ∧ C5D3B.payloadFreshWitnessData D q v3 ({v1, qs, w} : Finset ℝ²) u W.a0 W.a1 x r ∧ r ∉ U5QAllowedBoundedSupport D q v3 ({v1, qs, w} : Finset ℝ²) u W.a0 W.a1)) ∨ z ∈ largeCapInterior D ∨ (z ∉ D.packet.partition.C1 ∧ z ∉ D.packet.partition.C2 ∧ z ∈ D.packet.partition.C3 ∧ z ∉ D.packet.triangle.verts ∧ OnArcOpposite D.packet.triangle.v3 D.packet.triangle.v1 D.packet.triangle.v2 z ∧ signedArea2 z D.packet.triangle.v1 D.packet.triangle.v2 * signedArea2 D.packet.triangle.v3 D.packet.triangle.v1 D.packet.triangle.v2 ≤ 0 ∧ 0 < signedArea2 z D.packet.triangle.v2 D.packet.triangle.v3 * signedArea2 D.packet.triangle.v1 D.packet.triangle.v2 D.packet.triangle.v3 ∧ 0 < signedArea2 z D.packet.triangle.v3 D.packet.triangle.v1 * signedArea2 D.packet.triangle.v2 D.packet.triangle.v3 D.packet.triangle.v1))
Problem97.C5D3B.payloadFreshWitness_cutPosition_no_retained_w_C2_split_of_minimal_u3	lean/RVOL/P97/C5D3BC2LargeCapInterior.lean	7526	source-proved	theorem payloadFreshWitness_cutPosition_no_retained_w_C2_split_of_minimal_u3 {D : CounterexampleData} {q v1 v3 qs w u a0 a1 x z : ℝ²} {B : Finset ℝ²} (hM44 : D.IsM44) (hU2 : U2Statement D) (hmin : D.Minimal) (hU3 : U3ShortCapSaturation D) (P : C5D3BSameSideTerminalPacket D q v1 v3 qs w u) (K : U5QAllowedK4Class D x B) (hBcard : B.card = 4) (hx_ne_q : x ≠ q) (hzB : z ∈ B) (hfresh : C5D3B.payloadFreshWitnessData D q v3 ({v1, qs, w} : Finset ℝ²) u a0 a1 x z) (hout : z ∉ U5QAllowedBoundedSupport D q v3 ({v1, qs, w} : Finset ℝ²) u a0 a1) : (∃ Widx : C5D3B.PayloadIndexedFreshWitness D q v3 ({v1, qs, w} : Finset ℝ²) u a0 a1 x P.endpoint.setup.oriented.endpoints.C1Block, Widx.z = z ∧ ((Widx.z = D.packet.triangle.v2 ∧ Widx.idx = P.endpoint.setup.oriented.endpoints.v2Index) ∨ (P.endpoint.storedSplitter.LeftSide Widx.idx ∧ Widx.idx ≠ P.endpoint.setup.uIndex ∧ Widx.idx ≠ P.endpoint.setup.wIndex ∧ Widx.z ≠ D.packet.triangle.v2) ∨ (Widx.idx = P.endpoint.split ∧ Widx.z = P.endpoint.setup.oriented.endpoints.C1Block.L.points P.endpoint.split ∧ Widx.z ∉ U5QAllowedBoundedSupport D q v3 ({v1, qs, w} : Finset ℝ²) u a0 a1 ∧ Widx.z ≠ v3 ∧ Widx.z ≠ q ∧ Widx.z ≠ u ∧ Widx.z ≠ a0 ∧ Widx.z ≠ a1 ∧ Widx.z ∉ ({v1, qs, w} : Finset ℝ²) ∧ Widx.z ≠ D.packet.triangle.v2) ∨ (P.endpoint.storedSplitter.RightSide Widx.idx ∧ Widx.idx ≠ P.endpoint.setup.uIndex ∧ Widx.idx ≠ P.endpoint.setup.wIndex ∧ Widx.z ≠ D.packet.triangle.v2))) ∨ (∃ i : Fin 2, z ∈ shortCap D i ∧ (((((D.packet.surplusIdx = 0 ∧ i = 0) ∨ (D.packet.surplusIdx = 2 ∧ i = 1)) ∨ ((((D.packet.surplusIdx = 0 ∧ i = 1) ∨ (D.packet.surplusIdx = 1 ∧ i = 0)) ∧ z = D.packet.triangle.v1 ∧ v1 ≠ D.packet.triangle.v1))) ∧ (z ≠ D.packet.triangle.v1 ∨ v1 ≠ D.packet.triangle.v1))) ∧ ((B ∪ shortCap D i).card = 6 ∨ (B ∪ shortCap D i).card = 7) ∧ (((∃ y0 y1 r a b c : ℝ², B ∪ shortCap D i = ({z, y0, y1, r, a, b, c} : Finset ℝ²) ∧ (B ∪ shortCap D i).card = 7) ∨ (∃ y0 y1 r a b : ℝ², B ∪ shortCap D i = ({z, y0, y1, r, a, b} : Finset ℝ²) ∧ (B ∪ shortCap D i).card = 6)) ∧ ((∃ y : ℝ², y ∈ B ∧ y ≠ z ∧ y ∉ shortCap D i ∧ y ∉ ({v3, v1, qs, u} : Finset ℝ²) ∧ (((B ∩ shortCap D i = ({z} : Finset ℝ²)) ∧ (B ∪ shortCap D i).card = 7) ∨ ∃ r : ℝ², r ∈ B ∧ r ∈ shortCap D i ∧ z ≠ r ∧ B ∩ shortCap D i = ({z, r} : Finset ℝ²) ∧ (B ∪ shortCap D i).card = 6) ∧ y ∈ ({q, a0, a1} : Finset ℝ²)) ∨ (∃ y : ℝ², y ∈ B ∧ y ≠ z ∧ y ∉ shortCap D i ∧ y ∉ ({v3, v1, qs, u} : Finset ℝ²) ∧ y = w ∧ (((B ∩ shortCap D i = ({z} : Finset ℝ²)) ∧ (B ∪ shortCap D i).card = 7) ∨ ∃ r : ℝ², r ∈ B ∧ r ∈ shortCap D i ∧ z ≠ r ∧ B ∩ shortCap D i = ({z, r} : Finset ℝ²) ∧ (B ∪ shortCap D i).card = 6) ∧ ¬ ((D.packet.surplusIdx = 1 ∧ i = 1) ∨ (D.packet.surplusIdx = 2 ∧ i = 0))) ∨ (∃ y : ℝ², y ∈ B ∧ y ≠ z ∧ y ∉ shortCap D i ∧ y ∉ ({v3, v1, qs, u} : Finset ℝ²) ∧ (((B ∩ shortCap D i = ({z} : Finset ℝ²)) ∧ (B ∪ shortCap D i).card = 7) ∨ ∃ r : ℝ², r ∈ B ∧ r ∈ shortCap D i ∧ z ≠ r ∧ B ∩ shortCap D i = ({z, r} : Finset ℝ²) ∧ (B ∪ shortCap D i).card = 6) ∧ C5D3B.payloadFreshWitnessData D q v3 ({v1, qs, w} : Finset ℝ²) u a0 a1 x y ∧ y ∉ U5QAllowedBoundedSupport D q v3 ({v1, qs, w} : Finset ℝ²) u a0 a1) ∨ (∃ r : ℝ², r ∈ B ∧ r ∈ shortCap D i ∧ z ≠ r ∧ B ∩ shortCap D i = ({z, r} : Finset ℝ²) ∧ r ∉ ({v3, v1, qs, u} : Finset ℝ²) ∧ (B ∪ shortCap D i).card = 6 ∧ r ∈ ({q, a0, a1} : Finset ℝ²)) ∨ ∃ r : ℝ², r ∈ B ∧ r ∈ shortCap D i ∧ z ≠ r ∧ B ∩ shortCap D i = ({z, r} : Finset ℝ²) ∧ r ∉ ({v3, v1, qs, u} : Finset ℝ²) ∧ (B ∪ shortCap D i).card = 6 ∧ C5D3B.payloadFreshWitnessData D q v3 ({v1, qs, w} : Finset ℝ²) u a0 a1 x r ∧ r ∉ U5QAllowedBoundedSupport D q v3 ({v1, qs, w} : Finset ℝ²) u a0 a1))) ∨ z ∈ largeCapInterior D ∨ (z ∉ D.packet.partition.C1 ∧ z ∉ D.packet.partition.C2 ∧ z ∈ D.packet.partition.C3 ∧ z ∉ D.packet.triangle.verts ∧ OnArcOpposite D.packet.triangle.v3 D.packet.triangle.v1 D.packet.triangle.v2 z ∧ signedArea2 z D.packet.triangle.v1 D.packet.triangle.v2 * signedArea2 D.packet.triangle.v3 D.packet.triangle.v1 D.packet.triangle.v2 ≤ 0 ∧ 0 < signedArea2 z D.packet.triangle.v2 D.packet.triangle.v3 * signedArea2 D.packet.triangle.v1 D.packet.triangle.v2 D.packet.triangle.v3 ∧ 0 < signedArea2 z D.packet.triangle.v3 D.packet.triangle.v1 * signedArea2 D.packet.triangle.v2 D.packet.triangle.v3 D.packet.triangle.v1)
Problem97.C5D3B.payloadFreshWitness_cutPosition_exactCarrier_no_retained_w_C2_split_of_minimal_u3	lean/RVOL/P97/C5D3BC2LargeCapInterior.lean	7675	source-proved	theorem payloadFreshWitness_cutPosition_exactCarrier_no_retained_w_C2_split_of_minimal_u3 {D : CounterexampleData} {q v1 v3 qs w u a0 a1 x z : ℝ²} {B : Finset ℝ²} (hM44 : D.IsM44) (hU2 : U2Statement D) (hmin : D.Minimal) (hU3 : U3ShortCapSaturation D) (P : C5D3BSameSideTerminalPacket D q v1 v3 qs w u) (K : U5QAllowedK4Class D x B) (hBcard : B.card = 4) (hx_ne_q : x ≠ q) (hzB : z ∈ B) (hfresh : C5D3B.payloadFreshWitnessData D q v3 ({v1, qs, w} : Finset ℝ²) u a0 a1 x z) (hout : z ∉ U5QAllowedBoundedSupport D q v3 ({v1, qs, w} : Finset ℝ²) u a0 a1) : (∃ Widx : C5D3B.PayloadIndexedFreshWitness D q v3 ({v1, qs, w} : Finset ℝ²) u a0 a1 x P.endpoint.setup.oriented.endpoints.C1Block, Widx.z = z ∧ ((Widx.z = D.packet.triangle.v2 ∧ Widx.idx = P.endpoint.setup.oriented.endpoints.v2Index) ∨ (P.endpoint.storedSplitter.LeftSide Widx.idx ∧ Widx.idx ≠ P.endpoint.setup.uIndex ∧ Widx.idx ≠ P.endpoint.setup.wIndex ∧ Widx.z ≠ D.packet.triangle.v2) ∨ (Widx.idx = P.endpoint.split ∧ Widx.z = P.endpoint.setup.oriented.endpoints.C1Block.L.points P.endpoint.split ∧ Widx.z ∉ U5QAllowedBoundedSupport D q v3 ({v1, qs, w} : Finset ℝ²) u a0 a1 ∧ Widx.z ≠ v3 ∧ Widx.z ≠ q ∧ Widx.z ≠ u ∧ Widx.z ≠ a0 ∧ Widx.z ≠ a1 ∧ Widx.z ∉ ({v1, qs, w} : Finset ℝ²) ∧ Widx.z ≠ D.packet.triangle.v2) ∨ (P.endpoint.storedSplitter.RightSide Widx.idx ∧ Widx.idx ≠ P.endpoint.setup.uIndex ∧ Widx.idx ≠ P.endpoint.setup.wIndex ∧ Widx.z ≠ D.packet.triangle.v2))) ∨ (((∃ i : Fin 2, z ∈ shortCap D i ∧ C5D3B.ShortCapExactCarrierPartition D i x z B K ∧ (∀ t : ℝ², t ∈ B → t ≠ x) ∧ (((D.packet.surplusIdx = 0 ∧ i = 0) ∨ (D.packet.surplusIdx = 2 ∧ i = 1)) ∧ (z ≠ D.packet.triangle.v1 ∨ v1 ≠ D.packet.triangle.v1)) ∧ ((B ∪ shortCap D i).card = 6 ∨ (B ∪ shortCap D i).card = 7) ∧ (((∃ y0 y1 r a b c : ℝ², B ∪ shortCap D i = ({z, y0, y1, r, a, b, c} : Finset ℝ²) ∧ (B ∪ shortCap D i).card = 7) ∨ (∃ y0 y1 r a b : ℝ², B ∪ shortCap D i = ({z, y0, y1, r, a, b} : Finset ℝ²) ∧ (B ∪ shortCap D i).card = 6)) ∧ ((∃ y : ℝ², y ∈ B ∧ y ≠ z ∧ y ∉ shortCap D i ∧ y ∉ ({v3, v1, qs, u} : Finset ℝ²) ∧ (((B ∩ shortCap D i = ({z} : Finset ℝ²)) ∧ (B ∪ shortCap D i).card = 7) ∨ ∃ r : ℝ², r ∈ B ∧ r ∈ shortCap D i ∧ z ≠ r ∧ B ∩ shortCap D i = ({z, r} : Finset ℝ²) ∧ (B ∪ shortCap D i).card = 6) ∧ y ∈ ({q, a0, a1} : Finset ℝ²)) ∨ (∃ y : ℝ², y ∈ B ∧ y ≠ z ∧ y ∉ shortCap D i ∧ y ∉ ({v3, v1, qs, u} : Finset ℝ²) ∧ y = w ∧ (((B ∩ shortCap D i = ({z} : Finset ℝ²)) ∧ (B ∪ shortCap D i).card = 7) ∨ ∃ r : ℝ², r ∈ B ∧ r ∈ shortCap D i ∧ z ≠ r ∧ B ∩ shortCap D i = ({z, r} : Finset ℝ²) ∧ (B ∪ shortCap D i).card = 6) ∧ ¬ ((D.packet.surplusIdx = 1 ∧ i = 1) ∨ (D.packet.surplusIdx = 2 ∧ i = 0))) ∨ (∃ y : ℝ², y ∈ B ∧ y ≠ z ∧ y ∉ shortCap D i ∧ y ∉ ({v3, v1, qs, u} : Finset ℝ²) ∧ (((B ∩ shortCap D i = ({z} : Finset ℝ²)) ∧ (B ∪ shortCap D i).card = 7) ∨ ∃ r : ℝ², r ∈ B ∧ r ∈ shortCap D i ∧ z ≠ r ∧ B ∩ shortCap D i = ({z, r} : Finset ℝ²) ∧ (B ∪ shortCap D i).card = 6) ∧ C5D3B.payloadFreshWitnessData D q v3 ({v1, qs, w} : Finset ℝ²) u a0 a1 x y ∧ y ∉ U5QAllowedBoundedSupport D q v3 ({v1, qs, w} : Finset ℝ²) u a0 a1) ∨ (∃ r : ℝ², r ∈ B ∧ r ∈ shortCap D i ∧ z ≠ r ∧ B ∩ shortCap D i = ({z, r} : Finset ℝ²) ∧ r ∉ ({v3, v1, qs, u} : Finset ℝ²) ∧ (B ∪ shortCap D i).card = 6 ∧ r ∈ ({q, a0, a1} : Finset ℝ²)) ∨ ∃ r : ℝ², r ∈ B ∧ r ∈ shortCap D i ∧ z ≠ r ∧ B ∩ shortCap D i = ({z, r} : Finset ℝ²) ∧ r ∉ ({v3, v1, qs, u} : Finset ℝ²) ∧ (B ∪ shortCap D i).card = 6 ∧ C5D3B.payloadFreshWitnessData D q v3 ({v1, qs, w} : Finset ℝ²) u a0 a1 x r ∧ r ∉ U5QAllowedBoundedSupport D q v3 ({v1, qs, w} : Finset ℝ²) u a0 a1))) ∨ (∃ i : Fin 2, z ∈ shortCap D i ∧ ((D.packet.surplusIdx = 0 ∧ i = 1) ∨ (D.packet.surplusIdx = 1 ∧ i = 0)) ∧ z = D.packet.triangle.v1 ∧ C5D3B.ShortCapExactCarrierPartition D i x D.packet.triangle.v1 B K ∧ (((B ∩ shortCap D i = ({z} : Finset ℝ²)) ∧ (B ∪ shortCap D i).card = 7) ∨ ∃ r : ℝ², r ∈ B ∧ r ∈ shortCap D i ∧ z ≠ r ∧ B ∩ shortCap D i = ({z, r} : Finset ℝ²) ∧ (B ∪ shortCap D i).card = 6) ∧ D.packet.triangle.v1 ∉ U5QAllowedBoundedSupport D q v3 ({v1, qs, w} : Finset ℝ²) u a0 a1 ∧ D.packet.triangle.v1 ∉ ({v3, v1, qs, u} : Finset ℝ²) ∧ v1 ≠ D.packet.triangle.v1 ∧ D.packet.triangle.v1 ≠ x ∧ ((B ∪ shortCap D i).card = 6 ∨ (B ∪ shortCap D i).card = 7) ∧ (((∃ y0 y1 r a b c : ℝ², B ∪ shortCap D i = ({z, y0, y1, r, a, b, c} : Finset ℝ²) ∧ (B ∪ shortCap D i).card = 7) ∨ (∃ y0 y1 r a b : ℝ², B ∪ shortCap D i = ({z, y0, y1, r, a, b} : Finset ℝ²) ∧ (B ∪ shortCap D i).card = 6)) ∧ ((∃ y : ℝ², y ∈ B ∧ y ≠ z ∧ y ∉ shortCap D i ∧ y ∉ ({v3, v1, qs, u} : Finset ℝ²) ∧ (((B ∩ shortCap D i = ({z} : Finset ℝ²)) ∧ (B ∪ shortCap D i).card = 7) ∨ ∃ r : ℝ², r ∈ B ∧ r ∈ shortCap D i ∧ z ≠ r ∧ B ∩ shortCap D i = ({z, r} : Finset ℝ²) ∧ (B ∪ shortCap D i).card = 6) ∧ y ∈ ({q, a0, a1} : Finset ℝ²)) ∨ (∃ y : ℝ², y ∈ B ∧ y ≠ z ∧ y ∉ shortCap D i ∧ y ∉ ({v3, v1, qs, u} : Finset ℝ²) ∧ y = w ∧ (((B ∩ shortCap D i = ({z} : Finset ℝ²)) ∧ (B ∪ shortCap D i).card = 7) ∨ ∃ r : ℝ², r ∈ B ∧ r ∈ shortCap D i ∧ z ≠ r ∧ B ∩ shortCap D i = ({z, r} : Finset ℝ²) ∧ (B ∪ shortCap D i).card = 6) ∧ ¬ ((D.packet.surplusIdx = 1 ∧ i = 1) ∨ (D.packet.surplusIdx = 2 ∧ i = 0))) ∨ (∃ y : ℝ²,
Problem97.C5D3B.freshWitness_of_escape_exactCarrier_qCritical_radius_no_retained_w_C2_split_of_minimal_u3	lean/RVOL/P97/C5D3BC2LargeCapInterior.lean	8781	source-proved	theorem freshWitness_of_escape_exactCarrier_qCritical_radius_no_retained_w_C2_split_of_minimal_u3 {D : CounterexampleData} {q v1 v3 qs w u x : ℝ²} (hM44 : D.IsM44) (hU2 : U2Statement D) (hmin : D.Minimal) (hU3 : U3ShortCapSaturation D) (P : C5D3BSameSideTerminalPacket D q v1 v3 qs w u) (W : C5D3B.PayloadAuxWitness D q v3 ({v1, qs, w} : Finset ℝ²) u) (hesc : C5D3B.payloadClassEscapesAt D q v3 ({v1, qs, w} : Finset ℝ²) u W.a0 W.a1 x) : ∃ B : Finset ℝ², ∃ z : ℝ², ∃ k : U5QAllowedK4Class D x B, B.card = 4 ∧ z ∈ B ∧ z ∉ U5QAllowedBoundedSupport D q v3 ({v1, qs, w} : Finset ℝ²) u W.a0 W.a1 ∧ C5D3B.payloadFreshWitnessData D q v3 ({v1, qs, w} : Finset ℝ²) u W.a0 W.a1 x z ∧ ((∃ Widx : C5D3B.PayloadIndexedFreshWitness D q v3 ({v1, qs, w} : Finset ℝ²) u W.a0 W.a1 x P.endpoint.setup.oriented.endpoints.C1Block, Widx.z = z ∧ ((Widx.z = D.packet.triangle.v2 ∧ Widx.idx = P.endpoint.setup.oriented.endpoints.v2Index) ∨ (P.endpoint.storedSplitter.LeftSide Widx.idx ∧ Widx.idx ≠ P.endpoint.setup.uIndex ∧ Widx.idx ≠ P.endpoint.setup.wIndex ∧ Widx.z ≠ D.packet.triangle.v2) ∨ (Widx.idx = P.endpoint.split ∧ Widx.z = P.endpoint.setup.oriented.endpoints.C1Block.L.points P.endpoint.split ∧ Widx.z ∉ U5QAllowedBoundedSupport D q v3 ({v1, qs, w} : Finset ℝ²) u W.a0 W.a1 ∧ Widx.z ≠ v3 ∧ Widx.z ≠ q ∧ Widx.z ≠ u ∧ Widx.z ≠ W.a0 ∧ Widx.z ≠ W.a1 ∧ Widx.z ∉ ({v1, qs, w} : Finset ℝ²) ∧ Widx.z ≠ D.packet.triangle.v2) ∨ (P.endpoint.storedSplitter.RightSide Widx.idx ∧ Widx.idx ≠ P.endpoint.setup.uIndex ∧ Widx.idx ≠ P.endpoint.setup.wIndex ∧ Widx.z ≠ D.packet.triangle.v2))) ∨ (((∃ i : Fin 2, z ∈ shortCap D i ∧ C5D3B.ShortCapExactCarrierPartition D i x z B k ∧ (∀ t : ℝ², t ∈ B → t ≠ x) ∧ (((D.packet.surplusIdx = 0 ∧ i = 0) ∨ (D.packet.surplusIdx = 2 ∧ i = 1)) ∧ (z ≠ D.packet.triangle.v1 ∨ v1 ≠ D.packet.triangle.v1)) ∧ ((B ∪ shortCap D i).card = 6 ∨ (B ∪ shortCap D i).card = 7) ∧ (((∃ y0 y1 r a b c : ℝ², B ∪ shortCap D i = ({z, y0, y1, r, a, b, c} : Finset ℝ²) ∧ (B ∪ shortCap D i).card = 7) ∨ (∃ y0 y1 r a b : ℝ², B ∪ shortCap D i = ({z, y0, y1, r, a, b} : Finset ℝ²) ∧ (B ∪ shortCap D i).card = 6)) ∧ ((∃ y : ℝ², y ∈ B ∧ y ≠ z ∧ y ∉ shortCap D i ∧ y ∉ ({v3, v1, qs, u} : Finset ℝ²) ∧ (((B ∩ shortCap D i = ({z} : Finset ℝ²)) ∧ (B ∪ shortCap D i).card = 7) ∨ ∃ r : ℝ², r ∈ B ∧ r ∈ shortCap D i ∧ z ≠ r ∧ B ∩ shortCap D i = ({z, r} : Finset ℝ²) ∧ (B ∪ shortCap D i).card = 6) ∧ ((y = q ∧ dist x z = dist x q ∧ Nonempty (U5QCriticalTripleClass D q x (B.erase q))) ∨ y ∈ ({W.a0, W.a1} : Finset ℝ²))) ∨ (∃ y : ℝ², y ∈ B ∧ y ≠ z ∧ y ∉ shortCap D i ∧ y ∉ ({v3, v1, qs, u} : Finset ℝ²) ∧ y = w ∧ (((B ∩ shortCap D i = ({z} : Finset ℝ²)) ∧ (B ∪ shortCap D i).card = 7) ∨ ∃ r : ℝ², r ∈ B ∧ r ∈ shortCap D i ∧ z ≠ r ∧ B ∩ shortCap D i = ({z, r} : Finset ℝ²) ∧ (B ∪ shortCap D i).card = 6) ∧ ¬ ((D.packet.surplusIdx = 1 ∧ i = 1) ∨ (D.packet.surplusIdx = 2 ∧ i = 0))) ∨ (∃ y : ℝ², y ∈ B ∧ y ≠ z ∧ y ∉ shortCap D i ∧ y ∉ ({v3, v1, qs, u} : Finset ℝ²) ∧ (((B ∩ shortCap D i = ({z} : Finset ℝ²)) ∧ (B ∪ shortCap D i).card = 7) ∨ ∃ r : ℝ², r ∈ B ∧ r ∈ shortCap D i ∧ z ≠ r ∧ B ∩ shortCap D i = ({z, r} : Finset ℝ²) ∧ (B ∪ shortCap D i).card = 6) ∧ C5D3B.payloadFreshWitnessData D q v3 ({v1, qs, w} : Finset ℝ²) u W.a0 W.a1 x y ∧ y ∉ U5QAllowedBoundedSupport D q v3 ({v1, qs, w} : Finset ℝ²) u W.a0 W.a1) ∨ (∃ r : ℝ², r ∈ B ∧ r ∈ shortCap D i ∧ z ≠ r ∧ B ∩ shortCap D i = ({z, r} : Finset ℝ²) ∧ r ∉ ({v3, v1, qs, u} : Finset ℝ²) ∧ (B ∪ shortCap D i).card = 6 ∧ ((r = q ∧ dist x z = dist x q ∧ Nonempty (U5QCriticalTripleClass D q x (B.erase q))) ∨ r ∈ ({W.a0, W.a1} : Finset ℝ²))) ∨ ∃ r : ℝ², r ∈ B ∧ r ∈ shortCap D i ∧ z ≠ r ∧ B ∩ shortCap D i = ({z, r} : Finset ℝ²) ∧ r ∉ ({v3, v1, qs, u} : Finset ℝ²) ∧ (B ∪ shortCap D i).card = 6 ∧ C5D3B.payloadFreshWitnessData D q v3 ({v1, qs, w} : Finset ℝ²) u W.a0 W.a1 x r ∧ r ∉ U5QAllowedBoundedSupport D q v3 ({v1, qs, w} : Finset ℝ²) u W.a0 W.a1))) ∨ (∃ i : Fin 2, z ∈ shortCap D i ∧ ((D.packet.surplusIdx = 0 ∧ i = 1) ∨ (D.packet.surplusIdx = 1 ∧ i = 0)) ∧ z = D.packet.triangle.v1 ∧ C5D3B.ShortCapExactCarrierPartition D i x D.packet.triangle.v1 B k ∧ (((B ∩ shortCap D i = ({z} : Finset ℝ²)) ∧ (B ∪ shortCap D i).card = 7) ∨ ∃ r : ℝ², r ∈ B ∧ r ∈ shortCap D i ∧ z ≠ r ∧ B ∩ shortCap D i = ({z, r} : Finset ℝ²) ∧ (B ∪ shortCap D i).card = 6) ∧ D.packet.triangle.v1 ∉ U5QAllowedBoundedSupport D q v3 ({v1, qs, w} : Finset ℝ²) u W.a0 W.a1 ∧ D.packet.triangle.v1 ∉ ({v3, v1, qs, u} : Finset ℝ²) ∧ v1 ≠ D.packet.triangle.v1 ∧ D.packet.triangle.v1 ≠ x ∧ ((B ∪ shortCap D i).card = 6 ∨ (B ∪ shortCap D i).card = 7) ∧ (((∃ y0 y1 r a b c : ℝ², B ∪ shortCap D i = ({z, y0, y1, r, a, b, c} : Finset ℝ²) ∧ (B ∪ shortCap D i).card = 7) ∨ (∃ y0 y1 r a b : ℝ², B ∪ shortCap D i = ({z, y0, y1, r, a, b} : Finset ℝ²) ∧ (B ∪ shortCap D i).card = 6)) ∧ ((∃ y : ℝ², y ∈ B ∧ y ≠ z ∧ y ∉ shortCap D i ∧ y ∉ ({v3, v1, qs, u} : Finset ℝ²) ∧ (((B ∩ shortCap D i = ({z} : Finset ℝ²)) ∧ (B ∪ shortCap D i).card = 7) ∨ ∃ r : ℝ², r ∈ B ∧ r ∈ shortCap D i ∧ z ≠ r ∧ B ∩ shortCap D i = ({z, r} : Finset ℝ²) ∧ (B ∪ shortCap D i).card = 6) ∧ y ∈ ({q, W.a0, W.a1} : Finset ℝ²)) ∨ (∃ y : ℝ²,
Problem97.C5D3B.freshWitness_of_escape_exactCarrier_qCritical_radius_mem_no_retained_w_C2_split_of_minimal_u3	lean/RVOL/P97/C5D3BC2LargeCapInterior.lean	9020	source-proved	theorem freshWitness_of_escape_exactCarrier_qCritical_radius_mem_no_retained_w_C2_split_of_minimal_u3 {D : CounterexampleData} {q v1 v3 qs w u x : ℝ²} (hM44 : D.IsM44) (hU2 : U2Statement D) (hmin : D.Minimal) (hU3 : U3ShortCapSaturation D) (P : C5D3BSameSideTerminalPacket D q v1 v3 qs w u) (W : C5D3B.PayloadAuxWitness D q v3 ({v1, qs, w} : Finset ℝ²) u) (hesc : C5D3B.payloadClassEscapesAt D q v3 ({v1, qs, w} : Finset ℝ²) u W.a0 W.a1 x) : ∃ B : Finset ℝ², ∃ z : ℝ², ∃ k : U5QAllowedK4Class D x B, B.card = 4 ∧ z ∈ B ∧ z ∉ U5QAllowedBoundedSupport D q v3 ({v1, qs, w} : Finset ℝ²) u W.a0 W.a1 ∧ C5D3B.payloadFreshWitnessData D q v3 ({v1, qs, w} : Finset ℝ²) u W.a0 W.a1 x z ∧ ((∃ Widx : C5D3B.PayloadIndexedFreshWitness D q v3 ({v1, qs, w} : Finset ℝ²) u W.a0 W.a1 x P.endpoint.setup.oriented.endpoints.C1Block, Widx.z = z ∧ ((Widx.z = D.packet.triangle.v2 ∧ Widx.idx = P.endpoint.setup.oriented.endpoints.v2Index) ∨ (P.endpoint.storedSplitter.LeftSide Widx.idx ∧ Widx.idx ≠ P.endpoint.setup.uIndex ∧ Widx.idx ≠ P.endpoint.setup.wIndex ∧ Widx.z ≠ D.packet.triangle.v2) ∨ (Widx.idx = P.endpoint.split ∧ Widx.z = P.endpoint.setup.oriented.endpoints.C1Block.L.points P.endpoint.split ∧ Widx.z ∉ U5QAllowedBoundedSupport D q v3 ({v1, qs, w} : Finset ℝ²) u W.a0 W.a1 ∧ Widx.z ≠ v3 ∧ Widx.z ≠ q ∧ Widx.z ≠ u ∧ Widx.z ≠ W.a0 ∧ Widx.z ≠ W.a1 ∧ Widx.z ∉ ({v1, qs, w} : Finset ℝ²) ∧ Widx.z ≠ D.packet.triangle.v2) ∨ (P.endpoint.storedSplitter.RightSide Widx.idx ∧ Widx.idx ≠ P.endpoint.setup.uIndex ∧ Widx.idx ≠ P.endpoint.setup.wIndex ∧ Widx.z ≠ D.packet.triangle.v2))) ∨ (((∃ i : Fin 2, z ∈ shortCap D i ∧ C5D3B.ShortCapExactCarrierPartition D i x z B k ∧ (∀ t : ℝ², t ∈ B → t ≠ x) ∧ (((D.packet.surplusIdx = 0 ∧ i = 0) ∨ (D.packet.surplusIdx = 2 ∧ i = 1)) ∧ (z ≠ D.packet.triangle.v1 ∨ v1 ≠ D.packet.triangle.v1)) ∧ ((B ∪ shortCap D i).card = 6 ∨ (B ∪ shortCap D i).card = 7) ∧ (((∃ y0 y1 r a b c : ℝ², B ∪ shortCap D i = ({z, y0, y1, r, a, b, c} : Finset ℝ²) ∧ (B ∪ shortCap D i).card = 7) ∨ (∃ y0 y1 r a b : ℝ², B ∪ shortCap D i = ({z, y0, y1, r, a, b} : Finset ℝ²) ∧ (B ∪ shortCap D i).card = 6)) ∧ ((∃ y : ℝ², y ∈ B ∧ y ≠ z ∧ y ∉ shortCap D i ∧ y ∉ ({v3, v1, qs, u} : Finset ℝ²) ∧ (((B ∩ shortCap D i = ({z} : Finset ℝ²)) ∧ (B ∪ shortCap D i).card = 7) ∨ ∃ r : ℝ², r ∈ B ∧ r ∈ shortCap D i ∧ z ≠ r ∧ B ∩ shortCap D i = ({z, r} : Finset ℝ²) ∧ (B ∪ shortCap D i).card = 6) ∧ ((y = q ∧ z ∈ B.erase q ∧ dist x z = dist x q ∧ Nonempty (U5QCriticalTripleClass D q x (B.erase q))) ∨ y ∈ ({W.a0, W.a1} : Finset ℝ²))) ∨ (∃ y : ℝ², y ∈ B ∧ y ≠ z ∧ y ∉ shortCap D i ∧ y ∉ ({v3, v1, qs, u} : Finset ℝ²) ∧ y = w ∧ (((B ∩ shortCap D i = ({z} : Finset ℝ²)) ∧ (B ∪ shortCap D i).card = 7) ∨ ∃ r : ℝ², r ∈ B ∧ r ∈ shortCap D i ∧ z ≠ r ∧ B ∩ shortCap D i = ({z, r} : Finset ℝ²) ∧ (B ∪ shortCap D i).card = 6) ∧ ¬ ((D.packet.surplusIdx = 1 ∧ i = 1) ∨ (D.packet.surplusIdx = 2 ∧ i = 0))) ∨ (∃ y : ℝ², y ∈ B ∧ y ≠ z ∧ y ∉ shortCap D i ∧ y ∉ ({v3, v1, qs, u} : Finset ℝ²) ∧ (((B ∩ shortCap D i = ({z} : Finset ℝ²)) ∧ (B ∪ shortCap D i).card = 7) ∨ ∃ r : ℝ², r ∈ B ∧ r ∈ shortCap D i ∧ z ≠ r ∧ B ∩ shortCap D i = ({z, r} : Finset ℝ²) ∧ (B ∪ shortCap D i).card = 6) ∧ C5D3B.payloadFreshWitnessData D q v3 ({v1, qs, w} : Finset ℝ²) u W.a0 W.a1 x y ∧ y ∉ U5QAllowedBoundedSupport D q v3 ({v1, qs, w} : Finset ℝ²) u W.a0 W.a1) ∨ (∃ r : ℝ², r ∈ B ∧ r ∈ shortCap D i ∧ z ≠ r ∧ B ∩ shortCap D i = ({z, r} : Finset ℝ²) ∧ r ∉ ({v3, v1, qs, u} : Finset ℝ²) ∧ (B ∪ shortCap D i).card = 6 ∧ ((r = q ∧ z ∈ B.erase q ∧ dist x z = dist x q ∧ Nonempty (U5QCriticalTripleClass D q x (B.erase q))) ∨ r ∈ ({W.a0, W.a1} : Finset ℝ²))) ∨ ∃ r : ℝ², r ∈ B ∧ r ∈ shortCap D i ∧ z ≠ r ∧ B ∩ shortCap D i = ({z, r} : Finset ℝ²) ∧ r ∉ ({v3, v1, qs, u} : Finset ℝ²) ∧ (B ∪ shortCap D i).card = 6 ∧ C5D3B.payloadFreshWitnessData D q v3 ({v1, qs, w} : Finset ℝ²) u W.a0 W.a1 x r ∧ r ∉ U5QAllowedBoundedSupport D q v3 ({v1, qs, w} : Finset ℝ²) u W.a0 W.a1))) ∨ (∃ i : Fin 2, z ∈ shortCap D i ∧ ((D.packet.surplusIdx = 0 ∧ i = 1) ∨ (D.packet.surplusIdx = 1 ∧ i = 0)) ∧ z = D.packet.triangle.v1 ∧ C5D3B.ShortCapExactCarrierPartition D i x D.packet.triangle.v1 B k ∧ (((B ∩ shortCap D i = ({z} : Finset ℝ²)) ∧ (B ∪ shortCap D i).card = 7) ∨ ∃ r : ℝ², r ∈ B ∧ r ∈ shortCap D i ∧ z ≠ r ∧ B ∩ shortCap D i = ({z, r} : Finset ℝ²) ∧ (B ∪ shortCap D i).card = 6) ∧ D.packet.triangle.v1 ∉ U5QAllowedBoundedSupport D q v3 ({v1, qs, w} : Finset ℝ²) u W.a0 W.a1 ∧ D.packet.triangle.v1 ∉ ({v3, v1, qs, u} : Finset ℝ²) ∧ v1 ≠ D.packet.triangle.v1 ∧ D.packet.triangle.v1 ≠ x ∧ ((B ∪ shortCap D i).card = 6 ∨ (B ∪ shortCap D i).card = 7) ∧ (((∃ y0 y1 r a b c : ℝ², B ∪ shortCap D i = ({z, y0, y1, r, a, b, c} : Finset ℝ²) ∧ (B ∪ shortCap D i).card = 7) ∨ (∃ y0 y1 r a b : ℝ², B ∪ shortCap D i = ({z, y0, y1, r, a, b} : Finset ℝ²) ∧ (B ∪ shortCap D i).card = 6)) ∧ ((∃ y : ℝ², y ∈ B ∧ y ≠ z ∧ y ∉ shortCap D i ∧ y ∉ ({v3, v1, qs, u} : Finset ℝ²) ∧ (((B ∩ shortCap D i = ({z} : Finset ℝ²)) ∧ (B ∪ shortCap D i).card = 7) ∨ ∃ r : ℝ², r ∈ B ∧ r ∈ shortCap D i ∧ z ≠ r ∧ B ∩ shortCap D i = ({z, r} : Finset ℝ²) ∧ (B ∪ shortCap D i).card = 6) ∧ y ∈ ({q, W.a0, W.a1} : Finset ℝ²)) ∨
Problem97.C5D3B.freshWitness_of_escape_no_retained_w_C2_split_of_minimal_u3	lean/RVOL/P97/C5D3BC2LargeCapInterior.lean	9253	source-proved	theorem freshWitness_of_escape_no_retained_w_C2_split_of_minimal_u3 {D : CounterexampleData} {q v1 v3 qs w u x : ℝ²} (hM44 : D.IsM44) (hU2 : U2Statement D) (hmin : D.Minimal) (hU3 : U3ShortCapSaturation D) (P : C5D3BSameSideTerminalPacket D q v1 v3 qs w u) (W : C5D3B.PayloadAuxWitness D q v3 ({v1, qs, w} : Finset ℝ²) u) (hesc : C5D3B.payloadClassEscapesAt D q v3 ({v1, qs, w} : Finset ℝ²) u W.a0 W.a1 x) : ∃ B : Finset ℝ², ∃ z : ℝ², ∃ _K : U5QAllowedK4Class D x B, B.card = 4 ∧ z ∈ B ∧ z ∉ U5QAllowedBoundedSupport D q v3 ({v1, qs, w} : Finset ℝ²) u W.a0 W.a1 ∧ C5D3B.payloadFreshWitnessData D q v3 ({v1, qs, w} : Finset ℝ²) u W.a0 W.a1 x z ∧ ((∃ Widx : C5D3B.PayloadIndexedFreshWitness D q v3 ({v1, qs, w} : Finset ℝ²) u W.a0 W.a1 x P.endpoint.setup.oriented.endpoints.C1Block, Widx.z = z ∧ ((Widx.z = D.packet.triangle.v2 ∧ Widx.idx = P.endpoint.setup.oriented.endpoints.v2Index) ∨ (P.endpoint.storedSplitter.LeftSide Widx.idx ∧ Widx.idx ≠ P.endpoint.setup.uIndex ∧ Widx.idx ≠ P.endpoint.setup.wIndex ∧ Widx.z ≠ D.packet.triangle.v2) ∨ (Widx.idx = P.endpoint.split ∧ Widx.z = P.endpoint.setup.oriented.endpoints.C1Block.L.points P.endpoint.split ∧ Widx.z ∉ U5QAllowedBoundedSupport D q v3 ({v1, qs, w} : Finset ℝ²) u W.a0 W.a1 ∧ Widx.z ≠ v3 ∧ Widx.z ≠ q ∧ Widx.z ≠ u ∧ Widx.z ≠ W.a0 ∧ Widx.z ≠ W.a1 ∧ Widx.z ∉ ({v1, qs, w} : Finset ℝ²) ∧ Widx.z ≠ D.packet.triangle.v2) ∨ (P.endpoint.storedSplitter.RightSide Widx.idx ∧ Widx.idx ≠ P.endpoint.setup.uIndex ∧ Widx.idx ≠ P.endpoint.setup.wIndex ∧ Widx.z ≠ D.packet.triangle.v2))) ∨ (∃ i : Fin 2, z ∈ shortCap D i ∧ (((((D.packet.surplusIdx = 0 ∧ i = 0) ∨ (D.packet.surplusIdx = 2 ∧ i = 1)) ∨ ((((D.packet.surplusIdx = 0 ∧ i = 1) ∨ (D.packet.surplusIdx = 1 ∧ i = 0)) ∧ z = D.packet.triangle.v1 ∧ v1 ≠ D.packet.triangle.v1))) ∧ (z ≠ D.packet.triangle.v1 ∨ v1 ≠ D.packet.triangle.v1))) ∧ ((B ∪ shortCap D i).card = 6 ∨ (B ∪ shortCap D i).card = 7) ∧ (((∃ y0 y1 r a b c : ℝ², B ∪ shortCap D i = ({z, y0, y1, r, a, b, c} : Finset ℝ²) ∧ (B ∪ shortCap D i).card = 7) ∨ (∃ y0 y1 r a b : ℝ², B ∪ shortCap D i = ({z, y0, y1, r, a, b} : Finset ℝ²) ∧ (B ∪ shortCap D i).card = 6)) ∧ ((∃ y : ℝ², y ∈ B ∧ y ≠ z ∧ y ∉ shortCap D i ∧ y ∉ ({v3, v1, qs, u} : Finset ℝ²) ∧ (((B ∩ shortCap D i = ({z} : Finset ℝ²)) ∧ (B ∪ shortCap D i).card = 7) ∨ ∃ r : ℝ², r ∈ B ∧ r ∈ shortCap D i ∧ z ≠ r ∧ B ∩ shortCap D i = ({z, r} : Finset ℝ²) ∧ (B ∪ shortCap D i).card = 6) ∧ y ∈ ({q, W.a0, W.a1} : Finset ℝ²)) ∨ (∃ y : ℝ², y ∈ B ∧ y ≠ z ∧ y ∉ shortCap D i ∧ y ∉ ({v3, v1, qs, u} : Finset ℝ²) ∧ y = w ∧ (((B ∩ shortCap D i = ({z} : Finset ℝ²)) ∧ (B ∪ shortCap D i).card = 7) ∨ ∃ r : ℝ², r ∈ B ∧ r ∈ shortCap D i ∧ z ≠ r ∧ B ∩ shortCap D i = ({z, r} : Finset ℝ²) ∧ (B ∪ shortCap D i).card = 6) ∧ ¬ ((D.packet.surplusIdx = 1 ∧ i = 1) ∨ (D.packet.surplusIdx = 2 ∧ i = 0))) ∨ (∃ y : ℝ², y ∈ B ∧ y ≠ z ∧ y ∉ shortCap D i ∧ y ∉ ({v3, v1, qs, u} : Finset ℝ²) ∧ (((B ∩ shortCap D i = ({z} : Finset ℝ²)) ∧ (B ∪ shortCap D i).card = 7) ∨ ∃ r : ℝ², r ∈ B ∧ r ∈ shortCap D i ∧ z ≠ r ∧ B ∩ shortCap D i = ({z, r} : Finset ℝ²) ∧ (B ∪ shortCap D i).card = 6) ∧ C5D3B.payloadFreshWitnessData D q v3 ({v1, qs, w} : Finset ℝ²) u W.a0 W.a1 x y ∧ y ∉ U5QAllowedBoundedSupport D q v3 ({v1, qs, w} : Finset ℝ²) u W.a0 W.a1) ∨ (∃ r : ℝ², r ∈ B ∧ r ∈ shortCap D i ∧ z ≠ r ∧ B ∩ shortCap D i = ({z, r} : Finset ℝ²) ∧ r ∉ ({v3, v1, qs, u} : Finset ℝ²) ∧ (B ∪ shortCap D i).card = 6 ∧ r ∈ ({q, W.a0, W.a1} : Finset ℝ²)) ∨ ∃ r : ℝ², r ∈ B ∧ r ∈ shortCap D i ∧ z ≠ r ∧ B ∩ shortCap D i = ({z, r} : Finset ℝ²) ∧ r ∉ ({v3, v1, qs, u} : Finset ℝ²) ∧ (B ∪ shortCap D i).card = 6 ∧ C5D3B.payloadFreshWitnessData D q v3 ({v1, qs, w} : Finset ℝ²) u W.a0 W.a1 x r ∧ r ∉ U5QAllowedBoundedSupport D q v3 ({v1, qs, w} : Finset ℝ²) u W.a0 W.a1))) ∨ z ∈ largeCapInterior D ∨ (z ∉ D.packet.partition.C1 ∧ z ∉ D.packet.partition.C2 ∧ z ∈ D.packet.partition.C3 ∧ z ∉ D.packet.triangle.verts ∧ OnArcOpposite D.packet.triangle.v3 D.packet.triangle.v1 D.packet.triangle.v2 z ∧ signedArea2 z D.packet.triangle.v1 D.packet.triangle.v2 * signedArea2 D.packet.triangle.v3 D.packet.triangle.v1 D.packet.triangle.v2 ≤ 0 ∧ 0 < signedArea2 z D.packet.triangle.v2 D.packet.triangle.v3 * signedArea2 D.packet.triangle.v1 D.packet.triangle.v2 D.packet.triangle.v3 ∧ 0 < signedArea2 z D.packet.triangle.v3 D.packet.triangle.v1 * signedArea2 D.packet.triangle.v2 D.packet.triangle.v3 D.packet.triangle.v1))
Problem97.C5D3B.mem_auxCandidates	lean/RVOL/P97/C5D3BPacket.lean	3099	source-proved	theorem mem_auxCandidates {D : CounterexampleData} {q p : ℝ²} {T : Finset ℝ²} {u a : ℝ²} : a ∈ C5D3B.auxCandidates D q p T u ↔ a ∈ (D.skeleton q).erase p ∧ a ∉ insert u T ∧ dist p a ≠ dist p q
Problem97.C5D3B.payloadFreshWitnessData_of_not_mem_qAllowedBoundedSupport	lean/RVOL/P97/C5D3BPacket.lean	3160	source-proved	theorem payloadFreshWitnessData_of_not_mem_qAllowedBoundedSupport {D : CounterexampleData} {q p : ℝ²} {T : Finset ℝ²} {u a0 a1 x z : ℝ²} {B : Finset ℝ²} (K : U5QAllowedK4Class D x B) (hzB : z ∈ B) (hzFresh : z ∉ U5QAllowedBoundedSupport D q p T u a0 a1) : C5D3B.payloadFreshWitnessData D q p T u a0 a1 x z
Problem97.C5D3B.notMem_qAllowedBoundedSupport_of_payloadFreshWitnessData	lean/RVOL/P97/C5D3BPacket.lean	3205	source-proved	theorem notMem_qAllowedBoundedSupport_of_payloadFreshWitnessData {D : CounterexampleData} {q p : ℝ²} {T : Finset ℝ²} {u a0 a1 x z : ℝ²} (hfresh : C5D3B.payloadFreshWitnessData D q p T u a0 a1 x z) : z ∉ U5QAllowedBoundedSupport D q p T u a0 a1
Problem97.C5D3B.freshWitness_of_escape_exists	lean/RVOL/P97/C5D3BPacket.lean	3227	source-proved	theorem freshWitness_of_escape_exists {D : CounterexampleData} {q p : ℝ²} {T : Finset ℝ²} {u a0 a1 x : ℝ²} (hexists : ∃ B : Finset ℝ², Nonempty (U5QAllowedK4Class D x B) ∧ B.card = 4) (hesc : C5D3B.payloadClassEscapesAt D q p T u a0 a1 x) : ∃ B : Finset ℝ², ∃ z : ℝ², ∃ _K : U5QAllowedK4Class D x B, B.card = 4 ∧ z ∈ B ∧ z ∉ U5QAllowedBoundedSupport D q p T u a0 a1 ∧ C5D3B.payloadFreshWitnessData D q p T u a0 a1 x z
Problem97.C5D3B.freshWitness_of_escape	lean/RVOL/P97/C5D3BPacket.lean	3265	source-proved	theorem freshWitness_of_escape {D : CounterexampleData} {q p : ℝ²} {T : Finset ℝ²} {u x : ℝ²} (htriple : U5DangerousTriple D q p T) (hsel : U5SelectedCandidateSkeleton D q p T u) (W : C5D3B.PayloadAuxWitness D q p T u) (hesc : C5D3B.payloadClassEscapesAt D q p T u W.a0 W.a1 x) : ∃ B : Finset ℝ², ∃ z : ℝ², ∃ _K : U5QAllowedK4Class D x B, B.card = 4 ∧ z ∈ B ∧ z ∉ U5QAllowedBoundedSupport D q p T u W.a0 W.a1 ∧ C5D3B.payloadFreshWitnessData D q p T u W.a0 W.a1 x z
Problem97.C5D3B.freshWitness_of_escape_not_sameCircleExport_of_exactRadius	lean/RVOL/P97/C5D3BPacket.lean	3285	source-proved	theorem freshWitness_of_escape_not_sameCircleExport_of_exactRadius {D : CounterexampleData} {q p : ℝ²} {T : Finset ℝ²} {u x : ℝ²} (htriple : U5DangerousTriple D q p T) (hsel : U5SelectedCandidateSkeleton D q p T u) (W : C5D3B.PayloadAuxWitness D q p T u) (hesc : C5D3B.payloadClassEscapesAt D q p T u W.a0 W.a1 x) (hexact : (((D.skeleton q).erase p).filter fun y => dist p y = dist p q).card = 3) : ∃ B : Finset ℝ², ∃ z : ℝ², ∃ _K : U5QAllowedK4Class D x B, B.card = 4 ∧ z ∈ B ∧ z ∉ U5QAllowedBoundedSupport D q p T u W.a0 W.a1 ∧ C5D3B.payloadFreshWitnessData D q p T u W.a0 W.a1 x z ∧ ¬ U5SameCircleExport D q p T z
Problem97.C5D3B.freshWitness_of_escape_not_sameRadius_of_exactRadius	lean/RVOL/P97/C5D3BPacket.lean	3329	source-proved	theorem freshWitness_of_escape_not_sameRadius_of_exactRadius {D : CounterexampleData} {q p : ℝ²} {T : Finset ℝ²} {u x : ℝ²} (htriple : U5DangerousTriple D q p T) (hsel : U5SelectedCandidateSkeleton D q p T u) (W : C5D3B.PayloadAuxWitness D q p T u) (hesc : C5D3B.payloadClassEscapesAt D q p T u W.a0 W.a1 x) (hexact : (((D.skeleton q).erase p).filter fun y => dist p y = dist p q).card = 3) : ∃ B : Finset ℝ², ∃ z : ℝ², ∃ _K : U5QAllowedK4Class D x B, B.card = 4 ∧ z ∈ B ∧ z ∉ U5QAllowedBoundedSupport D q p T u W.a0 W.a1 ∧ C5D3B.payloadFreshWitnessData D q p T u W.a0 W.a1 x z ∧ dist p z ≠ dist p q
Problem97.C5D3B.payloadIndexedFreshWitness_of_mem_cap	lean/RVOL/P97/C5D3BPacket.lean	3416	source-proved	theorem payloadIndexedFreshWitness_of_mem_cap {D : CounterexampleData} {q p : ℝ²} {T : Finset ℝ²} {u a0 a1 x z : ℝ²} {C : Finset ℝ²} (Bord : CGN.StrictCapBlockData D.A C) (hfresh : C5D3B.payloadFreshWitnessData D q p T u a0 a1 x z) (hout : z ∉ U5QAllowedBoundedSupport D q p T u a0 a1) (hzC : z ∈ C) : Nonempty (C5D3B.PayloadIndexedFreshWitness D q p T u a0 a1 x Bord)
Problem97.C5D3B.payloadMinimalFreshWitness_of_mem_cap	lean/RVOL/P97/C5D3BPacket.lean	3467	source-proved	theorem payloadMinimalFreshWitness_of_mem_cap {D : CounterexampleData} {q p : ℝ²} {T : Finset ℝ²} {u a0 a1 x z : ℝ²} {C : Finset ℝ²} (Bord : CGN.StrictCapBlockData D.A C) (hfresh : C5D3B.payloadFreshWitnessData D q p T u a0 a1 x z) (hout : z ∉ U5QAllowedBoundedSupport D q p T u a0 a1) (hzC : z ∈ C) : Nonempty (C5D3B.PayloadMinimalFreshWitness D q p T u a0 a1 x Bord)
Problem97.C5D3B.payloadIndexedFreshWitness_splitterPoint_of_sameSideTerminal	lean/RVOL/P97/C5D3BPacket.lean	3825	source-proved	theorem payloadIndexedFreshWitness_splitterPoint_of_sameSideTerminal {D : CounterexampleData} {q v1 v3 qs w u a0 a1 x : ℝ²} (P : C5D3BSameSideTerminalPacket D q v1 v3 qs w u) (W : C5D3B.PayloadIndexedFreshWitness D q v3 ({v1, qs, w} : Finset ℝ²) u a0 a1 x P.endpoint.setup.oriented.endpoints.C1Block) (hsplit : W.idx = P.endpoint.split) : W.z = P.endpoint.setup.oriented.endpoints.C1Block.L.points P.endpoint.split ∧ W.z ∉ U5QAllowedBoundedSupport D q v3 ({v1, qs, w} : Finset ℝ²) u a0 a1 ∧ W.z ≠ v3 ∧ W.z ≠ q ∧ W.z ≠ u ∧ W.z ≠ a0 ∧ W.z ≠ a1 ∧ W.z ∉ ({v1, qs, w} : Finset ℝ²)
Problem97.C5D3B.payloadIndexedFreshWitness_cutPosition_splitterPoint_of_sameSideTerminal	lean/RVOL/P97/C5D3BPacket.lean	3997	source-proved	theorem payloadIndexedFreshWitness_cutPosition_splitterPoint_of_sameSideTerminal {D : CounterexampleData} {q v1 v3 qs w u a0 a1 x : ℝ²} (P : C5D3BSameSideTerminalPacket D q v1 v3 qs w u) (W : C5D3B.PayloadIndexedFreshWitness D q v3 ({v1, qs, w} : Finset ℝ²) u a0 a1 x P.endpoint.setup.oriented.endpoints.C1Block) : (W.z = D.packet.triangle.v2 ∧ W.idx = P.endpoint.setup.oriented.endpoints.v2Index) ∨ (P.endpoint.storedSplitter.LeftSide W.idx ∧ W.idx ≠ P.endpoint.setup.uIndex ∧ W.idx ≠ P.endpoint.setup.wIndex ∧ W.z ≠ D.packet.triangle.v2) ∨ (W.idx = P.endpoint.split ∧ W.z = P.endpoint.setup.oriented.endpoints.C1Block.L.points P.endpoint.split ∧ W.z ∉ U5QAllowedBoundedSupport D q v3 ({v1, qs, w} : Finset ℝ²) u a0 a1 ∧ W.z ≠ v3 ∧ W.z ≠ q ∧ W.z ≠ u ∧ W.z ≠ a0 ∧ W.z ≠ a1 ∧ W.z ∉ ({v1, qs, w} : Finset ℝ²) ∧ W.z ≠ D.packet.triangle.v2) ∨ (P.endpoint.storedSplitter.RightSide W.idx ∧ W.idx ≠ P.endpoint.setup.uIndex ∧ W.idx ≠ P.endpoint.setup.wIndex ∧ W.z ≠ D.packet.triangle.v2)
Problem97.C5D3B.payloadIndexedFreshWitness_cutPosition_splitterPoint_strictC1_of_sameSideTerminal	lean/RVOL/P97/C5D3BPacket.lean	4044	source-proved	theorem payloadIndexedFreshWitness_cutPosition_splitterPoint_strictC1_of_sameSideTerminal {D : CounterexampleData} {q v1 v3 qs w u a0 a1 x : ℝ²} (P : C5D3BSameSideTerminalPacket D q v1 v3 qs w u) (W : C5D3B.PayloadIndexedFreshWitness D q v3 ({v1, qs, w} : Finset ℝ²) u a0 a1 x P.endpoint.setup.oriented.endpoints.C1Block) : (W.z = D.packet.triangle.v2 ∧ W.idx = P.endpoint.setup.oriented.endpoints.v2Index) ∨ (P.endpoint.storedSplitter.LeftSide W.idx ∧ W.idx ≠ P.endpoint.setup.uIndex ∧ W.idx ≠ P.endpoint.setup.wIndex ∧ W.z ≠ D.packet.triangle.v2) ∨ (W.idx = P.endpoint.split ∧ W.z = P.endpoint.setup.oriented.endpoints.C1Block.L.points P.endpoint.split ∧ W.z ∈ (D.packet.partition.C1.erase D.packet.triangle.v2).erase D.packet.triangle.v3 ∧ W.z ∉ U5QAllowedBoundedSupport D q v3 ({v1, qs, w} : Finset ℝ²) u a0 a1 ∧ W.z ≠ v3 ∧ W.z ≠ q ∧ W.z ≠ u ∧ W.z ≠ a0 ∧ W.z ≠ a1 ∧ W.z ∉ ({v1, qs, w} : Finset ℝ²) ∧ W.z ≠ D.packet.triangle.v2) ∨ (P.endpoint.storedSplitter.RightSide W.idx ∧ W.idx ≠ P.endpoint.setup.uIndex ∧ W.idx ≠ P.endpoint.setup.wIndex ∧ W.z ≠ D.packet.triangle.v2)
Problem97.C5D3B.payloadIndexedFreshWitness_cutPosition_splitterPoint_strictC1_order_of_sameSideTerminal	lean/RVOL/P97/C5D3BPacket.lean	4097	source-proved	theorem payloadIndexedFreshWitness_cutPosition_splitterPoint_strictC1_order_of_sameSideTerminal {D : CounterexampleData} {q v1 v3 qs w u a0 a1 x : ℝ²} (P : C5D3BSameSideTerminalPacket D q v1 v3 qs w u) (W : C5D3B.PayloadIndexedFreshWitness D q v3 ({v1, qs, w} : Finset ℝ²) u a0 a1 x P.endpoint.setup.oriented.endpoints.C1Block) : (W.z = D.packet.triangle.v2 ∧ W.idx = P.endpoint.setup.oriented.endpoints.v2Index) ∨ (P.endpoint.storedSplitter.LeftSide W.idx ∧ W.idx ≠ P.endpoint.setup.uIndex ∧ W.idx ≠ P.endpoint.setup.wIndex ∧ W.z ≠ D.packet.triangle.v2) ∨ (W.idx = P.endpoint.split ∧ W.z = P.endpoint.setup.oriented.endpoints.C1Block.L.points P.endpoint.split ∧ W.z ∈ (D.packet.partition.C1.erase D.packet.triangle.v2).erase D.packet.triangle.v3 ∧ ((P.endpoint.setup.uIndex < W.idx ∧ P.endpoint.setup.wIndex < W.idx) ∨ (W.idx < P.endpoint.setup.uIndex ∧ W.idx < P.endpoint.setup.wIndex)) ∧ W.z ∉ U5QAllowedBoundedSupport D q v3 ({v1, qs, w} : Finset ℝ²) u a0 a1 ∧ W.z ≠ v3 ∧ W.z ≠ q ∧ W.z ≠ u ∧ W.z ≠ a0 ∧ W.z ≠ a1 ∧ W.z ∉ ({v1, qs, w} : Finset ℝ²) ∧ W.z ≠ D.packet.triangle.v2) ∨ (P.endpoint.storedSplitter.RightSide W.idx ∧ W.idx ≠ P.endpoint.setup.uIndex ∧ W.idx ≠ P.endpoint.setup.wIndex ∧ W.z ≠ D.packet.triangle.v2)
Problem97.C5D3B.strictC1_capRole	lean/RVOL/P97/C5D3BPacket.lean	4155	source-proved	theorem strictC1_capRole {D : CounterexampleData} {z : ℝ²} (hz : z ∈ (D.packet.partition.C1.erase D.packet.triangle.v2).erase D.packet.triangle.v3) : z ∉ D.packet.partition.C2 ∧ z ∉ D.packet.partition.C3 ∧ z ∉ D.packet.triangle.verts
Problem97.C5D3B.payloadIndexedFreshWitness_splitterStrictC1CapRole_order_of_sameSideTerminal	lean/RVOL/P97/C5D3BPacket.lean	4193	source-proved	theorem payloadIndexedFreshWitness_splitterStrictC1CapRole_order_of_sameSideTerminal {D : CounterexampleData} {q v1 v3 qs w u a0 a1 x : ℝ²} (P : C5D3BSameSideTerminalPacket D q v1 v3 qs w u) (W : C5D3B.PayloadIndexedFreshWitness D q v3 ({v1, qs, w} : Finset ℝ²) u a0 a1 x P.endpoint.setup.oriented.endpoints.C1Block) : (W.z = D.packet.triangle.v2 ∧ W.idx = P.endpoint.setup.oriented.endpoints.v2Index) ∨ (P.endpoint.storedSplitter.LeftSide W.idx ∧ W.idx ≠ P.endpoint.setup.uIndex ∧ W.idx ≠ P.endpoint.setup.wIndex ∧ W.z ≠ D.packet.triangle.v2) ∨ (W.idx = P.endpoint.split ∧ W.z = P.endpoint.setup.oriented.endpoints.C1Block.L.points P.endpoint.split ∧ W.z ∈ (D.packet.partition.C1.erase D.packet.triangle.v2).erase D.packet.triangle.v3 ∧ W.z ∉ D.packet.partition.C2 ∧ W.z ∉ D.packet.partition.C3 ∧ W.z ∉ D.packet.triangle.verts ∧ ((P.endpoint.setup.uIndex < W.idx ∧ P.endpoint.setup.wIndex < W.idx) ∨ (W.idx < P.endpoint.setup.uIndex ∧ W.idx < P.endpoint.setup.wIndex)) ∧ W.z ∉ U5QAllowedBoundedSupport D q v3 ({v1, qs, w} : Finset ℝ²) u a0 a1 ∧ W.z ≠ v3 ∧ W.z ≠ q ∧ W.z ≠ u ∧ W.z ≠ a0 ∧ W.z ≠ a1 ∧ W.z ∉ ({v1, qs, w} : Finset ℝ²) ∧ W.z ≠ D.packet.triangle.v2) ∨ (P.endpoint.storedSplitter.RightSide W.idx ∧ W.idx ≠ P.endpoint.setup.uIndex ∧ W.idx ≠ P.endpoint.setup.wIndex ∧ W.z ≠ D.packet.triangle.v2)
Problem97.C5D3B.notMem_boundedSupport_of_mem_exactRadiusClass_sdiff_base	lean/RVOL/P97/C5D3BPacket.lean	4607	source-proved	theorem notMem_boundedSupport_of_mem_exactRadiusClass_sdiff_base {D : CounterexampleData} {q p u a0 a1 x : ℝ²} {T : Finset ℝ²} (ha0_off : dist p a0 ≠ dist p q) (ha1_off : dist p a1 ≠ dist p q) (hx : x ∈ ((((D.skeleton q).erase p).filter fun y => dist p y = dist p q) \\ insert u T)) : x ∉ U5BoundedSupport D q p T u a0 a1
Problem97.C5D3B.notMem_qAllowedBoundedSupport_of_mem_exactRadiusClass_sdiff_base	lean/RVOL/P97/C5D3BPacket.lean	4643	source-proved	theorem notMem_qAllowedBoundedSupport_of_mem_exactRadiusClass_sdiff_base {D : CounterexampleData} {q p u a0 a1 x : ℝ²} {T : Finset ℝ²} (ha0_off : dist p a0 ≠ dist p q) (ha1_off : dist p a1 ≠ dist p q) (hx : x ∈ ((((D.skeleton q).erase p).filter fun y => dist p y = dist p q) \\ insert u T)) : x ∉ U5QAllowedBoundedSupport D q p T u a0 a1
Problem97.C5D3B.mem_C2_union_C3_of_mem_A_not_C1	lean/RVOL/P97/C5D3BPacket.lean	5052	source-proved	theorem mem_C2_union_C3_of_mem_A_not_C1 {D : CounterexampleData} {x : ℝ²} (hxA : x ∈ D.A) (hxC1 : x ∉ D.packet.partition.C1) : x ∈ D.packet.partition.C2 ∪ D.packet.partition.C3
Problem97.C5D3B.payloadFreshWitness_cutPosition_or_mem_C2_union_C3_of_sameSideTerminal	lean/RVOL/P97/C5D3BPacket.lean	5079	source-proved	theorem payloadFreshWitness_cutPosition_or_mem_C2_union_C3_of_sameSideTerminal {D : CounterexampleData} {q v1 v3 qs w u a0 a1 x z : ℝ²} (P : C5D3BSameSideTerminalPacket D q v1 v3 qs w u) (hfresh : C5D3B.payloadFreshWitnessData D q v3 ({v1, qs, w} : Finset ℝ²) u a0 a1 x z) (hout : z ∉ U5QAllowedBoundedSupport D q v3 ({v1, qs, w} : Finset ℝ²) u a0 a1) : (∃ W : C5D3B.PayloadIndexedFreshWitness D q v3 ({v1, qs, w} : Finset ℝ²) u a0 a1 x P.endpoint.setup.oriented.endpoints.C1Block, W.z = z ∧ ((W.z = D.packet.triangle.v2 ∧ W.idx = P.endpoint.setup.oriented.endpoints.v2Index) ∨ (P.endpoint.storedSplitter.LeftSide W.idx ∧ W.idx ≠ P.endpoint.setup.uIndex ∧ W.idx ≠ P.endpoint.setup.wIndex ∧ W.z ≠ D.packet.triangle.v2) ∨ (W.idx = P.endpoint.split ∧ W.z ≠ D.packet.triangle.v2) ∨ (P.endpoint.storedSplitter.RightSide W.idx ∧ W.idx ≠ P.endpoint.setup.uIndex ∧ W.idx ≠ P.endpoint.setup.wIndex ∧ W.z ≠ D.packet.triangle.v2))) ∨ z ∈ D.packet.partition.C2 ∪ D.packet.partition.C3
Problem97.C5D3B.payloadFreshWitness_cutPosition_splitterPoint_or_mem_C2_union_C3_of_sameSideTerminal	lean/RVOL/P97/C5D3BPacket.lean	5125	source-proved	theorem payloadFreshWitness_cutPosition_splitterPoint_or_mem_C2_union_C3_of_sameSideTerminal {D : CounterexampleData} {q v1 v3 qs w u a0 a1 x z : ℝ²} (P : C5D3BSameSideTerminalPacket D q v1 v3 qs w u) (hfresh : C5D3B.payloadFreshWitnessData D q v3 ({v1, qs, w} : Finset ℝ²) u a0 a1 x z) (hout : z ∉ U5QAllowedBoundedSupport D q v3 ({v1, qs, w} : Finset ℝ²) u a0 a1) : (∃ W : C5D3B.PayloadIndexedFreshWitness D q v3 ({v1, qs, w} : Finset ℝ²) u a0 a1 x P.endpoint.setup.oriented.endpoints.C1Block, W.z = z ∧ ((W.z = D.packet.triangle.v2 ∧ W.idx = P.endpoint.setup.oriented.endpoints.v2Index) ∨ (P.endpoint.storedSplitter.LeftSide W.idx ∧ W.idx ≠ P.endpoint.setup.uIndex ∧ W.idx ≠ P.endpoint.setup.wIndex ∧ W.z ≠ D.packet.triangle.v2) ∨ (W.idx = P.endpoint.split ∧ W.z = P.endpoint.setup.oriented.endpoints.C1Block.L.points P.endpoint.split ∧ W.z ∉ U5QAllowedBoundedSupport D q v3 ({v1, qs, w} : Finset ℝ²) u a0 a1 ∧ W.z ≠ v3 ∧ W.z ≠ q ∧ W.z ≠ u ∧ W.z ≠ a0 ∧ W.z ≠ a1 ∧ W.z ∉ ({v1, qs, w} : Finset ℝ²) ∧ W.z ≠ D.packet.triangle.v2) ∨ (P.endpoint.storedSplitter.RightSide W.idx ∧ W.idx ≠ P.endpoint.setup.uIndex ∧ W.idx ≠ P.endpoint.setup.wIndex ∧ W.z ≠ D.packet.triangle.v2))) ∨ z ∈ D.packet.partition.C2 ∪ D.packet.partition.C3
Problem97.C5D3B.mem_C3_and_not_triangle_verts_of_mem_A_not_C1_not_C2	lean/RVOL/P97/C5D3BPacket.lean	5181	source-proved	theorem mem_C3_and_not_triangle_verts_of_mem_A_not_C1_not_C2 {D : CounterexampleData} {x : ℝ²} (hxA : x ∈ D.A) (hxC1 : x ∉ D.packet.partition.C1) (hxC2 : x ∉ D.packet.partition.C2) : x ∈ D.packet.partition.C3 ∧ x ∉ D.packet.triangle.verts
Problem97.C5D3B.onArcOpposite_v3_of_mem_A_not_C1_not_C2	lean/RVOL/P97/C5D3BPacket.lean	5205	source-proved	theorem onArcOpposite_v3_of_mem_A_not_C1_not_C2 {D : CounterexampleData} {x : ℝ²} (hxA : x ∈ D.A) (hxC1 : x ∉ D.packet.partition.C1) (hxC2 : x ∉ D.packet.partition.C2) : OnArcOpposite D.packet.triangle.v3 D.packet.triangle.v1 D.packet.triangle.v2 x
Problem97.C5D3B.signedArea_sector_v3_of_mem_A_not_C1_not_C2	lean/RVOL/P97/C5D3BPacket.lean	5220	source-proved	theorem signedArea_sector_v3_of_mem_A_not_C1_not_C2 {D : CounterexampleData} {x : ℝ²} (hxA : x ∈ D.A) (hxC1 : x ∉ D.packet.partition.C1) (hxC2 : x ∉ D.packet.partition.C2) : signedArea2 x D.packet.triangle.v1 D.packet.triangle.v2 * signedArea2 D.packet.triangle.v3 D.packet.triangle.v1 D.packet.triangle.v2 ≤ 0 ∧ 0 < signedArea2 x D.packet.triangle.v2 D.packet.triangle.v3 * signedArea2 D.packet.triangle.v1 D.packet.triangle.v2 D.packet.triangle.v3 ∧ 0 < signedArea2 x D.packet.triangle.v3 D.packet.triangle.v1 * signedArea2 D.packet.triangle.v2 D.packet.triangle.v3 D.packet.triangle.v1
Problem97.C5D3B.payloadFreshWitness_cutPosition_splitterPoint_or_mem_C2_or_C3Sector_of_sameSideTerminal	lean/RVOL/P97/C5D3BPacket.lean	5254	source-proved	theorem payloadFreshWitness_cutPosition_splitterPoint_or_mem_C2_or_C3Sector_of_sameSideTerminal {D : CounterexampleData} {q v1 v3 qs w u a0 a1 x z : ℝ²} (P : C5D3BSameSideTerminalPacket D q v1 v3 qs w u) (hfresh : C5D3B.payloadFreshWitnessData D q v3 ({v1, qs, w} : Finset ℝ²) u a0 a1 x z) (hout : z ∉ U5QAllowedBoundedSupport D q v3 ({v1, qs, w} : Finset ℝ²) u a0 a1) : (∃ W : C5D3B.PayloadIndexedFreshWitness D q v3 ({v1, qs, w} : Finset ℝ²) u a0 a1 x P.endpoint.setup.oriented.endpoints.C1Block, W.z = z ∧ ((W.z = D.packet.triangle.v2 ∧ W.idx = P.endpoint.setup.oriented.endpoints.v2Index) ∨ (P.endpoint.storedSplitter.LeftSide W.idx ∧ W.idx ≠ P.endpoint.setup.uIndex ∧ W.idx ≠ P.endpoint.setup.wIndex ∧ W.z ≠ D.packet.triangle.v2) ∨ (W.idx = P.endpoint.split ∧ W.z = P.endpoint.setup.oriented.endpoints.C1Block.L.points P.endpoint.split ∧ W.z ∉ U5QAllowedBoundedSupport D q v3 ({v1, qs, w} : Finset ℝ²) u a0 a1 ∧ W.z ≠ v3 ∧ W.z ≠ q ∧ W.z ≠ u ∧ W.z ≠ a0 ∧ W.z ≠ a1 ∧ W.z ∉ ({v1, qs, w} : Finset ℝ²) ∧ W.z ≠ D.packet.triangle.v2) ∨ (P.endpoint.storedSplitter.RightSide W.idx ∧ W.idx ≠ P.endpoint.setup.uIndex ∧ W.idx ≠ P.endpoint.setup.wIndex ∧ W.z ≠ D.packet.triangle.v2))) ∨ (z ∉ D.packet.partition.C1 ∧ z ∈ D.packet.partition.C2) ∨ (z ∉ D.packet.partition.C1 ∧ z ∉ D.packet.partition.C2 ∧ z ∈ D.packet.partition.C3 ∧ z ∉ D.packet.triangle.verts ∧ OnArcOpposite D.packet.triangle.v3 D.packet.triangle.v1 D.packet.triangle.v2 z ∧ signedArea2 z D.packet.triangle.v1 D.packet.triangle.v2 * signedArea2 D.packet.triangle.v3 D.packet.triangle.v1 D.packet.triangle.v2 ≤ 0 ∧ 0 < signedArea2 z D.packet.triangle.v2 D.packet.triangle.v3 * signedArea2 D.packet.triangle.v1 D.packet.triangle.v2 D.packet.triangle.v3 ∧ 0 < signedArea2 z D.packet.triangle.v3 D.packet.triangle.v1 * signedArea2 D.packet.triangle.v2 D.packet.triangle.v3 D.packet.triangle.v1)
Problem97.C5D3B.payloadFreshWitness_splitterStrictC1Order_or_C2_or_C3Sector_of_sameSideTerminal	lean/RVOL/P97/C5D3BPacket.lean	5350	source-proved	theorem payloadFreshWitness_splitterStrictC1Order_or_C2_or_C3Sector_of_sameSideTerminal {D : CounterexampleData} {q v1 v3 qs w u a0 a1 x z : ℝ²} (P : C5D3BSameSideTerminalPacket D q v1 v3 qs w u) (hfresh : C5D3B.payloadFreshWitnessData D q v3 ({v1, qs, w} : Finset ℝ²) u a0 a1 x z) (hout : z ∉ U5QAllowedBoundedSupport D q v3 ({v1, qs, w} : Finset ℝ²) u a0 a1) : (∃ W : C5D3B.PayloadIndexedFreshWitness D q v3 ({v1, qs, w} : Finset ℝ²) u a0 a1 x P.endpoint.setup.oriented.endpoints.C1Block, W.z = z ∧ ((W.z = D.packet.triangle.v2 ∧ W.idx = P.endpoint.setup.oriented.endpoints.v2Index) ∨ (P.endpoint.storedSplitter.LeftSide W.idx ∧ W.idx ≠ P.endpoint.setup.uIndex ∧ W.idx ≠ P.endpoint.setup.wIndex ∧ W.z ≠ D.packet.triangle.v2) ∨ (W.idx = P.endpoint.split ∧ W.z = P.endpoint.setup.oriented.endpoints.C1Block.L.points P.endpoint.split ∧ W.z ∈ (D.packet.partition.C1.erase D.packet.triangle.v2).erase D.packet.triangle.v3 ∧ W.z ∉ D.packet.partition.C2 ∧ W.z ∉ D.packet.partition.C3 ∧ W.z ∉ D.packet.triangle.verts ∧ ((P.endpoint.setup.uIndex < W.idx ∧ P.endpoint.setup.wIndex < W.idx) ∨ (W.idx < P.endpoint.setup.uIndex ∧ W.idx < P.endpoint.setup.wIndex)) ∧ W.z ∉ U5QAllowedBoundedSupport D q v3 ({v1, qs, w} : Finset ℝ²) u a0 a1 ∧ W.z ≠ v3 ∧ W.z ≠ q ∧ W.z ≠ u ∧ W.z ≠ a0 ∧ W.z ≠ a1 ∧ W.z ∉ ({v1, qs, w} : Finset ℝ²) ∧ W.z ≠ D.packet.triangle.v2) ∨ (P.endpoint.storedSplitter.RightSide W.idx ∧ W.idx ≠ P.endpoint.setup.uIndex ∧ W.idx ≠ P.endpoint.setup.wIndex ∧ W.z ≠ D.packet.triangle.v2))) ∨ (z ∉ D.packet.partition.C1 ∧ z ∈ D.packet.partition.C2) ∨ (z ∉ D.packet.partition.C1 ∧ z ∉ D.packet.partition.C2 ∧ z ∈ D.packet.partition.C3 ∧ z ∉ D.packet.triangle.verts ∧ OnArcOpposite D.packet.triangle.v3 D.packet.triangle.v1 D.packet.triangle.v2 z ∧ signedArea2 z D.packet.triangle.v1 D.packet.triangle.v2 * signedArea2 D.packet.triangle.v3 D.packet.triangle.v1 D.packet.triangle.v2 ≤ 0 ∧ 0 < signedArea2 z D.packet.triangle.v2 D.packet.triangle.v3 * signedArea2 D.packet.triangle.v1 D.packet.triangle.v2 D.packet.triangle.v3 ∧ 0 < signedArea2 z D.packet.triangle.v3 D.packet.triangle.v1 * signedArea2 D.packet.triangle.v2 D.packet.triangle.v3 D.packet.triangle.v1)
Problem97.C5D3B.freshWitness_of_escape_cutPosition_splitterPoint_or_mem_C2_or_C3Sector_of_sameSideTerminal	lean/RVOL/P97/C5D3BPacket.lean	5457	source-proved	theorem freshWitness_of_escape_cutPosition_splitterPoint_or_mem_C2_or_C3Sector_of_sameSideTerminal {D : CounterexampleData} {q v1 v3 qs w u x : ℝ²} (P : C5D3BSameSideTerminalPacket D q v1 v3 qs w u) (W : C5D3B.PayloadAuxWitness D q v3 ({v1, qs, w} : Finset ℝ²) u) (hesc : C5D3B.payloadClassEscapesAt D q v3 ({v1, qs, w} : Finset ℝ²) u W.a0 W.a1 x) : ∃ B : Finset ℝ², ∃ z : ℝ², ∃ _K : U5QAllowedK4Class D x B, B.card = 4 ∧ z ∈ B ∧ z ∉ U5QAllowedBoundedSupport D q v3 ({v1, qs, w} : Finset ℝ²) u W.a0 W.a1 ∧ C5D3B.payloadFreshWitnessData D q v3 ({v1, qs, w} : Finset ℝ²) u W.a0 W.a1 x z ∧ ((∃ Widx : C5D3B.PayloadIndexedFreshWitness D q v3 ({v1, qs, w} : Finset ℝ²) u W.a0 W.a1 x P.endpoint.setup.oriented.endpoints.C1Block, Widx.z = z ∧ ((Widx.z = D.packet.triangle.v2 ∧ Widx.idx = P.endpoint.setup.oriented.endpoints.v2Index) ∨ (P.endpoint.storedSplitter.LeftSide Widx.idx ∧ Widx.idx ≠ P.endpoint.setup.uIndex ∧ Widx.idx ≠ P.endpoint.setup.wIndex ∧ Widx.z ≠ D.packet.triangle.v2) ∨ (Widx.idx = P.endpoint.split ∧ Widx.z = P.endpoint.setup.oriented.endpoints.C1Block.L.points P.endpoint.split ∧ Widx.z ∉ U5QAllowedBoundedSupport D q v3 ({v1, qs, w} : Finset ℝ²) u W.a0 W.a1 ∧ Widx.z ≠ v3 ∧ Widx.z ≠ q ∧ Widx.z ≠ u ∧ Widx.z ≠ W.a0 ∧ Widx.z ≠ W.a1 ∧ Widx.z ∉ ({v1, qs, w} : Finset ℝ²) ∧ Widx.z ≠ D.packet.triangle.v2) ∨ (P.endpoint.storedSplitter.RightSide Widx.idx ∧ Widx.idx ≠ P.endpoint.setup.uIndex ∧ Widx.idx ≠ P.endpoint.setup.wIndex ∧ Widx.z ≠ D.packet.triangle.v2))) ∨ (z ∉ D.packet.partition.C1 ∧ z ∈ D.packet.partition.C2) ∨ (z ∉ D.packet.partition.C1 ∧ z ∉ D.packet.partition.C2 ∧ z ∈ D.packet.partition.C3 ∧ z ∉ D.packet.triangle.verts ∧ OnArcOpposite D.packet.triangle.v3 D.packet.triangle.v1 D.packet.triangle.v2 z ∧ signedArea2 z D.packet.triangle.v1 D.packet.triangle.v2 * signedArea2 D.packet.triangle.v3 D.packet.triangle.v1 D.packet.triangle.v2 ≤ 0 ∧ 0 < signedArea2 z D.packet.triangle.v2 D.packet.triangle.v3 * signedArea2 D.packet.triangle.v1 D.packet.triangle.v2 D.packet.triangle.v3 ∧ 0 < signedArea2 z D.packet.triangle.v3 D.packet.triangle.v1 * signedArea2 D.packet.triangle.v2 D.packet.triangle.v3 D.packet.triangle.v1))
Problem97.C5D3B.freshWitness_of_escape_splitterStrictC1Order_or_C2_or_C3Sector_of_sameSideTerminal	lean/RVOL/P97/C5D3BPacket.lean	5531	source-proved	theorem freshWitness_of_escape_splitterStrictC1Order_or_C2_or_C3Sector_of_sameSideTerminal {D : CounterexampleData} {q v1 v3 qs w u x : ℝ²} (P : C5D3BSameSideTerminalPacket D q v1 v3 qs w u) (W : C5D3B.PayloadAuxWitness D q v3 ({v1, qs, w} : Finset ℝ²) u) (hesc : C5D3B.payloadClassEscapesAt D q v3 ({v1, qs, w} : Finset ℝ²) u W.a0 W.a1 x) : ∃ B : Finset ℝ², ∃ z : ℝ², ∃ _K : U5QAllowedK4Class D x B, B.card = 4 ∧ z ∈ B ∧ z ∉ U5QAllowedBoundedSupport D q v3 ({v1, qs, w} : Finset ℝ²) u W.a0 W.a1 ∧ C5D3B.payloadFreshWitnessData D q v3 ({v1, qs, w} : Finset ℝ²) u W.a0 W.a1 x z ∧ ((∃ Widx : C5D3B.PayloadIndexedFreshWitness D q v3 ({v1, qs, w} : Finset ℝ²) u W.a0 W.a1 x P.endpoint.setup.oriented.endpoints.C1Block, Widx.z = z ∧ ((Widx.z = D.packet.triangle.v2 ∧ Widx.idx = P.endpoint.setup.oriented.endpoints.v2Index) ∨ (P.endpoint.storedSplitter.LeftSide Widx.idx ∧ Widx.idx ≠ P.endpoint.setup.uIndex ∧ Widx.idx ≠ P.endpoint.setup.wIndex ∧ Widx.z ≠ D.packet.triangle.v2) ∨ (Widx.idx = P.endpoint.split ∧ Widx.z = P.endpoint.setup.oriented.endpoints.C1Block.L.points P.endpoint.split ∧ Widx.z ∈ (D.packet.partition.C1.erase D.packet.triangle.v2).erase D.packet.triangle.v3 ∧ Widx.z ∉ D.packet.partition.C2 ∧ Widx.z ∉ D.packet.partition.C3 ∧ Widx.z ∉ D.packet.triangle.verts ∧ ((P.endpoint.setup.uIndex < Widx.idx ∧ P.endpoint.setup.wIndex < Widx.idx) ∨ (Widx.idx < P.endpoint.setup.uIndex ∧ Widx.idx < P.endpoint.setup.wIndex)) ∧ Widx.z ∉ U5QAllowedBoundedSupport D q v3 ({v1, qs, w} : Finset ℝ²) u W.a0 W.a1 ∧ Widx.z ≠ v3 ∧ Widx.z ≠ q ∧ Widx.z ≠ u ∧ Widx.z ≠ W.a0 ∧ Widx.z ≠ W.a1 ∧ Widx.z ∉ ({v1, qs, w} : Finset ℝ²) ∧ Widx.z ≠ D.packet.triangle.v2) ∨ (P.endpoint.storedSplitter.RightSide Widx.idx ∧ Widx.idx ≠ P.endpoint.setup.uIndex ∧ Widx.idx ≠ P.endpoint.setup.wIndex ∧ Widx.z ≠ D.packet.triangle.v2))) ∨ (z ∉ D.packet.partition.C1 ∧ z ∈ D.packet.partition.C2) ∨ (z ∉ D.packet.partition.C1 ∧ z ∉ D.packet.partition.C2 ∧ z ∈ D.packet.partition.C3 ∧ z ∉ D.packet.triangle.verts ∧ OnArcOpposite D.packet.triangle.v3 D.packet.triangle.v1 D.packet.triangle.v2 z ∧ signedArea2 z D.packet.triangle.v1 D.packet.triangle.v2 * signedArea2 D.packet.triangle.v3 D.packet.triangle.v1 D.packet.triangle.v2 ≤ 0 ∧ 0 < signedArea2 z D.packet.triangle.v2 D.packet.triangle.v3 * signedArea2 D.packet.triangle.v1 D.packet.triangle.v2 D.packet.triangle.v3 ∧ 0 < signedArea2 z D.packet.triangle.v3 D.packet.triangle.v1 * signedArea2 D.packet.triangle.v2 D.packet.triangle.v3 D.packet.triangle.v1))
Problem97.C5D3B.mem_exactRadiusResidual_of_fresh_sameRadius	lean/RVOL/P97/C5D3BPacket.lean	5660	source-proved	theorem mem_exactRadiusResidual_of_fresh_sameRadius {D : CounterexampleData} {q v1 v3 qs w u a0 a1 x z : ℝ²} (hfresh : C5D3B.payloadFreshWitnessData D q v3 ({v1, qs, w} : Finset ℝ²) u a0 a1 x z) (hzC1 : z ∉ D.packet.partition.C1) (hzC2 : z ∉ D.packet.partition.C2) (hzRadius : dist v3 z = dist v3 q) : z ∈ (((((D.skeleton q).erase v3).filter fun y => dist v3 y = dist v3 q) \\ insert u ({v1, qs, w} : Finset ℝ²)) \\ (D.packet.partition.C1 ∪ D.packet.partition.C2))
Problem97.C5D3B.mem_C3_and_not_triangle_verts_of_mem_exactRadiusClass_sdiff_outside_C1_union_C2	lean/RVOL/P97/C5D3BPacket.lean	5911	source-proved	theorem mem_C3_and_not_triangle_verts_of_mem_exactRadiusClass_sdiff_outside_C1_union_C2 {D : CounterexampleData} {q v1 v3 qs w u x : ℝ²} (hx : x ∈ (((((D.skeleton q).erase v3).filter fun y => dist v3 y = dist v3 q) \\ insert u ({v1, qs, w} : Finset ℝ²)) \\ (D.packet.partition.C1 ∪ D.packet.partition.C2))) : x ∈ D.packet.partition.C3 ∧ x ∉ D.packet.triangle.verts
Problem97.C5D3B.carrier_inter_anchorSupport_eq_empty_of_mem_exactRadiusClass_sdiff_base	lean/RVOL/P97/C5D3BPacket.lean	7321	source-proved	theorem carrier_inter_anchorSupport_eq_empty_of_mem_exactRadiusClass_sdiff_base {D : CounterexampleData} {q p u a0 a1 x : ℝ²} {T : Finset ℝ²} (htriple : U5DangerousTriple D q p T) (hsel : U5SelectedCandidateSkeleton D q p T u) (ha0_off : dist p a0 ≠ dist p q) (ha1_off : dist p a1 ≠ dist p q) (ha0_notin_base : a0 ∉ insert u T) (ha1_notin_base : a1 ∉ insert u (insert a0 T)) (hx : x ∈ ((((D.skeleton q).erase p).filter fun y => dist p y = dist p q) \\ insert u T)) : insert x T ∩ ({p, q, u, a0, a1} : Finset ℝ²) = ∅
Problem97.C5D3B.exists_pair_boundedSelected_sdiff_carrier_of_mem_exactRadiusClass_sdiff_base	lean/RVOL/P97/C5D3BPacket.lean	7546	source-proved	theorem exists_pair_boundedSelected_sdiff_carrier_of_mem_exactRadiusClass_sdiff_base {D : CounterexampleData} {q p u x t : ℝ²} {T : Finset ℝ²} (htriple : U5DangerousTriple D q p T) (H : U5BoundedAuditSupport D q p T u) (ht : t ∈ T) (hz : t ∈ U5BoundedAuditCenters D q p T u H.a0 H.a1) (hx : x ∈ ((((D.skeleton q).erase p).filter fun y => dist p y = dist p q) \\ insert u T)) : ∃ a b : ℝ², a ∈ (H.selected_classes t hz).1 ∧ b ∈ (H.selected_classes t hz).1 ∧ a ∉ insert x T ∧ b ∉ insert x T ∧ a ≠ b
Problem97.C5D3B.exists_pair_qAllowedSelected_sdiff_carrier_of_mem_exactRadiusClass_sdiff_base	lean/RVOL/P97/C5D3BPacket.lean	7573	source-proved	theorem exists_pair_qAllowedSelected_sdiff_carrier_of_mem_exactRadiusClass_sdiff_base {D : CounterexampleData} {q p u x t : ℝ²} {T : Finset ℝ²} (htriple : U5DangerousTriple D q p T) (H : U5QAllowedAuditSupport D q p T u) (ht : t ∈ T) (hz : t ∈ U5BoundedAuditCenters D q p T u H.a0 H.a1) (hx : x ∈ ((((D.skeleton q).erase p).filter fun y => dist p y = dist p q) \\ insert u T)) : ∃ a b : ℝ², a ∈ (H.selected_classes t hz).1 ∧ b ∈ (H.selected_classes t hz).1 ∧ a ∉ insert x T ∧ b ∉ insert x T ∧ a ≠ b
Problem97.C5D3B.exists_pair_boundedSelected_qDeletedAnchorSupport_of_mem_exactRadiusClass_sdiff_base	lean/RVOL/P97/C5D3BPacket.lean	7629	source-proved	theorem exists_pair_boundedSelected_qDeletedAnchorSupport_of_mem_exactRadiusClass_sdiff_base {D : CounterexampleData} {q p u x t : ℝ²} {T : Finset ℝ²} (htriple : U5DangerousTriple D q p T) (hsel : U5SelectedCandidateSkeleton D q p T u) (H : U5BoundedAuditSupport D q p T u) (ht : t ∈ T) (hz : t ∈ U5BoundedAuditCenters D q p T u H.a0 H.a1) (hx : x ∈ ((((D.skeleton q).erase p).filter fun y => dist p y = dist p q) \\ insert u T)) : ∃ a b : ℝ², a ∈ (H.selected_classes t hz).1 ∧ b ∈ (H.selected_classes t hz).1 ∧ a ∈ ({p, u, H.a0, H.a1} : Finset ℝ²) ∧ b ∈ ({p, u, H.a0, H.a1} : Finset ℝ²) ∧ a ∉ insert x T ∧ b ∉ insert x T ∧ a ≠ b
Problem97.C5D3B.exists_pair_qAllowedSelected_anchorSupport_of_mem_exactRadiusClass_sdiff_base	lean/RVOL/P97/C5D3BPacket.lean	7675	source-proved	theorem exists_pair_qAllowedSelected_anchorSupport_of_mem_exactRadiusClass_sdiff_base {D : CounterexampleData} {q p u x t : ℝ²} {T : Finset ℝ²} (htriple : U5DangerousTriple D q p T) (hsel : U5SelectedCandidateSkeleton D q p T u) (H : U5QAllowedAuditSupport D q p T u) (ht : t ∈ T) (hz : t ∈ U5BoundedAuditCenters D q p T u H.a0 H.a1) (hx : x ∈ ((((D.skeleton q).erase p).filter fun y => dist p y = dist p q) \\ insert u T)) : ∃ a b : ℝ², a ∈ (H.selected_classes t hz).1 ∧ b ∈ (H.selected_classes t hz).1 ∧ a ∈ ({p, q, u, H.a0, H.a1} : Finset ℝ²) ∧ b ∈ ({p, q, u, H.a0, H.a1} : Finset ℝ²) ∧ a ∉ insert x T ∧ b ∉ insert x T ∧ a ≠ b
Problem97.C5D3B.qAllowedSelected_center_not_mem	lean/RVOL/P97/C5D3BPacket.lean	7861	source-proved	theorem qAllowedSelected_center_not_mem {D : CounterexampleData} {q p u z : ℝ²} {T : Finset ℝ²} (H : U5QAllowedAuditSupport D q p T u) (hz : z ∈ U5BoundedAuditCenters D q p T u H.a0 H.a1) : z ∉ (H.selected_classes z hz).1
Problem97.C5D3B.rowOffAnchor_not_mem_rowCircle	lean/RVOL/P97/C5D3BPacket.lean	8513	source-proved	theorem rowOffAnchor_not_mem_rowCircle {D : CounterexampleData} {q v1 v3 qs w u x : ℝ²} (P : C5D3BSameSideTerminalPacket D q v1 v3 qs w u) (H : U5QAllowedAuditSupport D q v3 ({v1, qs, w} : Finset ℝ²) u) (hx : x ∈ ({q, w, H.a0, H.a1} : Finset ℝ²)) : x ∉ ({v3, v1, qs, u} : Finset ℝ²)
Problem97.C5D3B.qAllowedSelected_two_two_not_mem_other_centers_inter_rowCircle_card_eq_zero	lean/RVOL/P97/C5D3BPacket.lean	8708	source-proved	theorem qAllowedSelected_two_two_not_mem_other_centers_inter_rowCircle_card_eq_zero {D : CounterexampleData} {q v1 v3 qs w u s t : ℝ²} (P : C5D3BSameSideTerminalPacket D q v1 v3 qs w u) (H : U5QAllowedAuditSupport D q v3 ({v1, qs, w} : Finset ℝ²) u) (hs : s ∈ U5BoundedAuditCenters D q v3 ({v1, qs, w} : Finset ℝ²) u H.a0 H.a1) (ht : t ∈ U5BoundedAuditCenters D q v3 ({v1, qs, w} : Finset ℝ²) u H.a0 H.a1) (hsrow : s ∈ ({w, H.a0, H.a1} : Finset ℝ²)) (htrow : t ∈ ({w, H.a0, H.a1} : Finset ℝ²)) (hst : s ≠ t) (hstwo : (((H.selected_classes s hs).1) ∩ (({q, w, H.a0, H.a1} : Finset ℝ²).erase s)).card = 2) (httwo : (((H.selected_classes t ht).1) ∩ (({q, w, H.a0, H.a1} : Finset ℝ²).erase t)).card = 2) (htNot : t ∉ (H.selected_classes s hs).1) (hsNot : s ∉ (H.selected_classes t ht).1) : (((H.selected_classes s hs).1 ∩ (H.selected_classes t ht).1) ∩ ({v3, v1, qs, u} : Finset ℝ²)).card = 0
Problem97.C5D3B.qAllowedSelected_rowOffTwoPoint_profile_missing_anchor	lean/RVOL/P97/C5D3BPacket.lean	8968	source-proved	theorem qAllowedSelected_rowOffTwoPoint_profile_missing_anchor {D : CounterexampleData} {q v1 v3 qs w u s : ℝ²} (P : C5D3BSameSideTerminalPacket D q v1 v3 qs w u) (H : U5QAllowedAuditSupport D q v3 ({v1, qs, w} : Finset ℝ²) u) (hs : s ∈ U5BoundedAuditCenters D q v3 ({v1, qs, w} : Finset ℝ²) u H.a0 H.a1) (hsrow : s ∈ ({w, H.a0, H.a1} : Finset ℝ²)) (htwo : (((H.selected_classes s hs).1) ∩ (({q, w, H.a0, H.a1} : Finset ℝ²).erase s)).card = 2) : ∃ c : ℝ², c ∈ (({q, w, H.a0, H.a1} : Finset ℝ²).erase s) ∧ c ∉ (H.selected_classes s hs).1
Problem97.C5D3B.qAllowedSelected_rowOffTwoPoint_profile_eq_erase_missing_anchor	lean/RVOL/P97/C5D3BPacket.lean	9007	source-proved	theorem qAllowedSelected_rowOffTwoPoint_profile_eq_erase_missing_anchor {D : CounterexampleData} {q v1 v3 qs w u s c : ℝ²} (P : C5D3BSameSideTerminalPacket D q v1 v3 qs w u) (H : U5QAllowedAuditSupport D q v3 ({v1, qs, w} : Finset ℝ²) u) (hs : s ∈ U5BoundedAuditCenters D q v3 ({v1, qs, w} : Finset ℝ²) u H.a0 H.a1) (hsrow : s ∈ ({w, H.a0, H.a1} : Finset ℝ²)) (hcA : c ∈ (({q, w, H.a0, H.a1} : Finset ℝ²).erase s)) (hcB : c ∉ (H.selected_classes s hs).1) (htwo : (((H.selected_classes s hs).1) ∩ (({q, w, H.a0, H.a1} : Finset ℝ²).erase s)).card = 2) : ((H.selected_classes s hs).1 ∩ (({q, w, H.a0, H.a1} : Finset ℝ²).erase s)) = (({q, w, H.a0, H.a1} : Finset ℝ²).erase s).erase c
Problem97.C5D3B.qAllowedSelected_two_full_not_mem_other_center_inter_eq_common	lean/RVOL/P97/C5D3BPacket.lean	9057	source-proved	theorem qAllowedSelected_two_full_not_mem_other_center_inter_eq_common {D : CounterexampleData} {q v1 v3 qs w u s t : ℝ²} (P : C5D3BSameSideTerminalPacket D q v1 v3 qs w u) (H : U5QAllowedAuditSupport D q v3 ({v1, qs, w} : Finset ℝ²) u) (hs : s ∈ U5BoundedAuditCenters D q v3 ({v1, qs, w} : Finset ℝ²) u H.a0 H.a1) (ht : t ∈ U5BoundedAuditCenters D q v3 ({v1, qs, w} : Finset ℝ²) u H.a0 H.a1) (hsrow : s ∈ ({w, H.a0, H.a1} : Finset ℝ²)) (htrow : t ∈ ({w, H.a0, H.a1} : Finset ℝ²)) (hst : s ≠ t) (hstwo : (((H.selected_classes s hs).1) ∩ (({q, w, H.a0, H.a1} : Finset ℝ²).erase s)).card = 2) (htfull : ((H.selected_classes t ht).1 ∩ (({q, w, H.a0, H.a1} : Finset ℝ²).erase t)) = (({q, w, H.a0, H.a1} : Finset ℝ²).erase t)) (htNot : t ∉ (H.selected_classes s hs).1) : (H.selected_classes s hs).1 ∩ (H.selected_classes t ht).1 = (({q, w, H.a0, H.a1} : Finset ℝ²).erase s) ∩ (({q, w, H.a0, H.a1} : Finset ℝ²).erase t)
Problem97.C5D3B.qAllowedSelected_two_full_not_mem_other_center_inter_rowCircle_card_eq_zero	lean/RVOL/P97/C5D3BPacket.lean	9121	source-proved	theorem qAllowedSelected_two_full_not_mem_other_center_inter_rowCircle_card_eq_zero {D : CounterexampleData} {q v1 v3 qs w u s t : ℝ²} (P : C5D3BSameSideTerminalPacket D q v1 v3 qs w u) (H : U5QAllowedAuditSupport D q v3 ({v1, qs, w} : Finset ℝ²) u) (hs : s ∈ U5BoundedAuditCenters D q v3 ({v1, qs, w} : Finset ℝ²) u H.a0 H.a1) (ht : t ∈ U5BoundedAuditCenters D q v3 ({v1, qs, w} : Finset ℝ²) u H.a0 H.a1) (hsrow : s ∈ ({w, H.a0, H.a1} : Finset ℝ²)) (htrow : t ∈ ({w, H.a0, H.a1} : Finset ℝ²)) (hst : s ≠ t) (hstwo : (((H.selected_classes s hs).1) ∩ (({q, w, H.a0, H.a1} : Finset ℝ²).erase s)).card = 2) (htfull : ((H.selected_classes t ht).1 ∩ (({q, w, H.a0, H.a1} : Finset ℝ²).erase t)) = (({q, w, H.a0, H.a1} : Finset ℝ²).erase t)) (htNot : t ∉ (H.selected_classes s hs).1) : (((H.selected_classes s hs).1 ∩ (H.selected_classes t ht).1) ∩ ({v3, v1, qs, u} : Finset ℝ²)).card = 0
Problem97.C5D3B.qAllowedSelected_two_two_one_sided_common_inter_eq_rowOff_rowCircle_pair	lean/RVOL/P97/C5D3BPacket.lean	9275	source-proved	theorem qAllowedSelected_two_two_one_sided_common_inter_eq_rowOff_rowCircle_pair {D : CounterexampleData} {q v1 v3 qs w u s t r : ℝ²} (P : C5D3BSameSideTerminalPacket D q v1 v3 qs w u) (H : U5QAllowedAuditSupport D q v3 ({v1, qs, w} : Finset ℝ²) u) (hs : s ∈ U5BoundedAuditCenters D q v3 ({v1, qs, w} : Finset ℝ²) u H.a0 H.a1) (ht : t ∈ U5BoundedAuditCenters D q v3 ({v1, qs, w} : Finset ℝ²) u H.a0 H.a1) (hsrow : s ∈ ({w, H.a0, H.a1} : Finset ℝ²)) (htrow : t ∈ ({w, H.a0, H.a1} : Finset ℝ²)) (hst : s ≠ t) (hstwo : (((H.selected_classes s hs).1) ∩ (({q, w, H.a0, H.a1} : Finset ℝ²).erase s)).card = 2) (httwo : (((H.selected_classes t ht).1) ∩ (({q, w, H.a0, H.a1} : Finset ℝ²).erase t)).card = 2) (htB : t ∈ (H.selected_classes s hs).1) (hsNot : s ∉ (H.selected_classes t ht).1) (hr : r ∈ (((H.selected_classes s hs).1 ∩ (H.selected_classes t ht).1) ∩ ({v3, v1, qs, u} : Finset ℝ²))) : ∃ a : ℝ², a ∈ (({q, w, H.a0, H.a1} : Finset ℝ²).erase s) ∩ (({q, w, H.a0, H.a1} : Finset ℝ²).erase t) ∧ a ∈ (H.selected_classes s hs).1 ∧ a ∈ (H.selected_classes t ht).1 ∧ (H.selected_classes s hs).1 ∩ (H.selected_classes t ht).1 = ({a, r} : Finset ℝ²)
Problem97.C5D3B.qAllowedSelected_two_rowOffProfile_exact_pair_eq_four_points	lean/RVOL/P97/C5D3BPacket.lean	10739	source-proved	theorem qAllowedSelected_two_rowOffProfile_exact_pair_eq_four_points {D : CounterexampleData} {q v1 v3 qs w u s t a r : ℝ²} (P : C5D3BSameSideTerminalPacket D q v1 v3 qs w u) (H : U5QAllowedAuditSupport D q v3 ({v1, qs, w} : Finset ℝ²) u) (hs : s ∈ U5BoundedAuditCenters D q v3 ({v1, qs, w} : Finset ℝ²) u H.a0 H.a1) (ht : t ∈ U5BoundedAuditCenters D q v3 ({v1, qs, w} : Finset ℝ²) u H.a0 H.a1) (hstwo : (((H.selected_classes s hs).1) ∩ (({q, w, H.a0, H.a1} : Finset ℝ²).erase s)).card = 2) (haA : a ∈ ({q, w, H.a0, H.a1} : Finset ℝ²)) (hsProfile : ((H.selected_classes s hs).1 ∩ (({q, w, H.a0, H.a1} : Finset ℝ²).erase s)) = ({t, a} : Finset ℝ²)) (hInter : (H.selected_classes s hs).1 ∩ (H.selected_classes t ht).1 = ({a, r} : Finset ℝ²)) (hr : r ∈ (((H.selected_classes s hs).1 ∩ (H.selected_classes t ht).1) ∩ ({v3, v1, qs, u} : Finset ℝ²))) : ∃ b : ℝ², b ≠ r ∧ b ∈ (H.selected_classes s hs).1 ∩ ({v3, v1, qs, u} : Finset ℝ²) ∧ b ∉ (H.selected_classes t ht).1 ∧ ((H.selected_classes s hs).1 ∩ ({v3, v1, qs, u} : Finset ℝ²)) = ({r, b} : Finset ℝ²) ∧ (H.selected_classes s hs).1 = ({t, a} : Finset ℝ²) ∪ ({r, b} : Finset ℝ²)
Problem97.C5D3B.qAllowedSelected_two_rowOffProfile_exact_pair_eq_four_point_carrier	lean/RVOL/P97/C5D3BPacket.lean	10868	source-proved	theorem qAllowedSelected_two_rowOffProfile_exact_pair_eq_four_point_carrier {D : CounterexampleData} {q v1 v3 qs w u s t a r : ℝ²} (P : C5D3BSameSideTerminalPacket D q v1 v3 qs w u) (H : U5QAllowedAuditSupport D q v3 ({v1, qs, w} : Finset ℝ²) u) (hs : s ∈ U5BoundedAuditCenters D q v3 ({v1, qs, w} : Finset ℝ²) u H.a0 H.a1) (ht : t ∈ U5BoundedAuditCenters D q v3 ({v1, qs, w} : Finset ℝ²) u H.a0 H.a1) (hstwo : (((H.selected_classes s hs).1) ∩ (({q, w, H.a0, H.a1} : Finset ℝ²).erase s)).card = 2) (haA : a ∈ ({q, w, H.a0, H.a1} : Finset ℝ²)) (hsProfile : ((H.selected_classes s hs).1 ∩ (({q, w, H.a0, H.a1} : Finset ℝ²).erase s)) = ({t, a} : Finset ℝ²)) (hInter : (H.selected_classes s hs).1 ∩ (H.selected_classes t ht).1 = ({a, r} : Finset ℝ²)) (hr : r ∈ (((H.selected_classes s hs).1 ∩ (H.selected_classes t ht).1) ∩ ({v3, v1, qs, u} : Finset ℝ²))) : ∃ b : ℝ², b ≠ r ∧ b ∈ (H.selected_classes s hs).1 ∩ ({v3, v1, qs, u} : Finset ℝ²) ∧ b ∉ (H.selected_classes t ht).1 ∧ ((H.selected_classes s hs).1 ∩ ({v3, v1, qs, u} : Finset ℝ²)) = ({r, b} : Finset ℝ²) ∧ (H.selected_classes s hs).1 = ({t, a, r, b} : Finset ℝ²) ∧ ({t, a, r, b} : Finset ℝ²).card = 4
Problem97.C5D3B.qAllowedSelected_two_rowOffProfile_exact_pair_carrier_pairwise_ne	lean/RVOL/P97/C5D3BPacket.lean	11042	source-proved	theorem qAllowedSelected_two_rowOffProfile_exact_pair_carrier_pairwise_ne {D : CounterexampleData} {q v1 v3 qs w u s t a r : ℝ²} (P : C5D3BSameSideTerminalPacket D q v1 v3 qs w u) (H : U5QAllowedAuditSupport D q v3 ({v1, qs, w} : Finset ℝ²) u) (hs : s ∈ U5BoundedAuditCenters D q v3 ({v1, qs, w} : Finset ℝ²) u H.a0 H.a1) (ht : t ∈ U5BoundedAuditCenters D q v3 ({v1, qs, w} : Finset ℝ²) u H.a0 H.a1) (hstwo : (((H.selected_classes s hs).1) ∩ (({q, w, H.a0, H.a1} : Finset ℝ²).erase s)).card = 2) (haA : a ∈ ({q, w, H.a0, H.a1} : Finset ℝ²)) (hsProfile : ((H.selected_classes s hs).1 ∩ (({q, w, H.a0, H.a1} : Finset ℝ²).erase s)) = ({t, a} : Finset ℝ²)) (hInter : (H.selected_classes s hs).1 ∩ (H.selected_classes t ht).1 = ({a, r} : Finset ℝ²)) (hr : r ∈ (((H.selected_classes s hs).1 ∩ (H.selected_classes t ht).1) ∩ ({v3, v1, qs, u} : Finset ℝ²))) : ∃ b : ℝ², b ≠ r ∧ b ∈ (H.selected_classes s hs).1 ∩ ({v3, v1, qs, u} : Finset ℝ²) ∧ b ∉ (H.selected_classes t ht).1 ∧ ((H.selected_classes s hs).1 ∩ ({v3, v1, qs, u} : Finset ℝ²)) = ({r, b} : Finset ℝ²) ∧ (H.selected_classes s hs).1 = ({t, a, r, b} : Finset ℝ²) ∧ ({t, a, r, b} : Finset ℝ²).card = 4 ∧ t ≠ a ∧ t ≠ r ∧ t ≠ b ∧ a ≠ r ∧ a ≠ b ∧ r ≠ b
Problem97.C5D3B.qAllowedSelected_two_rowOffProfile_exact_pair_support_partition	lean/RVOL/P97/C5D3BPacket.lean	11091	source-proved	theorem qAllowedSelected_two_rowOffProfile_exact_pair_support_partition {D : CounterexampleData} {q v1 v3 qs w u s t a r : ℝ²} (P : C5D3BSameSideTerminalPacket D q v1 v3 qs w u) (H : U5QAllowedAuditSupport D q v3 ({v1, qs, w} : Finset ℝ²) u) (hs : s ∈ U5BoundedAuditCenters D q v3 ({v1, qs, w} : Finset ℝ²) u H.a0 H.a1) (ht : t ∈ U5BoundedAuditCenters D q v3 ({v1, qs, w} : Finset ℝ²) u H.a0 H.a1) (hstwo : (((H.selected_classes s hs).1) ∩ (({q, w, H.a0, H.a1} : Finset ℝ²).erase s)).card = 2) (haA : a ∈ ({q, w, H.a0, H.a1} : Finset ℝ²)) (hsProfile : ((H.selected_classes s hs).1 ∩ (({q, w, H.a0, H.a1} : Finset ℝ²).erase s)) = ({t, a} : Finset ℝ²)) (hInter : (H.selected_classes s hs).1 ∩ (H.selected_classes t ht).1 = ({a, r} : Finset ℝ²)) (hr : r ∈ (((H.selected_classes s hs).1 ∩ (H.selected_classes t ht).1) ∩ ({v3, v1, qs, u} : Finset ℝ²))) : ∃ b : ℝ², b ≠ r ∧ b ∈ (H.selected_classes s hs).1 ∩ ({v3, v1, qs, u} : Finset ℝ²) ∧ b ∉ (H.selected_classes t ht).1 ∧ ((H.selected_classes s hs).1 ∩ ({v3, v1, qs, u} : Finset ℝ²)) = ({r, b} : Finset ℝ²) ∧ (H.selected_classes s hs).1 = ({t, a, r, b} : Finset ℝ²) ∧ ({t, a, r, b} : Finset ℝ²).card = 4 ∧ t ≠ a ∧ t ≠ r ∧ t ≠ b ∧ a ≠ r ∧ a ≠ b ∧ r ≠ b ∧ t ∈ (({q, w, H.a0, H.a1} : Finset ℝ²).erase s) ∧ a ∈ (({q, w, H.a0, H.a1} : Finset ℝ²).erase s) ∧ r ∈ ({v3, v1, qs, u} : Finset ℝ²) ∧ b ∈ ({v3, v1, qs, u} : Finset ℝ²) ∧ t ∉ ({v3, v1, qs, u} : Finset ℝ²) ∧ a ∉ ({v3, v1, qs, u} : Finset ℝ²)
Problem97.C5D3B.qAllowedSelected_two_rowOffProfile_exact_pair_s_radius_facts	lean/RVOL/P97/C5D3BPacket.lean	11171	source-proved	theorem qAllowedSelected_two_rowOffProfile_exact_pair_s_radius_facts {D : CounterexampleData} {q v1 v3 qs w u s t a r : ℝ²} (P : C5D3BSameSideTerminalPacket D q v1 v3 qs w u) (H : U5QAllowedAuditSupport D q v3 ({v1, qs, w} : Finset ℝ²) u) (hs : s ∈ U5BoundedAuditCenters D q v3 ({v1, qs, w} : Finset ℝ²) u H.a0 H.a1) (ht : t ∈ U5BoundedAuditCenters D q v3 ({v1, qs, w} : Finset ℝ²) u H.a0 H.a1) (hstwo : (((H.selected_classes s hs).1) ∩ (({q, w, H.a0, H.a1} : Finset ℝ²).erase s)).card = 2) (haA : a ∈ ({q, w, H.a0, H.a1} : Finset ℝ²)) (hsProfile : ((H.selected_classes s hs).1 ∩ (({q, w, H.a0, H.a1} : Finset ℝ²).erase s)) = ({t, a} : Finset ℝ²)) (hInter : (H.selected_classes s hs).1 ∩ (H.selected_classes t ht).1 = ({a, r} : Finset ℝ²)) (hr : r ∈ (((H.selected_classes s hs).1 ∩ (H.selected_classes t ht).1) ∩ ({v3, v1, qs, u} : Finset ℝ²))) : ∃ b : ℝ², b ≠ r ∧ (H.selected_classes s hs).1 = ({t, a, r, b} : Finset ℝ²) ∧ t ∈ (({q, w, H.a0, H.a1} : Finset ℝ²).erase s) ∧ a ∈ (({q, w, H.a0, H.a1} : Finset ℝ²).erase s) ∧ r ∈ ({v3, v1, qs, u} : Finset ℝ²) ∧ b ∈ ({v3, v1, qs, u} : Finset ℝ²) ∧ t ∉ ({v3, v1, qs, u} : Finset ℝ²) ∧ a ∉ ({v3, v1, qs, u} : Finset ℝ²) ∧ dist s t = dist s a ∧ dist s t = dist s r ∧ dist s t = dist s b
Problem97.C5D3B.qAllowedSelected_two_rowOffProfile_exact_pair_two_center_radius_facts	lean/RVOL/P97/C5D3BPacket.lean	11262	source-proved	theorem qAllowedSelected_two_rowOffProfile_exact_pair_two_center_radius_facts {D : CounterexampleData} {q v1 v3 qs w u s t a r : ℝ²} (P : C5D3BSameSideTerminalPacket D q v1 v3 qs w u) (H : U5QAllowedAuditSupport D q v3 ({v1, qs, w} : Finset ℝ²) u) (hs : s ∈ U5BoundedAuditCenters D q v3 ({v1, qs, w} : Finset ℝ²) u H.a0 H.a1) (ht : t ∈ U5BoundedAuditCenters D q v3 ({v1, qs, w} : Finset ℝ²) u H.a0 H.a1) (hstwo : (((H.selected_classes s hs).1) ∩ (({q, w, H.a0, H.a1} : Finset ℝ²).erase s)).card = 2) (haA : a ∈ ({q, w, H.a0, H.a1} : Finset ℝ²)) (hsProfile : ((H.selected_classes s hs).1 ∩ (({q, w, H.a0, H.a1} : Finset ℝ²).erase s)) = ({t, a} : Finset ℝ²)) (hInter : (H.selected_classes s hs).1 ∩ (H.selected_classes t ht).1 = ({a, r} : Finset ℝ²)) (hr : r ∈ (((H.selected_classes s hs).1 ∩ (H.selected_classes t ht).1) ∩ ({v3, v1, qs, u} : Finset ℝ²))) : ∃ b : ℝ², b ≠ r ∧ (H.selected_classes s hs).1 = ({t, a, r, b} : Finset ℝ²) ∧ t ∈ (({q, w, H.a0, H.a1} : Finset ℝ²).erase s) ∧ a ∈ (({q, w, H.a0, H.a1} : Finset ℝ²).erase s) ∧ r ∈ ({v3, v1, qs, u} : Finset ℝ²) ∧ b ∈ ({v3, v1, qs, u} : Finset ℝ²) ∧ t ∉ ({v3, v1, qs, u} : Finset ℝ²) ∧ a ∉ ({v3, v1, qs, u} : Finset ℝ²) ∧ dist s t = dist s a ∧ dist s t = dist s r ∧ dist s t = dist s b ∧ dist t a = dist t r
Problem97.C5D3B.qAllowedSelected_two_rowOffProfile_exact_pair_private_common_radical_axis	lean/RVOL/P97/C5D3BPacket.lean	11333	source-proved	theorem qAllowedSelected_two_rowOffProfile_exact_pair_private_common_radical_axis {D : CounterexampleData} {q v1 v3 qs w u s t a r : ℝ²} (P : C5D3BSameSideTerminalPacket D q v1 v3 qs w u) (H : U5QAllowedAuditSupport D q v3 ({v1, qs, w} : Finset ℝ²) u) (hs : s ∈ U5BoundedAuditCenters D q v3 ({v1, qs, w} : Finset ℝ²) u H.a0 H.a1) (ht : t ∈ U5BoundedAuditCenters D q v3 ({v1, qs, w} : Finset ℝ²) u H.a0 H.a1) (hstwo : (((H.selected_classes s hs).1) ∩ (({q, w, H.a0, H.a1} : Finset ℝ²).erase s)).card = 2) (haA : a ∈ ({q, w, H.a0, H.a1} : Finset ℝ²)) (hsProfile : ((H.selected_classes s hs).1 ∩ (({q, w, H.a0, H.a1} : Finset ℝ²).erase s)) = ({t, a} : Finset ℝ²)) (hInter : (H.selected_classes s hs).1 ∩ (H.selected_classes t ht).1 = ({a, r} : Finset ℝ²)) (hr : r ∈ (((H.selected_classes s hs).1 ∩ (H.selected_classes t ht).1) ∩ ({v3, v1, qs, u} : Finset ℝ²))) : ∃ b : ℝ², b ≠ r ∧ (H.selected_classes s hs).1 = ({t, a, r, b} : Finset ℝ²) ∧ t ∈ (({q, w, H.a0, H.a1} : Finset ℝ²).erase s) ∧ a ∈ (({q, w, H.a0, H.a1} : Finset ℝ²).erase s) ∧ r ∈ ({v3, v1, qs, u} : Finset ℝ²) ∧ b ∈ ({v3, v1, qs, u} : Finset ℝ²) ∧ t ∉ ({v3, v1, qs, u} : Finset ℝ²) ∧ a ∉ ({v3, v1, qs, u} : Finset ℝ²) ∧ dist s t = dist s a ∧ dist s t = dist s r ∧ dist s t = dist s b ∧ dist t a = dist t r ∧ dist s b = dist s r ∧ dist q b = dist q r ∧ inner ℝ (s - q) (b - r) = 0
Problem97.C5D3B.qAllowedSelected_two_full_common_private_rowCircle_pair	lean/RVOL/P97/C5D3BPacket.lean	11551	source-proved	theorem qAllowedSelected_two_full_common_private_rowCircle_pair {D : CounterexampleData} {q v1 v3 qs w u s t r : ℝ²} (P : C5D3BSameSideTerminalPacket D q v1 v3 qs w u) (H : U5QAllowedAuditSupport D q v3 ({v1, qs, w} : Finset ℝ²) u) (hs : s ∈ U5BoundedAuditCenters D q v3 ({v1, qs, w} : Finset ℝ²) u H.a0 H.a1) (ht : t ∈ U5BoundedAuditCenters D q v3 ({v1, qs, w} : Finset ℝ²) u H.a0 H.a1) (hsrow : s ∈ ({w, H.a0, H.a1} : Finset ℝ²)) (htrow : t ∈ ({w, H.a0, H.a1} : Finset ℝ²)) (hst : s ≠ t) (hstwo : (((H.selected_classes s hs).1) ∩ (({q, w, H.a0, H.a1} : Finset ℝ²).erase s)).card = 2) (htfull : ((H.selected_classes t ht).1 ∩ (({q, w, H.a0, H.a1} : Finset ℝ²).erase t)) = (({q, w, H.a0, H.a1} : Finset ℝ²).erase t)) (hr : r ∈ (((H.selected_classes s hs).1 ∩ (H.selected_classes t ht).1) ∩ ({v3, v1, qs, u} : Finset ℝ²))) : ∃ b : ℝ², b ≠ r ∧ b ∈ (H.selected_classes s hs).1 ∩ ({v3, v1, qs, u} : Finset ℝ²) ∧ b ∉ (H.selected_classes t ht).1 ∧ ((H.selected_classes s hs).1 ∩ ({v3, v1, qs, u} : Finset ℝ²)) = ({r, b} : Finset ℝ²)
Problem97.C5D3B.qAllowedSelected_two_full_common_two_side_eq_four_points	lean/RVOL/P97/C5D3BPacket.lean	11658	source-proved	theorem qAllowedSelected_two_full_common_two_side_eq_four_points {D : CounterexampleData} {q v1 v3 qs w u s t r : ℝ²} (P : C5D3BSameSideTerminalPacket D q v1 v3 qs w u) (H : U5QAllowedAuditSupport D q v3 ({v1, qs, w} : Finset ℝ²) u) (hs : s ∈ U5BoundedAuditCenters D q v3 ({v1, qs, w} : Finset ℝ²) u H.a0 H.a1) (ht : t ∈ U5BoundedAuditCenters D q v3 ({v1, qs, w} : Finset ℝ²) u H.a0 H.a1) (hsrow : s ∈ ({w, H.a0, H.a1} : Finset ℝ²)) (htrow : t ∈ ({w, H.a0, H.a1} : Finset ℝ²)) (hst : s ≠ t) (hstwo : (((H.selected_classes s hs).1) ∩ (({q, w, H.a0, H.a1} : Finset ℝ²).erase s)).card = 2) (htfull : ((H.selected_classes t ht).1 ∩ (({q, w, H.a0, H.a1} : Finset ℝ²).erase t)) = (({q, w, H.a0, H.a1} : Finset ℝ²).erase t)) (hr : r ∈ (((H.selected_classes s hs).1 ∩ (H.selected_classes t ht).1) ∩ ({v3, v1, qs, u} : Finset ℝ²))) : ∃ a b : ℝ², a ∈ (({q, w, H.a0, H.a1} : Finset ℝ²).erase s) ∩ (({q, w, H.a0, H.a1} : Finset ℝ²).erase t) ∧ a ∈ (H.selected_classes s hs).1 ∧ a ∈ (H.selected_classes t ht).1 ∧ b ≠ r ∧ b ∈ (H.selected_classes s hs).1 ∩ ({v3, v1, qs, u} : Finset ℝ²) ∧ b ∉ (H.selected_classes t ht).1 ∧ (H.selected_classes s hs).1 = ({t, a} : Finset ℝ²) ∪ ({r, b} : Finset ℝ²)
Problem97.C5D3B.qAllowedSelected_two_full_common_two_side_sdiff_full_eq_pair	lean/RVOL/P97/C5D3BPacket.lean	11817	source-proved	theorem qAllowedSelected_two_full_common_two_side_sdiff_full_eq_pair {D : CounterexampleData} {q v1 v3 qs w u s t r : ℝ²} (P : C5D3BSameSideTerminalPacket D q v1 v3 qs w u) (H : U5QAllowedAuditSupport D q v3 ({v1, qs, w} : Finset ℝ²) u) (hs : s ∈ U5BoundedAuditCenters D q v3 ({v1, qs, w} : Finset ℝ²) u H.a0 H.a1) (ht : t ∈ U5BoundedAuditCenters D q v3 ({v1, qs, w} : Finset ℝ²) u H.a0 H.a1) (hsrow : s ∈ ({w, H.a0, H.a1} : Finset ℝ²)) (htrow : t ∈ ({w, H.a0, H.a1} : Finset ℝ²)) (hst : s ≠ t) (hstwo : (((H.selected_classes s hs).1) ∩ (({q, w, H.a0, H.a1} : Finset ℝ²).erase s)).card = 2) (htfull : ((H.selected_classes t ht).1 ∩ (({q, w, H.a0, H.a1} : Finset ℝ²).erase t)) = (({q, w, H.a0, H.a1} : Finset ℝ²).erase t)) (hr : r ∈ (((H.selected_classes s hs).1 ∩ (H.selected_classes t ht).1) ∩ ({v3, v1, qs, u} : Finset ℝ²))) : ∃ b : ℝ², b ∈ (H.selected_classes s hs).1 ∩ ({v3, v1, qs, u} : Finset ℝ²) ∧ b ∉ (H.selected_classes t ht).1 ∧ b ≠ t ∧ ((H.selected_classes s hs).1 \\ (H.selected_classes t ht).1) = ({t, b} : Finset ℝ²)
Problem97.C5D3B.qAllowedSelected_two_full_common_private_s_radius_eq_other_center	lean/RVOL/P97/C5D3BPacket.lean	11920	source-proved	theorem qAllowedSelected_two_full_common_private_s_radius_eq_other_center {D : CounterexampleData} {q v1 v3 qs w u s t r : ℝ²} (P : C5D3BSameSideTerminalPacket D q v1 v3 qs w u) (H : U5QAllowedAuditSupport D q v3 ({v1, qs, w} : Finset ℝ²) u) (hs : s ∈ U5BoundedAuditCenters D q v3 ({v1, qs, w} : Finset ℝ²) u H.a0 H.a1) (ht : t ∈ U5BoundedAuditCenters D q v3 ({v1, qs, w} : Finset ℝ²) u H.a0 H.a1) (hsrow : s ∈ ({w, H.a0, H.a1} : Finset ℝ²)) (htrow : t ∈ ({w, H.a0, H.a1} : Finset ℝ²)) (hst : s ≠ t) (hstwo : (((H.selected_classes s hs).1) ∩ (({q, w, H.a0, H.a1} : Finset ℝ²).erase s)).card = 2) (htfull : ((H.selected_classes t ht).1 ∩ (({q, w, H.a0, H.a1} : Finset ℝ²).erase t)) = (({q, w, H.a0, H.a1} : Finset ℝ²).erase t)) (hr : r ∈ (((H.selected_classes s hs).1 ∩ (H.selected_classes t ht).1) ∩ ({v3, v1, qs, u} : Finset ℝ²))) : ∃ b : ℝ², b ∈ (H.selected_classes s hs).1 ∩ ({v3, v1, qs, u} : Finset ℝ²) ∧ b ∉ (H.selected_classes t ht).1 ∧ b ≠ t ∧ ((H.selected_classes s hs).1 \\ (H.selected_classes t ht).1) = ({t, b} : Finset ℝ²) ∧ dist s b = dist s t
Problem97.C5D3B.qAllowedSelected_two_full_common_private_s_radius_eq_common	lean/RVOL/P97/C5D3BPacket.lean	11978	source-proved	theorem qAllowedSelected_two_full_common_private_s_radius_eq_common {D : CounterexampleData} {q v1 v3 qs w u s t r : ℝ²} (P : C5D3BSameSideTerminalPacket D q v1 v3 qs w u) (H : U5QAllowedAuditSupport D q v3 ({v1, qs, w} : Finset ℝ²) u) (hs : s ∈ U5BoundedAuditCenters D q v3 ({v1, qs, w} : Finset ℝ²) u H.a0 H.a1) (ht : t ∈ U5BoundedAuditCenters D q v3 ({v1, qs, w} : Finset ℝ²) u H.a0 H.a1) (hsrow : s ∈ ({w, H.a0, H.a1} : Finset ℝ²)) (htrow : t ∈ ({w, H.a0, H.a1} : Finset ℝ²)) (hst : s ≠ t) (hstwo : (((H.selected_classes s hs).1) ∩ (({q, w, H.a0, H.a1} : Finset ℝ²).erase s)).card = 2) (htfull : ((H.selected_classes t ht).1 ∩ (({q, w, H.a0, H.a1} : Finset ℝ²).erase t)) = (({q, w, H.a0, H.a1} : Finset ℝ²).erase t)) (hr : r ∈ (((H.selected_classes s hs).1 ∩ (H.selected_classes t ht).1) ∩ ({v3, v1, qs, u} : Finset ℝ²))) : ∃ b : ℝ², b ≠ r ∧ b ∈ (H.selected_classes s hs).1 ∩ ({v3, v1, qs, u} : Finset ℝ²) ∧ b ∉ (H.selected_classes t ht).1 ∧ dist s b = dist s r
Problem97.C5D3B.qAllowedSelected_two_full_common_private_q_radius_eq_common	lean/RVOL/P97/C5D3BPacket.lean	12086	source-proved	theorem qAllowedSelected_two_full_common_private_q_radius_eq_common {D : CounterexampleData} {q v1 v3 qs w u s t r : ℝ²} (P : C5D3BSameSideTerminalPacket D q v1 v3 qs w u) (H : U5QAllowedAuditSupport D q v3 ({v1, qs, w} : Finset ℝ²) u) (hs : s ∈ U5BoundedAuditCenters D q v3 ({v1, qs, w} : Finset ℝ²) u H.a0 H.a1) (ht : t ∈ U5BoundedAuditCenters D q v3 ({v1, qs, w} : Finset ℝ²) u H.a0 H.a1) (hsrow : s ∈ ({w, H.a0, H.a1} : Finset ℝ²)) (htrow : t ∈ ({w, H.a0, H.a1} : Finset ℝ²)) (hst : s ≠ t) (hstwo : (((H.selected_classes s hs).1) ∩ (({q, w, H.a0, H.a1} : Finset ℝ²).erase s)).card = 2) (htfull : ((H.selected_classes t ht).1 ∩ (({q, w, H.a0, H.a1} : Finset ℝ²).erase t)) = (({q, w, H.a0, H.a1} : Finset ℝ²).erase t)) (hr : r ∈ (((H.selected_classes s hs).1 ∩ (H.selected_classes t ht).1) ∩ ({v3, v1, qs, u} : Finset ℝ²))) : ∃ b : ℝ², b ≠ r ∧ b ∈ (H.selected_classes s hs).1 ∩ ({v3, v1, qs, u} : Finset ℝ²) ∧ b ∉ (H.selected_classes t ht).1 ∧ dist q b = dist q r
Problem97.C5D3B.qAllowedSelected_two_full_common_private_common_radical_axis	lean/RVOL/P97/C5D3BPacket.lean	12141	source-proved	theorem qAllowedSelected_two_full_common_private_common_radical_axis {D : CounterexampleData} {q v1 v3 qs w u s t r : ℝ²} (P : C5D3BSameSideTerminalPacket D q v1 v3 qs w u) (H : U5QAllowedAuditSupport D q v3 ({v1, qs, w} : Finset ℝ²) u) (hs : s ∈ U5BoundedAuditCenters D q v3 ({v1, qs, w} : Finset ℝ²) u H.a0 H.a1) (ht : t ∈ U5BoundedAuditCenters D q v3 ({v1, qs, w} : Finset ℝ²) u H.a0 H.a1) (hsrow : s ∈ ({w, H.a0, H.a1} : Finset ℝ²)) (htrow : t ∈ ({w, H.a0, H.a1} : Finset ℝ²)) (hst : s ≠ t) (hstwo : (((H.selected_classes s hs).1) ∩ (({q, w, H.a0, H.a1} : Finset ℝ²).erase s)).card = 2) (htfull : ((H.selected_classes t ht).1 ∩ (({q, w, H.a0, H.a1} : Finset ℝ²).erase t)) = (({q, w, H.a0, H.a1} : Finset ℝ²).erase t)) (hr : r ∈ (((H.selected_classes s hs).1 ∩ (H.selected_classes t ht).1) ∩ ({v3, v1, qs, u} : Finset ℝ²))) : ∃ b : ℝ², b ≠ r ∧ b ∈ (H.selected_classes s hs).1 ∩ ({v3, v1, qs, u} : Finset ℝ²) ∧ b ∉ (H.selected_classes t ht).1 ∧ dist s b = dist s r ∧ dist q b = dist q r ∧ inner ℝ (s - q) (b - r) = 0
Problem97.C5D3B.qAllowedSelected_two_rowOffProfile_exact_pair_private_common_radical_axis_label_cases	lean/RVOL/P97/C5D3BPacket.lean	12429	source-proved	theorem qAllowedSelected_two_rowOffProfile_exact_pair_private_common_radical_axis_label_cases {D : CounterexampleData} {q v1 v3 qs w u s t a r : ℝ²} (P : C5D3BSameSideTerminalPacket D q v1 v3 qs w u) (H : U5QAllowedAuditSupport D q v3 ({v1, qs, w} : Finset ℝ²) u) (hs : s ∈ U5BoundedAuditCenters D q v3 ({v1, qs, w} : Finset ℝ²) u H.a0 H.a1) (ht : t ∈ U5BoundedAuditCenters D q v3 ({v1, qs, w} : Finset ℝ²) u H.a0 H.a1) (hstwo : (((H.selected_classes s hs).1) ∩ (({q, w, H.a0, H.a1} : Finset ℝ²).erase s)).card = 2) (haA : a ∈ ({q, w, H.a0, H.a1} : Finset ℝ²)) (hsProfile : ((H.selected_classes s hs).1 ∩ (({q, w, H.a0, H.a1} : Finset ℝ²).erase s)) = ({t, a} : Finset ℝ²)) (hInter : (H.selected_classes s hs).1 ∩ (H.selected_classes t ht).1 = ({a, r} : Finset ℝ²)) (hr : r ∈ (((H.selected_classes s hs).1 ∩ (H.selected_classes t ht).1) ∩ ({v3, v1, qs, u} : Finset ℝ²))) : ∃ b : ℝ², b ≠ r ∧ (H.selected_classes s hs).1 = ({t, a, r, b} : Finset ℝ²) ∧ t ∈ (({q, w, H.a0, H.a1} : Finset ℝ²).erase s) ∧ a ∈ (({q, w, H.a0, H.a1} : Finset ℝ²).erase s) ∧ r ∈ ({v3, v1, qs, u} : Finset ℝ²) ∧ b ∈ ({v3, v1, qs, u} : Finset ℝ²) ∧ t ∉ ({v3, v1, qs, u} : Finset ℝ²) ∧ a ∉ ({v3, v1, qs, u} : Finset ℝ²) ∧ dist s t = dist s a ∧ dist s t = dist s r ∧ dist s t = dist s b ∧ dist t a = dist t r ∧ dist s b = dist s r ∧ dist q b = dist q r ∧ ((({b, r} : Finset ℝ²) = ({v3, v1} : Finset ℝ²) ∧ inner ℝ (s - q) (v3 - v1) = 0) ∨ (({b, r} : Finset ℝ²) = ({v3, qs} : Finset ℝ²) ∧ inner ℝ (s - q) (v3 - qs) = 0) ∨ (({b, r} : Finset ℝ²) = ({v3, u} : Finset ℝ²) ∧ inner ℝ (s - q) (v3 - u) = 0) ∨ (({b, r} : Finset ℝ²) = ({v1, qs} : Finset ℝ²) ∧ inner ℝ (s - q) (v1 - qs) = 0) ∨ (({b, r} : Finset ℝ²) = ({v1, u} : Finset ℝ²) ∧ inner ℝ (s - q) (v1 - u) = 0) ∨ (({b, r} : Finset ℝ²) = ({qs, u} : Finset ℝ²) ∧ inner ℝ (s - q) (qs - u) = 0))
Problem97.C5D3B.qAllowedSelected_two_rowOffProfile_exact_pair_rowOff_label_cases	lean/RVOL/P97/C5D3BPacket.lean	12567	source-proved	theorem qAllowedSelected_two_rowOffProfile_exact_pair_rowOff_label_cases {D : CounterexampleData} {q v1 v3 qs w u s t a r : ℝ²} (P : C5D3BSameSideTerminalPacket D q v1 v3 qs w u) (H : U5QAllowedAuditSupport D q v3 ({v1, qs, w} : Finset ℝ²) u) (hs : s ∈ U5BoundedAuditCenters D q v3 ({v1, qs, w} : Finset ℝ²) u H.a0 H.a1) (ht : t ∈ U5BoundedAuditCenters D q v3 ({v1, qs, w} : Finset ℝ²) u H.a0 H.a1) (hstwo : (((H.selected_classes s hs).1) ∩ (({q, w, H.a0, H.a1} : Finset ℝ²).erase s)).card = 2) (haA : a ∈ ({q, w, H.a0, H.a1} : Finset ℝ²)) (hsProfile : ((H.selected_classes s hs).1 ∩ (({q, w, H.a0, H.a1} : Finset ℝ²).erase s)) = ({t, a} : Finset ℝ²)) (hInter : (H.selected_classes s hs).1 ∩ (H.selected_classes t ht).1 = ({a, r} : Finset ℝ²)) (hr : r ∈ (((H.selected_classes s hs).1 ∩ (H.selected_classes t ht).1) ∩ ({v3, v1, qs, u} : Finset ℝ²))) : ∃ b : ℝ², b ≠ r ∧ (H.selected_classes s hs).1 = ({t, a, r, b} : Finset ℝ²) ∧ t ∈ (({q, w, H.a0, H.a1} : Finset ℝ²).erase s) ∧ a ∈ (({q, w, H.a0, H.a1} : Finset ℝ²).erase s) ∧ r ∈ ({v3, v1, qs, u} : Finset ℝ²) ∧ b ∈ ({v3, v1, qs, u} : Finset ℝ²) ∧ t ∉ ({v3, v1, qs, u} : Finset ℝ²) ∧ a ∉ ({v3, v1, qs, u} : Finset ℝ²) ∧ dist s t = dist s a ∧ dist s t = dist s r ∧ dist s t = dist s b ∧ dist t a = dist t r ∧ dist s b = dist s r ∧ dist q b = dist q r ∧ (t = w ∨ t = H.a0 ∨ t = H.a1) ∧ (a = q ∨ a = w ∨ a = H.a0 ∨ a = H.a1) ∧ ((({b, r} : Finset ℝ²) = ({v3, v1} : Finset ℝ²) ∧ inner ℝ (s - q) (v3 - v1) = 0) ∨ (({b, r} : Finset ℝ²) = ({v3, qs} : Finset ℝ²) ∧ inner ℝ (s - q) (v3 - qs) = 0) ∨ (({b, r} : Finset ℝ²) = ({v3, u} : Finset ℝ²) ∧ inner ℝ (s - q) (v3 - u) = 0) ∨ (({b, r} : Finset ℝ²) = ({v1, qs} : Finset ℝ²) ∧ inner ℝ (s - q) (v1 - qs) = 0) ∨ (({b, r} : Finset ℝ²) = ({v1, u} : Finset ℝ²) ∧ inner ℝ (s - q) (v1 - u) = 0) ∨ (({b, r} : Finset ℝ²) = ({qs, u} : Finset ℝ²) ∧ inner ℝ (s - q) (qs - u) = 0))
Problem97.C5D3B.qAllowedSelected_two_rowOffProfile_exact_pair_ordered_anchor_cases	lean/RVOL/P97/C5D3BPacket.lean	12647	source-proved	theorem qAllowedSelected_two_rowOffProfile_exact_pair_ordered_anchor_cases {D : CounterexampleData} {q v1 v3 qs w u s t a r : ℝ²} (P : C5D3BSameSideTerminalPacket D q v1 v3 qs w u) (H : U5QAllowedAuditSupport D q v3 ({v1, qs, w} : Finset ℝ²) u) (hs : s ∈ U5BoundedAuditCenters D q v3 ({v1, qs, w} : Finset ℝ²) u H.a0 H.a1) (ht : t ∈ U5BoundedAuditCenters D q v3 ({v1, qs, w} : Finset ℝ²) u H.a0 H.a1) (hsrow : s ∈ ({w, H.a0, H.a1} : Finset ℝ²)) (hstwo : (((H.selected_classes s hs).1) ∩ (({q, w, H.a0, H.a1} : Finset ℝ²).erase s)).card = 2) (haA : a ∈ ({q, w, H.a0, H.a1} : Finset ℝ²)) (hsProfile : ((H.selected_classes s hs).1 ∩ (({q, w, H.a0, H.a1} : Finset ℝ²).erase s)) = ({t, a} : Finset ℝ²)) (hInter : (H.selected_classes s hs).1 ∩ (H.selected_classes t ht).1 = ({a, r} : Finset ℝ²)) (hr : r ∈ (((H.selected_classes s hs).1 ∩ (H.selected_classes t ht).1) ∩ ({v3, v1, qs, u} : Finset ℝ²))) : ∃ b : ℝ², b ≠ r ∧ (H.selected_classes s hs).1 = ({t, a, r, b} : Finset ℝ²) ∧ t ∈ (({q, w, H.a0, H.a1} : Finset ℝ²).erase s) ∧ a ∈ (({q, w, H.a0, H.a1} : Finset ℝ²).erase s) ∩ (({q, w, H.a0, H.a1} : Finset ℝ²).erase t) ∧ r ∈ ({v3, v1, qs, u} : Finset ℝ²) ∧ b ∈ ({v3, v1, qs, u} : Finset ℝ²) ∧ t ∉ ({v3, v1, qs, u} : Finset ℝ²) ∧ a ∉ ({v3, v1, qs, u} : Finset ℝ²) ∧ dist s t = dist s a ∧ dist s t = dist s r ∧ dist s t = dist s b ∧ dist t a = dist t r ∧ dist s b = dist s r ∧ dist q b = dist q r ∧ ((s = w ∧ t = H.a0 ∧ (a = q ∨ a = H.a1)) ∨ (s = w ∧ t = H.a1 ∧ (a = q ∨ a = H.a0)) ∨ (s = H.a0 ∧ t = w ∧ (a = q ∨ a = H.a1)) ∨ (s = H.a0 ∧ t = H.a1 ∧ (a = q ∨ a = w)) ∨ (s = H.a1 ∧ t = w ∧ (a = q ∨ a = H.a0)) ∨ (s = H.a1 ∧ t = H.a0 ∧ (a = q ∨ a = w))) ∧ ((({b, r} : Finset ℝ²) = ({v3, v1} : Finset ℝ²) ∧ inner ℝ (s - q) (v3 - v1) = 0) ∨ (({b, r} : Finset ℝ²) = ({v3, qs} : Finset ℝ²) ∧ inner ℝ (s - q) (v3 - qs) = 0) ∨ (({b, r} : Finset ℝ²) = ({v3, u} : Finset ℝ²) ∧ inner ℝ (s - q) (v3 - u) = 0) ∨ (({b, r} : Finset ℝ²) = ({v1, qs} : Finset ℝ²) ∧ inner ℝ (s - q) (v1 - qs) = 0) ∨ (({b, r} : Finset ℝ²) = ({v1, u} : Finset ℝ²) ∧ inner ℝ (s - q) (v1 - u) = 0) ∨ (({b, r} : Finset ℝ²) = ({qs, u} : Finset ℝ²) ∧ inner ℝ (s - q) (qs - u) = 0))
Problem97.C5D3B.qAllowedSelected_two_full_common_private_common_radical_axis_label_cases	lean/RVOL/P97/C5D3BPacket.lean	12758	source-proved	theorem qAllowedSelected_two_full_common_private_common_radical_axis_label_cases {D : CounterexampleData} {q v1 v3 qs w u s t r : ℝ²} (P : C5D3BSameSideTerminalPacket D q v1 v3 qs w u) (H : U5QAllowedAuditSupport D q v3 ({v1, qs, w} : Finset ℝ²) u) (hs : s ∈ U5BoundedAuditCenters D q v3 ({v1, qs, w} : Finset ℝ²) u H.a0 H.a1) (ht : t ∈ U5BoundedAuditCenters D q v3 ({v1, qs, w} : Finset ℝ²) u H.a0 H.a1) (hsrow : s ∈ ({w, H.a0, H.a1} : Finset ℝ²)) (htrow : t ∈ ({w, H.a0, H.a1} : Finset ℝ²)) (hst : s ≠ t) (hstwo : (((H.selected_classes s hs).1) ∩ (({q, w, H.a0, H.a1} : Finset ℝ²).erase s)).card = 2) (htfull : ((H.selected_classes t ht).1 ∩ (({q, w, H.a0, H.a1} : Finset ℝ²).erase t)) = (({q, w, H.a0, H.a1} : Finset ℝ²).erase t)) (hr : r ∈ (((H.selected_classes s hs).1 ∩ (H.selected_classes t ht).1) ∩ ({v3, v1, qs, u} : Finset ℝ²))) : ∃ b : ℝ², b ≠ r ∧ b ∈ (H.selected_classes s hs).1 ∩ ({v3, v1, qs, u} : Finset ℝ²) ∧ b ∉ (H.selected_classes t ht).1 ∧ dist s b = dist s r ∧ dist q b = dist q r ∧ ((({b, r} : Finset ℝ²) = ({v3, v1} : Finset ℝ²) ∧ inner ℝ (s - q) (v3 - v1) = 0) ∨ (({b, r} : Finset ℝ²) = ({v3, qs} : Finset ℝ²) ∧ inner ℝ (s - q) (v3 - qs) = 0) ∨ (({b, r} : Finset ℝ²) = ({v3, u} : Finset ℝ²) ∧ inner ℝ (s - q) (v3 - u) = 0) ∨ (({b, r} : Finset ℝ²) = ({v1, qs} : Finset ℝ²) ∧ inner ℝ (s - q) (v1 - qs) = 0) ∨ (({b, r} : Finset ℝ²) = ({v1, u} : Finset ℝ²) ∧ inner ℝ (s - q) (v1 - u) = 0) ∨ (({b, r} : Finset ℝ²) = ({qs, u} : Finset ℝ²) ∧ inner ℝ (s - q) (qs - u) = 0))
Problem97.C5D3B.qAllowedSelected_two_full_common_finite_label_profile_cases	lean/RVOL/P97/C5D3BPacket.lean	12907	source-proved	theorem qAllowedSelected_two_full_common_finite_label_profile_cases {D : CounterexampleData} {q v1 v3 qs w u s t r : ℝ²} (P : C5D3BSameSideTerminalPacket D q v1 v3 qs w u) (H : U5QAllowedAuditSupport D q v3 ({v1, qs, w} : Finset ℝ²) u) (hs : s ∈ U5BoundedAuditCenters D q v3 ({v1, qs, w} : Finset ℝ²) u H.a0 H.a1) (ht : t ∈ U5BoundedAuditCenters D q v3 ({v1, qs, w} : Finset ℝ²) u H.a0 H.a1) (hsrow : s ∈ ({w, H.a0, H.a1} : Finset ℝ²)) (htrow : t ∈ ({w, H.a0, H.a1} : Finset ℝ²)) (hst : s ≠ t) (hstwo : (((H.selected_classes s hs).1) ∩ (({q, w, H.a0, H.a1} : Finset ℝ²).erase s)).card = 2) (htfull : ((H.selected_classes t ht).1 ∩ (({q, w, H.a0, H.a1} : Finset ℝ²).erase t)) = (({q, w, H.a0, H.a1} : Finset ℝ²).erase t)) (hr : r ∈ (((H.selected_classes s hs).1 ∩ (H.selected_classes t ht).1) ∩ ({v3, v1, qs, u} : Finset ℝ²))) : ∃ a b : ℝ², a ∈ (({q, w, H.a0, H.a1} : Finset ℝ²).erase s) ∩ (({q, w, H.a0, H.a1} : Finset ℝ²).erase t) ∧ a ∈ (H.selected_classes s hs).1 ∧ a ∈ (H.selected_classes t ht).1 ∧ b ≠ r ∧ b ∈ (H.selected_classes s hs).1 ∩ ({v3, v1, qs, u} : Finset ℝ²) ∧ b ∉ (H.selected_classes t ht).1 ∧ dist s b = dist s r ∧ dist q b = dist q r ∧ (H.selected_classes s hs).1 = ({t, a} : Finset ℝ²) ∪ ({r, b} : Finset ℝ²) ∧ ((s = w ∧ t = H.a0 ∧ (a = q ∨ a = H.a1)) ∨ (s = w ∧ t = H.a1 ∧ (a = q ∨ a = H.a0)) ∨ (s = H.a0 ∧ t = w ∧ (a = q ∨ a = H.a1)) ∨ (s = H.a0 ∧ t = H.a1 ∧ (a = q ∨ a = w)) ∨ (s = H.a1 ∧ t = w ∧ (a = q ∨ a = H.a0)) ∨ (s = H.a1 ∧ t = H.a0 ∧ (a = q ∨ a = w))) ∧ ((({b, r} : Finset ℝ²) = ({v3, v1} : Finset ℝ²) ∧ inner ℝ (s - q) (v3 - v1) = 0) ∨ (({b, r} : Finset ℝ²) = ({v3, qs} : Finset ℝ²) ∧ inner ℝ (s - q) (v3 - qs) = 0) ∨ (({b, r} : Finset ℝ²) = ({v3, u} : Finset ℝ²) ∧ inner ℝ (s - q) (v3 - u) = 0) ∨ (({b, r} : Finset ℝ²) = ({v1, qs} : Finset ℝ²) ∧ inner ℝ (s - q) (v1 - qs) = 0) ∨ (({b, r} : Finset ℝ²) = ({v1, u} : Finset ℝ²) ∧ inner ℝ (s - q) (v1 - u) = 0) ∨ (({b, r} : Finset ℝ²) = ({qs, u} : Finset ℝ²) ∧ inner ℝ (s - q) (qs - u) = 0))
Problem97.C5D3B.rowCircle_tail_scalar_cases_of_no_v3_pair	lean/RVOL/P97/C5D3BPacket.lean	13071	source-proved	theorem rowCircle_tail_scalar_cases_of_no_v3_pair {q v1 v3 qs u s b r : ℝ²} (hno_v3 : v3 ∉ ({r, b} : Finset ℝ²)) (hrow : ((({b, r} : Finset ℝ²) = ({v3, v1} : Finset ℝ²) ∧ inner ℝ (s - q) (v3 - v1) = 0) ∨ (({b, r} : Finset ℝ²) = ({v3, qs} : Finset ℝ²) ∧ inner ℝ (s - q) (v3 - qs) = 0) ∨ (({b, r} : Finset ℝ²) = ({v3, u} : Finset ℝ²) ∧ inner ℝ (s - q) (v3 - u) = 0) ∨ (({b, r} : Finset ℝ²) = ({v1, qs} : Finset ℝ²) ∧ inner ℝ (s - q) (v1 - qs) = 0) ∨ (({b, r} : Finset ℝ²) = ({v1, u} : Finset ℝ²) ∧ inner ℝ (s - q) (v1 - u) = 0) ∨ (({b, r} : Finset ℝ²) = ({qs, u} : Finset ℝ²) ∧ inner ℝ (s - q) (qs - u) = 0))) : ((({b, r} : Finset ℝ²) = ({v1, qs} : Finset ℝ²) ∧ inner ℝ (s - q) (v1 - qs) = 0) ∨ (({b, r} : Finset ℝ²) = ({v1, u} : Finset ℝ²) ∧ inner ℝ (s - q) (v1 - u) = 0) ∨ (({b, r} : Finset ℝ²) = ({qs, u} : Finset ℝ²) ∧ inner ℝ (s - q) (qs - u) = 0))
Problem97.C5D3B.qAllowedSelected_two_rowOffProfile_exact_pair_w_q_anchor_tail_scalar_cases	lean/RVOL/P97/C5D3BPacket.lean	15930	source-proved	theorem qAllowedSelected_two_rowOffProfile_exact_pair_w_q_anchor_tail_scalar_cases {D : CounterexampleData} {q v1 v3 qs w u s t a r : ℝ²} (P : C5D3BSameSideTerminalPacket D q v1 v3 qs w u) (H : U5QAllowedAuditSupport D q v3 ({v1, qs, w} : Finset ℝ²) u) (hs : s ∈ U5BoundedAuditCenters D q v3 ({v1, qs, w} : Finset ℝ²) u H.a0 H.a1) (ht : t ∈ U5BoundedAuditCenters D q v3 ({v1, qs, w} : Finset ℝ²) u H.a0 H.a1) (hsrow : s ∈ ({w, H.a0, H.a1} : Finset ℝ²)) (hstwo : (((H.selected_classes s hs).1) ∩ (({q, w, H.a0, H.a1} : Finset ℝ²).erase s)).card = 2) (haA : a ∈ ({q, w, H.a0, H.a1} : Finset ℝ²)) (hsProfile : ((H.selected_classes s hs).1 ∩ (({q, w, H.a0, H.a1} : Finset ℝ²).erase s)) = ({t, a} : Finset ℝ²)) (hInter : (H.selected_classes s hs).1 ∩ (H.selected_classes t ht).1 = ({a, r} : Finset ℝ²)) (hr : r ∈ (((H.selected_classes s hs).1 ∩ (H.selected_classes t ht).1) ∩ ({v3, v1, qs, u} : Finset ℝ²))) (hsw : s = w) (haq : a = q) : ∃ b : ℝ², b ≠ r ∧ (H.selected_classes s hs).1 = ({t, a, r, b} : Finset ℝ²) ∧ t ∈ (({q, w, H.a0, H.a1} : Finset ℝ²).erase s) ∧ a ∈ (({q, w, H.a0, H.a1} : Finset ℝ²).erase s) ∩ (({q, w, H.a0, H.a1} : Finset ℝ²).erase t) ∧ r ∈ ({v3, v1, qs, u} : Finset ℝ²) ∧ b ∈ ({v3, v1, qs, u} : Finset ℝ²) ∧ t ∉ ({v3, v1, qs, u} : Finset ℝ²) ∧ a ∉ ({v3, v1, qs, u} : Finset ℝ²) ∧ dist s t = dist s a ∧ dist s t = dist s r ∧ dist s t = dist s b ∧ dist t a = dist t r ∧ dist s b = dist s r ∧ dist q b = dist q r ∧ (t = H.a0 ∨ t = H.a1) ∧ v3 ∉ ({r, b} : Finset ℝ²) ∧ ((({b, r} : Finset ℝ²) = ({v1, qs} : Finset ℝ²) ∧ inner ℝ (s - q) (v1 - qs) = 0) ∨ (({b, r} : Finset ℝ²) = ({v1, u} : Finset ℝ²) ∧ inner ℝ (s - q) (v1 - u) = 0) ∨ (({b, r} : Finset ℝ²) = ({qs, u} : Finset ℝ²) ∧ inner ℝ (s - q) (qs - u) = 0))
Problem97.C5D3B.qAllowedSelected_two_full_common_not_w_q_anchor_v3_pair	lean/RVOL/P97/C5D3BPacket.lean	16031	source-proved	theorem qAllowedSelected_two_full_common_not_w_q_anchor_v3_pair {D : CounterexampleData} {q v1 v3 qs w u s t r : ℝ²} (P : C5D3BSameSideTerminalPacket D q v1 v3 qs w u) (H : U5QAllowedAuditSupport D q v3 ({v1, qs, w} : Finset ℝ²) u) (hs : s ∈ U5BoundedAuditCenters D q v3 ({v1, qs, w} : Finset ℝ²) u H.a0 H.a1) (ht : t ∈ U5BoundedAuditCenters D q v3 ({v1, qs, w} : Finset ℝ²) u H.a0 H.a1) (hsrow : s ∈ ({w, H.a0, H.a1} : Finset ℝ²)) (htrow : t ∈ ({w, H.a0, H.a1} : Finset ℝ²)) (hst : s ≠ t) (hstwo : (((H.selected_classes s hs).1) ∩ (({q, w, H.a0, H.a1} : Finset ℝ²).erase s)).card = 2) (htfull : ((H.selected_classes t ht).1 ∩ (({q, w, H.a0, H.a1} : Finset ℝ²).erase t)) = (({q, w, H.a0, H.a1} : Finset ℝ²).erase t)) (hr : r ∈ (((H.selected_classes s hs).1 ∩ (H.selected_classes t ht).1) ∩ ({v3, v1, qs, u} : Finset ℝ²))) : ∃ a b : ℝ², a ∈ (({q, w, H.a0, H.a1} : Finset ℝ²).erase s) ∩ (({q, w, H.a0, H.a1} : Finset ℝ²).erase t) ∧ a ∈ (H.selected_classes s hs).1 ∧ a ∈ (H.selected_classes t ht).1 ∧ b ≠ r ∧ b ∈ (H.selected_classes s hs).1 ∩ ({v3, v1, qs, u} : Finset ℝ²) ∧ b ∉ (H.selected_classes t ht).1 ∧ (H.selected_classes s hs).1 = ({t, a} : Finset ℝ²) ∪ ({r, b} : Finset ℝ²) ∧ ¬ (s = w ∧ a = q ∧ v3 ∈ ({r, b} : Finset ℝ²))
Problem97.C5D3B.qAllowedSelected_two_full_common_full_w_center_private_common_rowCircle_label_cases	lean/RVOL/P97/C5D3BPacket.lean	16234	source-proved	theorem qAllowedSelected_two_full_common_full_w_center_private_common_rowCircle_label_cases {D : CounterexampleData} {q v1 v3 qs w u s t r : ℝ²} (P : C5D3BSameSideTerminalPacket D q v1 v3 qs w u) (H : U5QAllowedAuditSupport D q v3 ({v1, qs, w} : Finset ℝ²) u) (hs : s ∈ U5BoundedAuditCenters D q v3 ({v1, qs, w} : Finset ℝ²) u H.a0 H.a1) (ht : t ∈ U5BoundedAuditCenters D q v3 ({v1, qs, w} : Finset ℝ²) u H.a0 H.a1) (hsrow : s ∈ ({w, H.a0, H.a1} : Finset ℝ²)) (htrow : t ∈ ({w, H.a0, H.a1} : Finset ℝ²)) (hst : s ≠ t) (hstwo : (((H.selected_classes s hs).1) ∩ (({q, w, H.a0, H.a1} : Finset ℝ²).erase s)).card = 2) (htfull : ((H.selected_classes t ht).1 ∩ (({q, w, H.a0, H.a1} : Finset ℝ²).erase t)) = (({q, w, H.a0, H.a1} : Finset ℝ²).erase t)) (hr : r ∈ (((H.selected_classes s hs).1 ∩ (H.selected_classes t ht).1) ∩ ({v3, v1, qs, u} : Finset ℝ²))) (htw : t = w) : ∃ b : ℝ², b ≠ r ∧ b ∈ (H.selected_classes s hs).1 ∩ ({v3, v1, qs, u} : Finset ℝ²) ∧ b ∉ (H.selected_classes t ht).1 ∧ ((b = v3 ∧ r = v1) ∨ (b = qs ∧ r = v1) ∨ (b = u ∧ r = v1) ∨ (b = v3 ∧ r = qs) ∨ (b = v1 ∧ r = qs) ∨ (b = u ∧ r = qs) ∨ (b = v3 ∧ r = u) ∨ (b = v1 ∧ r = u) ∨ (b = qs ∧ r = u))
Problem97.C5D3B.qAllowedSelected_two_full_common_two_side_w_q_anchor_no_v3_pair	lean/RVOL/P97/C5D3BPacket.lean	16691	source-proved	theorem qAllowedSelected_two_full_common_two_side_w_q_anchor_no_v3_pair {D : CounterexampleData} {q v1 v3 qs w u s t r : ℝ²} (P : C5D3BSameSideTerminalPacket D q v1 v3 qs w u) (H : U5QAllowedAuditSupport D q v3 ({v1, qs, w} : Finset ℝ²) u) (hs : s ∈ U5BoundedAuditCenters D q v3 ({v1, qs, w} : Finset ℝ²) u H.a0 H.a1) (ht : t ∈ U5BoundedAuditCenters D q v3 ({v1, qs, w} : Finset ℝ²) u H.a0 H.a1) (hsrow : s ∈ ({w, H.a0, H.a1} : Finset ℝ²)) (htrow : t ∈ ({w, H.a0, H.a1} : Finset ℝ²)) (hst : s ≠ t) (hstwo : (((H.selected_classes s hs).1) ∩ (({q, w, H.a0, H.a1} : Finset ℝ²).erase s)).card = 2) (htfull : ((H.selected_classes t ht).1 ∩ (({q, w, H.a0, H.a1} : Finset ℝ²).erase t)) = (({q, w, H.a0, H.a1} : Finset ℝ²).erase t)) (hr : r ∈ (((H.selected_classes s hs).1 ∩ (H.selected_classes t ht).1) ∩ ({v3, v1, qs, u} : Finset ℝ²))) (hsw : s = w) : ∃ a b : ℝ², a ∈ (({q, w, H.a0, H.a1} : Finset ℝ²).erase s) ∩ (({q, w, H.a0, H.a1} : Finset ℝ²).erase t) ∧ a ∈ (H.selected_classes s hs).1 ∧ a ∈ (H.selected_classes t ht).1 ∧ b ≠ r ∧ b ∈ (H.selected_classes s hs).1 ∩ ({v3, v1, qs, u} : Finset ℝ²) ∧ b ∉ (H.selected_classes t ht).1 ∧ (a = q → v3 ∉ ({r, b} : Finset ℝ²))
Problem97.C5D3B.qAllowedSelected_two_full_common_two_side_w_q_anchor_rowCircle_tail_label_cases	lean/RVOL/P97/C5D3BPacket.lean	16737	source-proved	theorem qAllowedSelected_two_full_common_two_side_w_q_anchor_rowCircle_tail_label_cases {D : CounterexampleData} {q v1 v3 qs w u s t r : ℝ²} (P : C5D3BSameSideTerminalPacket D q v1 v3 qs w u) (H : U5QAllowedAuditSupport D q v3 ({v1, qs, w} : Finset ℝ²) u) (hs : s ∈ U5BoundedAuditCenters D q v3 ({v1, qs, w} : Finset ℝ²) u H.a0 H.a1) (ht : t ∈ U5BoundedAuditCenters D q v3 ({v1, qs, w} : Finset ℝ²) u H.a0 H.a1) (hsrow : s ∈ ({w, H.a0, H.a1} : Finset ℝ²)) (htrow : t ∈ ({w, H.a0, H.a1} : Finset ℝ²)) (hst : s ≠ t) (hstwo : (((H.selected_classes s hs).1) ∩ (({q, w, H.a0, H.a1} : Finset ℝ²).erase s)).card = 2) (htfull : ((H.selected_classes t ht).1 ∩ (({q, w, H.a0, H.a1} : Finset ℝ²).erase t)) = (({q, w, H.a0, H.a1} : Finset ℝ²).erase t)) (hr : r ∈ (((H.selected_classes s hs).1 ∩ (H.selected_classes t ht).1) ∩ ({v3, v1, qs, u} : Finset ℝ²))) (hsw : s = w) : ∃ a b : ℝ², a ∈ (({q, w, H.a0, H.a1} : Finset ℝ²).erase s) ∩ (({q, w, H.a0, H.a1} : Finset ℝ²).erase t) ∧ a ∈ (H.selected_classes s hs).1 ∧ a ∈ (H.selected_classes t ht).1 ∧ b ≠ r ∧ b ∈ (H.selected_classes s hs).1 ∩ ({v3, v1, qs, u} : Finset ℝ²) ∧ b ∉ (H.selected_classes t ht).1 ∧ (H.selected_classes s hs).1 = ({t, a} : Finset ℝ²) ∪ ({r, b} : Finset ℝ²) ∧ (a = q → ((({b, r} : Finset ℝ²) = ({v1, qs} : Finset ℝ²) ∧ inner ℝ (s - q) (v1 - qs) = 0) ∨ (({b, r} : Finset ℝ²) = ({v1, u} : Finset ℝ²) ∧ inner ℝ (s - q) (v1 - u) = 0) ∨ (({b, r} : Finset ℝ²) = ({qs, u} : Finset ℝ²) ∧ inner ℝ (s - q) (qs - u) = 0)))
Problem97.C5D3B.qAllowedSelected_two_full_common_two_side_w_anchor_tail_label_cases	lean/RVOL/P97/C5D3BPacket.lean	16986	source-proved	theorem qAllowedSelected_two_full_common_two_side_w_anchor_tail_label_cases {D : CounterexampleData} {q v1 v3 qs w u s t r : ℝ²} (P : C5D3BSameSideTerminalPacket D q v1 v3 qs w u) (H : U5QAllowedAuditSupport D q v3 ({v1, qs, w} : Finset ℝ²) u) (hs : s ∈ U5BoundedAuditCenters D q v3 ({v1, qs, w} : Finset ℝ²) u H.a0 H.a1) (ht : t ∈ U5BoundedAuditCenters D q v3 ({v1, qs, w} : Finset ℝ²) u H.a0 H.a1) (hsrow : s ∈ ({w, H.a0, H.a1} : Finset ℝ²)) (htrow : t ∈ ({w, H.a0, H.a1} : Finset ℝ²)) (hst : s ≠ t) (hstwo : (((H.selected_classes s hs).1) ∩ (({q, w, H.a0, H.a1} : Finset ℝ²).erase s)).card = 2) (htfull : ((H.selected_classes t ht).1 ∩ (({q, w, H.a0, H.a1} : Finset ℝ²).erase t)) = (({q, w, H.a0, H.a1} : Finset ℝ²).erase t)) (hr : r ∈ (((H.selected_classes s hs).1 ∩ (H.selected_classes t ht).1) ∩ ({v3, v1, qs, u} : Finset ℝ²))) (hsw : s = w) : ∃ a b : ℝ², a ∈ (({q, w, H.a0, H.a1} : Finset ℝ²).erase s) ∩ (({q, w, H.a0, H.a1} : Finset ℝ²).erase t) ∧ a ∈ (H.selected_classes s hs).1 ∧ a ∈ (H.selected_classes t ht).1 ∧ b ≠ r ∧ b ∈ (H.selected_classes s hs).1 ∩ ({v3, v1, qs, u} : Finset ℝ²) ∧ b ∉ (H.selected_classes t ht).1 ∧ (H.selected_classes s hs).1 = ({t, a} : Finset ℝ²) ∪ ({r, b} : Finset ℝ²) ∧ ((t = H.a0 ∧ (a = q ∨ a = H.a1)) ∨ (t = H.a1 ∧ (a = q ∨ a = H.a0))) ∧ (a = q → ((({b, r} : Finset ℝ²) = ({v1, qs} : Finset ℝ²) ∧ inner ℝ (s - q) (v1 - qs) = 0) ∨ (({b, r} : Finset ℝ²) = ({v1, u} : Finset ℝ²) ∧ inner ℝ (s - q) (v1 - u) = 0) ∨ (({b, r} : Finset ℝ²) = ({qs, u} : Finset ℝ²) ∧ inner ℝ (s - q) (qs - u) = 0)))
Problem97.C5D3B.qAllowedSelected_two_full_common_two_side_w_anchor_tail_radius_cases	lean/RVOL/P97/C5D3BPacket.lean	17271	source-proved	theorem qAllowedSelected_two_full_common_two_side_w_anchor_tail_radius_cases {D : CounterexampleData} {q v1 v3 qs w u s t r : ℝ²} (P : C5D3BSameSideTerminalPacket D q v1 v3 qs w u) (H : U5QAllowedAuditSupport D q v3 ({v1, qs, w} : Finset ℝ²) u) (hs : s ∈ U5BoundedAuditCenters D q v3 ({v1, qs, w} : Finset ℝ²) u H.a0 H.a1) (ht : t ∈ U5BoundedAuditCenters D q v3 ({v1, qs, w} : Finset ℝ²) u H.a0 H.a1) (hsrow : s ∈ ({w, H.a0, H.a1} : Finset ℝ²)) (htrow : t ∈ ({w, H.a0, H.a1} : Finset ℝ²)) (hst : s ≠ t) (hstwo : (((H.selected_classes s hs).1) ∩ (({q, w, H.a0, H.a1} : Finset ℝ²).erase s)).card = 2) (htfull : ((H.selected_classes t ht).1 ∩ (({q, w, H.a0, H.a1} : Finset ℝ²).erase t)) = (({q, w, H.a0, H.a1} : Finset ℝ²).erase t)) (hr : r ∈ (((H.selected_classes s hs).1 ∩ (H.selected_classes t ht).1) ∩ ({v3, v1, qs, u} : Finset ℝ²))) (hsw : s = w) : ∃ a b : ℝ², a ∈ (({q, w, H.a0, H.a1} : Finset ℝ²).erase s) ∩ (({q, w, H.a0, H.a1} : Finset ℝ²).erase t) ∧ a ∈ (H.selected_classes s hs).1 ∧ a ∈ (H.selected_classes t ht).1 ∧ b ≠ r ∧ b ∈ (H.selected_classes s hs).1 ∩ ({v3, v1, qs, u} : Finset ℝ²) ∧ b ∉ (H.selected_classes t ht).1 ∧ (H.selected_classes s hs).1 = ({t, a} : Finset ℝ²) ∪ ({r, b} : Finset ℝ²) ∧ ((t = H.a0 ∧ a = q ∧ ((({b, r} : Finset ℝ²) = ({v1, qs} : Finset ℝ²) ∧ inner ℝ (s - q) (v1 - qs) = 0) ∨ (({b, r} : Finset ℝ²) = ({v1, u} : Finset ℝ²) ∧ inner ℝ (s - q) (v1 - u) = 0) ∨ (({b, r} : Finset ℝ²) = ({qs, u} : Finset ℝ²) ∧ inner ℝ (s - q) (qs - u) = 0))) ∨ (t = H.a0 ∧ a = H.a1 ∧ dist w H.a0 = dist w H.a1 ∧ dist H.a0 q = dist H.a0 H.a1) ∨ (t = H.a1 ∧ a = q ∧ ((({b, r} : Finset ℝ²) = ({v1, qs} : Finset ℝ²) ∧ inner ℝ (s - q) (v1 - qs) = 0) ∨ (({b, r} : Finset ℝ²) = ({v1, u} : Finset ℝ²) ∧ inner ℝ (s - q) (v1 - u) = 0) ∨ (({b, r} : Finset ℝ²) = ({qs, u} : Finset ℝ²) ∧ inner ℝ (s - q) (qs - u) = 0))) ∨ (t = H.a1 ∧ a = H.a0 ∧ dist w H.a1 = dist w H.a0 ∧ dist H.a1 q = dist H.a1 H.a0))
Problem97.C5D3B.qAllowedSelected_two_full_common_two_side_w_private_w_radius_label_cases	lean/RVOL/P97/C5D3BPacket.lean	17471	source-proved	theorem qAllowedSelected_two_full_common_two_side_w_private_w_radius_label_cases {D : CounterexampleData} {q v1 v3 qs w u s t r : ℝ²} (P : C5D3BSameSideTerminalPacket D q v1 v3 qs w u) (H : U5QAllowedAuditSupport D q v3 ({v1, qs, w} : Finset ℝ²) u) (hs : s ∈ U5BoundedAuditCenters D q v3 ({v1, qs, w} : Finset ℝ²) u H.a0 H.a1) (ht : t ∈ U5BoundedAuditCenters D q v3 ({v1, qs, w} : Finset ℝ²) u H.a0 H.a1) (hsrow : s ∈ ({w, H.a0, H.a1} : Finset ℝ²)) (htrow : t ∈ ({w, H.a0, H.a1} : Finset ℝ²)) (hst : s ≠ t) (hstwo : (((H.selected_classes s hs).1) ∩ (({q, w, H.a0, H.a1} : Finset ℝ²).erase s)).card = 2) (htfull : ((H.selected_classes t ht).1 ∩ (({q, w, H.a0, H.a1} : Finset ℝ²).erase t)) = (({q, w, H.a0, H.a1} : Finset ℝ²).erase t)) (hr : r ∈ (((H.selected_classes s hs).1 ∩ (H.selected_classes t ht).1) ∩ ({v3, v1, qs, u} : Finset ℝ²))) (hsw : s = w) : ∃ b : ℝ², b ∈ (H.selected_classes s hs).1 ∩ ({v3, v1, qs, u} : Finset ℝ²) ∧ b ∉ (H.selected_classes t ht).1 ∧ b ≠ t ∧ ((H.selected_classes s hs).1 \\ (H.selected_classes t ht).1) = ({t, b} : Finset ℝ²) ∧ ((t = H.a0 ∧ dist w b = dist w H.a0) ∨ (t = H.a1 ∧ dist w b = dist w H.a1))
Problem97.C5D3B.rowCircle_pair_no_v3_point_label_cases	lean/RVOL/P97/C5D3BPacket.lean	17555	source-proved	theorem rowCircle_pair_no_v3_point_label_cases {v3 v1 qs u b r : ℝ²} (hb : b ∈ ({v3, v1, qs, u} : Finset ℝ²)) (hr : r ∈ ({v3, v1, qs, u} : Finset ℝ²)) (hv3 : v3 ∉ ({r, b} : Finset ℝ²)) : (r = v1 ∨ r = qs ∨ r = u) ∧ (b = v1 ∨ b = qs ∨ b = u)
Problem97.C5D3B.qAllowedSelected_two_full_common_two_side_w_q_anchor_point_label_cases	lean/RVOL/P97/C5D3BPacket.lean	17576	source-proved	theorem qAllowedSelected_two_full_common_two_side_w_q_anchor_point_label_cases {D : CounterexampleData} {q v1 v3 qs w u s t r : ℝ²} (P : C5D3BSameSideTerminalPacket D q v1 v3 qs w u) (H : U5QAllowedAuditSupport D q v3 ({v1, qs, w} : Finset ℝ²) u) (hs : s ∈ U5BoundedAuditCenters D q v3 ({v1, qs, w} : Finset ℝ²) u H.a0 H.a1) (ht : t ∈ U5BoundedAuditCenters D q v3 ({v1, qs, w} : Finset ℝ²) u H.a0 H.a1) (hsrow : s ∈ ({w, H.a0, H.a1} : Finset ℝ²)) (htrow : t ∈ ({w, H.a0, H.a1} : Finset ℝ²)) (hst : s ≠ t) (hstwo : (((H.selected_classes s hs).1) ∩ (({q, w, H.a0, H.a1} : Finset ℝ²).erase s)).card = 2) (htfull : ((H.selected_classes t ht).1 ∩ (({q, w, H.a0, H.a1} : Finset ℝ²).erase t)) = (({q, w, H.a0, H.a1} : Finset ℝ²).erase t)) (hr : r ∈ (((H.selected_classes s hs).1 ∩ (H.selected_classes t ht).1) ∩ ({v3, v1, qs, u} : Finset ℝ²))) (hsw : s = w) : ∃ a b : ℝ², a ∈ (({q, w, H.a0, H.a1} : Finset ℝ²).erase s) ∩ (({q, w, H.a0, H.a1} : Finset ℝ²).erase t) ∧ a ∈ (H.selected_classes s hs).1 ∧ a ∈ (H.selected_classes t ht).1 ∧ b ≠ r ∧ b ∈ (H.selected_classes s hs).1 ∩ ({v3, v1, qs, u} : Finset ℝ²) ∧ b ∉ (H.selected_classes t ht).1 ∧ (H.selected_classes s hs).1 = ({t, a} : Finset ℝ²) ∪ ({r, b} : Finset ℝ²) ∧ ((t = H.a0 ∧ (a = q ∨ a = H.a1)) ∨ (t = H.a1 ∧ (a = q ∨ a = H.a0))) ∧ (a = q → (r = v1 ∨ r = qs ∨ r = u) ∧ (b = v1 ∨ b = qs ∨ b = u))
Problem97.C5D3B.qAllowedSelected_two_full_common_two_side_w_q_anchor_point_radius_cases	lean/RVOL/P97/C5D3BPacket.lean	17642	source-proved	theorem qAllowedSelected_two_full_common_two_side_w_q_anchor_point_radius_cases {D : CounterexampleData} {q v1 v3 qs w u s t r : ℝ²} (P : C5D3BSameSideTerminalPacket D q v1 v3 qs w u) (H : U5QAllowedAuditSupport D q v3 ({v1, qs, w} : Finset ℝ²) u) (hs : s ∈ U5BoundedAuditCenters D q v3 ({v1, qs, w} : Finset ℝ²) u H.a0 H.a1) (ht : t ∈ U5BoundedAuditCenters D q v3 ({v1, qs, w} : Finset ℝ²) u H.a0 H.a1) (hsrow : s ∈ ({w, H.a0, H.a1} : Finset ℝ²)) (htrow : t ∈ ({w, H.a0, H.a1} : Finset ℝ²)) (hst : s ≠ t) (hstwo : (((H.selected_classes s hs).1) ∩ (({q, w, H.a0, H.a1} : Finset ℝ²).erase s)).card = 2) (htfull : ((H.selected_classes t ht).1 ∩ (({q, w, H.a0, H.a1} : Finset ℝ²).erase t)) = (({q, w, H.a0, H.a1} : Finset ℝ²).erase t)) (hr : r ∈ (((H.selected_classes s hs).1 ∩ (H.selected_classes t ht).1) ∩ ({v3, v1, qs, u} : Finset ℝ²))) (hsw : s = w) : ∃ a b : ℝ², a ∈ (({q, w, H.a0, H.a1} : Finset ℝ²).erase s) ∩ (({q, w, H.a0, H.a1} : Finset ℝ²).erase t) ∧ a ∈ (H.selected_classes s hs).1 ∧ a ∈ (H.selected_classes t ht).1 ∧ b ≠ r ∧ b ∈ (H.selected_classes s hs).1 ∩ ({v3, v1, qs, u} : Finset ℝ²) ∧ b ∉ (H.selected_classes t ht).1 ∧ (H.selected_classes s hs).1 = ({t, a} : Finset ℝ²) ∪ ({r, b} : Finset ℝ²) ∧ (a = q → (r = v1 ∨ r = qs ∨ r = u) ∧ (b = v1 ∨ b = qs ∨ b = u) ∧ ((t = H.a0 ∧ dist H.a0 r = dist H.a0 w) ∨ (t = H.a1 ∧ dist H.a1 r = dist H.a1 w)) ∧ ((t = H.a0 ∧ dist w b = dist w H.a0) ∨ (t = H.a1 ∧ dist w b = dist w H.a1)))
Problem97.C5D3B.qAllowedSelected_two_full_common_two_side_w_q_anchor_ordered_tail_cases	lean/RVOL/P97/C5D3BPacket.lean	17851	source-proved	theorem qAllowedSelected_two_full_common_two_side_w_q_anchor_ordered_tail_cases {D : CounterexampleData} {q v1 v3 qs w u s t r : ℝ²} (P : C5D3BSameSideTerminalPacket D q v1 v3 qs w u) (H : U5QAllowedAuditSupport D q v3 ({v1, qs, w} : Finset ℝ²) u) (hs : s ∈ U5BoundedAuditCenters D q v3 ({v1, qs, w} : Finset ℝ²) u H.a0 H.a1) (ht : t ∈ U5BoundedAuditCenters D q v3 ({v1, qs, w} : Finset ℝ²) u H.a0 H.a1) (hsrow : s ∈ ({w, H.a0, H.a1} : Finset ℝ²)) (htrow : t ∈ ({w, H.a0, H.a1} : Finset ℝ²)) (hst : s ≠ t) (hstwo : (((H.selected_classes s hs).1) ∩ (({q, w, H.a0, H.a1} : Finset ℝ²).erase s)).card = 2) (htfull : ((H.selected_classes t ht).1 ∩ (({q, w, H.a0, H.a1} : Finset ℝ²).erase t)) = (({q, w, H.a0, H.a1} : Finset ℝ²).erase t)) (hr : r ∈ (((H.selected_classes s hs).1 ∩ (H.selected_classes t ht).1) ∩ ({v3, v1, qs, u} : Finset ℝ²))) (hsw : s = w) : ∃ a b : ℝ², a ∈ (({q, w, H.a0, H.a1} : Finset ℝ²).erase s) ∩ (({q, w, H.a0, H.a1} : Finset ℝ²).erase t) ∧ a ∈ (H.selected_classes s hs).1 ∧ a ∈ (H.selected_classes t ht).1 ∧ b ≠ r ∧ b ∈ (H.selected_classes s hs).1 ∩ ({v3, v1, qs, u} : Finset ℝ²) ∧ b ∉ (H.selected_classes t ht).1 ∧ (H.selected_classes s hs).1 = ({t, a} : Finset ℝ²) ∪ ({r, b} : Finset ℝ²) ∧ (a = q → (b = v1 ∧ r = qs) ∨ (b = qs ∧ r = v1) ∨ (b = v1 ∧ r = u) ∨ (b = u ∧ r = v1) ∨ (b = qs ∧ r = u) ∨ (b = u ∧ r = qs))
Problem97.C5D3B.qAllowedSelected_two_rowOffProfile_exact_pair_w_q_anchor_tail_two_scalar_cases	lean/RVOL/P97/C5D3BPacket.lean	18022	source-proved	theorem qAllowedSelected_two_rowOffProfile_exact_pair_w_q_anchor_tail_two_scalar_cases {D : CounterexampleData} {q v1 v3 qs w u s t a r : ℝ²} (P : C5D3BSameSideTerminalPacket D q v1 v3 qs w u) (H : U5QAllowedAuditSupport D q v3 ({v1, qs, w} : Finset ℝ²) u) (hs : s ∈ U5BoundedAuditCenters D q v3 ({v1, qs, w} : Finset ℝ²) u H.a0 H.a1) (ht : t ∈ U5BoundedAuditCenters D q v3 ({v1, qs, w} : Finset ℝ²) u H.a0 H.a1) (hsrow : s ∈ ({w, H.a0, H.a1} : Finset ℝ²)) (hstwo : (((H.selected_classes s hs).1) ∩ (({q, w, H.a0, H.a1} : Finset ℝ²).erase s)).card = 2) (haA : a ∈ ({q, w, H.a0, H.a1} : Finset ℝ²)) (hsProfile : ((H.selected_classes s hs).1 ∩ (({q, w, H.a0, H.a1} : Finset ℝ²).erase s)) = ({t, a} : Finset ℝ²)) (hInter : (H.selected_classes s hs).1 ∩ (H.selected_classes t ht).1 = ({a, r} : Finset ℝ²)) (hr : r ∈ (((H.selected_classes s hs).1 ∩ (H.selected_classes t ht).1) ∩ ({v3, v1, qs, u} : Finset ℝ²))) (hsw : s = w) (haq : a = q) : ∃ b : ℝ², b ≠ r ∧ (H.selected_classes s hs).1 = ({t, a, r, b} : Finset ℝ²) ∧ t ∈ (({q, w, H.a0, H.a1} : Finset ℝ²).erase s) ∧ a ∈ (({q, w, H.a0, H.a1} : Finset ℝ²).erase s) ∩ (({q, w, H.a0, H.a1} : Finset ℝ²).erase t) ∧ r ∈ ({v3, v1, qs, u} : Finset ℝ²) ∧ b ∈ ({v3, v1, qs, u} : Finset ℝ²) ∧ t ∉ ({v3, v1, qs, u} : Finset ℝ²) ∧ a ∉ ({v3, v1, qs, u} : Finset ℝ²) ∧ dist s t = dist s a ∧ dist s t = dist s r ∧ dist s t = dist s b ∧ dist t a = dist t r ∧ dist s b = dist s r ∧ dist q b = dist q r ∧ (t = H.a0 ∨ t = H.a1) ∧ v3 ∉ ({r, b} : Finset ℝ²) ∧ ((({b, r} : Finset ℝ²) = ({v1, u} : Finset ℝ²) ∧ inner ℝ (s - q) (v1 - u) = 0) ∨ (({b, r} : Finset ℝ²) = ({qs, u} : Finset ℝ²) ∧ inner ℝ (s - q) (qs - u) = 0))
Problem97.C5D3B.qAllowedSelected_two_rowOffProfile_exact_pair_w_q_anchor_tail_ordered_scalar_cases	lean/RVOL/P97/C5D3BPacket.lean	18107	source-proved	theorem qAllowedSelected_two_rowOffProfile_exact_pair_w_q_anchor_tail_ordered_scalar_cases {D : CounterexampleData} {q v1 v3 qs w u s t a r : ℝ²} (P : C5D3BSameSideTerminalPacket D q v1 v3 qs w u) (H : U5QAllowedAuditSupport D q v3 ({v1, qs, w} : Finset ℝ²) u) (hs : s ∈ U5BoundedAuditCenters D q v3 ({v1, qs, w} : Finset ℝ²) u H.a0 H.a1) (ht : t ∈ U5BoundedAuditCenters D q v3 ({v1, qs, w} : Finset ℝ²) u H.a0 H.a1) (hsrow : s ∈ ({w, H.a0, H.a1} : Finset ℝ²)) (hstwo : (((H.selected_classes s hs).1) ∩ (({q, w, H.a0, H.a1} : Finset ℝ²).erase s)).card = 2) (haA : a ∈ ({q, w, H.a0, H.a1} : Finset ℝ²)) (hsProfile : ((H.selected_classes s hs).1 ∩ (({q, w, H.a0, H.a1} : Finset ℝ²).erase s)) = ({t, a} : Finset ℝ²)) (hInter : (H.selected_classes s hs).1 ∩ (H.selected_classes t ht).1 = ({a, r} : Finset ℝ²)) (hr : r ∈ (((H.selected_classes s hs).1 ∩ (H.selected_classes t ht).1) ∩ ({v3, v1, qs, u} : Finset ℝ²))) (hsw : s = w) (haq : a = q) : ∃ b : ℝ², b ≠ r ∧ (H.selected_classes s hs).1 = ({t, a, r, b} : Finset ℝ²) ∧ t ∈ (({q, w, H.a0, H.a1} : Finset ℝ²).erase s) ∧ a ∈ (({q, w, H.a0, H.a1} : Finset ℝ²).erase s) ∩ (({q, w, H.a0, H.a1} : Finset ℝ²).erase t) ∧ r ∈ ({v3, v1, qs, u} : Finset ℝ²) ∧ b ∈ ({v3, v1, qs, u} : Finset ℝ²) ∧ t ∉ ({v3, v1, qs, u} : Finset ℝ²) ∧ a ∉ ({v3, v1, qs, u} : Finset ℝ²) ∧ dist s t = dist s a ∧ dist s t = dist s r ∧ dist s t = dist s b ∧ dist t a = dist t r ∧ dist s b = dist s r ∧ dist q b = dist q r ∧ (t = H.a0 ∨ t = H.a1) ∧ v3 ∉ ({r, b} : Finset ℝ²) ∧ (((b = v1 ∧ r = u) ∧ inner ℝ (s - q) (v1 - u) = 0) ∨ ((b = u ∧ r = v1) ∧ inner ℝ (s - q) (v1 - u) = 0) ∨ ((b = qs ∧ r = u) ∧ inner ℝ (s - q) (qs - u) = 0) ∨ ((b = u ∧ r = qs) ∧ inner ℝ (s - q) (qs - u) = 0))
Problem97.C5D3B.qAllowedSelected_two_rowOffProfile_exact_pair_w_q_anchor_tail_ordered_metric_cases	lean/RVOL/P97/C5D3BPacket.lean	18199	source-proved	theorem qAllowedSelected_two_rowOffProfile_exact_pair_w_q_anchor_tail_ordered_metric_cases {D : CounterexampleData} {q v1 v3 qs w u s t a r : ℝ²} (P : C5D3BSameSideTerminalPacket D q v1 v3 qs w u) (H : U5QAllowedAuditSupport D q v3 ({v1, qs, w} : Finset ℝ²) u) (hs : s ∈ U5BoundedAuditCenters D q v3 ({v1, qs, w} : Finset ℝ²) u H.a0 H.a1) (ht : t ∈ U5BoundedAuditCenters D q v3 ({v1, qs, w} : Finset ℝ²) u H.a0 H.a1) (hsrow : s ∈ ({w, H.a0, H.a1} : Finset ℝ²)) (hstwo : (((H.selected_classes s hs).1) ∩ (({q, w, H.a0, H.a1} : Finset ℝ²).erase s)).card = 2) (haA : a ∈ ({q, w, H.a0, H.a1} : Finset ℝ²)) (hsProfile : ((H.selected_classes s hs).1 ∩ (({q, w, H.a0, H.a1} : Finset ℝ²).erase s)) = ({t, a} : Finset ℝ²)) (hInter : (H.selected_classes s hs).1 ∩ (H.selected_classes t ht).1 = ({a, r} : Finset ℝ²)) (hr : r ∈ (((H.selected_classes s hs).1 ∩ (H.selected_classes t ht).1) ∩ ({v3, v1, qs, u} : Finset ℝ²))) (hsw : s = w) (haq : a = q) : ∃ b : ℝ², b ≠ r ∧ (H.selected_classes s hs).1 = ({t, a, r, b} : Finset ℝ²) ∧ t ∈ (({q, w, H.a0, H.a1} : Finset ℝ²).erase s) ∧ a ∈ (({q, w, H.a0, H.a1} : Finset ℝ²).erase s) ∩ (({q, w, H.a0, H.a1} : Finset ℝ²).erase t) ∧ r ∈ ({v3, v1, qs, u} : Finset ℝ²) ∧ b ∈ ({v3, v1, qs, u} : Finset ℝ²) ∧ t ∉ ({v3, v1, qs, u} : Finset ℝ²) ∧ a ∉ ({v3, v1, qs, u} : Finset ℝ²) ∧ dist s t = dist s a ∧ dist s t = dist s r ∧ dist s t = dist s b ∧ dist t a = dist t r ∧ dist s b = dist s r ∧ dist q b = dist q r ∧ (t = H.a0 ∨ t = H.a1) ∧ v3 ∉ ({r, b} : Finset ℝ²) ∧ (((b = v1 ∧ r = u) ∧ dist w t = dist w q ∧ dist w t = dist w u ∧ dist w t = dist w v1 ∧ dist t q = dist t u ∧ dist w v1 = dist w u ∧ dist q v1 = dist q u ∧ inner ℝ (w - q) (v1 - u) = 0) ∨ ((b = u ∧ r = v1) ∧ dist w t = dist w q ∧ dist w t = dist w v1 ∧ dist w t = dist w u ∧ dist t q = dist t v1 ∧ dist w u = dist w v1 ∧ dist q u = dist q v1 ∧ inner ℝ (w - q) (v1 - u) = 0) ∨ ((b = qs ∧ r = u) ∧ dist w t = dist w q ∧ dist w t = dist w u ∧ dist w t = dist w qs ∧ dist t q = dist t u ∧ dist w qs = dist w u ∧ dist q qs = dist q u ∧ inner ℝ (w - q) (qs - u) = 0) ∨ ((b = u ∧ r = qs) ∧ dist w t = dist w q ∧ dist w t = dist w qs ∧ dist w t = dist w u ∧ dist t q = dist t qs ∧ dist w u = dist w qs ∧ dist q u = dist q qs ∧ inner ℝ (w - q) (qs - u) = 0))
Problem97.C5D3B.qAllowedSelected_two_rowOffProfile_exact_pair_w_q_anchor_tail_crossing_radius_cases	lean/RVOL/P97/C5D3BPacket.lean	18393	source-proved	theorem qAllowedSelected_two_rowOffProfile_exact_pair_w_q_anchor_tail_crossing_radius_cases {D : CounterexampleData} {q v1 v3 qs w u s t a r : ℝ²} (P : C5D3BSameSideTerminalPacket D q v1 v3 qs w u) (H : U5QAllowedAuditSupport D q v3 ({v1, qs, w} : Finset ℝ²) u) (hs : s ∈ U5BoundedAuditCenters D q v3 ({v1, qs, w} : Finset ℝ²) u H.a0 H.a1) (ht : t ∈ U5BoundedAuditCenters D q v3 ({v1, qs, w} : Finset ℝ²) u H.a0 H.a1) (hsrow : s ∈ ({w, H.a0, H.a1} : Finset ℝ²)) (hstwo : (((H.selected_classes s hs).1) ∩ (({q, w, H.a0, H.a1} : Finset ℝ²).erase s)).card = 2) (haA : a ∈ ({q, w, H.a0, H.a1} : Finset ℝ²)) (hsProfile : ((H.selected_classes s hs).1 ∩ (({q, w, H.a0, H.a1} : Finset ℝ²).erase s)) = ({t, a} : Finset ℝ²)) (hInter : (H.selected_classes s hs).1 ∩ (H.selected_classes t ht).1 = ({a, r} : Finset ℝ²)) (hr : r ∈ (((H.selected_classes s hs).1 ∩ (H.selected_classes t ht).1) ∩ ({v3, v1, qs, u} : Finset ℝ²))) (hsw : s = w) (haq : a = q) : ∃ b : ℝ², b ≠ r ∧ (H.selected_classes s hs).1 = ({t, a, r, b} : Finset ℝ²) ∧ t ∈ (({q, w, H.a0, H.a1} : Finset ℝ²).erase s) ∧ a ∈ (({q, w, H.a0, H.a1} : Finset ℝ²).erase s) ∩ (({q, w, H.a0, H.a1} : Finset ℝ²).erase t) ∧ r ∈ ({v3, v1, qs, u} : Finset ℝ²) ∧ b ∈ ({v3, v1, qs, u} : Finset ℝ²) ∧ t ∉ ({v3, v1, qs, u} : Finset ℝ²) ∧ a ∉ ({v3, v1, qs, u} : Finset ℝ²) ∧ dist s t = dist s a ∧ dist s t = dist s r ∧ dist s t = dist s b ∧ dist t a = dist t r ∧ dist s b = dist s r ∧ dist q b = dist q r ∧ (t = H.a0 ∨ t = H.a1) ∧ v3 ∉ ({r, b} : Finset ℝ²) ∧ dist w u = dist w q ∧ (((b = v1 ∧ r = u) ∨ (b = u ∧ r = v1)) ∧ dist w v1 = dist w q ∧ inner ℝ (w - q) (v1 - u) = 0 ∨ ((b = qs ∧ r = u) ∨ (b = u ∧ r = qs)) ∧ dist w qs = dist w q ∧ inner ℝ (w - q) (qs - u) = 0)
Problem97.C5D3B.qAllowedSelected_two_full_common_two_side_w_q_anchor_tail_four_cases	lean/RVOL/P97/C5D3BPacket.lean	18489	source-proved	theorem qAllowedSelected_two_full_common_two_side_w_q_anchor_tail_four_cases {D : CounterexampleData} {q v1 v3 qs w u s t r : ℝ²} (P : C5D3BSameSideTerminalPacket D q v1 v3 qs w u) (H : U5QAllowedAuditSupport D q v3 ({v1, qs, w} : Finset ℝ²) u) (hs : s ∈ U5BoundedAuditCenters D q v3 ({v1, qs, w} : Finset ℝ²) u H.a0 H.a1) (ht : t ∈ U5BoundedAuditCenters D q v3 ({v1, qs, w} : Finset ℝ²) u H.a0 H.a1) (hsrow : s ∈ ({w, H.a0, H.a1} : Finset ℝ²)) (htrow : t ∈ ({w, H.a0, H.a1} : Finset ℝ²)) (hst : s ≠ t) (hstwo : (((H.selected_classes s hs).1) ∩ (({q, w, H.a0, H.a1} : Finset ℝ²).erase s)).card = 2) (htfull : ((H.selected_classes t ht).1 ∩ (({q, w, H.a0, H.a1} : Finset ℝ²).erase t)) = (({q, w, H.a0, H.a1} : Finset ℝ²).erase t)) (hr : r ∈ (((H.selected_classes s hs).1 ∩ (H.selected_classes t ht).1) ∩ ({v3, v1, qs, u} : Finset ℝ²))) (hsw : s = w) : ∃ a b : ℝ², a ∈ (({q, w, H.a0, H.a1} : Finset ℝ²).erase s) ∩ (({q, w, H.a0, H.a1} : Finset ℝ²).erase t) ∧ a ∈ (H.selected_classes s hs).1 ∧ a ∈ (H.selected_classes t ht).1 ∧ b ≠ r ∧ b ∈ (H.selected_classes s hs).1 ∩ ({v3, v1, qs, u} : Finset ℝ²) ∧ b ∉ (H.selected_classes t ht).1 ∧ (H.selected_classes s hs).1 = ({t, a} : Finset ℝ²) ∪ ({r, b} : Finset ℝ²) ∧ (a = q → (b = v1 ∧ r = u) ∨ (b = u ∧ r = v1) ∨ (b = qs ∧ r = u) ∨ (b = u ∧ r = qs))
Problem97.C5D3B.qAllowedSelected_two_full_common_two_side_w_q_anchor_tail_radius_four_cases	lean/RVOL/P97/C5D3BPacket.lean	18552	source-proved	theorem qAllowedSelected_two_full_common_two_side_w_q_anchor_tail_radius_four_cases {D : CounterexampleData} {q v1 v3 qs w u s t r : ℝ²} (P : C5D3BSameSideTerminalPacket D q v1 v3 qs w u) (H : U5QAllowedAuditSupport D q v3 ({v1, qs, w} : Finset ℝ²) u) (hs : s ∈ U5BoundedAuditCenters D q v3 ({v1, qs, w} : Finset ℝ²) u H.a0 H.a1) (ht : t ∈ U5BoundedAuditCenters D q v3 ({v1, qs, w} : Finset ℝ²) u H.a0 H.a1) (hsrow : s ∈ ({w, H.a0, H.a1} : Finset ℝ²)) (htrow : t ∈ ({w, H.a0, H.a1} : Finset ℝ²)) (hst : s ≠ t) (hstwo : (((H.selected_classes s hs).1) ∩ (({q, w, H.a0, H.a1} : Finset ℝ²).erase s)).card = 2) (htfull : ((H.selected_classes t ht).1 ∩ (({q, w, H.a0, H.a1} : Finset ℝ²).erase t)) = (({q, w, H.a0, H.a1} : Finset ℝ²).erase t)) (hr : r ∈ (((H.selected_classes s hs).1 ∩ (H.selected_classes t ht).1) ∩ ({v3, v1, qs, u} : Finset ℝ²))) (hsw : s = w) : ∃ a b : ℝ², a ∈ (({q, w, H.a0, H.a1} : Finset ℝ²).erase s) ∩ (({q, w, H.a0, H.a1} : Finset ℝ²).erase t) ∧ a ∈ (H.selected_classes s hs).1 ∧ a ∈ (H.selected_classes t ht).1 ∧ b ≠ r ∧ b ∈ (H.selected_classes s hs).1 ∩ ({v3, v1, qs, u} : Finset ℝ²) ∧ b ∉ (H.selected_classes t ht).1 ∧ (H.selected_classes s hs).1 = ({t, a} : Finset ℝ²) ∪ ({r, b} : Finset ℝ²) ∧ (a = q → ((b = v1 ∧ r = u) ∨ (b = u ∧ r = v1) ∨ (b = qs ∧ r = u) ∨ (b = u ∧ r = qs)) ∧ ((t = H.a0 ∧ dist H.a0 r = dist H.a0 w) ∨ (t = H.a1 ∧ dist H.a1 r = dist H.a1 w)) ∧ ((t = H.a0 ∧ dist w b = dist w H.a0) ∨ (t = H.a1 ∧ dist w b = dist w H.a1)))
Problem97.C5D3B.qAllowedSelected_two_full_common_two_side_w_q_anchor_tail_radius_two_cases	lean/RVOL/P97/C5D3BPacket.lean	18691	source-proved	theorem qAllowedSelected_two_full_common_two_side_w_q_anchor_tail_radius_two_cases {D : CounterexampleData} {q v1 v3 qs w u s t r : ℝ²} (P : C5D3BSameSideTerminalPacket D q v1 v3 qs w u) (H : U5QAllowedAuditSupport D q v3 ({v1, qs, w} : Finset ℝ²) u) (hs : s ∈ U5BoundedAuditCenters D q v3 ({v1, qs, w} : Finset ℝ²) u H.a0 H.a1) (ht : t ∈ U5BoundedAuditCenters D q v3 ({v1, qs, w} : Finset ℝ²) u H.a0 H.a1) (hsrow : s ∈ ({w, H.a0, H.a1} : Finset ℝ²)) (htrow : t ∈ ({w, H.a0, H.a1} : Finset ℝ²)) (hst : s ≠ t) (hstwo : (((H.selected_classes s hs).1) ∩ (({q, w, H.a0, H.a1} : Finset ℝ²).erase s)).card = 2) (htfull : ((H.selected_classes t ht).1 ∩ (({q, w, H.a0, H.a1} : Finset ℝ²).erase t)) = (({q, w, H.a0, H.a1} : Finset ℝ²).erase t)) (hr : r ∈ (((H.selected_classes s hs).1 ∩ (H.selected_classes t ht).1) ∩ ({v3, v1, qs, u} : Finset ℝ²))) (hsw : s = w) : ∃ a b : ℝ², a ∈ (({q, w, H.a0, H.a1} : Finset ℝ²).erase s) ∩ (({q, w, H.a0, H.a1} : Finset ℝ²).erase t) ∧ a ∈ (H.selected_classes s hs).1 ∧ a ∈ (H.selected_classes t ht).1 ∧ b ≠ r ∧ b ∈ (H.selected_classes s hs).1 ∩ ({v3, v1, qs, u} : Finset ℝ²) ∧ b ∉ (H.selected_classes t ht).1 ∧ (H.selected_classes s hs).1 = ({t, a} : Finset ℝ²) ∪ ({r, b} : Finset ℝ²) ∧ (a = q → ((b = v1 ∧ r = u) ∨ (b = qs ∧ r = u)) ∧ ((t = H.a0 ∧ dist H.a0 r = dist H.a0 w) ∨ (t = H.a1 ∧ dist H.a1 r = dist H.a1 w)) ∧ ((t = H.a0 ∧ dist w b = dist w H.a0) ∨ (t = H.a1 ∧ dist w b = dist w H.a1)))
Problem97.C5D3B.qAllowedSelected_two_full_common_two_side_w_anchor_tail_radius_reduced_cases	lean/RVOL/P97/C5D3BPacket.lean	18767	source-proved	theorem qAllowedSelected_two_full_common_two_side_w_anchor_tail_radius_reduced_cases {D : CounterexampleData} {q v1 v3 qs w u s t r : ℝ²} (P : C5D3BSameSideTerminalPacket D q v1 v3 qs w u) (H : U5QAllowedAuditSupport D q v3 ({v1, qs, w} : Finset ℝ²) u) (hs : s ∈ U5BoundedAuditCenters D q v3 ({v1, qs, w} : Finset ℝ²) u H.a0 H.a1) (ht : t ∈ U5BoundedAuditCenters D q v3 ({v1, qs, w} : Finset ℝ²) u H.a0 H.a1) (hsrow : s ∈ ({w, H.a0, H.a1} : Finset ℝ²)) (htrow : t ∈ ({w, H.a0, H.a1} : Finset ℝ²)) (hst : s ≠ t) (hstwo : (((H.selected_classes s hs).1) ∩ (({q, w, H.a0, H.a1} : Finset ℝ²).erase s)).card = 2) (htfull : ((H.selected_classes t ht).1 ∩ (({q, w, H.a0, H.a1} : Finset ℝ²).erase t)) = (({q, w, H.a0, H.a1} : Finset ℝ²).erase t)) (hr : r ∈ (((H.selected_classes s hs).1 ∩ (H.selected_classes t ht).1) ∩ ({v3, v1, qs, u} : Finset ℝ²))) (hsw : s = w) : ∃ a b : ℝ², a ∈ (({q, w, H.a0, H.a1} : Finset ℝ²).erase s) ∩ (({q, w, H.a0, H.a1} : Finset ℝ²).erase t) ∧ a ∈ (H.selected_classes s hs).1 ∧ a ∈ (H.selected_classes t ht).1 ∧ b ≠ r ∧ b ∈ (H.selected_classes s hs).1 ∩ ({v3, v1, qs, u} : Finset ℝ²) ∧ b ∉ (H.selected_classes t ht).1 ∧ (H.selected_classes s hs).1 = ({t, a} : Finset ℝ²) ∪ ({r, b} : Finset ℝ²) ∧ ((t = H.a0 ∧ a = q ∧ ((b = v1 ∧ r = u) ∨ (b = qs ∧ r = u)) ∧ dist H.a0 u = dist H.a0 w ∧ ((dist w b = dist w H.a0))) ∨ (t = H.a0 ∧ a = H.a1 ∧ dist w H.a0 = dist w H.a1 ∧ dist H.a0 q = dist H.a0 H.a1) ∨ (t = H.a1 ∧ a = q ∧ ((b = v1 ∧ r = u) ∨ (b = qs ∧ r = u)) ∧ dist H.a1 u = dist H.a1 w ∧ ((dist w b = dist w H.a1))) ∨ (t = H.a1 ∧ a = H.a0 ∧ dist w H.a1 = dist w H.a0 ∧ dist H.a1 q = dist H.a1 H.a0))
Problem97.C5D3B.qAllowedSelected_two_full_common_two_side_w_q_anchor_class_cases	lean/RVOL/P97/C5D3BPacket.lean	18967	source-proved	theorem qAllowedSelected_two_full_common_two_side_w_q_anchor_class_cases {D : CounterexampleData} {q v1 v3 qs w u s t r : ℝ²} (P : C5D3BSameSideTerminalPacket D q v1 v3 qs w u) (H : U5QAllowedAuditSupport D q v3 ({v1, qs, w} : Finset ℝ²) u) (hs : s ∈ U5BoundedAuditCenters D q v3 ({v1, qs, w} : Finset ℝ²) u H.a0 H.a1) (ht : t ∈ U5BoundedAuditCenters D q v3 ({v1, qs, w} : Finset ℝ²) u H.a0 H.a1) (hsrow : s ∈ ({w, H.a0, H.a1} : Finset ℝ²)) (htrow : t ∈ ({w, H.a0, H.a1} : Finset ℝ²)) (hst : s ≠ t) (hstwo : (((H.selected_classes s hs).1) ∩ (({q, w, H.a0, H.a1} : Finset ℝ²).erase s)).card = 2) (htfull : ((H.selected_classes t ht).1 ∩ (({q, w, H.a0, H.a1} : Finset ℝ²).erase t)) = (({q, w, H.a0, H.a1} : Finset ℝ²).erase t)) (hr : r ∈ (((H.selected_classes s hs).1 ∩ (H.selected_classes t ht).1) ∩ ({v3, v1, qs, u} : Finset ℝ²))) (hsw : s = w) : ∃ a b : ℝ², a ∈ (({q, w, H.a0, H.a1} : Finset ℝ²).erase s) ∩ (({q, w, H.a0, H.a1} : Finset ℝ²).erase t) ∧ a ∈ (H.selected_classes s hs).1 ∧ a ∈ (H.selected_classes t ht).1 ∧ b ≠ r ∧ b ∈ (H.selected_classes s hs).1 ∩ ({v3, v1, qs, u} : Finset ℝ²) ∧ b ∉ (H.selected_classes t ht).1 ∧ (H.selected_classes s hs).1 = ({t, a} : Finset ℝ²) ∪ ({r, b} : Finset ℝ²) ∧ (a = q → ((t = H.a0 ∧ (((H.selected_classes s hs).1 = ({u, v1, H.a0, q} : Finset ℝ²)) ∧ dist H.a0 u = dist H.a0 w ∧ dist w v1 = dist w H.a0 ∨ ((H.selected_classes s hs).1 = ({u, qs, H.a0, q} : Finset ℝ²)) ∧ dist H.a0 u = dist H.a0 w ∧ dist w qs = dist w H.a0)) ∨ (t = H.a1 ∧ (((H.selected_classes s hs).1 = ({u, v1, H.a1, q} : Finset ℝ²)) ∧ dist H.a1 u = dist H.a1 w ∧ dist w v1 = dist w H.a1 ∨ ((H.selected_classes s hs).1 = ({u, qs, H.a1, q} : Finset ℝ²)) ∧ dist H.a1 u = dist H.a1 w ∧ dist w qs = dist w H.a1))))
Problem97.C5D3B.qAllowedSelected_two_full_common_two_side_w_q_anchor_full_class_cases	lean/RVOL/P97/C5D3BPacket.lean	19233	source-proved	theorem qAllowedSelected_two_full_common_two_side_w_q_anchor_full_class_cases {D : CounterexampleData} {q v1 v3 qs w u s t r : ℝ²} (P : C5D3BSameSideTerminalPacket D q v1 v3 qs w u) (H : U5QAllowedAuditSupport D q v3 ({v1, qs, w} : Finset ℝ²) u) (hs : s ∈ U5BoundedAuditCenters D q v3 ({v1, qs, w} : Finset ℝ²) u H.a0 H.a1) (ht : t ∈ U5BoundedAuditCenters D q v3 ({v1, qs, w} : Finset ℝ²) u H.a0 H.a1) (hsrow : s ∈ ({w, H.a0, H.a1} : Finset ℝ²)) (htrow : t ∈ ({w, H.a0, H.a1} : Finset ℝ²)) (hst : s ≠ t) (hstwo : (((H.selected_classes s hs).1) ∩ (({q, w, H.a0, H.a1} : Finset ℝ²).erase s)).card = 2) (htfull : ((H.selected_classes t ht).1 ∩ (({q, w, H.a0, H.a1} : Finset ℝ²).erase t)) = (({q, w, H.a0, H.a1} : Finset ℝ²).erase t)) (hr : r ∈ (((H.selected_classes s hs).1 ∩ (H.selected_classes t ht).1) ∩ ({v3, v1, qs, u} : Finset ℝ²))) (hsw : s = w) : ∃ a b : ℝ², a ∈ (({q, w, H.a0, H.a1} : Finset ℝ²).erase s) ∩ (({q, w, H.a0, H.a1} : Finset ℝ²).erase t) ∧ a ∈ (H.selected_classes s hs).1 ∧ a ∈ (H.selected_classes t ht).1 ∧ b ≠ r ∧ b ∈ (H.selected_classes s hs).1 ∩ ({v3, v1, qs, u} : Finset ℝ²) ∧ b ∉ (H.selected_classes t ht).1 ∧ (H.selected_classes s hs).1 = ({t, a} : Finset ℝ²) ∪ ({r, b} : Finset ℝ²) ∧ (a = q → (t = H.a0 ∧ (H.selected_classes t ht).1 = ({u, H.a1, w, q} : Finset ℝ²)) ∨ (t = H.a1 ∧ (H.selected_classes t ht).1 = ({u, H.a0, w, q} : Finset ℝ²)))
Problem97.C5D3B.qAllowedSelected_two_full_common_two_side_w_q_anchor_inter_eq_pair	lean/RVOL/P97/C5D3BPacket.lean	19369	source-proved	theorem qAllowedSelected_two_full_common_two_side_w_q_anchor_inter_eq_pair {D : CounterexampleData} {q v1 v3 qs w u s t r : ℝ²} (P : C5D3BSameSideTerminalPacket D q v1 v3 qs w u) (H : U5QAllowedAuditSupport D q v3 ({v1, qs, w} : Finset ℝ²) u) (hs : s ∈ U5BoundedAuditCenters D q v3 ({v1, qs, w} : Finset ℝ²) u H.a0 H.a1) (ht : t ∈ U5BoundedAuditCenters D q v3 ({v1, qs, w} : Finset ℝ²) u H.a0 H.a1) (hsrow : s ∈ ({w, H.a0, H.a1} : Finset ℝ²)) (htrow : t ∈ ({w, H.a0, H.a1} : Finset ℝ²)) (hst : s ≠ t) (hstwo : (((H.selected_classes s hs).1) ∩ (({q, w, H.a0, H.a1} : Finset ℝ²).erase s)).card = 2) (htfull : ((H.selected_classes t ht).1 ∩ (({q, w, H.a0, H.a1} : Finset ℝ²).erase t)) = (({q, w, H.a0, H.a1} : Finset ℝ²).erase t)) (hr : r ∈ (((H.selected_classes s hs).1 ∩ (H.selected_classes t ht).1) ∩ ({v3, v1, qs, u} : Finset ℝ²))) (hsw : s = w) : ∃ a b : ℝ², a ∈ (({q, w, H.a0, H.a1} : Finset ℝ²).erase s) ∩ (({q, w, H.a0, H.a1} : Finset ℝ²).erase t) ∧ a ∈ (H.selected_classes s hs).1 ∧ a ∈ (H.selected_classes t ht).1 ∧ b ≠ r ∧ b ∈ (H.selected_classes s hs).1 ∩ ({v3, v1, qs, u} : Finset ℝ²) ∧ b ∉ (H.selected_classes t ht).1 ∧ (H.selected_classes s hs).1 = ({t, a} : Finset ℝ²) ∪ ({r, b} : Finset ℝ²) ∧ (a = q → (H.selected_classes s hs).1 ∩ (H.selected_classes t ht).1 = ({u, q} : Finset ℝ²))
Problem97.C5D3B.qAllowedSelected_two_full_common_two_side_w_q_anchor_common_eq_u	lean/RVOL/P97/C5D3BPacket.lean	19550	source-proved	theorem qAllowedSelected_two_full_common_two_side_w_q_anchor_common_eq_u {D : CounterexampleData} {q v1 v3 qs w u s t r : ℝ²} (P : C5D3BSameSideTerminalPacket D q v1 v3 qs w u) (H : U5QAllowedAuditSupport D q v3 ({v1, qs, w} : Finset ℝ²) u) (hs : s ∈ U5BoundedAuditCenters D q v3 ({v1, qs, w} : Finset ℝ²) u H.a0 H.a1) (ht : t ∈ U5BoundedAuditCenters D q v3 ({v1, qs, w} : Finset ℝ²) u H.a0 H.a1) (hsrow : s ∈ ({w, H.a0, H.a1} : Finset ℝ²)) (htrow : t ∈ ({w, H.a0, H.a1} : Finset ℝ²)) (hst : s ≠ t) (hstwo : (((H.selected_classes s hs).1) ∩ (({q, w, H.a0, H.a1} : Finset ℝ²).erase s)).card = 2) (htfull : ((H.selected_classes t ht).1 ∩ (({q, w, H.a0, H.a1} : Finset ℝ²).erase t)) = (({q, w, H.a0, H.a1} : Finset ℝ²).erase t)) (hr : r ∈ (((H.selected_classes s hs).1 ∩ (H.selected_classes t ht).1) ∩ ({v3, v1, qs, u} : Finset ℝ²))) (hsw : s = w) : ∃ a b : ℝ², a ∈ (({q, w, H.a0, H.a1} : Finset ℝ²).erase s) ∩ (({q, w, H.a0, H.a1} : Finset ℝ²).erase t) ∧ a ∈ (H.selected_classes s hs).1 ∧ a ∈ (H.selected_classes t ht).1 ∧ b ≠ r ∧ b ∈ (H.selected_classes s hs).1 ∩ ({v3, v1, qs, u} : Finset ℝ²) ∧ b ∉ (H.selected_classes t ht).1 ∧ (H.selected_classes s hs).1 = ({t, a} : Finset ℝ²) ∪ ({r, b} : Finset ℝ²) ∧ (a = q → r = u)
Problem97.C5D3B.qAllowedSelected_two_full_common_two_side_w_q_anchor_rowCircle_inter_eq_singleton	lean/RVOL/P97/C5D3BPacket.lean	19620	source-proved	theorem qAllowedSelected_two_full_common_two_side_w_q_anchor_rowCircle_inter_eq_singleton {D : CounterexampleData} {q v1 v3 qs w u s t r : ℝ²} (P : C5D3BSameSideTerminalPacket D q v1 v3 qs w u) (H : U5QAllowedAuditSupport D q v3 ({v1, qs, w} : Finset ℝ²) u) (hs : s ∈ U5BoundedAuditCenters D q v3 ({v1, qs, w} : Finset ℝ²) u H.a0 H.a1) (ht : t ∈ U5BoundedAuditCenters D q v3 ({v1, qs, w} : Finset ℝ²) u H.a0 H.a1) (hsrow : s ∈ ({w, H.a0, H.a1} : Finset ℝ²)) (htrow : t ∈ ({w, H.a0, H.a1} : Finset ℝ²)) (hst : s ≠ t) (hstwo : (((H.selected_classes s hs).1) ∩ (({q, w, H.a0, H.a1} : Finset ℝ²).erase s)).card = 2) (htfull : ((H.selected_classes t ht).1 ∩ (({q, w, H.a0, H.a1} : Finset ℝ²).erase t)) = (({q, w, H.a0, H.a1} : Finset ℝ²).erase t)) (hr : r ∈ (((H.selected_classes s hs).1 ∩ (H.selected_classes t ht).1) ∩ ({v3, v1, qs, u} : Finset ℝ²))) (hsw : s = w) : ∃ a b : ℝ², a ∈ (({q, w, H.a0, H.a1} : Finset ℝ²).erase s) ∩ (({q, w, H.a0, H.a1} : Finset ℝ²).erase t) ∧ a ∈ (H.selected_classes s hs).1 ∧ a ∈ (H.selected_classes t ht).1 ∧ b ≠ r ∧ b ∈ (H.selected_classes s hs).1 ∩ ({v3, v1, qs, u} : Finset ℝ²) ∧ b ∉ (H.selected_classes t ht).1 ∧ (H.selected_classes s hs).1 = ({t, a} : Finset ℝ²) ∪ ({r, b} : Finset ℝ²) ∧ (a = q → (((H.selected_classes s hs).1 ∩ (H.selected_classes t ht).1) ∩ ({v3, v1, qs, u} : Finset ℝ²)) = ({u} : Finset ℝ²))
Problem97.C5D3B.qAllowedSelected_two_full_common_two_side_w_q_anchor_or_aux_radius_cases	lean/RVOL/P97/C5D3BPacket.lean	19679	source-proved	theorem qAllowedSelected_two_full_common_two_side_w_q_anchor_or_aux_radius_cases {D : CounterexampleData} {q v1 v3 qs w u s t r : ℝ²} (P : C5D3BSameSideTerminalPacket D q v1 v3 qs w u) (H : U5QAllowedAuditSupport D q v3 ({v1, qs, w} : Finset ℝ²) u) (hs : s ∈ U5BoundedAuditCenters D q v3 ({v1, qs, w} : Finset ℝ²) u H.a0 H.a1) (ht : t ∈ U5BoundedAuditCenters D q v3 ({v1, qs, w} : Finset ℝ²) u H.a0 H.a1) (hsrow : s ∈ ({w, H.a0, H.a1} : Finset ℝ²)) (htrow : t ∈ ({w, H.a0, H.a1} : Finset ℝ²)) (hst : s ≠ t) (hstwo : (((H.selected_classes s hs).1) ∩ (({q, w, H.a0, H.a1} : Finset ℝ²).erase s)).card = 2) (htfull : ((H.selected_classes t ht).1 ∩ (({q, w, H.a0, H.a1} : Finset ℝ²).erase t)) = (({q, w, H.a0, H.a1} : Finset ℝ²).erase t)) (hr : r ∈ (((H.selected_classes s hs).1 ∩ (H.selected_classes t ht).1) ∩ ({v3, v1, qs, u} : Finset ℝ²))) (hsw : s = w) : ∃ a b : ℝ², a ∈ (({q, w, H.a0, H.a1} : Finset ℝ²).erase s) ∩ (({q, w, H.a0, H.a1} : Finset ℝ²).erase t) ∧ a ∈ (H.selected_classes s hs).1 ∧ a ∈ (H.selected_classes t ht).1 ∧ b ≠ r ∧ b ∈ (H.selected_classes s hs).1 ∩ ({v3, v1, qs, u} : Finset ℝ²) ∧ b ∉ (H.selected_classes t ht).1 ∧ (H.selected_classes s hs).1 = ({t, a} : Finset ℝ²) ∪ ({r, b} : Finset ℝ²) ∧ ((a = q ∧ (((H.selected_classes s hs).1 ∩ (H.selected_classes t ht).1) ∩ ({v3, v1, qs, u} : Finset ℝ²)) = ({u} : Finset ℝ²)) ∨ (t = H.a0 ∧ a = H.a1 ∧ dist w H.a0 = dist w H.a1 ∧ dist H.a0 q = dist H.a0 H.a1) ∨ (t = H.a1 ∧ a = H.a0 ∧ dist w H.a1 = dist w H.a0 ∧ dist H.a1 q = dist H.a1 H.a0))
Problem97.C5D3B.qAllowedSelected_two_full_common_two_side_w_q_or_aux_full_class_cases	lean/RVOL/P97/C5D3BPacket.lean	19787	source-proved	theorem qAllowedSelected_two_full_common_two_side_w_q_or_aux_full_class_cases {D : CounterexampleData} {q v1 v3 qs w u s t r : ℝ²} (P : C5D3BSameSideTerminalPacket D q v1 v3 qs w u) (H : U5QAllowedAuditSupport D q v3 ({v1, qs, w} : Finset ℝ²) u) (hs : s ∈ U5BoundedAuditCenters D q v3 ({v1, qs, w} : Finset ℝ²) u H.a0 H.a1) (ht : t ∈ U5BoundedAuditCenters D q v3 ({v1, qs, w} : Finset ℝ²) u H.a0 H.a1) (hsrow : s ∈ ({w, H.a0, H.a1} : Finset ℝ²)) (htrow : t ∈ ({w, H.a0, H.a1} : Finset ℝ²)) (hst : s ≠ t) (hstwo : (((H.selected_classes s hs).1) ∩ (({q, w, H.a0, H.a1} : Finset ℝ²).erase s)).card = 2) (htfull : ((H.selected_classes t ht).1 ∩ (({q, w, H.a0, H.a1} : Finset ℝ²).erase t)) = (({q, w, H.a0, H.a1} : Finset ℝ²).erase t)) (hr : r ∈ (((H.selected_classes s hs).1 ∩ (H.selected_classes t ht).1) ∩ ({v3, v1, qs, u} : Finset ℝ²))) (hsw : s = w) : ∃ a b : ℝ², a ∈ (({q, w, H.a0, H.a1} : Finset ℝ²).erase s) ∩ (({q, w, H.a0, H.a1} : Finset ℝ²).erase t) ∧ a ∈ (H.selected_classes s hs).1 ∧ a ∈ (H.selected_classes t ht).1 ∧ b ≠ r ∧ b ∈ (H.selected_classes s hs).1 ∩ ({v3, v1, qs, u} : Finset ℝ²) ∧ b ∉ (H.selected_classes t ht).1 ∧ (H.selected_classes s hs).1 = ({t, a} : Finset ℝ²) ∪ ({r, b} : Finset ℝ²) ∧ ((a = q ∧ (((H.selected_classes s hs).1 ∩ (H.selected_classes t ht).1) ∩ ({v3, v1, qs, u} : Finset ℝ²)) = ({u} : Finset ℝ²)) ∨ (t = H.a0 ∧ a = H.a1 ∧ dist w H.a0 = dist w H.a1 ∧ dist H.a0 q = dist H.a0 H.a1 ∧ (H.selected_classes t ht).1 = (({q, w, H.a0, H.a1} : Finset ℝ²).erase H.a0) ∪ ({r} : Finset ℝ²)) ∨ (t = H.a1 ∧ a = H.a0 ∧ dist w H.a1 = dist w H.a0 ∧ dist H.a1 q = dist H.a1 H.a0 ∧ (H.selected_classes t ht).1 = (({q, w, H.a0, H.a1} : Finset ℝ²).erase H.a1) ∪ ({r} : Finset ℝ²)))
Problem97.C5D3B.qAllowedSelected_two_full_common_two_side_w_full_class_support_cases	lean/RVOL/P97/C5D3BPacket.lean	19885	source-proved	theorem qAllowedSelected_two_full_common_two_side_w_full_class_support_cases {D : CounterexampleData} {q v1 v3 qs w u s t r : ℝ²} (P : C5D3BSameSideTerminalPacket D q v1 v3 qs w u) (H : U5QAllowedAuditSupport D q v3 ({v1, qs, w} : Finset ℝ²) u) (hs : s ∈ U5BoundedAuditCenters D q v3 ({v1, qs, w} : Finset ℝ²) u H.a0 H.a1) (ht : t ∈ U5BoundedAuditCenters D q v3 ({v1, qs, w} : Finset ℝ²) u H.a0 H.a1) (hsrow : s ∈ ({w, H.a0, H.a1} : Finset ℝ²)) (htrow : t ∈ ({w, H.a0, H.a1} : Finset ℝ²)) (hst : s ≠ t) (hstwo : (((H.selected_classes s hs).1) ∩ (({q, w, H.a0, H.a1} : Finset ℝ²).erase s)).card = 2) (htfull : ((H.selected_classes t ht).1 ∩ (({q, w, H.a0, H.a1} : Finset ℝ²).erase t)) = (({q, w, H.a0, H.a1} : Finset ℝ²).erase t)) (hr : r ∈ (((H.selected_classes s hs).1 ∩ (H.selected_classes t ht).1) ∩ ({v3, v1, qs, u} : Finset ℝ²))) (hsw : s = w) : ∃ a b : ℝ², a ∈ (({q, w, H.a0, H.a1} : Finset ℝ²).erase s) ∩ (({q, w, H.a0, H.a1} : Finset ℝ²).erase t) ∧ a ∈ (H.selected_classes s hs).1 ∧ a ∈ (H.selected_classes t ht).1 ∧ b ≠ r ∧ b ∈ (H.selected_classes s hs).1 ∩ ({v3, v1, qs, u} : Finset ℝ²) ∧ b ∉ (H.selected_classes t ht).1 ∧ (H.selected_classes s hs).1 = ({t, a} : Finset ℝ²) ∪ ({r, b} : Finset ℝ²) ∧ ((a = q ∧ (((H.selected_classes s hs).1 ∩ (H.selected_classes t ht).1) ∩ ({v3, v1, qs, u} : Finset ℝ²)) = ({u} : Finset ℝ²) ∧ ((t = H.a0 ∧ (H.selected_classes t ht).1 = ({u, H.a1, w, q} : Finset ℝ²)) ∨ (t = H.a1 ∧ (H.selected_classes t ht).1 = ({u, H.a0, w, q} : Finset ℝ²)))) ∨ (t = H.a0 ∧ a = H.a1 ∧ dist w H.a0 = dist w H.a1 ∧ dist H.a0 q = dist H.a0 H.a1 ∧ (H.selected_classes t ht).1 = (({q, w, H.a0, H.a1} : Finset ℝ²).erase H.a0) ∪ ({r} : Finset ℝ²)) ∨ (t = H.a1 ∧ a = H.a0 ∧ dist w H.a1 = dist w H.a0 ∧ dist H.a1 q = dist H.a1 H.a0 ∧ (H.selected_classes t ht).1 = (({q, w, H.a0, H.a1} : Finset ℝ²).erase H.a1) ∪ ({r} : Finset ℝ²)))
Problem97.C5D3B.qAllowedSelected_two_full_common_two_side_w_common_support_cases	lean/RVOL/P97/C5D3BPacket.lean	19998	source-proved	theorem qAllowedSelected_two_full_common_two_side_w_common_support_cases {D : CounterexampleData} {q v1 v3 qs w u s t r : ℝ²} (P : C5D3BSameSideTerminalPacket D q v1 v3 qs w u) (H : U5QAllowedAuditSupport D q v3 ({v1, qs, w} : Finset ℝ²) u) (hs : s ∈ U5BoundedAuditCenters D q v3 ({v1, qs, w} : Finset ℝ²) u H.a0 H.a1) (ht : t ∈ U5BoundedAuditCenters D q v3 ({v1, qs, w} : Finset ℝ²) u H.a0 H.a1) (hsrow : s ∈ ({w, H.a0, H.a1} : Finset ℝ²)) (htrow : t ∈ ({w, H.a0, H.a1} : Finset ℝ²)) (hst : s ≠ t) (hstwo : (((H.selected_classes s hs).1) ∩ (({q, w, H.a0, H.a1} : Finset ℝ²).erase s)).card = 2) (htfull : ((H.selected_classes t ht).1 ∩ (({q, w, H.a0, H.a1} : Finset ℝ²).erase t)) = (({q, w, H.a0, H.a1} : Finset ℝ²).erase t)) (hr : r ∈ (((H.selected_classes s hs).1 ∩ (H.selected_classes t ht).1) ∩ ({v3, v1, qs, u} : Finset ℝ²))) (hsw : s = w) : ∃ a b : ℝ², a ∈ (({q, w, H.a0, H.a1} : Finset ℝ²).erase s) ∩ (({q, w, H.a0, H.a1} : Finset ℝ²).erase t) ∧ a ∈ (H.selected_classes s hs).1 ∧ a ∈ (H.selected_classes t ht).1 ∧ b ≠ r ∧ b ∈ (H.selected_classes s hs).1 ∩ ({v3, v1, qs, u} : Finset ℝ²) ∧ b ∉ (H.selected_classes t ht).1 ∧ (H.selected_classes s hs).1 = ({t, a} : Finset ℝ²) ∪ ({r, b} : Finset ℝ²) ∧ ((a = q ∧ (H.selected_classes s hs).1 ∩ (H.selected_classes t ht).1 = ({q, u} : Finset ℝ²) ∧ ((t = H.a0 ∧ (H.selected_classes t ht).1 = ({u, H.a1, w, q} : Finset ℝ²)) ∨ (t = H.a1 ∧ (H.selected_classes t ht).1 = ({u, H.a0, w, q} : Finset ℝ²)))) ∨ (t = H.a0 ∧ a = H.a1 ∧ dist w H.a0 = dist w H.a1 ∧ dist H.a0 q = dist H.a0 H.a1 ∧ (H.selected_classes t ht).1 = (({q, w, H.a0, H.a1} : Finset ℝ²).erase H.a0) ∪ ({r} : Finset ℝ²) ∧ (H.selected_classes s hs).1 ∩ (H.selected_classes t ht).1 = ({H.a1, r} : Finset ℝ²)) ∨ (t = H.a1 ∧ a = H.a0 ∧ dist w H.a1 = dist w H.a0 ∧ dist H.a1 q = dist H.a1 H.a0 ∧ (H.selected_classes t ht).1 = (({q, w, H.a0, H.a1} : Finset ℝ²).erase H.a1) ∪ ({r} : Finset ℝ²) ∧ (H.selected_classes s hs).1 ∩ (H.selected_classes t ht).1 = ({H.a0, r} : Finset ℝ²)))
Problem97.C5D3B.qAllowedSelected_two_full_common_two_side_w_non_q_anchor_support_cases	lean/RVOL/P97/C5D3BPacket.lean	20135	source-proved	theorem qAllowedSelected_two_full_common_two_side_w_non_q_anchor_support_cases {D : CounterexampleData} {q v1 v3 qs w u s t r : ℝ²} (P : C5D3BSameSideTerminalPacket D q v1 v3 qs w u) (H : U5QAllowedAuditSupport D q v3 ({v1, qs, w} : Finset ℝ²) u) (hs : s ∈ U5BoundedAuditCenters D q v3 ({v1, qs, w} : Finset ℝ²) u H.a0 H.a1) (ht : t ∈ U5BoundedAuditCenters D q v3 ({v1, qs, w} : Finset ℝ²) u H.a0 H.a1) (hsrow : s ∈ ({w, H.a0, H.a1} : Finset ℝ²)) (htrow : t ∈ ({w, H.a0, H.a1} : Finset ℝ²)) (hst : s ≠ t) (hstwo : (((H.selected_classes s hs).1) ∩ (({q, w, H.a0, H.a1} : Finset ℝ²).erase s)).card = 2) (htfull : ((H.selected_classes t ht).1 ∩ (({q, w, H.a0, H.a1} : Finset ℝ²).erase t)) = (({q, w, H.a0, H.a1} : Finset ℝ²).erase t)) (hr : r ∈ (((H.selected_classes s hs).1 ∩ (H.selected_classes t ht).1) ∩ ({v3, v1, qs, u} : Finset ℝ²))) (hsw : s = w) : ∃ a b : ℝ², a ∈ (({q, w, H.a0, H.a1} : Finset ℝ²).erase s) ∩ (({q, w, H.a0, H.a1} : Finset ℝ²).erase t) ∧ a ∈ (H.selected_classes s hs).1 ∧ a ∈ (H.selected_classes t ht).1 ∧ b ≠ r ∧ b ∈ (H.selected_classes s hs).1 ∩ ({v3, v1, qs, u} : Finset ℝ²) ∧ b ∉ (H.selected_classes t ht).1 ∧ (H.selected_classes s hs).1 = ({t, a} : Finset ℝ²) ∪ ({r, b} : Finset ℝ²) ∧ ((a = q ∧ (H.selected_classes s hs).1 ∩ (H.selected_classes t ht).1 = ({q, u} : Finset ℝ²) ∧ ((t = H.a0 ∧ (H.selected_classes t ht).1 = ({u, H.a1, w, q} : Finset ℝ²)) ∨ (t = H.a1 ∧ (H.selected_classes t ht).1 = ({u, H.a0, w, q} : Finset ℝ²)))) ∨ (a ≠ q ∧ a ∈ ({H.a0, H.a1} : Finset ℝ²) ∧ t ∈ ({H.a0, H.a1} : Finset ℝ²) ∧ a ≠ t ∧ dist w t = dist w a ∧ dist t q = dist t a ∧ (H.selected_classes t ht).1 = (({q, w, H.a0, H.a1} : Finset ℝ²).erase t) ∪ ({r} : Finset ℝ²) ∧ (H.selected_classes s hs).1 ∩ (H.selected_classes t ht).1 = ({a, r} : Finset ℝ²)))
Problem97.C5D3B.qAllowedSelected_two_full_common_two_side_w_non_q_anchor_metric_support_cases	lean/RVOL/P97/C5D3BPacket.lean	20379	source-proved	theorem qAllowedSelected_two_full_common_two_side_w_non_q_anchor_metric_support_cases {D : CounterexampleData} {q v1 v3 qs w u s t r : ℝ²} (P : C5D3BSameSideTerminalPacket D q v1 v3 qs w u) (H : U5QAllowedAuditSupport D q v3 ({v1, qs, w} : Finset ℝ²) u) (hs : s ∈ U5BoundedAuditCenters D q v3 ({v1, qs, w} : Finset ℝ²) u H.a0 H.a1) (ht : t ∈ U5BoundedAuditCenters D q v3 ({v1, qs, w} : Finset ℝ²) u H.a0 H.a1) (hsrow : s ∈ ({w, H.a0, H.a1} : Finset ℝ²)) (htrow : t ∈ ({w, H.a0, H.a1} : Finset ℝ²)) (hst : s ≠ t) (hstwo : (((H.selected_classes s hs).1) ∩ (({q, w, H.a0, H.a1} : Finset ℝ²).erase s)).card = 2) (htfull : ((H.selected_classes t ht).1 ∩ (({q, w, H.a0, H.a1} : Finset ℝ²).erase t)) = (({q, w, H.a0, H.a1} : Finset ℝ²).erase t)) (hr : r ∈ (((H.selected_classes s hs).1 ∩ (H.selected_classes t ht).1) ∩ ({v3, v1, qs, u} : Finset ℝ²))) (hsw : s = w) : ∃ a b : ℝ², a ∈ (({q, w, H.a0, H.a1} : Finset ℝ²).erase s) ∩ (({q, w, H.a0, H.a1} : Finset ℝ²).erase t) ∧ a ∈ (H.selected_classes s hs).1 ∧ a ∈ (H.selected_classes t ht).1 ∧ b ≠ r ∧ b ∈ (H.selected_classes s hs).1 ∩ ({v3, v1, qs, u} : Finset ℝ²) ∧ b ∉ (H.selected_classes t ht).1 ∧ (H.selected_classes s hs).1 = ({t, a} : Finset ℝ²) ∪ ({r, b} : Finset ℝ²) ∧ ((a = q ∧ (H.selected_classes s hs).1 ∩ (H.selected_classes t ht).1 = ({q, u} : Finset ℝ²) ∧ ((t = H.a0 ∧ (H.selected_classes t ht).1 = ({u, H.a1, w, q} : Finset ℝ²)) ∨ (t = H.a1 ∧ (H.selected_classes t ht).1 = ({u, H.a0, w, q} : Finset ℝ²)))) ∨ (a ≠ q ∧ a ∈ ({H.a0, H.a1} : Finset ℝ²) ∧ t ∈ ({H.a0, H.a1} : Finset ℝ²) ∧ a ≠ t ∧ dist w t = dist w a ∧ dist t q = dist t a ∧ (H.selected_classes t ht).1 = (({q, w, H.a0, H.a1} : Finset ℝ²).erase t) ∪ ({r} : Finset ℝ²) ∧ (H.selected_classes s hs).1 ∩ (H.selected_classes t ht).1 = ({a, r} : Finset ℝ²) ∧ r ∉ ({q, w, H.a0, H.a1} : Finset ℝ²) ∧ dist t r = dist t q ∧ dist t r = dist t w ∧ dist t r = dist t a))
Problem97.C5D3B.qAllowedSelected_two_full_common_two_side_w_non_q_anchor_normalized_cases	lean/RVOL/P97/C5D3BPacket.lean	20713	source-proved	theorem qAllowedSelected_two_full_common_two_side_w_non_q_anchor_normalized_cases {D : CounterexampleData} {q v1 v3 qs w u s t r : ℝ²} (P : C5D3BSameSideTerminalPacket D q v1 v3 qs w u) (H : U5QAllowedAuditSupport D q v3 ({v1, qs, w} : Finset ℝ²) u) (hs : s ∈ U5BoundedAuditCenters D q v3 ({v1, qs, w} : Finset ℝ²) u H.a0 H.a1) (ht : t ∈ U5BoundedAuditCenters D q v3 ({v1, qs, w} : Finset ℝ²) u H.a0 H.a1) (hsrow : s ∈ ({w, H.a0, H.a1} : Finset ℝ²)) (htrow : t ∈ ({w, H.a0, H.a1} : Finset ℝ²)) (hst : s ≠ t) (hstwo : (((H.selected_classes s hs).1) ∩ (({q, w, H.a0, H.a1} : Finset ℝ²).erase s)).card = 2) (htfull : ((H.selected_classes t ht).1 ∩ (({q, w, H.a0, H.a1} : Finset ℝ²).erase t)) = (({q, w, H.a0, H.a1} : Finset ℝ²).erase t)) (hr : r ∈ (((H.selected_classes s hs).1 ∩ (H.selected_classes t ht).1) ∩ ({v3, v1, qs, u} : Finset ℝ²))) (hsw : s = w) : ∃ a b : ℝ², a ∈ (({q, w, H.a0, H.a1} : Finset ℝ²).erase s) ∩ (({q, w, H.a0, H.a1} : Finset ℝ²).erase t) ∧ a ∈ (H.selected_classes s hs).1 ∧ a ∈ (H.selected_classes t ht).1 ∧ b ≠ r ∧ b ∈ (H.selected_classes s hs).1 ∩ ({v3, v1, qs, u} : Finset ℝ²) ∧ b ∉ (H.selected_classes t ht).1 ∧ (H.selected_classes s hs).1 = ({t, a} : Finset ℝ²) ∪ ({r, b} : Finset ℝ²) ∧ ((a = q ∧ (H.selected_classes s hs).1 ∩ (H.selected_classes t ht).1 = ({q, u} : Finset ℝ²) ∧ ((t = H.a0 ∧ (H.selected_classes t ht).1 = ({u, H.a1, w, q} : Finset ℝ²)) ∨ (t = H.a1 ∧ (H.selected_classes t ht).1 = ({u, H.a0, w, q} : Finset ℝ²)))) ∨ (a ≠ q ∧ a ∈ ({H.a0, H.a1} : Finset ℝ²) ∧ t ∈ ({H.a0, H.a1} : Finset ℝ²) ∧ a ≠ t ∧ dist w t = dist w a ∧ dist t q = dist t a ∧ (H.selected_classes t ht).1 = (({q, w, H.a0, H.a1} : Finset ℝ²).erase t) ∪ ({r} : Finset ℝ²) ∧ (H.selected_classes s hs).1 ∩ (H.selected_classes t ht).1 = ({a, r} : Finset ℝ²) ∧ r ∉ ({q, w, H.a0, H.a1} : Finset ℝ²) ∧ dist t r = dist t q ∧ dist t r = dist t w ∧ dist t r = dist t a ∧ (H.selected_classes t ht).1 = ({q, w, a, r} : Finset ℝ²) ∧ ({q, w, a, r} : Finset ℝ²).card = 4))
Problem97.C5D3B.qAllowedSelected_two_full_common_two_side_w_aux_two_class_union_cases	lean/RVOL/P97/C5D3BPacket.lean	20822	source-proved	theorem qAllowedSelected_two_full_common_two_side_w_aux_two_class_union_cases {D : CounterexampleData} {q v1 v3 qs w u s t r : ℝ²} (P : C5D3BSameSideTerminalPacket D q v1 v3 qs w u) (H : U5QAllowedAuditSupport D q v3 ({v1, qs, w} : Finset ℝ²) u) (hs : s ∈ U5BoundedAuditCenters D q v3 ({v1, qs, w} : Finset ℝ²) u H.a0 H.a1) (ht : t ∈ U5BoundedAuditCenters D q v3 ({v1, qs, w} : Finset ℝ²) u H.a0 H.a1) (hsrow : s ∈ ({w, H.a0, H.a1} : Finset ℝ²)) (htrow : t ∈ ({w, H.a0, H.a1} : Finset ℝ²)) (hst : s ≠ t) (hstwo : (((H.selected_classes s hs).1) ∩ (({q, w, H.a0, H.a1} : Finset ℝ²).erase s)).card = 2) (htfull : ((H.selected_classes t ht).1 ∩ (({q, w, H.a0, H.a1} : Finset ℝ²).erase t)) = (({q, w, H.a0, H.a1} : Finset ℝ²).erase t)) (hr : r ∈ (((H.selected_classes s hs).1 ∩ (H.selected_classes t ht).1) ∩ ({v3, v1, qs, u} : Finset ℝ²))) (hsw : s = w) : ∃ a b : ℝ², a ∈ (({q, w, H.a0, H.a1} : Finset ℝ²).erase s) ∩ (({q, w, H.a0, H.a1} : Finset ℝ²).erase t) ∧ a ∈ (H.selected_classes s hs).1 ∧ a ∈ (H.selected_classes t ht).1 ∧ b ≠ r ∧ b ∈ (H.selected_classes s hs).1 ∩ ({v3, v1, qs, u} : Finset ℝ²) ∧ b ∉ (H.selected_classes t ht).1 ∧ (H.selected_classes s hs).1 = ({t, a} : Finset ℝ²) ∪ ({r, b} : Finset ℝ²) ∧ ((a = q ∧ (H.selected_classes s hs).1 ∩ (H.selected_classes t ht).1 = ({q, u} : Finset ℝ²) ∧ ((t = H.a0 ∧ (H.selected_classes t ht).1 = ({u, H.a1, w, q} : Finset ℝ²)) ∨ (t = H.a1 ∧ (H.selected_classes t ht).1 = ({u, H.a0, w, q} : Finset ℝ²)))) ∨ (a ≠ q ∧ a ∈ ({H.a0, H.a1} : Finset ℝ²) ∧ t ∈ ({H.a0, H.a1} : Finset ℝ²) ∧ a ≠ t ∧ dist w t = dist w a ∧ dist t q = dist t a ∧ (H.selected_classes t ht).1 = (({q, w, H.a0, H.a1} : Finset ℝ²).erase t) ∪ ({r} : Finset ℝ²) ∧ (H.selected_classes s hs).1 ∩ (H.selected_classes t ht).1 = ({a, r} : Finset ℝ²) ∧ r ∉ ({q, w, H.a0, H.a1} : Finset ℝ²) ∧ dist t r = dist t q ∧ dist t r = dist t w ∧ dist t r = dist t a ∧ (H.selected_classes t ht).1 = ({q, w, a, r} : Finset ℝ²) ∧ ({q, w, a, r} : Finset ℝ²).card = 4 ∧ (H.selected_classes s hs).1 = ({t, a, r, b} : Finset ℝ²) ∧ ({t, a, r, b} : Finset ℝ²).card = 4 ∧ (H.selected_classes s hs).1 ∪ (H.selected_classes t ht).1 = ({q, w, t, a, r, b} : Finset ℝ²) ∧ ({q, w, t, a, r, b} : Finset ℝ²).card = 6))
Problem97.C5D3B.qAllowedSelected_two_full_common_two_side_w_aux_slice_cases	lean/RVOL/P97/C5D3BPacket.lean	20973	source-proved	theorem qAllowedSelected_two_full_common_two_side_w_aux_slice_cases {D : CounterexampleData} {q v1 v3 qs w u s t r : ℝ²} (P : C5D3BSameSideTerminalPacket D q v1 v3 qs w u) (H : U5QAllowedAuditSupport D q v3 ({v1, qs, w} : Finset ℝ²) u) (hs : s ∈ U5BoundedAuditCenters D q v3 ({v1, qs, w} : Finset ℝ²) u H.a0 H.a1) (ht : t ∈ U5BoundedAuditCenters D q v3 ({v1, qs, w} : Finset ℝ²) u H.a0 H.a1) (hsrow : s ∈ ({w, H.a0, H.a1} : Finset ℝ²)) (htrow : t ∈ ({w, H.a0, H.a1} : Finset ℝ²)) (hst : s ≠ t) (hstwo : (((H.selected_classes s hs).1) ∩ (({q, w, H.a0, H.a1} : Finset ℝ²).erase s)).card = 2) (htfull : ((H.selected_classes t ht).1 ∩ (({q, w, H.a0, H.a1} : Finset ℝ²).erase t)) = (({q, w, H.a0, H.a1} : Finset ℝ²).erase t)) (hr : r ∈ (((H.selected_classes s hs).1 ∩ (H.selected_classes t ht).1) ∩ ({v3, v1, qs, u} : Finset ℝ²))) (hsw : s = w) : ∃ a b : ℝ², a ∈ (({q, w, H.a0, H.a1} : Finset ℝ²).erase s) ∩ (({q, w, H.a0, H.a1} : Finset ℝ²).erase t) ∧ a ∈ (H.selected_classes s hs).1 ∧ a ∈ (H.selected_classes t ht).1 ∧ b ≠ r ∧ b ∈ (H.selected_classes s hs).1 ∩ ({v3, v1, qs, u} : Finset ℝ²) ∧ b ∉ (H.selected_classes t ht).1 ∧ (H.selected_classes s hs).1 = ({t, a} : Finset ℝ²) ∪ ({r, b} : Finset ℝ²) ∧ ((a = q ∧ (H.selected_classes s hs).1 ∩ (H.selected_classes t ht).1 = ({q, u} : Finset ℝ²) ∧ ((t = H.a0 ∧ (H.selected_classes t ht).1 = ({u, H.a1, w, q} : Finset ℝ²)) ∨ (t = H.a1 ∧ (H.selected_classes t ht).1 = ({u, H.a0, w, q} : Finset ℝ²)))) ∨ (a ≠ q ∧ a ∈ ({H.a0, H.a1} : Finset ℝ²) ∧ t ∈ ({H.a0, H.a1} : Finset ℝ²) ∧ a ≠ t ∧ dist w t = dist w a ∧ dist t q = dist t a ∧ (H.selected_classes t ht).1 = (({q, w, H.a0, H.a1} : Finset ℝ²).erase t) ∪ ({r} : Finset ℝ²) ∧ (H.selected_classes s hs).1 ∩ (H.selected_classes t ht).1 = ({a, r} : Finset ℝ²) ∧ r ∉ ({q, w, H.a0, H.a1} : Finset ℝ²) ∧ dist t r = dist t q ∧ dist t r = dist t w ∧ dist t r = dist t a ∧ (H.selected_classes t ht).1 = ({q, w, a, r} : Finset ℝ²) ∧ ({q, w, a, r} : Finset ℝ²).card = 4 ∧ (H.selected_classes s hs).1 = ({t, a, r, b} : Finset ℝ²) ∧ ({t, a, r, b} : Finset ℝ²).card = 4 ∧ (H.selected_classes s hs).1 ∪ (H.selected_classes t ht).1 = ({q, w, t, a, r, b} : Finset ℝ²) ∧ ({q, w, t, a, r, b} : Finset ℝ²).card = 6 ∧ b ∉ ({q, w, H.a0, H.a1} : Finset ℝ²) ∧ (H.selected_classes s hs).1 ∩ ({q, w, H.a0, H.a1} : Finset ℝ²) = ({t, a} : Finset ℝ²) ∧ (H.selected_classes s hs).1 ∩ ({v3, v1, qs, u} : Finset ℝ²) = ({r, b} : Finset ℝ²) ∧ (H.selected_classes t ht).1 ∩ ({q, w, H.a0, H.a1} : Finset ℝ²) = ({q, w, a} : Finset ℝ²) ∧ (H.selected_classes t ht).1 ∩ ({v3, v1, qs, u} : Finset ℝ²) = ({r} : Finset ℝ²)))
Problem97.C5D3B.qAllowedSelected_two_full_common_two_side_w_aux_private_sdiff_of_slices	lean/RVOL/P97/C5D3BPacket.lean	21248	source-proved	theorem qAllowedSelected_two_full_common_two_side_w_aux_private_sdiff_of_slices {D : CounterexampleData} {q v1 v3 qs w u s t a r b : ℝ²} (H : U5QAllowedAuditSupport D q v3 ({v1, qs, w} : Finset ℝ²) u) (hs : s ∈ U5BoundedAuditCenters D q v3 ({v1, qs, w} : Finset ℝ²) u H.a0 H.a1) (ht : t ∈ U5BoundedAuditCenters D q v3 ({v1, qs, w} : Finset ℝ²) u H.a0 H.a1) (ha_ne_q : a ≠ q) (haMem : a ∈ ({H.a0, H.a1} : Finset ℝ²)) (htMem : t ∈ ({H.a0, H.a1} : Finset ℝ²)) (hbNotB₂ : b ∉ (H.selected_classes t ht).1) (hB₁Set : (H.selected_classes s hs).1 = ({t, a, r, b} : Finset ℝ²)) (hB₂Set : (H.selected_classes t ht).1 = ({q, w, a, r} : Finset ℝ²)) (hS_A : (H.selected_classes s hs).1 ∩ ({q, w, H.a0, H.a1} : Finset ℝ²) = ({t, a} : Finset ℝ²)) : (H.selected_classes s hs).1 \\ (H.selected_classes t ht).1 = ({t, b} : Finset ℝ²) ∧ (H.selected_classes t ht).1 \\ (H.selected_classes s hs).1 = ({q, w} : Finset ℝ²)
Problem97.C5D3B.qAllowedSelected_two_full_common_two_side_w_aux_private_sdiff_cases	lean/RVOL/P97/C5D3BPacket.lean	21423	source-proved	theorem qAllowedSelected_two_full_common_two_side_w_aux_private_sdiff_cases {D : CounterexampleData} {q v1 v3 qs w u s t r : ℝ²} (P : C5D3BSameSideTerminalPacket D q v1 v3 qs w u) (H : U5QAllowedAuditSupport D q v3 ({v1, qs, w} : Finset ℝ²) u) (hs : s ∈ U5BoundedAuditCenters D q v3 ({v1, qs, w} : Finset ℝ²) u H.a0 H.a1) (ht : t ∈ U5BoundedAuditCenters D q v3 ({v1, qs, w} : Finset ℝ²) u H.a0 H.a1) (hsrow : s ∈ ({w, H.a0, H.a1} : Finset ℝ²)) (htrow : t ∈ ({w, H.a0, H.a1} : Finset ℝ²)) (hst : s ≠ t) (hstwo : (((H.selected_classes s hs).1) ∩ (({q, w, H.a0, H.a1} : Finset ℝ²).erase s)).card = 2) (htfull : ((H.selected_classes t ht).1 ∩ (({q, w, H.a0, H.a1} : Finset ℝ²).erase t)) = (({q, w, H.a0, H.a1} : Finset ℝ²).erase t)) (hr : r ∈ (((H.selected_classes s hs).1 ∩ (H.selected_classes t ht).1) ∩ ({v3, v1, qs, u} : Finset ℝ²))) (hsw : s = w) : ∃ a b : ℝ², a ∈ (({q, w, H.a0, H.a1} : Finset ℝ²).erase s) ∩ (({q, w, H.a0, H.a1} : Finset ℝ²).erase t) ∧ a ∈ (H.selected_classes s hs).1 ∧ a ∈ (H.selected_classes t ht).1 ∧ b ≠ r ∧ b ∈ (H.selected_classes s hs).1 ∩ ({v3, v1, qs, u} : Finset ℝ²) ∧ b ∉ (H.selected_classes t ht).1 ∧ (H.selected_classes s hs).1 = ({t, a} : Finset ℝ²) ∪ ({r, b} : Finset ℝ²) ∧ ((a = q ∧ (H.selected_classes s hs).1 ∩ (H.selected_classes t ht).1 = ({q, u} : Finset ℝ²) ∧ ((t = H.a0 ∧ (H.selected_classes t ht).1 = ({u, H.a1, w, q} : Finset ℝ²)) ∨ (t = H.a1 ∧ (H.selected_classes t ht).1 = ({u, H.a0, w, q} : Finset ℝ²)))) ∨ (a ≠ q ∧ a ∈ ({H.a0, H.a1} : Finset ℝ²) ∧ t ∈ ({H.a0, H.a1} : Finset ℝ²) ∧ a ≠ t ∧ dist w t = dist w a ∧ dist t q = dist t a ∧ (H.selected_classes t ht).1 = (({q, w, H.a0, H.a1} : Finset ℝ²).erase t) ∪ ({r} : Finset ℝ²) ∧ (H.selected_classes s hs).1 ∩ (H.selected_classes t ht).1 = ({a, r} : Finset ℝ²) ∧ r ∉ ({q, w, H.a0, H.a1} : Finset ℝ²) ∧ dist t r = dist t q ∧ dist t r = dist t w ∧ dist t r = dist t a ∧ (H.selected_classes t ht).1 = ({q, w, a, r} : Finset ℝ²) ∧ ({q, w, a, r} : Finset ℝ²).card = 4 ∧ (H.selected_classes s hs).1 = ({t, a, r, b} : Finset ℝ²) ∧ ({t, a, r, b} : Finset ℝ²).card = 4 ∧ (H.selected_classes s hs).1 ∪ (H.selected_classes t ht).1 = ({q, w, t, a, r, b} : Finset ℝ²) ∧ ({q, w, t, a, r, b} : Finset ℝ²).card = 6 ∧ b ∉ ({q, w, H.a0, H.a1} : Finset ℝ²) ∧ (H.selected_classes s hs).1 ∩ ({q, w, H.a0, H.a1} : Finset ℝ²) = ({t, a} : Finset ℝ²) ∧ (H.selected_classes s hs).1 ∩ ({v3, v1, qs, u} : Finset ℝ²) = ({r, b} : Finset ℝ²) ∧ (H.selected_classes t ht).1 ∩ ({q, w, H.a0, H.a1} : Finset ℝ²) = ({q, w, a} : Finset ℝ²) ∧ (H.selected_classes t ht).1 ∩ ({v3, v1, qs, u} : Finset ℝ²) = ({r} : Finset ℝ²) ∧ (H.selected_classes s hs).1 \\ (H.selected_classes t ht).1 = ({t, b} : Finset ℝ²) ∧ (H.selected_classes t ht).1 \\ (H.selected_classes s hs).1 = ({q, w} : Finset ℝ²)))
Problem97.C5D3B.qAllowedSelected_two_full_common_two_side_w_aux_rowCircle_pair_cases	lean/RVOL/P97/C5D3BPacket.lean	21580	source-proved	theorem qAllowedSelected_two_full_common_two_side_w_aux_rowCircle_pair_cases {D : CounterexampleData} {q v1 v3 qs w u s t r : ℝ²} (P : C5D3BSameSideTerminalPacket D q v1 v3 qs w u) (H : U5QAllowedAuditSupport D q v3 ({v1, qs, w} : Finset ℝ²) u) (hs : s ∈ U5BoundedAuditCenters D q v3 ({v1, qs, w} : Finset ℝ²) u H.a0 H.a1) (ht : t ∈ U5BoundedAuditCenters D q v3 ({v1, qs, w} : Finset ℝ²) u H.a0 H.a1) (hsrow : s ∈ ({w, H.a0, H.a1} : Finset ℝ²)) (htrow : t ∈ ({w, H.a0, H.a1} : Finset ℝ²)) (hst : s ≠ t) (hstwo : (((H.selected_classes s hs).1) ∩ (({q, w, H.a0, H.a1} : Finset ℝ²).erase s)).card = 2) (htfull : ((H.selected_classes t ht).1 ∩ (({q, w, H.a0, H.a1} : Finset ℝ²).erase t)) = (({q, w, H.a0, H.a1} : Finset ℝ²).erase t)) (hr : r ∈ (((H.selected_classes s hs).1 ∩ (H.selected_classes t ht).1) ∩ ({v3, v1, qs, u} : Finset ℝ²))) (hsw : s = w) : ∃ a b : ℝ², a ∈ (({q, w, H.a0, H.a1} : Finset ℝ²).erase s) ∩ (({q, w, H.a0, H.a1} : Finset ℝ²).erase t) ∧ a ∈ (H.selected_classes s hs).1 ∧ a ∈ (H.selected_classes t ht).1 ∧ b ≠ r ∧ b ∈ (H.selected_classes s hs).1 ∩ ({v3, v1, qs, u} : Finset ℝ²) ∧ b ∉ (H.selected_classes t ht).1 ∧ (H.selected_classes s hs).1 = ({t, a} : Finset ℝ²) ∪ ({r, b} : Finset ℝ²) ∧ (({b, r} : Finset ℝ²) = ({v3, v1} : Finset ℝ²) ∨ ({b, r} : Finset ℝ²) = ({v3, qs} : Finset ℝ²) ∨ ({b, r} : Finset ℝ²) = ({v3, u} : Finset ℝ²) ∨ ({b, r} : Finset ℝ²) = ({v1, qs} : Finset ℝ²) ∨ ({b, r} : Finset ℝ²) = ({v1, u} : Finset ℝ²) ∨ ({b, r} : Finset ℝ²) = ({qs, u} : Finset ℝ²))
Problem97.C5D3B.qAllowedSelected_two_full_common_two_side_w_aux_private_common_radical_axis_label_cases	lean/RVOL/P97/C5D3BPacket.lean	21650	source-proved	theorem qAllowedSelected_two_full_common_two_side_w_aux_private_common_radical_axis_label_cases {D : CounterexampleData} {q v1 v3 qs w u s t r : ℝ²} (P : C5D3BSameSideTerminalPacket D q v1 v3 qs w u) (H : U5QAllowedAuditSupport D q v3 ({v1, qs, w} : Finset ℝ²) u) (hs : s ∈ U5BoundedAuditCenters D q v3 ({v1, qs, w} : Finset ℝ²) u H.a0 H.a1) (ht : t ∈ U5BoundedAuditCenters D q v3 ({v1, qs, w} : Finset ℝ²) u H.a0 H.a1) (hsrow : s ∈ ({w, H.a0, H.a1} : Finset ℝ²)) (htrow : t ∈ ({w, H.a0, H.a1} : Finset ℝ²)) (hst : s ≠ t) (hstwo : (((H.selected_classes s hs).1) ∩ (({q, w, H.a0, H.a1} : Finset ℝ²).erase s)).card = 2) (htfull : ((H.selected_classes t ht).1 ∩ (({q, w, H.a0, H.a1} : Finset ℝ²).erase t)) = (({q, w, H.a0, H.a1} : Finset ℝ²).erase t)) (hr : r ∈ (((H.selected_classes s hs).1 ∩ (H.selected_classes t ht).1) ∩ ({v3, v1, qs, u} : Finset ℝ²))) (hsw : s = w) : ∃ b : ℝ², b ≠ r ∧ b ∈ (H.selected_classes s hs).1 ∩ ({v3, v1, qs, u} : Finset ℝ²) ∧ b ∉ (H.selected_classes t ht).1 ∧ dist w b = dist w r ∧ dist q b = dist q r ∧ ((({b, r} : Finset ℝ²) = ({v3, v1} : Finset ℝ²) ∧ inner ℝ (w - q) (v3 - v1) = 0) ∨ (({b, r} : Finset ℝ²) = ({v3, qs} : Finset ℝ²) ∧ inner ℝ (w - q) (v3 - qs) = 0) ∨ (({b, r} : Finset ℝ²) = ({v3, u} : Finset ℝ²) ∧ inner ℝ (w - q) (v3 - u) = 0) ∨ (({b, r} : Finset ℝ²) = ({v1, qs} : Finset ℝ²) ∧ inner ℝ (w - q) (v1 - qs) = 0) ∨ (({b, r} : Finset ℝ²) = ({v1, u} : Finset ℝ²) ∧ inner ℝ (w - q) (v1 - u) = 0) ∨ (({b, r} : Finset ℝ²) = ({qs, u} : Finset ℝ²) ∧ inner ℝ (w - q) (qs - u) = 0))
Problem97.C5D3B.qAllowedSelected_two_full_common_two_side_w_aux_ordered_anchor_cases	lean/RVOL/P97/C5D3BPacket.lean	21703	source-proved	theorem qAllowedSelected_two_full_common_two_side_w_aux_ordered_anchor_cases {D : CounterexampleData} {q v1 v3 qs w u s t r : ℝ²} (P : C5D3BSameSideTerminalPacket D q v1 v3 qs w u) (H : U5QAllowedAuditSupport D q v3 ({v1, qs, w} : Finset ℝ²) u) (hs : s ∈ U5BoundedAuditCenters D q v3 ({v1, qs, w} : Finset ℝ²) u H.a0 H.a1) (ht : t ∈ U5BoundedAuditCenters D q v3 ({v1, qs, w} : Finset ℝ²) u H.a0 H.a1) (hsrow : s ∈ ({w, H.a0, H.a1} : Finset ℝ²)) (htrow : t ∈ ({w, H.a0, H.a1} : Finset ℝ²)) (hst : s ≠ t) (hstwo : (((H.selected_classes s hs).1) ∩ (({q, w, H.a0, H.a1} : Finset ℝ²).erase s)).card = 2) (htfull : ((H.selected_classes t ht).1 ∩ (({q, w, H.a0, H.a1} : Finset ℝ²).erase t)) = (({q, w, H.a0, H.a1} : Finset ℝ²).erase t)) (hr : r ∈ (((H.selected_classes s hs).1 ∩ (H.selected_classes t ht).1) ∩ ({v3, v1, qs, u} : Finset ℝ²))) (hsw : s = w) : ∃ a b : ℝ², a ∈ (({q, w, H.a0, H.a1} : Finset ℝ²).erase s) ∩ (({q, w, H.a0, H.a1} : Finset ℝ²).erase t) ∧ a ∈ (H.selected_classes s hs).1 ∧ a ∈ (H.selected_classes t ht).1 ∧ b ≠ r ∧ b ∈ (H.selected_classes s hs).1 ∩ ({v3, v1, qs, u} : Finset ℝ²) ∧ b ∉ (H.selected_classes t ht).1 ∧ (H.selected_classes s hs).1 = ({t, a} : Finset ℝ²) ∪ ({r, b} : Finset ℝ²) ∧ ((({b, r} : Finset ℝ²) = ({v3, v1} : Finset ℝ²) ∨ ({b, r} : Finset ℝ²) = ({v3, qs} : Finset ℝ²) ∨ ({b, r} : Finset ℝ²) = ({v3, u} : Finset ℝ²) ∨ ({b, r} : Finset ℝ²) = ({v1, qs} : Finset ℝ²) ∨ ({b, r} : Finset ℝ²) = ({v1, u} : Finset ℝ²) ∨ ({b, r} : Finset ℝ²) = ({qs, u} : Finset ℝ²)) ∧ (a = q ∨ (t = H.a0 ∧ a = H.a1 ∧ dist w H.a0 = dist w H.a1 ∧ dist H.a0 q = dist H.a0 H.a1) ∨ (t = H.a1 ∧ a = H.a0 ∧ dist w H.a1 = dist w H.a0 ∧ dist H.a1 q = dist H.a1 H.a0)))
Problem97.C5D3B.qAllowedSelected_two_full_common_two_side_w_aux_ordered_private_sdiff_cases	lean/RVOL/P97/C5D3BPacket.lean	21797	source-proved	theorem qAllowedSelected_two_full_common_two_side_w_aux_ordered_private_sdiff_cases {D : CounterexampleData} {q v1 v3 qs w u s t r : ℝ²} (P : C5D3BSameSideTerminalPacket D q v1 v3 qs w u) (H : U5QAllowedAuditSupport D q v3 ({v1, qs, w} : Finset ℝ²) u) (hs : s ∈ U5BoundedAuditCenters D q v3 ({v1, qs, w} : Finset ℝ²) u H.a0 H.a1) (ht : t ∈ U5BoundedAuditCenters D q v3 ({v1, qs, w} : Finset ℝ²) u H.a0 H.a1) (hsrow : s ∈ ({w, H.a0, H.a1} : Finset ℝ²)) (htrow : t ∈ ({w, H.a0, H.a1} : Finset ℝ²)) (hst : s ≠ t) (hstwo : (((H.selected_classes s hs).1) ∩ (({q, w, H.a0, H.a1} : Finset ℝ²).erase s)).card = 2) (htfull : ((H.selected_classes t ht).1 ∩ (({q, w, H.a0, H.a1} : Finset ℝ²).erase t)) = (({q, w, H.a0, H.a1} : Finset ℝ²).erase t)) (hr : r ∈ (((H.selected_classes s hs).1 ∩ (H.selected_classes t ht).1) ∩ ({v3, v1, qs, u} : Finset ℝ²))) (hsw : s = w) : ∃ a b : ℝ², a ∈ (({q, w, H.a0, H.a1} : Finset ℝ²).erase s) ∩ (({q, w, H.a0, H.a1} : Finset ℝ²).erase t) ∧ a ∈ (H.selected_classes s hs).1 ∧ a ∈ (H.selected_classes t ht).1 ∧ b ≠ r ∧ b ∈ (H.selected_classes s hs).1 ∩ ({v3, v1, qs, u} : Finset ℝ²) ∧ b ∉ (H.selected_classes t ht).1 ∧ (H.selected_classes s hs).1 = ({t, a} : Finset ℝ²) ∪ ({r, b} : Finset ℝ²) ∧ ((a = q ∧ (H.selected_classes s hs).1 ∩ (H.selected_classes t ht).1 = ({q, u} : Finset ℝ²) ∧ ((t = H.a0 ∧ (H.selected_classes t ht).1 = ({u, H.a1, w, q} : Finset ℝ²)) ∨ (t = H.a1 ∧ (H.selected_classes t ht).1 = ({u, H.a0, w, q} : Finset ℝ²)))) ∨ (t = H.a0 ∧ a = H.a1 ∧ dist w H.a0 = dist w H.a1 ∧ dist H.a0 q = dist H.a0 H.a1 ∧ (H.selected_classes t ht).1 = ({q, w, H.a1, r} : Finset ℝ²) ∧ (H.selected_classes s hs).1 = ({H.a0, H.a1, r, b} : Finset ℝ²) ∧ (H.selected_classes s hs).1 ∩ (H.selected_classes t ht).1 = ({H.a1, r} : Finset ℝ²) ∧ r ∉ ({q, w, H.a0, H.a1} : Finset ℝ²) ∧ dist H.a0 r = dist H.a0 q ∧ dist H.a0 r = dist H.a0 w ∧ dist H.a0 r = dist H.a0 H.a1 ∧ b ∉ ({q, w, H.a0, H.a1} : Finset ℝ²) ∧ (H.selected_classes s hs).1 ∩ ({q, w, H.a0, H.a1} : Finset ℝ²) = ({H.a0, H.a1} : Finset ℝ²) ∧ (H.selected_classes s hs).1 ∩ ({v3, v1, qs, u} : Finset ℝ²) = ({r, b} : Finset ℝ²) ∧ (H.selected_classes t ht).1 ∩ ({q, w, H.a0, H.a1} : Finset ℝ²) = ({q, w, H.a1} : Finset ℝ²) ∧ (H.selected_classes t ht).1 ∩ ({v3, v1, qs, u} : Finset ℝ²) = ({r} : Finset ℝ²) ∧ (H.selected_classes s hs).1 \\ (H.selected_classes t ht).1 = ({H.a0, b} : Finset ℝ²) ∧ (H.selected_classes t ht).1 \\ (H.selected_classes s hs).1 = ({q, w} : Finset ℝ²)) ∨ (t = H.a1 ∧ a = H.a0 ∧ dist w H.a1 = dist w H.a0 ∧ dist H.a1 q = dist H.a1 H.a0 ∧ (H.selected_classes t ht).1 = ({q, w, H.a0, r} : Finset ℝ²) ∧ (H.selected_classes s hs).1 = ({H.a1, H.a0, r, b} : Finset ℝ²) ∧ (H.selected_classes s hs).1 ∩ (H.selected_classes t ht).1 = ({H.a0, r} : Finset ℝ²) ∧ r ∉ ({q, w, H.a0, H.a1} : Finset ℝ²) ∧ dist H.a1 r = dist H.a1 q ∧ dist H.a1 r = dist H.a1 w ∧ dist H.a1 r = dist H.a1 H.a0 ∧ b ∉ ({q, w, H.a0, H.a1} : Finset ℝ²) ∧ (H.selected_classes s hs).1 ∩ ({q, w, H.a0, H.a1} : Finset ℝ²) = ({H.a1, H.a0} : Finset ℝ²) ∧ (H.selected_classes s hs).1 ∩ ({v3, v1, qs, u} : Finset ℝ²) = ({r, b} : Finset ℝ²) ∧ (H.selected_classes t ht).1 ∩ ({q, w, H.a0, H.a1} : Finset ℝ²) = ({q, w, H.a0} : Finset ℝ²) ∧ (H.selected_classes t ht).1 ∩ ({v3, v1, qs, u} : Finset ℝ²) = ({r} : Finset ℝ²) ∧ (H.selected_classes s hs).1 \\ (H.selected_classes t ht).1 = ({H.a1, b} : Finset ℝ²) ∧ (H.selected_classes t ht).1 \\ (H.selected_classes s hs).1 = ({q, w} : Finset ℝ²)))
Problem97.C5D3B.qAllowedSelected_two_full_common_two_side_w_aux_ordered_private_sdiff_q_anchor_tail	lean/RVOL/P97/C5D3BPacket.lean	22269	source-proved	theorem qAllowedSelected_two_full_common_two_side_w_aux_ordered_private_sdiff_q_anchor_tail {D : CounterexampleData} {q v1 v3 qs w u s t r : ℝ²} (P : C5D3BSameSideTerminalPacket D q v1 v3 qs w u) (H : U5QAllowedAuditSupport D q v3 ({v1, qs, w} : Finset ℝ²) u) (hs : s ∈ U5BoundedAuditCenters D q v3 ({v1, qs, w} : Finset ℝ²) u H.a0 H.a1) (ht : t ∈ U5BoundedAuditCenters D q v3 ({v1, qs, w} : Finset ℝ²) u H.a0 H.a1) (hsrow : s ∈ ({w, H.a0, H.a1} : Finset ℝ²)) (htrow : t ∈ ({w, H.a0, H.a1} : Finset ℝ²)) (hst : s ≠ t) (hstwo : (((H.selected_classes s hs).1) ∩ (({q, w, H.a0, H.a1} : Finset ℝ²).erase s)).card = 2) (htfull : ((H.selected_classes t ht).1 ∩ (({q, w, H.a0, H.a1} : Finset ℝ²).erase t)) = (({q, w, H.a0, H.a1} : Finset ℝ²).erase t)) (hr : r ∈ (((H.selected_classes s hs).1 ∩ (H.selected_classes t ht).1) ∩ ({v3, v1, qs, u} : Finset ℝ²))) (hsw : s = w) : ∃ a b : ℝ², a ∈ (({q, w, H.a0, H.a1} : Finset ℝ²).erase s) ∩ (({q, w, H.a0, H.a1} : Finset ℝ²).erase t) ∧ a ∈ (H.selected_classes s hs).1 ∧ a ∈ (H.selected_classes t ht).1 ∧ b ≠ r ∧ b ∈ (H.selected_classes s hs).1 ∩ ({v3, v1, qs, u} : Finset ℝ²) ∧ b ∉ (H.selected_classes t ht).1 ∧ (H.selected_classes s hs).1 = ({t, a} : Finset ℝ²) ∪ ({r, b} : Finset ℝ²) ∧ ((a = q ∧ (H.selected_classes s hs).1 ∩ (H.selected_classes t ht).1 = ({q, u} : Finset ℝ²) ∧ ((t = H.a0 ∧ (H.selected_classes t ht).1 = ({u, H.a1, w, q} : Finset ℝ²)) ∨ (t = H.a1 ∧ (H.selected_classes t ht).1 = ({u, H.a0, w, q} : Finset ℝ²)))) ∨ (t = H.a0 ∧ a = H.a1 ∧ dist w H.a0 = dist w H.a1 ∧ dist H.a0 q = dist H.a0 H.a1 ∧ (H.selected_classes t ht).1 = ({q, w, H.a1, r} : Finset ℝ²) ∧ (H.selected_classes s hs).1 = ({H.a0, H.a1, r, b} : Finset ℝ²) ∧ (H.selected_classes s hs).1 ∩ (H.selected_classes t ht).1 = ({H.a1, r} : Finset ℝ²) ∧ r ∉ ({q, w, H.a0, H.a1} : Finset ℝ²) ∧ dist H.a0 r = dist H.a0 q ∧ dist H.a0 r = dist H.a0 w ∧ dist H.a0 r = dist H.a0 H.a1 ∧ b ∉ ({q, w, H.a0, H.a1} : Finset ℝ²) ∧ (H.selected_classes s hs).1 ∩ ({q, w, H.a0, H.a1} : Finset ℝ²) = ({H.a0, H.a1} : Finset ℝ²) ∧ (H.selected_classes s hs).1 ∩ ({v3, v1, qs, u} : Finset ℝ²) = ({r, b} : Finset ℝ²) ∧ (H.selected_classes t ht).1 ∩ ({q, w, H.a0, H.a1} : Finset ℝ²) = ({q, w, H.a1} : Finset ℝ²) ∧ (H.selected_classes t ht).1 ∩ ({v3, v1, qs, u} : Finset ℝ²) = ({r} : Finset ℝ²) ∧ (H.selected_classes s hs).1 \\ (H.selected_classes t ht).1 = ({H.a0, b} : Finset ℝ²) ∧ (H.selected_classes t ht).1 \\ (H.selected_classes s hs).1 = ({q, w} : Finset ℝ²)) ∨ (t = H.a1 ∧ a = H.a0 ∧ dist w H.a1 = dist w H.a0 ∧ dist H.a1 q = dist H.a1 H.a0 ∧ (H.selected_classes t ht).1 = ({q, w, H.a0, r} : Finset ℝ²) ∧ (H.selected_classes s hs).1 = ({H.a1, H.a0, r, b} : Finset ℝ²) ∧ (H.selected_classes s hs).1 ∩ (H.selected_classes t ht).1 = ({H.a0, r} : Finset ℝ²) ∧ r ∉ ({q, w, H.a0, H.a1} : Finset ℝ²) ∧ dist H.a1 r = dist H.a1 q ∧ dist H.a1 r = dist H.a1 w ∧ dist H.a1 r = dist H.a1 H.a0 ∧ b ∉ ({q, w, H.a0, H.a1} : Finset ℝ²) ∧ (H.selected_classes s hs).1 ∩ ({q, w, H.a0, H.a1} : Finset ℝ²) = ({H.a1, H.a0} : Finset ℝ²) ∧ (H.selected_classes s hs).1 ∩ ({v3, v1, qs, u} : Finset ℝ²) = ({r, b} : Finset ℝ²) ∧ (H.selected_classes t ht).1 ∩ ({q, w, H.a0, H.a1} : Finset ℝ²) = ({q, w, H.a0} : Finset ℝ²) ∧ (H.selected_classes t ht).1 ∩ ({v3, v1, qs, u} : Finset ℝ²) = ({r} : Finset ℝ²) ∧ (H.selected_classes s hs).1 \\ (H.selected_classes t ht).1 = ({H.a1, b} : Finset ℝ²) ∧ (H.selected_classes t ht).1 \\ (H.selected_classes s hs).1 = ({q, w} : Finset ℝ²))) ∧ (a = q → dist w b = dist w r ∧ dist q b = dist q r ∧ ((({b, r} : Finset ℝ²) = ({v1, qs} : Finset ℝ²) ∧ inner ℝ (w - q) (v1 - qs) = 0) ∨ (({b, r} : Finset ℝ²) = ({v1, u} : Finset ℝ²) ∧ inner ℝ (w - q) (v1 - u) = 0) ∨ (({b, r} : Finset ℝ²) = ({qs, u} : Finset ℝ²) ∧ inner ℝ (w - q) (qs - u) = 0)) ∧ (r = v1 ∨ r = qs ∨ r = u) ∧ (b = v1 ∨ b = qs ∨ b = u))
Problem97.C5D3B.rowCircle_private_sdiff_eq_singleton_of_slices	lean/RVOL/P97/C5D3BPacket.lean	22413	source-proved	theorem rowCircle_private_sdiff_eq_singleton_of_slices {B₁ B₂ R : Finset ℝ²} {r b : ℝ²} (hb_ne_r : b ≠ r) (hbNotB₂ : b ∉ B₂) (hS_R : B₁ ∩ R = ({r, b} : Finset ℝ²)) (hT_R : B₂ ∩ R = ({r} : Finset ℝ²)) : (B₁ \\ B₂) ∩ R = ({b} : Finset ℝ²) ∧ (B₂ \\ B₁) ∩ R = ∅
Problem97.C5D3B.qAllowedSelected_two_full_common_two_side_w_aux_ordered_private_sdiff_rowCircle_private	lean/RVOL/P97/C5D3BPacket.lean	22483	source-proved	theorem qAllowedSelected_two_full_common_two_side_w_aux_ordered_private_sdiff_rowCircle_private {D : CounterexampleData} {q v1 v3 qs w u s t r : ℝ²} (P : C5D3BSameSideTerminalPacket D q v1 v3 qs w u) (H : U5QAllowedAuditSupport D q v3 ({v1, qs, w} : Finset ℝ²) u) (hs : s ∈ U5BoundedAuditCenters D q v3 ({v1, qs, w} : Finset ℝ²) u H.a0 H.a1) (ht : t ∈ U5BoundedAuditCenters D q v3 ({v1, qs, w} : Finset ℝ²) u H.a0 H.a1) (hsrow : s ∈ ({w, H.a0, H.a1} : Finset ℝ²)) (htrow : t ∈ ({w, H.a0, H.a1} : Finset ℝ²)) (hst : s ≠ t) (hstwo : (((H.selected_classes s hs).1) ∩ (({q, w, H.a0, H.a1} : Finset ℝ²).erase s)).card = 2) (htfull : ((H.selected_classes t ht).1 ∩ (({q, w, H.a0, H.a1} : Finset ℝ²).erase t)) = (({q, w, H.a0, H.a1} : Finset ℝ²).erase t)) (hr : r ∈ (((H.selected_classes s hs).1 ∩ (H.selected_classes t ht).1) ∩ ({v3, v1, qs, u} : Finset ℝ²))) (hsw : s = w) : ∃ a b : ℝ², a ∈ (({q, w, H.a0, H.a1} : Finset ℝ²).erase s) ∩ (({q, w, H.a0, H.a1} : Finset ℝ²).erase t) ∧ a ∈ (H.selected_classes s hs).1 ∧ a ∈ (H.selected_classes t ht).1 ∧ b ≠ r ∧ b ∈ (H.selected_classes s hs).1 ∩ ({v3, v1, qs, u} : Finset ℝ²) ∧ b ∉ (H.selected_classes t ht).1 ∧ (H.selected_classes s hs).1 = ({t, a} : Finset ℝ²) ∪ ({r, b} : Finset ℝ²) ∧ ((a = q ∧ (H.selected_classes s hs).1 ∩ (H.selected_classes t ht).1 = ({q, u} : Finset ℝ²) ∧ ((t = H.a0 ∧ (H.selected_classes t ht).1 = ({u, H.a1, w, q} : Finset ℝ²)) ∨ (t = H.a1 ∧ (H.selected_classes t ht).1 = ({u, H.a0, w, q} : Finset ℝ²)))) ∨ (t = H.a0 ∧ a = H.a1 ∧ dist w H.a0 = dist w H.a1 ∧ dist H.a0 q = dist H.a0 H.a1 ∧ (H.selected_classes t ht).1 = ({q, w, H.a1, r} : Finset ℝ²) ∧ (H.selected_classes s hs).1 = ({H.a0, H.a1, r, b} : Finset ℝ²) ∧ (H.selected_classes s hs).1 ∩ (H.selected_classes t ht).1 = ({H.a1, r} : Finset ℝ²) ∧ r ∉ ({q, w, H.a0, H.a1} : Finset ℝ²) ∧ dist H.a0 r = dist H.a0 q ∧ dist H.a0 r = dist H.a0 w ∧ dist H.a0 r = dist H.a0 H.a1 ∧ b ∉ ({q, w, H.a0, H.a1} : Finset ℝ²) ∧ (H.selected_classes s hs).1 ∩ ({q, w, H.a0, H.a1} : Finset ℝ²) = ({H.a0, H.a1} : Finset ℝ²) ∧ (H.selected_classes s hs).1 ∩ ({v3, v1, qs, u} : Finset ℝ²) = ({r, b} : Finset ℝ²) ∧ (H.selected_classes t ht).1 ∩ ({q, w, H.a0, H.a1} : Finset ℝ²) = ({q, w, H.a1} : Finset ℝ²) ∧ (H.selected_classes t ht).1 ∩ ({v3, v1, qs, u} : Finset ℝ²) = ({r} : Finset ℝ²) ∧ (H.selected_classes s hs).1 \\ (H.selected_classes t ht).1 = ({H.a0, b} : Finset ℝ²) ∧ (H.selected_classes t ht).1 \\ (H.selected_classes s hs).1 = ({q, w} : Finset ℝ²) ∧ ((H.selected_classes s hs).1 \\ (H.selected_classes t ht).1) ∩ ({v3, v1, qs, u} : Finset ℝ²) = ({b} : Finset ℝ²) ∧ ((H.selected_classes t ht).1 \\ (H.selected_classes s hs).1) ∩ ({v3, v1, qs, u} : Finset ℝ²) = ∅) ∨ (t = H.a1 ∧ a = H.a0 ∧ dist w H.a1 = dist w H.a0 ∧ dist H.a1 q = dist H.a1 H.a0 ∧ (H.selected_classes t ht).1 = ({q, w, H.a0, r} : Finset ℝ²) ∧ (H.selected_classes s hs).1 = ({H.a1, H.a0, r, b} : Finset ℝ²) ∧ (H.selected_classes s hs).1 ∩ (H.selected_classes t ht).1 = ({H.a0, r} : Finset ℝ²) ∧ r ∉ ({q, w, H.a0, H.a1} : Finset ℝ²) ∧ dist H.a1 r = dist H.a1 q ∧ dist H.a1 r = dist H.a1 w ∧ dist H.a1 r = dist H.a1 H.a0 ∧ b ∉ ({q, w, H.a0, H.a1} : Finset ℝ²) ∧ (H.selected_classes s hs).1 ∩ ({q, w, H.a0, H.a1} : Finset ℝ²) = ({H.a1, H.a0} : Finset ℝ²) ∧ (H.selected_classes s hs).1 ∩ ({v3, v1, qs, u} : Finset ℝ²) = ({r, b} : Finset ℝ²) ∧ (H.selected_classes t ht).1 ∩ ({q, w, H.a0, H.a1} : Finset ℝ²) = ({q, w, H.a0} : Finset ℝ²) ∧ (H.selected_classes t ht).1 ∩ ({v3, v1, qs, u} : Finset ℝ²) = ({r} : Finset ℝ²) ∧ (H.selected_classes s hs).1 \\ (H.selected_classes t ht).1 = ({H.a1, b} : Finset ℝ²) ∧ (H.selected_classes t ht).1 \\ (H.selected_classes s hs).1 = ({q, w} : Finset ℝ²) ∧ ((H.selected_classes s hs).1 \\ (H.selected_classes t ht).1) ∩ ({v3, v1, qs, u} : Finset ℝ²) = ({b} : Finset ℝ²) ∧ ((H.selected_classes t ht).1 \\ (H.selected_classes s hs).1) ∩ ({v3, v1, qs, u} : Finset ℝ²) = ∅)) ∧ (a = q → dist w b = dist w r ∧ dist q b = dist q r ∧ ((({b, r} : Finset ℝ²) = ({v1, qs} : Finset ℝ²) ∧ inner ℝ (w - q) (v1 - qs) = 0) ∨ (({b, r} : Finset ℝ²) = ({v1, u} : Finset ℝ²) ∧ inner ℝ (w - q) (v1 - u) = 0) ∨ (({b, r} : Finset ℝ²) = ({qs, u} : Finset ℝ²) ∧ inner ℝ (w - q) (qs - u) = 0)) ∧ (r = v1 ∨ r = qs ∨ r = u) ∧ (b = v1 ∨ b = qs ∨ b = u))
Problem97.C5D3B.q_not_mem_rowCircle_labels	lean/RVOL/P97/C5D3BPacket.lean	22774	source-proved	theorem q_not_mem_rowCircle_labels {D : CounterexampleData} {q v1 v3 qs w u : ℝ²} (P : C5D3BSameSideTerminalPacket D q v1 v3 qs w u) : q ∉ ({v3, v1, qs, u} : Finset ℝ²)
Problem97.C5D3B.qAllowedSelected_two_full_common_two_side_w_aux_ordered_private_sdiff_common_tail	lean/RVOL/P97/C5D3BPacket.lean	22904	source-proved	theorem qAllowedSelected_two_full_common_two_side_w_aux_ordered_private_sdiff_common_tail {D : CounterexampleData} {q v1 v3 qs w u s t r : ℝ²} (P : C5D3BSameSideTerminalPacket D q v1 v3 qs w u) (H : U5QAllowedAuditSupport D q v3 ({v1, qs, w} : Finset ℝ²) u) (hs : s ∈ U5BoundedAuditCenters D q v3 ({v1, qs, w} : Finset ℝ²) u H.a0 H.a1) (ht : t ∈ U5BoundedAuditCenters D q v3 ({v1, qs, w} : Finset ℝ²) u H.a0 H.a1) (hsrow : s ∈ ({w, H.a0, H.a1} : Finset ℝ²)) (htrow : t ∈ ({w, H.a0, H.a1} : Finset ℝ²)) (hst : s ≠ t) (hstwo : (((H.selected_classes s hs).1) ∩ (({q, w, H.a0, H.a1} : Finset ℝ²).erase s)).card = 2) (htfull : ((H.selected_classes t ht).1 ∩ (({q, w, H.a0, H.a1} : Finset ℝ²).erase t)) = (({q, w, H.a0, H.a1} : Finset ℝ²).erase t)) (hr : r ∈ (((H.selected_classes s hs).1 ∩ (H.selected_classes t ht).1) ∩ ({v3, v1, qs, u} : Finset ℝ²))) (hsw : s = w) : ∃ a b : ℝ², a ∈ (({q, w, H.a0, H.a1} : Finset ℝ²).erase s) ∩ (({q, w, H.a0, H.a1} : Finset ℝ²).erase t) ∧ a ∈ (H.selected_classes s hs).1 ∧ a ∈ (H.selected_classes t ht).1 ∧ b ≠ r ∧ b ∈ (H.selected_classes s hs).1 ∩ ({v3, v1, qs, u} : Finset ℝ²) ∧ b ∉ (H.selected_classes t ht).1 ∧ (H.selected_classes s hs).1 = ({t, a} : Finset ℝ²) ∪ ({r, b} : Finset ℝ²) ∧ ((a = q ∧ (H.selected_classes s hs).1 ∩ (H.selected_classes t ht).1 = ({q, u} : Finset ℝ²) ∧ ((t = H.a0 ∧ (H.selected_classes t ht).1 = ({u, H.a1, w, q} : Finset ℝ²)) ∨ (t = H.a1 ∧ (H.selected_classes t ht).1 = ({u, H.a0, w, q} : Finset ℝ²)))) ∨ (t = H.a0 ∧ a = H.a1 ∧ dist w H.a0 = dist w H.a1 ∧ dist H.a0 q = dist H.a0 H.a1 ∧ (H.selected_classes t ht).1 = ({q, w, H.a1, r} : Finset ℝ²) ∧ (H.selected_classes s hs).1 = ({H.a0, H.a1, r, b} : Finset ℝ²) ∧ (H.selected_classes s hs).1 ∩ (H.selected_classes t ht).1 = ({H.a1, r} : Finset ℝ²) ∧ r ∉ ({q, w, H.a0, H.a1} : Finset ℝ²) ∧ dist H.a0 r = dist H.a0 q ∧ dist H.a0 r = dist H.a0 w ∧ dist H.a0 r = dist H.a0 H.a1 ∧ b ∉ ({q, w, H.a0, H.a1} : Finset ℝ²) ∧ (H.selected_classes s hs).1 ∩ ({q, w, H.a0, H.a1} : Finset ℝ²) = ({H.a0, H.a1} : Finset ℝ²) ∧ (H.selected_classes s hs).1 ∩ ({v3, v1, qs, u} : Finset ℝ²) = ({r, b} : Finset ℝ²) ∧ (H.selected_classes t ht).1 ∩ ({q, w, H.a0, H.a1} : Finset ℝ²) = ({q, w, H.a1} : Finset ℝ²) ∧ (H.selected_classes t ht).1 ∩ ({v3, v1, qs, u} : Finset ℝ²) = ({r} : Finset ℝ²) ∧ (H.selected_classes s hs).1 \\ (H.selected_classes t ht).1 = ({H.a0, b} : Finset ℝ²) ∧ (H.selected_classes t ht).1 \\ (H.selected_classes s hs).1 = ({q, w} : Finset ℝ²) ∧ ((H.selected_classes s hs).1 \\ (H.selected_classes t ht).1) ∩ ({v3, v1, qs, u} : Finset ℝ²) = ({b} : Finset ℝ²) ∧ ((H.selected_classes t ht).1 \\ (H.selected_classes s hs).1) ∩ ({v3, v1, qs, u} : Finset ℝ²) = ∅ ∧ (r = v3 ∨ r = u)) ∨ (t = H.a1 ∧ a = H.a0 ∧ dist w H.a1 = dist w H.a0 ∧ dist H.a1 q = dist H.a1 H.a0 ∧ (H.selected_classes t ht).1 = ({q, w, H.a0, r} : Finset ℝ²) ∧ (H.selected_classes s hs).1 = ({H.a1, H.a0, r, b} : Finset ℝ²) ∧ (H.selected_classes s hs).1 ∩ (H.selected_classes t ht).1 = ({H.a0, r} : Finset ℝ²) ∧ r ∉ ({q, w, H.a0, H.a1} : Finset ℝ²) ∧ dist H.a1 r = dist H.a1 q ∧ dist H.a1 r = dist H.a1 w ∧ dist H.a1 r = dist H.a1 H.a0 ∧ b ∉ ({q, w, H.a0, H.a1} : Finset ℝ²) ∧ (H.selected_classes s hs).1 ∩ ({q, w, H.a0, H.a1} : Finset ℝ²) = ({H.a1, H.a0} : Finset ℝ²) ∧ (H.selected_classes s hs).1 ∩ ({v3, v1, qs, u} : Finset ℝ²) = ({r, b} : Finset ℝ²) ∧ (H.selected_classes t ht).1 ∩ ({q, w, H.a0, H.a1} : Finset ℝ²) = ({q, w, H.a0} : Finset ℝ²) ∧ (H.selected_classes t ht).1 ∩ ({v3, v1, qs, u} : Finset ℝ²) = ({r} : Finset ℝ²) ∧ (H.selected_classes s hs).1 \\ (H.selected_classes t ht).1 = ({H.a1, b} : Finset ℝ²) ∧ (H.selected_classes t ht).1 \\ (H.selected_classes s hs).1 = ({q, w} : Finset ℝ²) ∧ ((H.selected_classes s hs).1 \\ (H.selected_classes t ht).1) ∩ ({v3, v1, qs, u} : Finset ℝ²) = ({b} : Finset ℝ²) ∧ ((H.selected_classes t ht).1 \\ (H.selected_classes s hs).1) ∩ ({v3, v1, qs, u} : Finset ℝ²) = ∅ ∧ (r = v3 ∨ r = u))) ∧ (a = q → dist w b = dist w r ∧ dist q b = dist q r ∧ ((({b, r} : Finset ℝ²) = ({v1, qs} : Finset ℝ²) ∧ inner ℝ (w - q) (v1 - qs) = 0) ∨ (({b, r} : Finset ℝ²) = ({v1, u} : Finset ℝ²) ∧ inner ℝ (w - q) (v1 - u) = 0) ∨ (({b, r} : Finset ℝ²) = ({qs, u} : Finset ℝ²) ∧ inner ℝ (w - q) (qs - u) = 0)) ∧ (r = v1 ∨ r = qs ∨ r = u) ∧ (b = v1 ∨ b = qs ∨ b = u))
Problem97.C5D3B.qAllowedSelected_two_full_common_two_side_w_aux_common_tail_private_label_cases	lean/RVOL/P97/C5D3BPacket.lean	23151	source-proved	theorem qAllowedSelected_two_full_common_two_side_w_aux_common_tail_private_label_cases {D : CounterexampleData} {q v1 v3 qs w u s t r : ℝ²} (P : C5D3BSameSideTerminalPacket D q v1 v3 qs w u) (H : U5QAllowedAuditSupport D q v3 ({v1, qs, w} : Finset ℝ²) u) (hs : s ∈ U5BoundedAuditCenters D q v3 ({v1, qs, w} : Finset ℝ²) u H.a0 H.a1) (ht : t ∈ U5BoundedAuditCenters D q v3 ({v1, qs, w} : Finset ℝ²) u H.a0 H.a1) (hsrow : s ∈ ({w, H.a0, H.a1} : Finset ℝ²)) (htrow : t ∈ ({w, H.a0, H.a1} : Finset ℝ²)) (hst : s ≠ t) (hstwo : (((H.selected_classes s hs).1) ∩ (({q, w, H.a0, H.a1} : Finset ℝ²).erase s)).card = 2) (htfull : ((H.selected_classes t ht).1 ∩ (({q, w, H.a0, H.a1} : Finset ℝ²).erase t)) = (({q, w, H.a0, H.a1} : Finset ℝ²).erase t)) (hr : r ∈ (((H.selected_classes s hs).1 ∩ (H.selected_classes t ht).1) ∩ ({v3, v1, qs, u} : Finset ℝ²))) (hsw : s = w) : ∃ a b : ℝ², a ∈ (({q, w, H.a0, H.a1} : Finset ℝ²).erase s) ∩ (({q, w, H.a0, H.a1} : Finset ℝ²).erase t) ∧ a ∈ (H.selected_classes s hs).1 ∧ a ∈ (H.selected_classes t ht).1 ∧ b ≠ r ∧ b ∈ (H.selected_classes s hs).1 ∩ ({v3, v1, qs, u} : Finset ℝ²) ∧ b ∉ (H.selected_classes t ht).1 ∧ (H.selected_classes s hs).1 = ({t, a} : Finset ℝ²) ∪ ({r, b} : Finset ℝ²) ∧ ((a = q ∧ (H.selected_classes s hs).1 ∩ (H.selected_classes t ht).1 = ({q, u} : Finset ℝ²) ∧ ((t = H.a0 ∧ (H.selected_classes t ht).1 = ({u, H.a1, w, q} : Finset ℝ²)) ∨ (t = H.a1 ∧ (H.selected_classes t ht).1 = ({u, H.a0, w, q} : Finset ℝ²)))) ∨ (t = H.a0 ∧ a = H.a1 ∧ ((r = v3 ∧ (b = v1 ∨ b = qs ∨ b = u)) ∨ (r = u ∧ (b = v3 ∨ b = v1 ∨ b = qs)))) ∨ (t = H.a1 ∧ a = H.a0 ∧ ((r = v3 ∧ (b = v1 ∨ b = qs ∨ b = u)) ∨ (r = u ∧ (b = v3 ∨ b = v1 ∨ b = qs))))) ∧ (a = q → dist w b = dist w r ∧ dist q b = dist q r ∧ ((({b, r} : Finset ℝ²) = ({v1, qs} : Finset ℝ²) ∧ inner ℝ (w - q) (v1 - qs) = 0) ∨ (({b, r} : Finset ℝ²) = ({v1, u} : Finset ℝ²) ∧ inner ℝ (w - q) (v1 - u) = 0) ∨ (({b, r} : Finset ℝ²) = ({qs, u} : Finset ℝ²) ∧ inner ℝ (w - q) (qs - u) = 0)) ∧ (r = v1 ∨ r = qs ∨ r = u) ∧ (b = v1 ∨ b = qs ∨ b = u))
Problem97.C5D3B.qAllowedSelected_two_full_common_two_side_w_aux_common_tail_private_metric_label_cases	lean/RVOL/P97/C5D3BPacket.lean	23264	source-proved	theorem qAllowedSelected_two_full_common_two_side_w_aux_common_tail_private_metric_label_cases {D : CounterexampleData} {q v1 v3 qs w u s t r : ℝ²} (P : C5D3BSameSideTerminalPacket D q v1 v3 qs w u) (H : U5QAllowedAuditSupport D q v3 ({v1, qs, w} : Finset ℝ²) u) (hs : s ∈ U5BoundedAuditCenters D q v3 ({v1, qs, w} : Finset ℝ²) u H.a0 H.a1) (ht : t ∈ U5BoundedAuditCenters D q v3 ({v1, qs, w} : Finset ℝ²) u H.a0 H.a1) (hsrow : s ∈ ({w, H.a0, H.a1} : Finset ℝ²)) (htrow : t ∈ ({w, H.a0, H.a1} : Finset ℝ²)) (hst : s ≠ t) (hstwo : (((H.selected_classes s hs).1) ∩ (({q, w, H.a0, H.a1} : Finset ℝ²).erase s)).card = 2) (htfull : ((H.selected_classes t ht).1 ∩ (({q, w, H.a0, H.a1} : Finset ℝ²).erase t)) = (({q, w, H.a0, H.a1} : Finset ℝ²).erase t)) (hr : r ∈ (((H.selected_classes s hs).1 ∩ (H.selected_classes t ht).1) ∩ ({v3, v1, qs, u} : Finset ℝ²))) (hsw : s = w) : ∃ a b : ℝ², a ∈ (({q, w, H.a0, H.a1} : Finset ℝ²).erase s) ∩ (({q, w, H.a0, H.a1} : Finset ℝ²).erase t) ∧ a ∈ (H.selected_classes s hs).1 ∧ a ∈ (H.selected_classes t ht).1 ∧ b ≠ r ∧ b ∈ (H.selected_classes s hs).1 ∩ ({v3, v1, qs, u} : Finset ℝ²) ∧ b ∉ (H.selected_classes t ht).1 ∧ (H.selected_classes s hs).1 = ({t, a} : Finset ℝ²) ∪ ({r, b} : Finset ℝ²) ∧ ((a = q ∧ (H.selected_classes s hs).1 ∩ (H.selected_classes t ht).1 = ({q, u} : Finset ℝ²) ∧ ((t = H.a0 ∧ (H.selected_classes t ht).1 = ({u, H.a1, w, q} : Finset ℝ²)) ∨ (t = H.a1 ∧ (H.selected_classes t ht).1 = ({u, H.a0, w, q} : Finset ℝ²)))) ∨ (t = H.a0 ∧ a = H.a1 ∧ dist w b = dist w r ∧ dist q b = dist q r ∧ ((({b, r} : Finset ℝ²) = ({v3, v1} : Finset ℝ²) ∧ inner ℝ (w - q) (v3 - v1) = 0) ∨ (({b, r} : Finset ℝ²) = ({v3, qs} : Finset ℝ²) ∧ inner ℝ (w - q) (v3 - qs) = 0) ∨ (({b, r} : Finset ℝ²) = ({v3, u} : Finset ℝ²) ∧ inner ℝ (w - q) (v3 - u) = 0) ∨ (({b, r} : Finset ℝ²) = ({v1, qs} : Finset ℝ²) ∧ inner ℝ (w - q) (v1 - qs) = 0) ∨ (({b, r} : Finset ℝ²) = ({v1, u} : Finset ℝ²) ∧ inner ℝ (w - q) (v1 - u) = 0) ∨ (({b, r} : Finset ℝ²) = ({qs, u} : Finset ℝ²) ∧ inner ℝ (w - q) (qs - u) = 0)) ∧ ((r = v3 ∧ (b = v1 ∨ b = qs ∨ b = u)) ∨ (r = u ∧ (b = v3 ∨ b = v1 ∨ b = qs)))) ∨ (t = H.a1 ∧ a = H.a0 ∧ dist w b = dist w r ∧ dist q b = dist q r ∧ ((({b, r} : Finset ℝ²) = ({v3, v1} : Finset ℝ²) ∧ inner ℝ (w - q) (v3 - v1) = 0) ∨ (({b, r} : Finset ℝ²) = ({v3, qs} : Finset ℝ²) ∧ inner ℝ (w - q) (v3 - qs) = 0) ∨ (({b, r} : Finset ℝ²) = ({v3, u} : Finset ℝ²) ∧ inner ℝ (w - q) (v3 - u) = 0) ∨ (({b, r} : Finset ℝ²) = ({v1, qs} : Finset ℝ²) ∧ inner ℝ (w - q) (v1 - qs) = 0) ∨ (({b, r} : Finset ℝ²) = ({v1, u} : Finset ℝ²) ∧ inner ℝ (w - q) (v1 - u) = 0) ∨ (({b, r} : Finset ℝ²) = ({qs, u} : Finset ℝ²) ∧ inner ℝ (w - q) (qs - u) = 0)) ∧ ((r = v3 ∧ (b = v1 ∨ b = qs ∨ b = u)) ∨ (r = u ∧ (b = v3 ∨ b = v1 ∨ b = qs))))) ∧ (a = q → dist w b = dist w r ∧ dist q b = dist q r ∧ ((({b, r} : Finset ℝ²) = ({v1, qs} : Finset ℝ²) ∧ inner ℝ (w - q) (v1 - qs) = 0) ∨ (({b, r} : Finset ℝ²) = ({v1, u} : Finset ℝ²) ∧ inner ℝ (w - q) (v1 - u) = 0) ∨ (({b, r} : Finset ℝ²) = ({qs, u} : Finset ℝ²) ∧ inner ℝ (w - q) (qs - u) = 0)) ∧ (r = v1 ∨ r = qs ∨ r = u) ∧ (b = v1 ∨ b = qs ∨ b = u))
Problem97.C5D3B.qAllowedSelected_two_full_common_two_side_w_aux_q_anchor_common_u	lean/RVOL/P97/C5D3BPacket.lean	23421	source-proved	theorem qAllowedSelected_two_full_common_two_side_w_aux_q_anchor_common_u {D : CounterexampleData} {q v1 v3 qs w u s t r : ℝ²} (P : C5D3BSameSideTerminalPacket D q v1 v3 qs w u) (H : U5QAllowedAuditSupport D q v3 ({v1, qs, w} : Finset ℝ²) u) (hs : s ∈ U5BoundedAuditCenters D q v3 ({v1, qs, w} : Finset ℝ²) u H.a0 H.a1) (ht : t ∈ U5BoundedAuditCenters D q v3 ({v1, qs, w} : Finset ℝ²) u H.a0 H.a1) (hsrow : s ∈ ({w, H.a0, H.a1} : Finset ℝ²)) (htrow : t ∈ ({w, H.a0, H.a1} : Finset ℝ²)) (hst : s ≠ t) (hstwo : (((H.selected_classes s hs).1) ∩ (({q, w, H.a0, H.a1} : Finset ℝ²).erase s)).card = 2) (htfull : ((H.selected_classes t ht).1 ∩ (({q, w, H.a0, H.a1} : Finset ℝ²).erase t)) = (({q, w, H.a0, H.a1} : Finset ℝ²).erase t)) (hr : r ∈ (((H.selected_classes s hs).1 ∩ (H.selected_classes t ht).1) ∩ ({v3, v1, qs, u} : Finset ℝ²))) (hsw : s = w) : ∃ a b : ℝ², a ∈ (({q, w, H.a0, H.a1} : Finset ℝ²).erase s) ∩ (({q, w, H.a0, H.a1} : Finset ℝ²).erase t) ∧ a ∈ (H.selected_classes s hs).1 ∧ a ∈ (H.selected_classes t ht).1 ∧ b ≠ r ∧ b ∈ (H.selected_classes s hs).1 ∩ ({v3, v1, qs, u} : Finset ℝ²) ∧ b ∉ (H.selected_classes t ht).1 ∧ (H.selected_classes s hs).1 = ({t, a} : Finset ℝ²) ∪ ({r, b} : Finset ℝ²) ∧ ((a = q ∧ (H.selected_classes s hs).1 ∩ (H.selected_classes t ht).1 = ({q, u} : Finset ℝ²) ∧ ((t = H.a0 ∧ (H.selected_classes t ht).1 = ({u, H.a1, w, q} : Finset ℝ²)) ∨ (t = H.a1 ∧ (H.selected_classes t ht).1 = ({u, H.a0, w, q} : Finset ℝ²))) ∧ r = u ∧ (b = v1 ∨ b = qs)) ∨ (t = H.a0 ∧ a = H.a1 ∧ dist w b = dist w r ∧ dist q b = dist q r ∧ ((({b, r} : Finset ℝ²) = ({v3, v1} : Finset ℝ²) ∧ inner ℝ (w - q) (v3 - v1) = 0) ∨ (({b, r} : Finset ℝ²) = ({v3, qs} : Finset ℝ²) ∧ inner ℝ (w - q) (v3 - qs) = 0) ∨ (({b, r} : Finset ℝ²) = ({v3, u} : Finset ℝ²) ∧ inner ℝ (w - q) (v3 - u) = 0) ∨ (({b, r} : Finset ℝ²) = ({v1, qs} : Finset ℝ²) ∧ inner ℝ (w - q) (v1 - qs) = 0) ∨ (({b, r} : Finset ℝ²) = ({v1, u} : Finset ℝ²) ∧ inner ℝ (w - q) (v1 - u) = 0) ∨ (({b, r} : Finset ℝ²) = ({qs, u} : Finset ℝ²) ∧ inner ℝ (w - q) (qs - u) = 0)) ∧ ((r = v3 ∧ (b = v1 ∨ b = qs ∨ b = u)) ∨ (r = u ∧ (b = v3 ∨ b = v1 ∨ b = qs)))) ∨ (t = H.a1 ∧ a = H.a0 ∧ dist w b = dist w r ∧ dist q b = dist q r ∧ ((({b, r} : Finset ℝ²) = ({v3, v1} : Finset ℝ²) ∧ inner ℝ (w - q) (v3 - v1) = 0) ∨ (({b, r} : Finset ℝ²) = ({v3, qs} : Finset ℝ²) ∧ inner ℝ (w - q) (v3 - qs) = 0) ∨ (({b, r} : Finset ℝ²) = ({v3, u} : Finset ℝ²) ∧ inner ℝ (w - q) (v3 - u) = 0) ∨ (({b, r} : Finset ℝ²) = ({v1, qs} : Finset ℝ²) ∧ inner ℝ (w - q) (v1 - qs) = 0) ∨ (({b, r} : Finset ℝ²) = ({v1, u} : Finset ℝ²) ∧ inner ℝ (w - q) (v1 - u) = 0) ∨ (({b, r} : Finset ℝ²) = ({qs, u} : Finset ℝ²) ∧ inner ℝ (w - q) (qs - u) = 0)) ∧ ((r = v3 ∧ (b = v1 ∨ b = qs ∨ b = u)) ∨ (r = u ∧ (b = v3 ∨ b = v1 ∨ b = qs))))) ∧ (a = q → dist w b = dist w r ∧ dist q b = dist q r ∧ ((({b, r} : Finset ℝ²) = ({v1, qs} : Finset ℝ²) ∧ inner ℝ (w - q) (v1 - qs) = 0) ∨ (({b, r} : Finset ℝ²) = ({v1, u} : Finset ℝ²) ∧ inner ℝ (w - q) (v1 - u) = 0) ∨ (({b, r} : Finset ℝ²) = ({qs, u} : Finset ℝ²) ∧ inner ℝ (w - q) (qs - u) = 0)) ∧ (r = v1 ∨ r = qs ∨ r = u) ∧ (b = v1 ∨ b = qs ∨ b = u))
Problem97.C5D3B.qAllowedSelected_two_full_common_two_side_w_aux_tail_ordered_metric_cells	lean/RVOL/P97/C5D3BPacket.lean	23581	source-proved	theorem qAllowedSelected_two_full_common_two_side_w_aux_tail_ordered_metric_cells {D : CounterexampleData} {q v1 v3 qs w u s t r : ℝ²} (P : C5D3BSameSideTerminalPacket D q v1 v3 qs w u) (H : U5QAllowedAuditSupport D q v3 ({v1, qs, w} : Finset ℝ²) u) (hs : s ∈ U5BoundedAuditCenters D q v3 ({v1, qs, w} : Finset ℝ²) u H.a0 H.a1) (ht : t ∈ U5BoundedAuditCenters D q v3 ({v1, qs, w} : Finset ℝ²) u H.a0 H.a1) (hsrow : s ∈ ({w, H.a0, H.a1} : Finset ℝ²)) (htrow : t ∈ ({w, H.a0, H.a1} : Finset ℝ²)) (hst : s ≠ t) (hstwo : (((H.selected_classes s hs).1) ∩ (({q, w, H.a0, H.a1} : Finset ℝ²).erase s)).card = 2) (htfull : ((H.selected_classes t ht).1 ∩ (({q, w, H.a0, H.a1} : Finset ℝ²).erase t)) = (({q, w, H.a0, H.a1} : Finset ℝ²).erase t)) (hr : r ∈ (((H.selected_classes s hs).1 ∩ (H.selected_classes t ht).1) ∩ ({v3, v1, qs, u} : Finset ℝ²))) (hsw : s = w) : ∃ a b : ℝ², a ∈ (({q, w, H.a0, H.a1} : Finset ℝ²).erase s) ∩ (({q, w, H.a0, H.a1} : Finset ℝ²).erase t) ∧ a ∈ (H.selected_classes s hs).1 ∧ a ∈ (H.selected_classes t ht).1 ∧ b ≠ r ∧ b ∈ (H.selected_classes s hs).1 ∩ ({v3, v1, qs, u} : Finset ℝ²) ∧ b ∉ (H.selected_classes t ht).1 ∧ (H.selected_classes s hs).1 = ({t, a} : Finset ℝ²) ∪ ({r, b} : Finset ℝ²) ∧ ((a = q ∧ (H.selected_classes s hs).1 ∩ (H.selected_classes t ht).1 = ({q, u} : Finset ℝ²) ∧ ((t = H.a0 ∧ (H.selected_classes t ht).1 = ({u, H.a1, w, q} : Finset ℝ²)) ∨ (t = H.a1 ∧ (H.selected_classes t ht).1 = ({u, H.a0, w, q} : Finset ℝ²))) ∧ r = u ∧ (b = v1 ∨ b = qs)) ∨ (t = H.a0 ∧ a = H.a1 ∧ ((r = v3 ∧ b = v1 ∧ dist w b = dist w r ∧ dist q b = dist q r ∧ inner ℝ (w - q) (v3 - v1) = 0) ∨ (r = v3 ∧ b = qs ∧ dist w b = dist w r ∧ dist q b = dist q r ∧ inner ℝ (w - q) (v3 - qs) = 0) ∨ (r = v3 ∧ b = u ∧ dist w b = dist w r ∧ dist q b = dist q r ∧ inner ℝ (w - q) (v3 - u) = 0) ∨ (r = u ∧ b = v3 ∧ dist w b = dist w r ∧ dist q b = dist q r ∧ inner ℝ (w - q) (v3 - u) = 0) ∨ (r = u ∧ b = v1 ∧ dist w b = dist w r ∧ dist q b = dist q r ∧ inner ℝ (w - q) (v1 - u) = 0) ∨ (r = u ∧ b = qs ∧ dist w b = dist w r ∧ dist q b = dist q r ∧ inner ℝ (w - q) (qs - u) = 0))) ∨ (t = H.a1 ∧ a = H.a0 ∧ ((r = v3 ∧ b = v1 ∧ dist w b = dist w r ∧ dist q b = dist q r ∧ inner ℝ (w - q) (v3 - v1) = 0) ∨ (r = v3 ∧ b = qs ∧ dist w b = dist w r ∧ dist q b = dist q r ∧ inner ℝ (w - q) (v3 - qs) = 0) ∨ (r = v3 ∧ b = u ∧ dist w b = dist w r ∧ dist q b = dist q r ∧ inner ℝ (w - q) (v3 - u) = 0) ∨ (r = u ∧ b = v3 ∧ dist w b = dist w r ∧ dist q b = dist q r ∧ inner ℝ (w - q) (v3 - u) = 0) ∨ (r = u ∧ b = v1 ∧ dist w b = dist w r ∧ dist q b = dist q r ∧ inner ℝ (w - q) (v1 - u) = 0) ∨ (r = u ∧ b = qs ∧ dist w b = dist w r ∧ dist q b = dist q r ∧ inner ℝ (w - q) (qs - u) = 0)))) ∧ (a = q → dist w b = dist w r ∧ dist q b = dist q r ∧ ((({b, r} : Finset ℝ²) = ({v1, qs} : Finset ℝ²) ∧ inner ℝ (w - q) (v1 - qs) = 0) ∨ (({b, r} : Finset ℝ²) = ({v1, u} : Finset ℝ²) ∧ inner ℝ (w - q) (v1 - u) = 0) ∨ (({b, r} : Finset ℝ²) = ({qs, u} : Finset ℝ²) ∧ inner ℝ (w - q) (qs - u) = 0)) ∧ (r = v1 ∨ r = qs ∨ r = u) ∧ (b = v1 ∨ b = qs ∨ b = u))
Problem97.C5D3B.qDeletedK4Class_nonempty_of_qAllowed_subset	lean/RVOL/P97/C5D3BPacket.lean	23802	source-proved	theorem qDeletedK4Class_nonempty_of_qAllowed_subset {D : CounterexampleData} {q source center : ℝ²} {B : Finset ℝ²} (hcenter : source = center) (K : U5QAllowedK4Class D source B) (hsubset : B ⊆ (D.skeleton q).erase center) (hqNot : q ∉ B) : Nonempty (U5QDeletedK4Class D q center B)
Problem97.C5D3B.qAllowedSelected_two_full_common_two_side_w_aux_q_anchor_cells	lean/RVOL/P97/C5D3BPacket.lean	24240	source-proved	theorem qAllowedSelected_two_full_common_two_side_w_aux_q_anchor_cells {D : CounterexampleData} {q v1 v3 qs w u s t r : ℝ²} (P : C5D3BSameSideTerminalPacket D q v1 v3 qs w u) (H : U5QAllowedAuditSupport D q v3 ({v1, qs, w} : Finset ℝ²) u) (hs : s ∈ U5BoundedAuditCenters D q v3 ({v1, qs, w} : Finset ℝ²) u H.a0 H.a1) (ht : t ∈ U5BoundedAuditCenters D q v3 ({v1, qs, w} : Finset ℝ²) u H.a0 H.a1) (hsrow : s ∈ ({w, H.a0, H.a1} : Finset ℝ²)) (htrow : t ∈ ({w, H.a0, H.a1} : Finset ℝ²)) (hst : s ≠ t) (hstwo : (((H.selected_classes s hs).1) ∩ (({q, w, H.a0, H.a1} : Finset ℝ²).erase s)).card = 2) (htfull : ((H.selected_classes t ht).1 ∩ (({q, w, H.a0, H.a1} : Finset ℝ²).erase t)) = (({q, w, H.a0, H.a1} : Finset ℝ²).erase t)) (hr : r ∈ (((H.selected_classes s hs).1 ∩ (H.selected_classes t ht).1) ∩ ({v3, v1, qs, u} : Finset ℝ²))) (hsw : s = w) : ∃ a b : ℝ², a ∈ (({q, w, H.a0, H.a1} : Finset ℝ²).erase s) ∩ (({q, w, H.a0, H.a1} : Finset ℝ²).erase t) ∧ a ∈ (H.selected_classes s hs).1 ∧ a ∈ (H.selected_classes t ht).1 ∧ b ≠ r ∧ b ∈ (H.selected_classes s hs).1 ∩ ({v3, v1, qs, u} : Finset ℝ²) ∧ b ∉ (H.selected_classes t ht).1 ∧ (H.selected_classes s hs).1 = ({t, a} : Finset ℝ²) ∪ ({r, b} : Finset ℝ²) ∧ ((a = q ∧ (H.selected_classes s hs).1 ∩ (H.selected_classes t ht).1 = ({q, u} : Finset ℝ²) ∧ r = u ∧ (b = v1 ∨ b = qs) ∧ ((t = H.a0 ∧ (((H.selected_classes s hs).1 = ({u, v1, H.a0, q} : Finset ℝ²)) ∧ (H.selected_classes t ht).1 = ({u, H.a1, w, q} : Finset ℝ²) ∧ dist H.a0 u = dist H.a0 w ∧ dist w v1 = dist w H.a0 ∨ ((H.selected_classes s hs).1 = ({u, qs, H.a0, q} : Finset ℝ²)) ∧ (H.selected_classes t ht).1 = ({u, H.a1, w, q} : Finset ℝ²) ∧ dist H.a0 u = dist H.a0 w ∧ dist w qs = dist w H.a0)) ∨ (t = H.a1 ∧ (((H.selected_classes s hs).1 = ({u, v1, H.a1, q} : Finset ℝ²)) ∧ (H.selected_classes t ht).1 = ({u, H.a0, w, q} : Finset ℝ²) ∧ dist H.a1 u = dist H.a1 w ∧ dist w v1 = dist w H.a1 ∨ ((H.selected_classes s hs).1 = ({u, qs, H.a1, q} : Finset ℝ²)) ∧ (H.selected_classes t ht).1 = ({u, H.a0, w, q} : Finset ℝ²) ∧ dist H.a1 u = dist H.a1 w ∧ dist w qs = dist w H.a1)))) ∨ (t = H.a0 ∧ a = H.a1 ∧ ((r = v3 ∧ b = v1 ∧ dist w b = dist w r ∧ dist q b = dist q r ∧ inner ℝ (w - q) (v3 - v1) = 0) ∨ (r = v3 ∧ b = qs ∧ dist w b = dist w r ∧ dist q b = dist q r ∧ inner ℝ (w - q) (v3 - qs) = 0) ∨ (r = v3 ∧ b = u ∧ dist w b = dist w r ∧ dist q b = dist q r ∧ inner ℝ (w - q) (v3 - u) = 0) ∨ (r = u ∧ b = v3 ∧ dist w b = dist w r ∧ dist q b = dist q r ∧ inner ℝ (w - q) (v3 - u) = 0) ∨ (r = u ∧ b = v1 ∧ dist w b = dist w r ∧ dist q b = dist q r ∧ inner ℝ (w - q) (v1 - u) = 0) ∨ (r = u ∧ b = qs ∧ dist w b = dist w r ∧ dist q b = dist q r ∧ inner ℝ (w - q) (qs - u) = 0))) ∨ (t = H.a1 ∧ a = H.a0 ∧ ((r = v3 ∧ b = v1 ∧ dist w b = dist w r ∧ dist q b = dist q r ∧ inner ℝ (w - q) (v3 - v1) = 0) ∨ (r = v3 ∧ b = qs ∧ dist w b = dist w r ∧ dist q b = dist q r ∧ inner ℝ (w - q) (v3 - qs) = 0) ∨ (r = v3 ∧ b = u ∧ dist w b = dist w r ∧ dist q b = dist q r ∧ inner ℝ (w - q) (v3 - u) = 0) ∨ (r = u ∧ b = v3 ∧ dist w b = dist w r ∧ dist q b = dist q r ∧ inner ℝ (w - q) (v3 - u) = 0) ∨ (r = u ∧ b = v1 ∧ dist w b = dist w r ∧ dist q b = dist q r ∧ inner ℝ (w - q) (v1 - u) = 0) ∨ (r = u ∧ b = qs ∧ dist w b = dist w r ∧ dist q b = dist q r ∧ inner ℝ (w - q) (qs - u) = 0)))) ∧ (a = q → dist w b = dist w r ∧ dist q b = dist q r ∧ ((({b, r} : Finset ℝ²) = ({v1, qs} : Finset ℝ²) ∧ inner ℝ (w - q) (v1 - qs) = 0) ∨ (({b, r} : Finset ℝ²) = ({v1, u} : Finset ℝ²) ∧ inner ℝ (w - q) (v1 - u) = 0) ∨ (({b, r} : Finset ℝ²) = ({qs, u} : Finset ℝ²) ∧ inner ℝ (w - q) (qs - u) = 0)) ∧ (r = v1 ∨ r = qs ∨ r = u) ∧ (b = v1 ∨ b = qs ∨ b = u))
Problem97.C5D3B.qAllowedSelected_two_full_common_two_side_w_aux_q_anchor_qcritical_cells	lean/RVOL/P97/C5D3BPacket.lean	24493	source-proved	theorem qAllowedSelected_two_full_common_two_side_w_aux_q_anchor_qcritical_cells {D : CounterexampleData} {q v1 v3 qs w u s t r : ℝ²} (P : C5D3BSameSideTerminalPacket D q v1 v3 qs w u) (H : U5QAllowedAuditSupport D q v3 ({v1, qs, w} : Finset ℝ²) u) (hs : s ∈ U5BoundedAuditCenters D q v3 ({v1, qs, w} : Finset ℝ²) u H.a0 H.a1) (ht : t ∈ U5BoundedAuditCenters D q v3 ({v1, qs, w} : Finset ℝ²) u H.a0 H.a1) (hsrow : s ∈ ({w, H.a0, H.a1} : Finset ℝ²)) (htrow : t ∈ ({w, H.a0, H.a1} : Finset ℝ²)) (hst : s ≠ t) (hstwo : (((H.selected_classes s hs).1) ∩ (({q, w, H.a0, H.a1} : Finset ℝ²).erase s)).card = 2) (htfull : ((H.selected_classes t ht).1 ∩ (({q, w, H.a0, H.a1} : Finset ℝ²).erase t)) = (({q, w, H.a0, H.a1} : Finset ℝ²).erase t)) (hr : r ∈ (((H.selected_classes s hs).1 ∩ (H.selected_classes t ht).1) ∩ ({v3, v1, qs, u} : Finset ℝ²))) (hsw : s = w) : ∃ a b : ℝ², a ∈ (({q, w, H.a0, H.a1} : Finset ℝ²).erase s) ∩ (({q, w, H.a0, H.a1} : Finset ℝ²).erase t) ∧ a ∈ (H.selected_classes s hs).1 ∧ a ∈ (H.selected_classes t ht).1 ∧ b ≠ r ∧ b ∈ (H.selected_classes s hs).1 ∩ ({v3, v1, qs, u} : Finset ℝ²) ∧ b ∉ (H.selected_classes t ht).1 ∧ (H.selected_classes s hs).1 = ({t, a} : Finset ℝ²) ∪ ({r, b} : Finset ℝ²) ∧ (a = q → (H.selected_classes s hs).1 ∩ (H.selected_classes t ht).1 = ({q, u} : Finset ℝ²) ∧ r = u ∧ (b = v1 ∨ b = qs) ∧ ((t = H.a0 ∧ (((H.selected_classes s hs).1 = ({u, v1, H.a0, q} : Finset ℝ²)) ∧ (H.selected_classes t ht).1 = ({u, H.a1, w, q} : Finset ℝ²) ∧ Nonempty (U5QCriticalTripleClass D q w ({u, v1, H.a0} : Finset ℝ²)) ∧ Nonempty (U5QCriticalTripleClass D q H.a0 ({u, H.a1, w} : Finset ℝ²)) ∧ dist H.a0 u = dist H.a0 w ∧ dist w v1 = dist w H.a0 ∨ ((H.selected_classes s hs).1 = ({u, qs, H.a0, q} : Finset ℝ²)) ∧ (H.selected_classes t ht).1 = ({u, H.a1, w, q} : Finset ℝ²) ∧ Nonempty (U5QCriticalTripleClass D q w ({u, qs, H.a0} : Finset ℝ²)) ∧ Nonempty (U5QCriticalTripleClass D q H.a0 ({u, H.a1, w} : Finset ℝ²)) ∧ dist H.a0 u = dist H.a0 w ∧ dist w qs = dist w H.a0)) ∨ (t = H.a1 ∧ (((H.selected_classes s hs).1 = ({u, v1, H.a1, q} : Finset ℝ²)) ∧ (H.selected_classes t ht).1 = ({u, H.a0, w, q} : Finset ℝ²) ∧ Nonempty (U5QCriticalTripleClass D q w ({u, v1, H.a1} : Finset ℝ²)) ∧ Nonempty (U5QCriticalTripleClass D q H.a1 ({u, H.a0, w} : Finset ℝ²)) ∧ dist H.a1 u = dist H.a1 w ∧ dist w v1 = dist w H.a1 ∨ ((H.selected_classes s hs).1 = ({u, qs, H.a1, q} : Finset ℝ²)) ∧ (H.selected_classes t ht).1 = ({u, H.a0, w, q} : Finset ℝ²) ∧ Nonempty (U5QCriticalTripleClass D q w ({u, qs, H.a1} : Finset ℝ²)) ∧ Nonempty (U5QCriticalTripleClass D q H.a1 ({u, H.a0, w} : Finset ℝ²)) ∧ dist H.a1 u = dist H.a1 w ∧ dist w qs = dist w H.a1))) ∧ dist w b = dist w r ∧ dist q b = dist q r ∧ ((({b, r} : Finset ℝ²) = ({v1, qs} : Finset ℝ²) ∧ inner ℝ (w - q) (v1 - qs) = 0) ∨ (({b, r} : Finset ℝ²) = ({v1, u} : Finset ℝ²) ∧ inner ℝ (w - q) (v1 - u) = 0) ∨ (({b, r} : Finset ℝ²) = ({qs, u} : Finset ℝ²) ∧ inner ℝ (w - q) (qs - u) = 0)) ∧ (r = v1 ∨ r = qs ∨ r = u) ∧ (b = v1 ∨ b = qs ∨ b = u))
Problem97.C5D3B.qAllowedSelected_two_full_common_two_side_w_aux_rich_ordered_cells	lean/RVOL/P97/C5D3BPacket.lean	24988	source-proved	theorem qAllowedSelected_two_full_common_two_side_w_aux_rich_ordered_cells {D : CounterexampleData} {q v1 v3 qs w u s t r : ℝ²} (P : C5D3BSameSideTerminalPacket D q v1 v3 qs w u) (H : U5QAllowedAuditSupport D q v3 ({v1, qs, w} : Finset ℝ²) u) (hs : s ∈ U5BoundedAuditCenters D q v3 ({v1, qs, w} : Finset ℝ²) u H.a0 H.a1) (ht : t ∈ U5BoundedAuditCenters D q v3 ({v1, qs, w} : Finset ℝ²) u H.a0 H.a1) (hsrow : s ∈ ({w, H.a0, H.a1} : Finset ℝ²)) (htrow : t ∈ ({w, H.a0, H.a1} : Finset ℝ²)) (hst : s ≠ t) (hstwo : (((H.selected_classes s hs).1) ∩ (({q, w, H.a0, H.a1} : Finset ℝ²).erase s)).card = 2) (htfull : ((H.selected_classes t ht).1 ∩ (({q, w, H.a0, H.a1} : Finset ℝ²).erase t)) = (({q, w, H.a0, H.a1} : Finset ℝ²).erase t)) (hr : r ∈ (((H.selected_classes s hs).1 ∩ (H.selected_classes t ht).1) ∩ ({v3, v1, qs, u} : Finset ℝ²))) (hsw : s = w) : ∃ a b : ℝ², a ∈ (({q, w, H.a0, H.a1} : Finset ℝ²).erase s) ∩ (({q, w, H.a0, H.a1} : Finset ℝ²).erase t) ∧ a ∈ (H.selected_classes s hs).1 ∧ a ∈ (H.selected_classes t ht).1 ∧ b ≠ r ∧ b ∈ (H.selected_classes s hs).1 ∩ ({v3, v1, qs, u} : Finset ℝ²) ∧ b ∉ (H.selected_classes t ht).1 ∧ (H.selected_classes s hs).1 = ({t, a} : Finset ℝ²) ∪ ({r, b} : Finset ℝ²) ∧ ((a = q ∧ (H.selected_classes s hs).1 ∩ (H.selected_classes t ht).1 = ({q, u} : Finset ℝ²) ∧ ((t = H.a0 ∧ (H.selected_classes t ht).1 = ({u, H.a1, w, q} : Finset ℝ²)) ∨ (t = H.a1 ∧ (H.selected_classes t ht).1 = ({u, H.a0, w, q} : Finset ℝ²)))) ∨ (t = H.a0 ∧ a = H.a1 ∧ dist w H.a0 = dist w H.a1 ∧ dist H.a0 q = dist H.a0 H.a1 ∧ (H.selected_classes t ht).1 = ({q, w, H.a1, r} : Finset ℝ²) ∧ (H.selected_classes s hs).1 = ({H.a0, H.a1, r, b} : Finset ℝ²) ∧ (H.selected_classes s hs).1 ∩ (H.selected_classes t ht).1 = ({H.a1, r} : Finset ℝ²) ∧ r ∉ ({q, w, H.a0, H.a1} : Finset ℝ²) ∧ dist H.a0 r = dist H.a0 q ∧ dist H.a0 r = dist H.a0 w ∧ dist H.a0 r = dist H.a0 H.a1 ∧ b ∉ ({q, w, H.a0, H.a1} : Finset ℝ²) ∧ (H.selected_classes s hs).1 ∩ ({q, w, H.a0, H.a1} : Finset ℝ²) = ({H.a0, H.a1} : Finset ℝ²) ∧ (H.selected_classes s hs).1 ∩ ({v3, v1, qs, u} : Finset ℝ²) = ({r, b} : Finset ℝ²) ∧ (H.selected_classes t ht).1 ∩ ({q, w, H.a0, H.a1} : Finset ℝ²) = ({q, w, H.a1} : Finset ℝ²) ∧ (H.selected_classes t ht).1 ∩ ({v3, v1, qs, u} : Finset ℝ²) = ({r} : Finset ℝ²) ∧ (H.selected_classes s hs).1 \\ (H.selected_classes t ht).1 = ({H.a0, b} : Finset ℝ²) ∧ (H.selected_classes t ht).1 \\ (H.selected_classes s hs).1 = ({q, w} : Finset ℝ²) ∧ ((H.selected_classes s hs).1 \\ (H.selected_classes t ht).1) ∩ ({v3, v1, qs, u} : Finset ℝ²) = ({b} : Finset ℝ²) ∧ ((H.selected_classes t ht).1 \\ (H.selected_classes s hs).1) ∩ ({v3, v1, qs, u} : Finset ℝ²) = ∅ ∧ (r = v3 ∨ r = u)) ∨ (t = H.a1 ∧ a = H.a0 ∧ dist w H.a1 = dist w H.a0 ∧ dist H.a1 q = dist H.a1 H.a0 ∧ (H.selected_classes t ht).1 = ({q, w, H.a0, r} : Finset ℝ²) ∧ (H.selected_classes s hs).1 = ({H.a1, H.a0, r, b} : Finset ℝ²) ∧ (H.selected_classes s hs).1 ∩ (H.selected_classes t ht).1 = ({H.a0, r} : Finset ℝ²) ∧ r ∉ ({q, w, H.a0, H.a1} : Finset ℝ²) ∧ dist H.a1 r = dist H.a1 q ∧ dist H.a1 r = dist H.a1 w ∧ dist H.a1 r = dist H.a1 H.a0 ∧ b ∉ ({q, w, H.a0, H.a1} : Finset ℝ²) ∧ (H.selected_classes s hs).1 ∩ ({q, w, H.a0, H.a1} : Finset ℝ²) = ({H.a1, H.a0} : Finset ℝ²) ∧ (H.selected_classes s hs).1 ∩ ({v3, v1, qs, u} : Finset ℝ²) = ({r, b} : Finset ℝ²) ∧ (H.selected_classes t ht).1 ∩ ({q, w, H.a0, H.a1} : Finset ℝ²) = ({q, w, H.a0} : Finset ℝ²) ∧ (H.selected_classes t ht).1 ∩ ({v3, v1, qs, u} : Finset ℝ²) = ({r} : Finset ℝ²) ∧ (H.selected_classes s hs).1 \\ (H.selected_classes t ht).1 = ({H.a1, b} : Finset ℝ²) ∧ (H.selected_classes t ht).1 \\ (H.selected_classes s hs).1 = ({q, w} : Finset ℝ²) ∧ ((H.selected_classes s hs).1 \\ (H.selected_classes t ht).1) ∩ ({v3, v1, qs, u} : Finset ℝ²) = ({b} : Finset ℝ²) ∧ ((H.selected_classes t ht).1 \\ (H.selected_classes s hs).1) ∩ ({v3, v1, qs, u} : Finset ℝ²) = ∅ ∧ (r = v3 ∨ r = u))) ∧ (a = q → dist w b = dist w r ∧ dist q b = dist q r ∧ ((({b, r} : Finset ℝ²) = ({v1, qs} : Finset ℝ²) ∧ inner ℝ (w - q) (v1 - qs) = 0) ∨ (({b, r} : Finset ℝ²) = ({v1, u} : Finset ℝ²) ∧ inner ℝ (w - q) (v1 - u) = 0) ∨ (({b, r} : Finset ℝ²) = ({qs, u} : Finset ℝ²) ∧ inner ℝ (w - q) (qs - u) = 0)) ∧ (r = v1 ∨ r = qs ∨ r = u) ∧ (b = v1 ∨ b = qs ∨ b = u)) ∧ (a ≠ q → C5D3B.rowCircleTailOrderedMetricCells q v1 v3 qs w u b r)
Problem97.C5D3B.qAllowedSelected_two_full_common_two_side_w_aux_frontier_cells	lean/RVOL/P97/C5D3BPacket.lean	25158	source-proved	theorem qAllowedSelected_two_full_common_two_side_w_aux_frontier_cells {D : CounterexampleData} {q v1 v3 qs w u s t r : ℝ²} (P : C5D3BSameSideTerminalPacket D q v1 v3 qs w u) (H : U5QAllowedAuditSupport D q v3 ({v1, qs, w} : Finset ℝ²) u) (hs : s ∈ U5BoundedAuditCenters D q v3 ({v1, qs, w} : Finset ℝ²) u H.a0 H.a1) (ht : t ∈ U5BoundedAuditCenters D q v3 ({v1, qs, w} : Finset ℝ²) u H.a0 H.a1) (hsrow : s ∈ ({w, H.a0, H.a1} : Finset ℝ²)) (htrow : t ∈ ({w, H.a0, H.a1} : Finset ℝ²)) (hst : s ≠ t) (hstwo : (((H.selected_classes s hs).1) ∩ (({q, w, H.a0, H.a1} : Finset ℝ²).erase s)).card = 2) (htfull : ((H.selected_classes t ht).1 ∩ (({q, w, H.a0, H.a1} : Finset ℝ²).erase t)) = (({q, w, H.a0, H.a1} : Finset ℝ²).erase t)) (hr : r ∈ (((H.selected_classes s hs).1 ∩ (H.selected_classes t ht).1) ∩ ({v3, v1, qs, u} : Finset ℝ²))) (hsw : s = w) : ∃ a b : ℝ², a ∈ (({q, w, H.a0, H.a1} : Finset ℝ²).erase s) ∩ (({q, w, H.a0, H.a1} : Finset ℝ²).erase t) ∧ a ∈ (H.selected_classes s hs).1 ∧ a ∈ (H.selected_classes t ht).1 ∧ b ≠ r ∧ b ∈ (H.selected_classes s hs).1 ∩ ({v3, v1, qs, u} : Finset ℝ²) ∧ b ∉ (H.selected_classes t ht).1 ∧ (H.selected_classes s hs).1 = ({t, a} : Finset ℝ²) ∪ ({r, b} : Finset ℝ²) ∧ ((a = q ∧ (H.selected_classes s hs).1 ∩ (H.selected_classes t ht).1 = ({q, u} : Finset ℝ²) ∧ ((t = H.a0 ∧ (H.selected_classes t ht).1 = ({u, H.a1, w, q} : Finset ℝ²)) ∨ (t = H.a1 ∧ (H.selected_classes t ht).1 = ({u, H.a0, w, q} : Finset ℝ²)))) ∨ (t = H.a0 ∧ a = H.a1 ∧ dist w H.a0 = dist w H.a1 ∧ dist H.a0 q = dist H.a0 H.a1 ∧ (H.selected_classes t ht).1 = ({q, w, H.a1, r} : Finset ℝ²) ∧ (H.selected_classes s hs).1 = ({H.a0, H.a1, r, b} : Finset ℝ²) ∧ (H.selected_classes s hs).1 ∩ (H.selected_classes t ht).1 = ({H.a1, r} : Finset ℝ²) ∧ r ∉ ({q, w, H.a0, H.a1} : Finset ℝ²) ∧ dist H.a0 r = dist H.a0 q ∧ dist H.a0 r = dist H.a0 w ∧ dist H.a0 r = dist H.a0 H.a1 ∧ b ∉ ({q, w, H.a0, H.a1} : Finset ℝ²) ∧ (H.selected_classes s hs).1 ∩ ({q, w, H.a0, H.a1} : Finset ℝ²) = ({H.a0, H.a1} : Finset ℝ²) ∧ (H.selected_classes s hs).1 ∩ ({v3, v1, qs, u} : Finset ℝ²) = ({r, b} : Finset ℝ²) ∧ (H.selected_classes t ht).1 ∩ ({q, w, H.a0, H.a1} : Finset ℝ²) = ({q, w, H.a1} : Finset ℝ²) ∧ (H.selected_classes t ht).1 ∩ ({v3, v1, qs, u} : Finset ℝ²) = ({r} : Finset ℝ²) ∧ (H.selected_classes s hs).1 \\ (H.selected_classes t ht).1 = ({H.a0, b} : Finset ℝ²) ∧ (H.selected_classes t ht).1 \\ (H.selected_classes s hs).1 = ({q, w} : Finset ℝ²) ∧ ((H.selected_classes s hs).1 \\ (H.selected_classes t ht).1) ∩ ({v3, v1, qs, u} : Finset ℝ²) = ({b} : Finset ℝ²) ∧ ((H.selected_classes t ht).1 \\ (H.selected_classes s hs).1) ∩ ({v3, v1, qs, u} : Finset ℝ²) = ∅ ∧ (r = v3 ∨ r = u)) ∨ (t = H.a1 ∧ a = H.a0 ∧ dist w H.a1 = dist w H.a0 ∧ dist H.a1 q = dist H.a1 H.a0 ∧ (H.selected_classes t ht).1 = ({q, w, H.a0, r} : Finset ℝ²) ∧ (H.selected_classes s hs).1 = ({H.a1, H.a0, r, b} : Finset ℝ²) ∧ (H.selected_classes s hs).1 ∩ (H.selected_classes t ht).1 = ({H.a0, r} : Finset ℝ²) ∧ r ∉ ({q, w, H.a0, H.a1} : Finset ℝ²) ∧ dist H.a1 r = dist H.a1 q ∧ dist H.a1 r = dist H.a1 w ∧ dist H.a1 r = dist H.a1 H.a0 ∧ b ∉ ({q, w, H.a0, H.a1} : Finset ℝ²) ∧ (H.selected_classes s hs).1 ∩ ({q, w, H.a0, H.a1} : Finset ℝ²) = ({H.a1, H.a0} : Finset ℝ²) ∧ (H.selected_classes s hs).1 ∩ ({v3, v1, qs, u} : Finset ℝ²) = ({r, b} : Finset ℝ²) ∧ (H.selected_classes t ht).1 ∩ ({q, w, H.a0, H.a1} : Finset ℝ²) = ({q, w, H.a0} : Finset ℝ²) ∧ (H.selected_classes t ht).1 ∩ ({v3, v1, qs, u} : Finset ℝ²) = ({r} : Finset ℝ²) ∧ (H.selected_classes s hs).1 \\ (H.selected_classes t ht).1 = ({H.a1, b} : Finset ℝ²) ∧ (H.selected_classes t ht).1 \\ (H.selected_classes s hs).1 = ({q, w} : Finset ℝ²) ∧ ((H.selected_classes s hs).1 \\ (H.selected_classes t ht).1) ∩ ({v3, v1, qs, u} : Finset ℝ²) = ({b} : Finset ℝ²) ∧ ((H.selected_classes t ht).1 \\ (H.selected_classes s hs).1) ∩ ({v3, v1, qs, u} : Finset ℝ²) = ∅ ∧ (r = v3 ∨ r = u))) ∧ (a = q → dist w b = dist w r ∧ dist q b = dist q r ∧ ((({b, r} : Finset ℝ²) = ({v1, qs} : Finset ℝ²) ∧ inner ℝ (w - q) (v1 - qs) = 0) ∨ (({b, r} : Finset ℝ²) = ({v1, u} : Finset ℝ²) ∧ inner ℝ (w - q) (v1 - u) = 0) ∨ (({b, r} : Finset ℝ²) = ({qs, u} : Finset ℝ²) ∧ inner ℝ (w - q) (qs - u) = 0)) ∧ (r = v1 ∨ r = qs ∨ r = u) ∧ (b = v1 ∨ b = qs ∨ b = u)) ∧ (a = q → (t = H.a0 ∧ (((H.selected_classes s hs).1 = ({u, v1, H.a0, q} : Finset ℝ²)) ∧ (H.selected_classes t ht).1 = ({u, H.a1, w, q} : Finset ℝ²) ∧ dist H.a0 u = dist H.a0 w ∧ dist w v1 = dist w H.a0 ∨ ((H.selected_classes s hs).1 = ({u, qs, H.a0, q} : Finset ℝ²)) ∧ (H.selected_classes t ht).1 = ({u, H.a1, w, q} : Finset ℝ²) ∧ dist H.a0 u = dist H.a0 w ∧ dist w qs = dist w H.a0)) ∨ (t = H.a1 ∧ (((H.selected_classes s hs).1 = ({u, v1, H.a1, q} : Finset ℝ²)) ∧ (H.selected_classes t ht).1 = ({u, H.a0, w, q} : Finset ℝ²) ∧ dist H.a1 u = dist H.a1 w ∧ dist w v1 = dist w H.a1 ∨ ((H.selected_classes s hs).1 = ({u, qs, H.a1, q} : Finset ℝ²)) ∧ (H.selected_classes t ht).1 = ({u, H.a0, w, q} : Finset ℝ²) ∧ dist H.a1 u = dist H.a1 w ∧ dist w qs = dist w H.a1))) ∧ (a ≠ q → C5D3B.rowCircleTailOrderedMetricCells q v1 v3 qs w u b r)
Problem97.C5D3B.qAllowedSelected_two_full_common_two_side_w_aux_frontier_chord_cells	lean/RVOL/P97/C5D3BPacket.lean	25390	source-proved	theorem qAllowedSelected_two_full_common_two_side_w_aux_frontier_chord_cells {D : CounterexampleData} {q v1 v3 qs w u s t r : ℝ²} (P : C5D3BSameSideTerminalPacket D q v1 v3 qs w u) (H : U5QAllowedAuditSupport D q v3 ({v1, qs, w} : Finset ℝ²) u) (hs : s ∈ U5BoundedAuditCenters D q v3 ({v1, qs, w} : Finset ℝ²) u H.a0 H.a1) (ht : t ∈ U5BoundedAuditCenters D q v3 ({v1, qs, w} : Finset ℝ²) u H.a0 H.a1) (hsrow : s ∈ ({w, H.a0, H.a1} : Finset ℝ²)) (htrow : t ∈ ({w, H.a0, H.a1} : Finset ℝ²)) (hst : s ≠ t) (hstwo : (((H.selected_classes s hs).1) ∩ (({q, w, H.a0, H.a1} : Finset ℝ²).erase s)).card = 2) (htfull : ((H.selected_classes t ht).1 ∩ (({q, w, H.a0, H.a1} : Finset ℝ²).erase t)) = (({q, w, H.a0, H.a1} : Finset ℝ²).erase t)) (hr : r ∈ (((H.selected_classes s hs).1 ∩ (H.selected_classes t ht).1) ∩ ({v3, v1, qs, u} : Finset ℝ²))) (hsw : s = w) : ∃ a b : ℝ², a ∈ (({q, w, H.a0, H.a1} : Finset ℝ²).erase s) ∩ (({q, w, H.a0, H.a1} : Finset ℝ²).erase t) ∧ a ∈ (H.selected_classes s hs).1 ∧ a ∈ (H.selected_classes t ht).1 ∧ b ≠ r ∧ b ∈ (H.selected_classes s hs).1 ∩ ({v3, v1, qs, u} : Finset ℝ²) ∧ b ∉ (H.selected_classes t ht).1 ∧ (H.selected_classes s hs).1 = ({t, a} : Finset ℝ²) ∪ ({r, b} : Finset ℝ²) ∧ ((a = q ∧ (H.selected_classes s hs).1 ∩ (H.selected_classes t ht).1 = ({q, u} : Finset ℝ²) ∧ ((t = H.a0 ∧ (H.selected_classes t ht).1 = ({u, H.a1, w, q} : Finset ℝ²)) ∨ (t = H.a1 ∧ (H.selected_classes t ht).1 = ({u, H.a0, w, q} : Finset ℝ²)))) ∨ (t = H.a0 ∧ a = H.a1 ∧ dist w H.a0 = dist w H.a1 ∧ dist H.a0 q = dist H.a0 H.a1 ∧ (H.selected_classes t ht).1 = ({q, w, H.a1, r} : Finset ℝ²) ∧ (H.selected_classes s hs).1 = ({H.a0, H.a1, r, b} : Finset ℝ²) ∧ (H.selected_classes s hs).1 ∩ (H.selected_classes t ht).1 = ({H.a1, r} : Finset ℝ²) ∧ r ∉ ({q, w, H.a0, H.a1} : Finset ℝ²) ∧ dist H.a0 r = dist H.a0 q ∧ dist H.a0 r = dist H.a0 w ∧ dist H.a0 r = dist H.a0 H.a1 ∧ b ∉ ({q, w, H.a0, H.a1} : Finset ℝ²) ∧ (H.selected_classes s hs).1 ∩ ({q, w, H.a0, H.a1} : Finset ℝ²) = ({H.a0, H.a1} : Finset ℝ²) ∧ (H.selected_classes s hs).1 ∩ ({v3, v1, qs, u} : Finset ℝ²) = ({r, b} : Finset ℝ²) ∧ (H.selected_classes t ht).1 ∩ ({q, w, H.a0, H.a1} : Finset ℝ²) = ({q, w, H.a1} : Finset ℝ²) ∧ (H.selected_classes t ht).1 ∩ ({v3, v1, qs, u} : Finset ℝ²) = ({r} : Finset ℝ²) ∧ (H.selected_classes s hs).1 \\ (H.selected_classes t ht).1 = ({H.a0, b} : Finset ℝ²) ∧ (H.selected_classes t ht).1 \\ (H.selected_classes s hs).1 = ({q, w} : Finset ℝ²) ∧ ((H.selected_classes s hs).1 \\ (H.selected_classes t ht).1) ∩ ({v3, v1, qs, u} : Finset ℝ²) = ({b} : Finset ℝ²) ∧ ((H.selected_classes t ht).1 \\ (H.selected_classes s hs).1) ∩ ({v3, v1, qs, u} : Finset ℝ²) = ∅ ∧ (r = v3 ∨ r = u)) ∨ (t = H.a1 ∧ a = H.a0 ∧ dist w H.a1 = dist w H.a0 ∧ dist H.a1 q = dist H.a1 H.a0 ∧ (H.selected_classes t ht).1 = ({q, w, H.a0, r} : Finset ℝ²) ∧ (H.selected_classes s hs).1 = ({H.a1, H.a0, r, b} : Finset ℝ²) ∧ (H.selected_classes s hs).1 ∩ (H.selected_classes t ht).1 = ({H.a0, r} : Finset ℝ²) ∧ r ∉ ({q, w, H.a0, H.a1} : Finset ℝ²) ∧ dist H.a1 r = dist H.a1 q ∧ dist H.a1 r = dist H.a1 w ∧ dist H.a1 r = dist H.a1 H.a0 ∧ b ∉ ({q, w, H.a0, H.a1} : Finset ℝ²) ∧ (H.selected_classes s hs).1 ∩ ({q, w, H.a0, H.a1} : Finset ℝ²) = ({H.a1, H.a0} : Finset ℝ²) ∧ (H.selected_classes s hs).1 ∩ ({v3, v1, qs, u} : Finset ℝ²) = ({r, b} : Finset ℝ²) ∧ (H.selected_classes t ht).1 ∩ ({q, w, H.a0, H.a1} : Finset ℝ²) = ({q, w, H.a0} : Finset ℝ²) ∧ (H.selected_classes t ht).1 ∩ ({v3, v1, qs, u} : Finset ℝ²) = ({r} : Finset ℝ²) ∧ (H.selected_classes s hs).1 \\ (H.selected_classes t ht).1 = ({H.a1, b} : Finset ℝ²) ∧ (H.selected_classes t ht).1 \\ (H.selected_classes s hs).1 = ({q, w} : Finset ℝ²) ∧ ((H.selected_classes s hs).1 \\ (H.selected_classes t ht).1) ∩ ({v3, v1, qs, u} : Finset ℝ²) = ({b} : Finset ℝ²) ∧ ((H.selected_classes t ht).1 \\ (H.selected_classes s hs).1) ∩ ({v3, v1, qs, u} : Finset ℝ²) = ∅ ∧ (r = v3 ∨ r = u))) ∧ (a = q → dist w b = dist w r ∧ dist q b = dist q r ∧ ((({b, r} : Finset ℝ²) = ({v1, qs} : Finset ℝ²) ∧ inner ℝ (w - q) (v1 - qs) = 0) ∨ (({b, r} : Finset ℝ²) = ({v1, u} : Finset ℝ²) ∧ inner ℝ (w - q) (v1 - u) = 0) ∨ (({b, r} : Finset ℝ²) = ({qs, u} : Finset ℝ²) ∧ inner ℝ (w - q) (qs - u) = 0)) ∧ (r = v1 ∨ r = qs ∨ r = u) ∧ (b = v1 ∨ b = qs ∨ b = u)) ∧ (a = q → (t = H.a0 ∧ (((H.selected_classes s hs).1 = ({u, v1, H.a0, q} : Finset ℝ²)) ∧ (H.selected_classes t ht).1 = ({u, H.a1, w, q} : Finset ℝ²) ∧ dist H.a0 u = dist H.a0 w ∧ dist w v1 = dist w H.a0 ∨ ((H.selected_classes s hs).1 = ({u, qs, H.a0, q} : Finset ℝ²)) ∧ (H.selected_classes t ht).1 = ({u, H.a1, w, q} : Finset ℝ²) ∧ dist H.a0 u = dist H.a0 w ∧ dist w qs = dist w H.a0)) ∨ (t = H.a1 ∧ (((H.selected_classes s hs).1 = ({u, v1, H.a1, q} : Finset ℝ²)) ∧ (H.selected_classes t ht).1 = ({u, H.a0, w, q} : Finset ℝ²) ∧ dist H.a1 u = dist H.a1 w ∧ dist w v1 = dist w H.a1 ∨ ((H.selected_classes s hs).1 = ({u, qs, H.a1, q} : Finset ℝ²)) ∧ (H.selected_classes t ht).1 = ({u, H.a0, w, q} : Finset ℝ²) ∧ dist H.a1 u = dist H.a1 w ∧ dist w qs = dist w H.a1))) ∧ (a ≠ q → C5D3B.rowCircleTailChordMetricCells q v1 v3 qs w u b r)
Problem97.C5D3B.qAllowedSelected_two_full_common_two_side_w_aux_frontier_refined_chord_cells	lean/RVOL/P97/C5D3BPacket.lean	25562	source-proved	theorem qAllowedSelected_two_full_common_two_side_w_aux_frontier_refined_chord_cells {D : CounterexampleData} {q v1 v3 qs w u s t r : ℝ²} (P : C5D3BSameSideTerminalPacket D q v1 v3 qs w u) (H : U5QAllowedAuditSupport D q v3 ({v1, qs, w} : Finset ℝ²) u) (hs : s ∈ U5BoundedAuditCenters D q v3 ({v1, qs, w} : Finset ℝ²) u H.a0 H.a1) (ht : t ∈ U5BoundedAuditCenters D q v3 ({v1, qs, w} : Finset ℝ²) u H.a0 H.a1) (hsrow : s ∈ ({w, H.a0, H.a1} : Finset ℝ²)) (htrow : t ∈ ({w, H.a0, H.a1} : Finset ℝ²)) (hst : s ≠ t) (hstwo : (((H.selected_classes s hs).1) ∩ (({q, w, H.a0, H.a1} : Finset ℝ²).erase s)).card = 2) (htfull : ((H.selected_classes t ht).1 ∩ (({q, w, H.a0, H.a1} : Finset ℝ²).erase t)) = (({q, w, H.a0, H.a1} : Finset ℝ²).erase t)) (hr : r ∈ (((H.selected_classes s hs).1 ∩ (H.selected_classes t ht).1) ∩ ({v3, v1, qs, u} : Finset ℝ²))) (hsw : s = w) : ∃ a b : ℝ², a ∈ (({q, w, H.a0, H.a1} : Finset ℝ²).erase s) ∩ (({q, w, H.a0, H.a1} : Finset ℝ²).erase t) ∧ a ∈ (H.selected_classes s hs).1 ∧ a ∈ (H.selected_classes t ht).1 ∧ b ≠ r ∧ b ∈ (H.selected_classes s hs).1 ∩ ({v3, v1, qs, u} : Finset ℝ²) ∧ b ∉ (H.selected_classes t ht).1 ∧ (H.selected_classes s hs).1 = ({t, a} : Finset ℝ²) ∪ ({r, b} : Finset ℝ²) ∧ ((a = q ∧ (H.selected_classes s hs).1 ∩ (H.selected_classes t ht).1 = ({q, u} : Finset ℝ²) ∧ ((t = H.a0 ∧ (H.selected_classes t ht).1 = ({u, H.a1, w, q} : Finset ℝ²)) ∨ (t = H.a1 ∧ (H.selected_classes t ht).1 = ({u, H.a0, w, q} : Finset ℝ²)))) ∨ (t = H.a0 ∧ a = H.a1 ∧ dist w H.a0 = dist w H.a1 ∧ dist H.a0 q = dist H.a0 H.a1 ∧ (H.selected_classes t ht).1 = ({q, w, H.a1, r} : Finset ℝ²) ∧ (H.selected_classes s hs).1 = ({H.a0, H.a1, r, b} : Finset ℝ²) ∧ (H.selected_classes s hs).1 ∩ (H.selected_classes t ht).1 = ({H.a1, r} : Finset ℝ²) ∧ r ∉ ({q, w, H.a0, H.a1} : Finset ℝ²) ∧ dist H.a0 r = dist H.a0 q ∧ dist H.a0 r = dist H.a0 w ∧ dist H.a0 r = dist H.a0 H.a1 ∧ b ∉ ({q, w, H.a0, H.a1} : Finset ℝ²) ∧ (H.selected_classes s hs).1 ∩ ({q, w, H.a0, H.a1} : Finset ℝ²) = ({H.a0, H.a1} : Finset ℝ²) ∧ (H.selected_classes s hs).1 ∩ ({v3, v1, qs, u} : Finset ℝ²) = ({r, b} : Finset ℝ²) ∧ (H.selected_classes t ht).1 ∩ ({q, w, H.a0, H.a1} : Finset ℝ²) = ({q, w, H.a1} : Finset ℝ²) ∧ (H.selected_classes t ht).1 ∩ ({v3, v1, qs, u} : Finset ℝ²) = ({r} : Finset ℝ²) ∧ (H.selected_classes s hs).1 \\ (H.selected_classes t ht).1 = ({H.a0, b} : Finset ℝ²) ∧ (H.selected_classes t ht).1 \\ (H.selected_classes s hs).1 = ({q, w} : Finset ℝ²) ∧ ((H.selected_classes s hs).1 \\ (H.selected_classes t ht).1) ∩ ({v3, v1, qs, u} : Finset ℝ²) = ({b} : Finset ℝ²) ∧ ((H.selected_classes t ht).1 \\ (H.selected_classes s hs).1) ∩ ({v3, v1, qs, u} : Finset ℝ²) = ∅ ∧ (r = v3 ∨ r = u)) ∨ (t = H.a1 ∧ a = H.a0 ∧ dist w H.a1 = dist w H.a0 ∧ dist H.a1 q = dist H.a1 H.a0 ∧ (H.selected_classes t ht).1 = ({q, w, H.a0, r} : Finset ℝ²) ∧ (H.selected_classes s hs).1 = ({H.a1, H.a0, r, b} : Finset ℝ²) ∧ (H.selected_classes s hs).1 ∩ (H.selected_classes t ht).1 = ({H.a0, r} : Finset ℝ²) ∧ r ∉ ({q, w, H.a0, H.a1} : Finset ℝ²) ∧ dist H.a1 r = dist H.a1 q ∧ dist H.a1 r = dist H.a1 w ∧ dist H.a1 r = dist H.a1 H.a0 ∧ b ∉ ({q, w, H.a0, H.a1} : Finset ℝ²) ∧ (H.selected_classes s hs).1 ∩ ({q, w, H.a0, H.a1} : Finset ℝ²) = ({H.a1, H.a0} : Finset ℝ²) ∧ (H.selected_classes s hs).1 ∩ ({v3, v1, qs, u} : Finset ℝ²) = ({r, b} : Finset ℝ²) ∧ (H.selected_classes t ht).1 ∩ ({q, w, H.a0, H.a1} : Finset ℝ²) = ({q, w, H.a0} : Finset ℝ²) ∧ (H.selected_classes t ht).1 ∩ ({v3, v1, qs, u} : Finset ℝ²) = ({r} : Finset ℝ²) ∧ (H.selected_classes s hs).1 \\ (H.selected_classes t ht).1 = ({H.a1, b} : Finset ℝ²) ∧ (H.selected_classes t ht).1 \\ (H.selected_classes s hs).1 = ({q, w} : Finset ℝ²) ∧ ((H.selected_classes s hs).1 \\ (H.selected_classes t ht).1) ∩ ({v3, v1, qs, u} : Finset ℝ²) = ({b} : Finset ℝ²) ∧ ((H.selected_classes t ht).1 \\ (H.selected_classes s hs).1) ∩ ({v3, v1, qs, u} : Finset ℝ²) = ∅ ∧ (r = v3 ∨ r = u))) ∧ (a = q → dist w b = dist w r ∧ dist q b = dist q r ∧ ((({b, r} : Finset ℝ²) = ({v1, qs} : Finset ℝ²) ∧ inner ℝ (w - q) (v1 - qs) = 0) ∨ (({b, r} : Finset ℝ²) = ({v1, u} : Finset ℝ²) ∧ inner ℝ (w - q) (v1 - u) = 0) ∨ (({b, r} : Finset ℝ²) = ({qs, u} : Finset ℝ²) ∧ inner ℝ (w - q) (qs - u) = 0)) ∧ (r = v1 ∨ r = qs ∨ r = u) ∧ (b = v1 ∨ b = qs ∨ b = u)) ∧ (a = q → (t = H.a0 ∧ (((H.selected_classes s hs).1 = ({u, v1, H.a0, q} : Finset ℝ²)) ∧ (H.selected_classes t ht).1 = ({u, H.a1, w, q} : Finset ℝ²) ∧ dist H.a0 u = dist H.a0 w ∧ dist w v1 = dist w H.a0 ∨ ((H.selected_classes s hs).1 = ({u, qs, H.a0, q} : Finset ℝ²)) ∧ (H.selected_classes t ht).1 = ({u, H.a1, w, q} : Finset ℝ²) ∧ dist H.a0 u = dist H.a0 w ∧ dist w qs = dist w H.a0)) ∨ (t = H.a1 ∧ (((H.selected_classes s hs).1 = ({u, v1, H.a1, q} : Finset ℝ²)) ∧ (H.selected_classes t ht).1 = ({u, H.a0, w, q} : Finset ℝ²) ∧ dist H.a1 u = dist H.a1 w ∧ dist w v1 = dist w H.a1 ∨ ((H.selected_classes s hs).1 = ({u, qs, H.a1, q} : Finset ℝ²)) ∧ (H.selected_classes t ht).1 = ({u, H.a0, w, q} : Finset ℝ²) ∧ dist H.a1 u = dist H.a1 w ∧ dist w qs = dist w H.a1))) ∧ (a ≠ q → C5D3B.rowCircleTailRefinedChordMetricCells q v1 v3 qs w u b r)
Problem97.C5D3B.qAllowedSelected_two_full_common_two_side_w_aux_non_q_common_u_class_cases	lean/RVOL/P97/C5D3BPacket.lean	26007	source-proved	theorem qAllowedSelected_two_full_common_two_side_w_aux_non_q_common_u_class_cases {D : CounterexampleData} {q v1 v3 qs w u s t r : ℝ²} (P : C5D3BSameSideTerminalPacket D q v1 v3 qs w u) (H : U5QAllowedAuditSupport D q v3 ({v1, qs, w} : Finset ℝ²) u) (hs : s ∈ U5BoundedAuditCenters D q v3 ({v1, qs, w} : Finset ℝ²) u H.a0 H.a1) (ht : t ∈ U5BoundedAuditCenters D q v3 ({v1, qs, w} : Finset ℝ²) u H.a0 H.a1) (hsrow : s ∈ ({w, H.a0, H.a1} : Finset ℝ²)) (htrow : t ∈ ({w, H.a0, H.a1} : Finset ℝ²)) (hst : s ≠ t) (hstwo : (((H.selected_classes s hs).1) ∩ (({q, w, H.a0, H.a1} : Finset ℝ²).erase s)).card = 2) (htfull : ((H.selected_classes t ht).1 ∩ (({q, w, H.a0, H.a1} : Finset ℝ²).erase t)) = (({q, w, H.a0, H.a1} : Finset ℝ²).erase t)) (hr : r ∈ (((H.selected_classes s hs).1 ∩ (H.selected_classes t ht).1) ∩ ({v3, v1, qs, u} : Finset ℝ²))) (hsw : s = w) : ∃ a b : ℝ², a ∈ (({q, w, H.a0, H.a1} : Finset ℝ²).erase s) ∩ (({q, w, H.a0, H.a1} : Finset ℝ²).erase t) ∧ a ∈ (H.selected_classes s hs).1 ∧ a ∈ (H.selected_classes t ht).1 ∧ b ≠ r ∧ b ∈ (H.selected_classes s hs).1 ∩ ({v3, v1, qs, u} : Finset ℝ²) ∧ b ∉ (H.selected_classes t ht).1 ∧ (H.selected_classes s hs).1 = ({t, a} : Finset ℝ²) ∪ ({r, b} : Finset ℝ²) ∧ (a ≠ q → C5D3B.rowCircleTailCommonUMetricCells q v1 v3 qs w u b r ∧ ((t = H.a0 ∧ a = H.a1 ∧ r = u ∧ (H.selected_classes t ht).1 = ({q, w, H.a1, u} : Finset ℝ²) ∧ (H.selected_classes s hs).1 = ({H.a0, H.a1, u, b} : Finset ℝ²) ∧ (H.selected_classes s hs).1 ∩ (H.selected_classes t ht).1 = ({H.a1, u} : Finset ℝ²) ∧ dist H.a0 u = dist H.a0 q ∧ dist H.a0 u = dist H.a0 w ∧ dist H.a0 u = dist H.a0 H.a1) ∨ (t = H.a1 ∧ a = H.a0 ∧ r = u ∧ (H.selected_classes t ht).1 = ({q, w, H.a0, u} : Finset ℝ²) ∧ (H.selected_classes s hs).1 = ({H.a1, H.a0, u, b} : Finset ℝ²) ∧ (H.selected_classes s hs).1 ∩ (H.selected_classes t ht).1 = ({H.a0, u} : Finset ℝ²) ∧ dist H.a1 u = dist H.a1 q ∧ dist H.a1 u = dist H.a1 w ∧ dist H.a1 u = dist H.a1 H.a0)))
Problem97.C5D3B.qAllowedSelected_two_full_common_two_side_w_aux_non_q_common_u_class_records	lean/RVOL/P97/C5D3BPacket.lean	26171	source-proved	theorem qAllowedSelected_two_full_common_two_side_w_aux_non_q_common_u_class_records {D : CounterexampleData} {q v1 v3 qs w u s t r : ℝ²} (P : C5D3BSameSideTerminalPacket D q v1 v3 qs w u) (H : U5QAllowedAuditSupport D q v3 ({v1, qs, w} : Finset ℝ²) u) (hs : s ∈ U5BoundedAuditCenters D q v3 ({v1, qs, w} : Finset ℝ²) u H.a0 H.a1) (ht : t ∈ U5BoundedAuditCenters D q v3 ({v1, qs, w} : Finset ℝ²) u H.a0 H.a1) (hsrow : s ∈ ({w, H.a0, H.a1} : Finset ℝ²)) (htrow : t ∈ ({w, H.a0, H.a1} : Finset ℝ²)) (hst : s ≠ t) (hstwo : (((H.selected_classes s hs).1) ∩ (({q, w, H.a0, H.a1} : Finset ℝ²).erase s)).card = 2) (htfull : ((H.selected_classes t ht).1 ∩ (({q, w, H.a0, H.a1} : Finset ℝ²).erase t)) = (({q, w, H.a0, H.a1} : Finset ℝ²).erase t)) (hr : r ∈ (((H.selected_classes s hs).1 ∩ (H.selected_classes t ht).1) ∩ ({v3, v1, qs, u} : Finset ℝ²))) (hsw : s = w) : ∃ a b : ℝ², a ∈ (({q, w, H.a0, H.a1} : Finset ℝ²).erase s) ∩ (({q, w, H.a0, H.a1} : Finset ℝ²).erase t) ∧ a ∈ (H.selected_classes s hs).1 ∧ a ∈ (H.selected_classes t ht).1 ∧ b ≠ r ∧ b ∈ (H.selected_classes s hs).1 ∩ ({v3, v1, qs, u} : Finset ℝ²) ∧ b ∉ (H.selected_classes t ht).1 ∧ (H.selected_classes s hs).1 = ({t, a} : Finset ℝ²) ∪ ({r, b} : Finset ℝ²) ∧ (a ≠ q → C5D3B.rowCircleTailCommonUMetricCells q v1 v3 qs w u b r ∧ ((t = H.a0 ∧ a = H.a1 ∧ r = u ∧ (H.selected_classes t ht).1 = ({q, w, H.a1, u} : Finset ℝ²) ∧ (H.selected_classes s hs).1 = ({H.a0, H.a1, u, b} : Finset ℝ²) ∧ (H.selected_classes s hs).1 ∩ (H.selected_classes t ht).1 = ({H.a1, u} : Finset ℝ²) ∧ Nonempty (U5QCriticalTripleClass D q H.a0 ({w, H.a1, u} : Finset ℝ²)) ∧ Nonempty (U5QDeletedK4Class D q w (H.selected_classes s hs).1) ∧ dist H.a0 u = dist H.a0 q ∧ dist H.a0 u = dist H.a0 w ∧ dist H.a0 u = dist H.a0 H.a1) ∨ (t = H.a1 ∧ a = H.a0 ∧ r = u ∧ (H.selected_classes t ht).1 = ({q, w, H.a0, u} : Finset ℝ²) ∧ (H.selected_classes s hs).1 = ({H.a1, H.a0, u, b} : Finset ℝ²) ∧ (H.selected_classes s hs).1 ∩ (H.selected_classes t ht).1 = ({H.a0, u} : Finset ℝ²) ∧ Nonempty (U5QCriticalTripleClass D q H.a1 ({w, H.a0, u} : Finset ℝ²)) ∧ Nonempty (U5QDeletedK4Class D q w (H.selected_classes s hs).1) ∧ dist H.a1 u = dist H.a1 q ∧ dist H.a1 u = dist H.a1 w ∧ dist H.a1 u = dist H.a1 H.a0)))
Problem97.C5D3B.qAllowedSelected_two_full_common_two_side_w_aux_same_witness_class_records	lean/RVOL/P97/C5D3BPacket.lean	26477	source-proved	theorem qAllowedSelected_two_full_common_two_side_w_aux_same_witness_class_records {D : CounterexampleData} {q v1 v3 qs w u s t r : ℝ²} (P : C5D3BSameSideTerminalPacket D q v1 v3 qs w u) (H : U5QAllowedAuditSupport D q v3 ({v1, qs, w} : Finset ℝ²) u) (hs : s ∈ U5BoundedAuditCenters D q v3 ({v1, qs, w} : Finset ℝ²) u H.a0 H.a1) (ht : t ∈ U5BoundedAuditCenters D q v3 ({v1, qs, w} : Finset ℝ²) u H.a0 H.a1) (hsrow : s ∈ ({w, H.a0, H.a1} : Finset ℝ²)) (htrow : t ∈ ({w, H.a0, H.a1} : Finset ℝ²)) (hst : s ≠ t) (hstwo : (((H.selected_classes s hs).1) ∩ (({q, w, H.a0, H.a1} : Finset ℝ²).erase s)).card = 2) (htfull : ((H.selected_classes t ht).1 ∩ (({q, w, H.a0, H.a1} : Finset ℝ²).erase t)) = (({q, w, H.a0, H.a1} : Finset ℝ²).erase t)) (hr : r ∈ (((H.selected_classes s hs).1 ∩ (H.selected_classes t ht).1) ∩ ({v3, v1, qs, u} : Finset ℝ²))) (hsw : s = w) : ∃ a b : ℝ², a ∈ (({q, w, H.a0, H.a1} : Finset ℝ²).erase s) ∩ (({q, w, H.a0, H.a1} : Finset ℝ²).erase t) ∧ a ∈ (H.selected_classes s hs).1 ∧ a ∈ (H.selected_classes t ht).1 ∧ b ≠ r ∧ b ∈ (H.selected_classes s hs).1 ∩ ({v3, v1, qs, u} : Finset ℝ²) ∧ b ∉ (H.selected_classes t ht).1 ∧ (H.selected_classes s hs).1 = ({t, a} : Finset ℝ²) ∪ ({r, b} : Finset ℝ²) ∧ (a = q → (H.selected_classes s hs).1 ∩ (H.selected_classes t ht).1 = ({q, u} : Finset ℝ²) ∧ r = u ∧ (b = v1 ∨ b = qs) ∧ ((t = H.a0 ∧ (((H.selected_classes s hs).1 = ({u, v1, H.a0, q} : Finset ℝ²)) ∧ (H.selected_classes t ht).1 = ({u, H.a1, w, q} : Finset ℝ²) ∧ Nonempty (U5QCriticalTripleClass D q w ({u, v1, H.a0} : Finset ℝ²)) ∧ Nonempty (U5QCriticalTripleClass D q H.a0 ({u, H.a1, w} : Finset ℝ²)) ∧ dist H.a0 u = dist H.a0 w ∧ dist w v1 = dist w H.a0 ∨ ((H.selected_classes s hs).1 = ({u, qs, H.a0, q} : Finset ℝ²)) ∧ (H.selected_classes t ht).1 = ({u, H.a1, w, q} : Finset ℝ²) ∧ Nonempty (U5QCriticalTripleClass D q w ({u, qs, H.a0} : Finset ℝ²)) ∧ Nonempty (U5QCriticalTripleClass D q H.a0 ({u, H.a1, w} : Finset ℝ²)) ∧ dist H.a0 u = dist H.a0 w ∧ dist w qs = dist w H.a0)) ∨ (t = H.a1 ∧ (((H.selected_classes s hs).1 = ({u, v1, H.a1, q} : Finset ℝ²)) ∧ (H.selected_classes t ht).1 = ({u, H.a0, w, q} : Finset ℝ²) ∧ Nonempty (U5QCriticalTripleClass D q w ({u, v1, H.a1} : Finset ℝ²)) ∧ Nonempty (U5QCriticalTripleClass D q H.a1 ({u, H.a0, w} : Finset ℝ²)) ∧ dist H.a1 u = dist H.a1 w ∧ dist w v1 = dist w H.a1 ∨ ((H.selected_classes s hs).1 = ({u, qs, H.a1, q} : Finset ℝ²)) ∧ (H.selected_classes t ht).1 = ({u, H.a0, w, q} : Finset ℝ²) ∧ Nonempty (U5QCriticalTripleClass D q w ({u, qs, H.a1} : Finset ℝ²)) ∧ Nonempty (U5QCriticalTripleClass D q H.a1 ({u, H.a0, w} : Finset ℝ²)) ∧ dist H.a1 u = dist H.a1 w ∧ dist w qs = dist w H.a1))) ∧ dist w b = dist w r ∧ dist q b = dist q r ∧ ((({b, r} : Finset ℝ²) = ({v1, qs} : Finset ℝ²) ∧ inner ℝ (w - q) (v1 - qs) = 0) ∨ (({b, r} : Finset ℝ²) = ({v1, u} : Finset ℝ²) ∧ inner ℝ (w - q) (v1 - u) = 0) ∨ (({b, r} : Finset ℝ²) = ({qs, u} : Finset ℝ²) ∧ inner ℝ (w - q) (qs - u) = 0)) ∧ (r = v1 ∨ r = qs ∨ r = u) ∧ (b = v1 ∨ b = qs ∨ b = u)) ∧ (a ≠ q → C5D3B.rowCircleTailCommonUMetricCells q v1 v3 qs w u b r ∧ ((t = H.a0 ∧ a = H.a1 ∧ r = u ∧ (H.selected_classes t ht).1 = ({q, w, H.a1, u} : Finset ℝ²) ∧ (H.selected_classes s hs).1 = ({H.a0, H.a1, u, b} : Finset ℝ²) ∧ (H.selected_classes s hs).1 ∩ (H.selected_classes t ht).1 = ({H.a1, u} : Finset ℝ²) ∧ Nonempty (U5QCriticalTripleClass D q H.a0 ({w, H.a1, u} : Finset ℝ²)) ∧ Nonempty (U5QDeletedK4Class D q w (H.selected_classes s hs).1) ∧ dist H.a0 u = dist H.a0 q ∧ dist H.a0 u = dist H.a0 w ∧ dist H.a0 u = dist H.a0 H.a1) ∨ (t = H.a1 ∧ a = H.a0 ∧ r = u ∧ (H.selected_classes t ht).1 = ({q, w, H.a0, u} : Finset ℝ²) ∧ (H.selected_classes s hs).1 = ({H.a1, H.a0, u, b} : Finset ℝ²) ∧ (H.selected_classes s hs).1 ∩ (H.selected_classes t ht).1 = ({H.a0, u} : Finset ℝ²) ∧ Nonempty (U5QCriticalTripleClass D q H.a1 ({w, H.a0, u} : Finset ℝ²)) ∧ Nonempty (U5QDeletedK4Class D q w (H.selected_classes s hs).1) ∧ dist H.a1 u = dist H.a1 q ∧ dist H.a1 u = dist H.a1 w ∧ dist H.a1 u = dist H.a1 H.a0)))
Problem97.C5D3B.qAllowedSelected_two_full_common_two_side_w_aux_same_witness_class_record_cases	lean/RVOL/P97/C5D3BPacket.lean	27037	source-proved	theorem qAllowedSelected_two_full_common_two_side_w_aux_same_witness_class_record_cases {D : CounterexampleData} {q v1 v3 qs w u s t r : ℝ²} (P : C5D3BSameSideTerminalPacket D q v1 v3 qs w u) (H : U5QAllowedAuditSupport D q v3 ({v1, qs, w} : Finset ℝ²) u) (hs : s ∈ U5BoundedAuditCenters D q v3 ({v1, qs, w} : Finset ℝ²) u H.a0 H.a1) (ht : t ∈ U5BoundedAuditCenters D q v3 ({v1, qs, w} : Finset ℝ²) u H.a0 H.a1) (hsrow : s ∈ ({w, H.a0, H.a1} : Finset ℝ²)) (htrow : t ∈ ({w, H.a0, H.a1} : Finset ℝ²)) (hst : s ≠ t) (hstwo : (((H.selected_classes s hs).1) ∩ (({q, w, H.a0, H.a1} : Finset ℝ²).erase s)).card = 2) (htfull : ((H.selected_classes t ht).1 ∩ (({q, w, H.a0, H.a1} : Finset ℝ²).erase t)) = (({q, w, H.a0, H.a1} : Finset ℝ²).erase t)) (hr : r ∈ (((H.selected_classes s hs).1 ∩ (H.selected_classes t ht).1) ∩ ({v3, v1, qs, u} : Finset ℝ²))) (hsw : s = w) : ∃ a b : ℝ², a ∈ (({q, w, H.a0, H.a1} : Finset ℝ²).erase s) ∩ (({q, w, H.a0, H.a1} : Finset ℝ²).erase t) ∧ a ∈ (H.selected_classes s hs).1 ∧ a ∈ (H.selected_classes t ht).1 ∧ b ≠ r ∧ b ∈ (H.selected_classes s hs).1 ∩ ({v3, v1, qs, u} : Finset ℝ²) ∧ b ∉ (H.selected_classes t ht).1 ∧ (H.selected_classes s hs).1 = ({t, a} : Finset ℝ²) ∪ ({r, b} : Finset ℝ²) ∧ ((a = q ∧ (H.selected_classes s hs).1 ∩ (H.selected_classes t ht).1 = ({q, u} : Finset ℝ²) ∧ r = u ∧ (b = v1 ∨ b = qs) ∧ ((t = H.a0 ∧ (((H.selected_classes s hs).1 = ({u, v1, H.a0, q} : Finset ℝ²)) ∧ (H.selected_classes t ht).1 = ({u, H.a1, w, q} : Finset ℝ²) ∧ Nonempty (U5QCriticalTripleClass D q w ({u, v1, H.a0} : Finset ℝ²)) ∧ Nonempty (U5QCriticalTripleClass D q H.a0 ({u, H.a1, w} : Finset ℝ²)) ∧ dist H.a0 u = dist H.a0 w ∧ dist w v1 = dist w H.a0 ∨ ((H.selected_classes s hs).1 = ({u, qs, H.a0, q} : Finset ℝ²)) ∧ (H.selected_classes t ht).1 = ({u, H.a1, w, q} : Finset ℝ²) ∧ Nonempty (U5QCriticalTripleClass D q w ({u, qs, H.a0} : Finset ℝ²)) ∧ Nonempty (U5QCriticalTripleClass D q H.a0 ({u, H.a1, w} : Finset ℝ²)) ∧ dist H.a0 u = dist H.a0 w ∧ dist w qs = dist w H.a0)) ∨ (t = H.a1 ∧ (((H.selected_classes s hs).1 = ({u, v1, H.a1, q} : Finset ℝ²)) ∧ (H.selected_classes t ht).1 = ({u, H.a0, w, q} : Finset ℝ²) ∧ Nonempty (U5QCriticalTripleClass D q w ({u, v1, H.a1} : Finset ℝ²)) ∧ Nonempty (U5QCriticalTripleClass D q H.a1 ({u, H.a0, w} : Finset ℝ²)) ∧ dist H.a1 u = dist H.a1 w ∧ dist w v1 = dist w H.a1 ∨ ((H.selected_classes s hs).1 = ({u, qs, H.a1, q} : Finset ℝ²)) ∧ (H.selected_classes t ht).1 = ({u, H.a0, w, q} : Finset ℝ²) ∧ Nonempty (U5QCriticalTripleClass D q w ({u, qs, H.a1} : Finset ℝ²)) ∧ Nonempty (U5QCriticalTripleClass D q H.a1 ({u, H.a0, w} : Finset ℝ²)) ∧ dist H.a1 u = dist H.a1 w ∧ dist w qs = dist w H.a1))) ∧ dist w b = dist w r ∧ dist q b = dist q r ∧ ((({b, r} : Finset ℝ²) = ({v1, qs} : Finset ℝ²) ∧ inner ℝ (w - q) (v1 - qs) = 0) ∨ (({b, r} : Finset ℝ²) = ({v1, u} : Finset ℝ²) ∧ inner ℝ (w - q) (v1 - u) = 0) ∨ (({b, r} : Finset ℝ²) = ({qs, u} : Finset ℝ²) ∧ inner ℝ (w - q) (qs - u) = 0)) ∧ (r = v1 ∨ r = qs ∨ r = u) ∧ (b = v1 ∨ b = qs ∨ b = u)) ∨ (a ≠ q ∧ C5D3B.rowCircleTailCommonUMetricCells q v1 v3 qs w u b r ∧ ((t = H.a0 ∧ a = H.a1 ∧ r = u ∧ (H.selected_classes t ht).1 = ({q, w, H.a1, u} : Finset ℝ²) ∧ (H.selected_classes s hs).1 = ({H.a0, H.a1, u, b} : Finset ℝ²) ∧ (H.selected_classes s hs).1 ∩ (H.selected_classes t ht).1 = ({H.a1, u} : Finset ℝ²) ∧ Nonempty (U5QCriticalTripleClass D q H.a0 ({w, H.a1, u} : Finset ℝ²)) ∧ Nonempty (U5QDeletedK4Class D q w (H.selected_classes s hs).1) ∧ dist H.a0 u = dist H.a0 q ∧ dist H.a0 u = dist H.a0 w ∧ dist H.a0 u = dist H.a0 H.a1) ∨ (t = H.a1 ∧ a = H.a0 ∧ r = u ∧ (H.selected_classes t ht).1 = ({q, w, H.a0, u} : Finset ℝ²) ∧ (H.selected_classes s hs).1 = ({H.a1, H.a0, u, b} : Finset ℝ²) ∧ (H.selected_classes s hs).1 ∩ (H.selected_classes t ht).1 = ({H.a0, u} : Finset ℝ²) ∧ Nonempty (U5QCriticalTripleClass D q H.a1 ({w, H.a0, u} : Finset ℝ²)) ∧ Nonempty (U5QDeletedK4Class D q w (H.selected_classes s hs).1) ∧ dist H.a1 u = dist H.a1 q ∧ dist H.a1 u = dist H.a1 w ∧ dist H.a1 u = dist H.a1 H.a0))))
Problem97.C5D3B.qAllowedSelected_two_full_common_two_side_w_aux_same_witness_finite_class_record_cells	lean/RVOL/P97/C5D3BPacket.lean	27402	source-proved	theorem qAllowedSelected_two_full_common_two_side_w_aux_same_witness_finite_class_record_cells {D : CounterexampleData} {q v1 v3 qs w u s t r : ℝ²} (P : C5D3BSameSideTerminalPacket D q v1 v3 qs w u) (H : U5QAllowedAuditSupport D q v3 ({v1, qs, w} : Finset ℝ²) u) (hs : s ∈ U5BoundedAuditCenters D q v3 ({v1, qs, w} : Finset ℝ²) u H.a0 H.a1) (ht : t ∈ U5BoundedAuditCenters D q v3 ({v1, qs, w} : Finset ℝ²) u H.a0 H.a1) (hsrow : s ∈ ({w, H.a0, H.a1} : Finset ℝ²)) (htrow : t ∈ ({w, H.a0, H.a1} : Finset ℝ²)) (hst : s ≠ t) (hstwo : (((H.selected_classes s hs).1) ∩ (({q, w, H.a0, H.a1} : Finset ℝ²).erase s)).card = 2) (htfull : ((H.selected_classes t ht).1 ∩ (({q, w, H.a0, H.a1} : Finset ℝ²).erase t)) = (({q, w, H.a0, H.a1} : Finset ℝ²).erase t)) (hr : r ∈ (((H.selected_classes s hs).1 ∩ (H.selected_classes t ht).1) ∩ ({v3, v1, qs, u} : Finset ℝ²))) (hsw : s = w) : ∃ a b : ℝ², a ∈ (({q, w, H.a0, H.a1} : Finset ℝ²).erase s) ∩ (({q, w, H.a0, H.a1} : Finset ℝ²).erase t) ∧ a ∈ (H.selected_classes s hs).1 ∧ a ∈ (H.selected_classes t ht).1 ∧ b ≠ r ∧ b ∈ (H.selected_classes s hs).1 ∩ ({v3, v1, qs, u} : Finset ℝ²) ∧ b ∉ (H.selected_classes t ht).1 ∧ (H.selected_classes s hs).1 = ({t, a} : Finset ℝ²) ∪ ({r, b} : Finset ℝ²) ∧ ((a = q ∧ (H.selected_classes s hs).1 ∩ (H.selected_classes t ht).1 = ({q, u} : Finset ℝ²) ∧ r = u ∧ (b = v1 ∨ b = qs) ∧ ((t = H.a0 ∧ (((H.selected_classes s hs).1 = ({u, v1, H.a0, q} : Finset ℝ²)) ∧ (H.selected_classes t ht).1 = ({u, H.a1, w, q} : Finset ℝ²) ∧ Nonempty (U5QCriticalTripleClass D q w ({u, v1, H.a0} : Finset ℝ²)) ∧ Nonempty (U5QCriticalTripleClass D q H.a0 ({u, H.a1, w} : Finset ℝ²)) ∧ dist H.a0 u = dist H.a0 w ∧ dist w v1 = dist w H.a0 ∨ ((H.selected_classes s hs).1 = ({u, qs, H.a0, q} : Finset ℝ²)) ∧ (H.selected_classes t ht).1 = ({u, H.a1, w, q} : Finset ℝ²) ∧ Nonempty (U5QCriticalTripleClass D q w ({u, qs, H.a0} : Finset ℝ²)) ∧ Nonempty (U5QCriticalTripleClass D q H.a0 ({u, H.a1, w} : Finset ℝ²)) ∧ dist H.a0 u = dist H.a0 w ∧ dist w qs = dist w H.a0)) ∨ (t = H.a1 ∧ (((H.selected_classes s hs).1 = ({u, v1, H.a1, q} : Finset ℝ²)) ∧ (H.selected_classes t ht).1 = ({u, H.a0, w, q} : Finset ℝ²) ∧ Nonempty (U5QCriticalTripleClass D q w ({u, v1, H.a1} : Finset ℝ²)) ∧ Nonempty (U5QCriticalTripleClass D q H.a1 ({u, H.a0, w} : Finset ℝ²)) ∧ dist H.a1 u = dist H.a1 w ∧ dist w v1 = dist w H.a1 ∨ ((H.selected_classes s hs).1 = ({u, qs, H.a1, q} : Finset ℝ²)) ∧ (H.selected_classes t ht).1 = ({u, H.a0, w, q} : Finset ℝ²) ∧ Nonempty (U5QCriticalTripleClass D q w ({u, qs, H.a1} : Finset ℝ²)) ∧ Nonempty (U5QCriticalTripleClass D q H.a1 ({u, H.a0, w} : Finset ℝ²)) ∧ dist H.a1 u = dist H.a1 w ∧ dist w qs = dist w H.a1))) ∧ dist w b = dist w r ∧ dist q b = dist q r ∧ ((({b, r} : Finset ℝ²) = ({v1, qs} : Finset ℝ²) ∧ inner ℝ (w - q) (v1 - qs) = 0) ∨ (({b, r} : Finset ℝ²) = ({v1, u} : Finset ℝ²) ∧ inner ℝ (w - q) (v1 - u) = 0) ∨ (({b, r} : Finset ℝ²) = ({qs, u} : Finset ℝ²) ∧ inner ℝ (w - q) (qs - u) = 0)) ∧ (r = v1 ∨ r = qs ∨ r = u) ∧ (b = v1 ∨ b = qs ∨ b = u)) ∨ (a ≠ q ∧ C5D3B.rowCircleTailCommonUClassRecordCells D q v1 v3 qs w u s t a b r H hs ht))
Problem97.C5D3B.qAllowedSelected_two_full_common_two_side_w_aux_same_witness_all_class_record_cells	lean/RVOL/P97/C5D3BPacket.lean	28472	source-proved	theorem qAllowedSelected_two_full_common_two_side_w_aux_same_witness_all_class_record_cells {D : CounterexampleData} {q v1 v3 qs w u s t r : ℝ²} (P : C5D3BSameSideTerminalPacket D q v1 v3 qs w u) (H : U5QAllowedAuditSupport D q v3 ({v1, qs, w} : Finset ℝ²) u) (hs : s ∈ U5BoundedAuditCenters D q v3 ({v1, qs, w} : Finset ℝ²) u H.a0 H.a1) (ht : t ∈ U5BoundedAuditCenters D q v3 ({v1, qs, w} : Finset ℝ²) u H.a0 H.a1) (hsrow : s ∈ ({w, H.a0, H.a1} : Finset ℝ²)) (htrow : t ∈ ({w, H.a0, H.a1} : Finset ℝ²)) (hst : s ≠ t) (hstwo : (((H.selected_classes s hs).1) ∩ (({q, w, H.a0, H.a1} : Finset ℝ²).erase s)).card = 2) (htfull : ((H.selected_classes t ht).1 ∩ (({q, w, H.a0, H.a1} : Finset ℝ²).erase t)) = (({q, w, H.a0, H.a1} : Finset ℝ²).erase t)) (hr : r ∈ (((H.selected_classes s hs).1 ∩ (H.selected_classes t ht).1) ∩ ({v3, v1, qs, u} : Finset ℝ²))) (hsw : s = w) : ∃ a b : ℝ², a ∈ (({q, w, H.a0, H.a1} : Finset ℝ²).erase s) ∩ (({q, w, H.a0, H.a1} : Finset ℝ²).erase t) ∧ a ∈ (H.selected_classes s hs).1 ∧ a ∈ (H.selected_classes t ht).1 ∧ b ≠ r ∧ b ∈ (H.selected_classes s hs).1 ∩ ({v3, v1, qs, u} : Finset ℝ²) ∧ b ∉ (H.selected_classes t ht).1 ∧ (H.selected_classes s hs).1 = ({t, a} : Finset ℝ²) ∪ ({r, b} : Finset ℝ²) ∧ (C5D3B.rowCircleTailQAnchorClassRecordCells D q v1 v3 qs w u s t a b r H hs ht ∨ (a ≠ q ∧ C5D3B.rowCircleTailCommonUClassRecordCells D q v1 v3 qs w u s t a b r H hs ht))
Problem97.C5D3B.qAllowedSelected_two_rowOffProfile_exact_pair_w_q_anchor_tail_common_u_target_w_not_mem	lean/RVOL/P97/C5D3BPacket.lean	28962	source-proved	theorem qAllowedSelected_two_rowOffProfile_exact_pair_w_q_anchor_tail_common_u_target_w_not_mem {D : CounterexampleData} {q v1 v3 qs w u s t a r : ℝ²} (P : C5D3BSameSideTerminalPacket D q v1 v3 qs w u) (H : U5QAllowedAuditSupport D q v3 ({v1, qs, w} : Finset ℝ²) u) (hs : s ∈ U5BoundedAuditCenters D q v3 ({v1, qs, w} : Finset ℝ²) u H.a0 H.a1) (ht : t ∈ U5BoundedAuditCenters D q v3 ({v1, qs, w} : Finset ℝ²) u H.a0 H.a1) (hsrow : s ∈ ({w, H.a0, H.a1} : Finset ℝ²)) (hstwo : (((H.selected_classes s hs).1) ∩ (({q, w, H.a0, H.a1} : Finset ℝ²).erase s)).card = 2) (haA : a ∈ ({q, w, H.a0, H.a1} : Finset ℝ²)) (hsProfile : ((H.selected_classes s hs).1 ∩ (({q, w, H.a0, H.a1} : Finset ℝ²).erase s)) = ({t, a} : Finset ℝ²)) (hInter : (H.selected_classes s hs).1 ∩ (H.selected_classes t ht).1 = ({a, r} : Finset ℝ²)) (hr : r ∈ (((H.selected_classes s hs).1 ∩ (H.selected_classes t ht).1) ∩ ({v3, v1, qs, u} : Finset ℝ²))) (hsw : s = w) (haq : a = q) (hru : r = u) : w ∉ (H.selected_classes t ht).1
Problem97.C5D3B.qAllowedSelected_two_rowOffProfile_exact_pair_w_q_anchor_tail_crossing_target_u_not_mem	lean/RVOL/P97/C5D3BPacket.lean	29061	source-proved	theorem qAllowedSelected_two_rowOffProfile_exact_pair_w_q_anchor_tail_crossing_target_u_not_mem {D : CounterexampleData} {q v1 v3 qs w u s t a r : ℝ²} (P : C5D3BSameSideTerminalPacket D q v1 v3 qs w u) (H : U5QAllowedAuditSupport D q v3 ({v1, qs, w} : Finset ℝ²) u) (hs : s ∈ U5BoundedAuditCenters D q v3 ({v1, qs, w} : Finset ℝ²) u H.a0 H.a1) (ht : t ∈ U5BoundedAuditCenters D q v3 ({v1, qs, w} : Finset ℝ²) u H.a0 H.a1) (hsrow : s ∈ ({w, H.a0, H.a1} : Finset ℝ²)) (hstwo : (((H.selected_classes s hs).1) ∩ (({q, w, H.a0, H.a1} : Finset ℝ²).erase s)).card = 2) (haA : a ∈ ({q, w, H.a0, H.a1} : Finset ℝ²)) (hsProfile : ((H.selected_classes s hs).1 ∩ (({q, w, H.a0, H.a1} : Finset ℝ²).erase s)) = ({t, a} : Finset ℝ²)) (hInter : (H.selected_classes s hs).1 ∩ (H.selected_classes t ht).1 = ({a, r} : Finset ℝ²)) (hr : r ∈ (((H.selected_classes s hs).1 ∩ (H.selected_classes t ht).1) ∩ ({v3, v1, qs, u} : Finset ℝ²))) (hsw : s = w) (haq : a = q) (hr_cross : r = v1 ∨ r = qs) : u ∉ (H.selected_classes t ht).1
Problem97.C5D3B.qAllowedSelected_exact_pair_w_q_anchor_crossing_target_w_not_mem	lean/RVOL/P97/C5D3BPacket.lean	29602	source-proved	theorem qAllowedSelected_exact_pair_w_q_anchor_crossing_target_w_not_mem {D : CounterexampleData} {q v1 v3 qs w u s t a r : ℝ²} (P : C5D3BSameSideTerminalPacket D q v1 v3 qs w u) (H : U5QAllowedAuditSupport D q v3 ({v1, qs, w} : Finset ℝ²) u) (hs : s ∈ U5BoundedAuditCenters D q v3 ({v1, qs, w} : Finset ℝ²) u H.a0 H.a1) (ht : t ∈ U5BoundedAuditCenters D q v3 ({v1, qs, w} : Finset ℝ²) u H.a0 H.a1) (hsrow : s ∈ ({w, H.a0, H.a1} : Finset ℝ²)) (hstwo : (((H.selected_classes s hs).1) ∩ (({q, w, H.a0, H.a1} : Finset ℝ²).erase s)).card = 2) (haA : a ∈ ({q, w, H.a0, H.a1} : Finset ℝ²)) (hsProfile : ((H.selected_classes s hs).1 ∩ (({q, w, H.a0, H.a1} : Finset ℝ²).erase s)) = ({t, a} : Finset ℝ²)) (hInter : (H.selected_classes s hs).1 ∩ (H.selected_classes t ht).1 = ({a, r} : Finset ℝ²)) (hr : r ∈ (((H.selected_classes s hs).1 ∩ (H.selected_classes t ht).1) ∩ ({v3, v1, qs, u} : Finset ℝ²))) (hsw : s = w) (haq : a = q) (hr_cross : r = v1 ∨ r = qs) : w ∉ (H.selected_classes t ht).1
Problem97.C5D3B.qAllowedSelected_exact_pair_w_q_anchor_crossing_opposite_aux_support	lean/RVOL/P97/C5D3BPacket.lean	30676	source-proved	theorem qAllowedSelected_exact_pair_w_q_anchor_crossing_opposite_aux_support {D : CounterexampleData} {q v1 v3 qs w u s t a r : ℝ²} (P : C5D3BSameSideTerminalPacket D q v1 v3 qs w u) (H : U5QAllowedAuditSupport D q v3 ({v1, qs, w} : Finset ℝ²) u) (hs : s ∈ U5BoundedAuditCenters D q v3 ({v1, qs, w} : Finset ℝ²) u H.a0 H.a1) (ht : t ∈ U5BoundedAuditCenters D q v3 ({v1, qs, w} : Finset ℝ²) u H.a0 H.a1) (hsrow : s ∈ ({w, H.a0, H.a1} : Finset ℝ²)) (hstwo : (((H.selected_classes s hs).1) ∩ (({q, w, H.a0, H.a1} : Finset ℝ²).erase s)).card = 2) (haA : a ∈ ({q, w, H.a0, H.a1} : Finset ℝ²)) (hsProfile : ((H.selected_classes s hs).1 ∩ (({q, w, H.a0, H.a1} : Finset ℝ²).erase s)) = ({t, a} : Finset ℝ²)) (hInter : (H.selected_classes s hs).1 ∩ (H.selected_classes t ht).1 = ({a, r} : Finset ℝ²)) (hr : r ∈ (((H.selected_classes s hs).1 ∩ (H.selected_classes t ht).1) ∩ ({v3, v1, qs, u} : Finset ℝ²))) (hsw : s = w) (haq : a = q) (hr_cross : r = v1 ∨ r = qs) : ∃ c : ℝ², c ≠ q ∧ ((t = H.a0 ∧ c = H.a1) ∨ (t = H.a1 ∧ c = H.a0)) ∧ c ∉ insert u ({v1, qs, w} : Finset ℝ²) ∧ dist v3 c ≠ dist v3 q
Problem97.C5D3B.qAllowedSelected_exact_pair_w_q_anchor_crossing_auxiliary_support	lean/RVOL/P97/C5D3BPacket.lean	30742	source-proved	theorem qAllowedSelected_exact_pair_w_q_anchor_crossing_auxiliary_support {D : CounterexampleData} {q v1 v3 qs w u s t a r : ℝ²} (P : C5D3BSameSideTerminalPacket D q v1 v3 qs w u) (H : U5QAllowedAuditSupport D q v3 ({v1, qs, w} : Finset ℝ²) u) (hs : s ∈ U5BoundedAuditCenters D q v3 ({v1, qs, w} : Finset ℝ²) u H.a0 H.a1) (ht : t ∈ U5BoundedAuditCenters D q v3 ({v1, qs, w} : Finset ℝ²) u H.a0 H.a1) (hsrow : s ∈ ({w, H.a0, H.a1} : Finset ℝ²)) (hstwo : (((H.selected_classes s hs).1) ∩ (({q, w, H.a0, H.a1} : Finset ℝ²).erase s)).card = 2) (haA : a ∈ ({q, w, H.a0, H.a1} : Finset ℝ²)) (hsProfile : ((H.selected_classes s hs).1 ∩ (({q, w, H.a0, H.a1} : Finset ℝ²).erase s)) = ({t, a} : Finset ℝ²)) (hInter : (H.selected_classes s hs).1 ∩ (H.selected_classes t ht).1 = ({a, r} : Finset ℝ²)) (hr : r ∈ (((H.selected_classes s hs).1 ∩ (H.selected_classes t ht).1) ∩ ({v3, v1, qs, u} : Finset ℝ²))) (hsw : s = w) (haq : a = q) (hr_cross : r = v1 ∨ r = qs) : ∃ c : ℝ², c ≠ q ∧ ((t = H.a0 ∧ c = H.a1) ∨ (t = H.a1 ∧ c = H.a0)) ∧ t ∉ insert u ({v1, qs, w} : Finset ℝ²) ∧ c ∉ insert u ({v1, qs, w} : Finset ℝ²) ∧ dist v3 t ≠ dist v3 q ∧ dist v3 c ≠ dist v3 q
Problem97.C5D3B.qAllowedSelected_exact_pair_w_q_anchor_crossing_target_qcritical_base_support	lean/RVOL/P97/C5D3BPacket.lean	30834	source-proved	theorem qAllowedSelected_exact_pair_w_q_anchor_crossing_target_qcritical_base_support {D : CounterexampleData} {q v1 v3 qs w u s t a r : ℝ²} (P : C5D3BSameSideTerminalPacket D q v1 v3 qs w u) (H : U5QAllowedAuditSupport D q v3 ({v1, qs, w} : Finset ℝ²) u) (hs : s ∈ U5BoundedAuditCenters D q v3 ({v1, qs, w} : Finset ℝ²) u H.a0 H.a1) (ht : t ∈ U5BoundedAuditCenters D q v3 ({v1, qs, w} : Finset ℝ²) u H.a0 H.a1) (hsrow : s ∈ ({w, H.a0, H.a1} : Finset ℝ²)) (hstwo : (((H.selected_classes s hs).1) ∩ (({q, w, H.a0, H.a1} : Finset ℝ²).erase s)).card = 2) (haA : a ∈ ({q, w, H.a0, H.a1} : Finset ℝ²)) (hsProfile : ((H.selected_classes s hs).1 ∩ (({q, w, H.a0, H.a1} : Finset ℝ²).erase s)) = ({t, a} : Finset ℝ²)) (hInter : (H.selected_classes s hs).1 ∩ (H.selected_classes t ht).1 = ({a, r} : Finset ℝ²)) (hr : r ∈ (((H.selected_classes s hs).1 ∩ (H.selected_classes t ht).1) ∩ ({v3, v1, qs, u} : Finset ℝ²))) (hsw : s = w) (haq : a = q) (hr_cross : r = v1 ∨ r = qs) : ∃ c : ℝ², c ≠ q ∧ ((t = H.a0 ∧ c = H.a1) ∨ (t = H.a1 ∧ c = H.a0)) ∧ (H.selected_classes t ht).1.erase q = ({c, r, v3} : Finset ℝ²) ∧ Nonempty (U5QCriticalTripleClass D q t ({c, r, v3} : Finset ℝ²)) ∧ c ∉ insert u ({v1, qs, w} : Finset ℝ²) ∧ ({c, r, v3} : Finset ℝ²) ∩ insert u ({v1, qs, w} : Finset ℝ²) = ({r} : Finset ℝ²) ∧ dist v3 c ≠ dist v3 q
Problem97.C5D3B.qAllowedSelected_exact_pair_w_q_anchor_crossing_source_qcritical_base_support	lean/RVOL/P97/C5D3BPacket.lean	30944	source-proved	theorem qAllowedSelected_exact_pair_w_q_anchor_crossing_source_qcritical_base_support {D : CounterexampleData} {q v1 v3 qs w u s t a r : ℝ²} (P : C5D3BSameSideTerminalPacket D q v1 v3 qs w u) (H : U5QAllowedAuditSupport D q v3 ({v1, qs, w} : Finset ℝ²) u) (hs : s ∈ U5BoundedAuditCenters D q v3 ({v1, qs, w} : Finset ℝ²) u H.a0 H.a1) (ht : t ∈ U5BoundedAuditCenters D q v3 ({v1, qs, w} : Finset ℝ²) u H.a0 H.a1) (hsrow : s ∈ ({w, H.a0, H.a1} : Finset ℝ²)) (hstwo : (((H.selected_classes s hs).1) ∩ (({q, w, H.a0, H.a1} : Finset ℝ²).erase s)).card = 2) (haA : a ∈ ({q, w, H.a0, H.a1} : Finset ℝ²)) (hsProfile : ((H.selected_classes s hs).1 ∩ (({q, w, H.a0, H.a1} : Finset ℝ²).erase s)) = ({t, a} : Finset ℝ²)) (hInter : (H.selected_classes s hs).1 ∩ (H.selected_classes t ht).1 = ({a, r} : Finset ℝ²)) (hr : r ∈ (((H.selected_classes s hs).1 ∩ (H.selected_classes t ht).1) ∩ ({v3, v1, qs, u} : Finset ℝ²))) (hsw : s = w) (haq : a = q) (hr_cross : r = v1 ∨ r = qs) : ∃ c : ℝ², c ≠ q ∧ ((t = H.a0 ∧ c = H.a1) ∨ (t = H.a1 ∧ c = H.a0)) ∧ (H.selected_classes s hs).1.erase q = ({t, r, u} : Finset ℝ²) ∧ Nonempty (U5QCriticalTripleClass D q w ({t, r, u} : Finset ℝ²)) ∧ t ∉ insert u ({v1, qs, w} : Finset ℝ²) ∧ ({t, r, u} : Finset ℝ²) ∩ insert u ({v1, qs, w} : Finset ℝ²) = ({r, u} : Finset ℝ²) ∧ dist v3 t ≠ dist v3 q ∧ dist w t = dist w q ∧ dist w r = dist w q ∧ dist w u = dist w q
Problem97.C5D3B.qAllowedSelected_two_full_common_two_side_w_aux_same_witness_aligned_class_record_cells	lean/RVOL/P97/C5D3BPacket.lean	31564	source-proved	theorem qAllowedSelected_two_full_common_two_side_w_aux_same_witness_aligned_class_record_cells {D : CounterexampleData} {q v1 v3 qs w u s t r : ℝ²} (P : C5D3BSameSideTerminalPacket D q v1 v3 qs w u) (H : U5QAllowedAuditSupport D q v3 ({v1, qs, w} : Finset ℝ²) u) (hs : s ∈ U5BoundedAuditCenters D q v3 ({v1, qs, w} : Finset ℝ²) u H.a0 H.a1) (ht : t ∈ U5BoundedAuditCenters D q v3 ({v1, qs, w} : Finset ℝ²) u H.a0 H.a1) (hsrow : s ∈ ({w, H.a0, H.a1} : Finset ℝ²)) (htrow : t ∈ ({w, H.a0, H.a1} : Finset ℝ²)) (hst : s ≠ t) (hstwo : (((H.selected_classes s hs).1) ∩ (({q, w, H.a0, H.a1} : Finset ℝ²).erase s)).card = 2) (htfull : ((H.selected_classes t ht).1 ∩ (({q, w, H.a0, H.a1} : Finset ℝ²).erase t)) = (({q, w, H.a0, H.a1} : Finset ℝ²).erase t)) (hr : r ∈ (((H.selected_classes s hs).1 ∩ (H.selected_classes t ht).1) ∩ ({v3, v1, qs, u} : Finset ℝ²))) (hsw : s = w) : ∃ a b : ℝ², a ∈ (({q, w, H.a0, H.a1} : Finset ℝ²).erase s) ∩ (({q, w, H.a0, H.a1} : Finset ℝ²).erase t) ∧ a ∈ (H.selected_classes s hs).1 ∧ a ∈ (H.selected_classes t ht).1 ∧ b ≠ r ∧ b ∈ (H.selected_classes s hs).1 ∩ ({v3, v1, qs, u} : Finset ℝ²) ∧ b ∉ (H.selected_classes t ht).1 ∧ (H.selected_classes s hs).1 = ({t, a} : Finset ℝ²) ∪ ({r, b} : Finset ℝ²) ∧ (C5D3B.rowCircleTailQAnchorAlignedCells D q v1 v3 qs w u s t a b r H hs ht ∨ (a ≠ q ∧ C5D3B.rowCircleTailCommonUClassRecordCells D q v1 v3 qs w u s t a b r H hs ht))
Problem97.C5D3B.qAllowedSelected_two_full_common_two_side_w_aux_same_witness_resolved_class_record_cells	lean/RVOL/P97/C5D3BPacket.lean	32217	source-proved	theorem qAllowedSelected_two_full_common_two_side_w_aux_same_witness_resolved_class_record_cells {D : CounterexampleData} {q v1 v3 qs w u s t r : ℝ²} (P : C5D3BSameSideTerminalPacket D q v1 v3 qs w u) (H : U5QAllowedAuditSupport D q v3 ({v1, qs, w} : Finset ℝ²) u) (hs : s ∈ U5BoundedAuditCenters D q v3 ({v1, qs, w} : Finset ℝ²) u H.a0 H.a1) (ht : t ∈ U5BoundedAuditCenters D q v3 ({v1, qs, w} : Finset ℝ²) u H.a0 H.a1) (hsrow : s ∈ ({w, H.a0, H.a1} : Finset ℝ²)) (htrow : t ∈ ({w, H.a0, H.a1} : Finset ℝ²)) (hst : s ≠ t) (hstwo : (((H.selected_classes s hs).1) ∩ (({q, w, H.a0, H.a1} : Finset ℝ²).erase s)).card = 2) (htfull : ((H.selected_classes t ht).1 ∩ (({q, w, H.a0, H.a1} : Finset ℝ²).erase t)) = (({q, w, H.a0, H.a1} : Finset ℝ²).erase t)) (hr : r ∈ (((H.selected_classes s hs).1 ∩ (H.selected_classes t ht).1) ∩ ({v3, v1, qs, u} : Finset ℝ²))) (hsw : s = w) : ∃ a b : ℝ², a ∈ (({q, w, H.a0, H.a1} : Finset ℝ²).erase s) ∩ (({q, w, H.a0, H.a1} : Finset ℝ²).erase t) ∧ a ∈ (H.selected_classes s hs).1 ∧ a ∈ (H.selected_classes t ht).1 ∧ b ≠ r ∧ b ∈ (H.selected_classes s hs).1 ∩ ({v3, v1, qs, u} : Finset ℝ²) ∧ b ∉ (H.selected_classes t ht).1 ∧ (H.selected_classes s hs).1 = ({t, a} : Finset ℝ²) ∪ ({r, b} : Finset ℝ²) ∧ (C5D3B.rowCircleTailQAnchorAlignedCells D q v1 v3 qs w u s t a b r H hs ht ∨ (a ≠ q ∧ C5D3B.rowCircleTailCommonUClassRecordCells D q v1 v3 qs w u s t a b r H hs ht ∧ C5D3B.rowCircleTailCommonUResolvedMetric q v1 v3 qs w u b))
Problem97.C5D3B.qAllowedSelected_two_full_common_two_side_w_aux_same_witness_resolved_deleted_radius_cells	lean/RVOL/P97/C5D3BPacket.lean	32273	source-proved	theorem qAllowedSelected_two_full_common_two_side_w_aux_same_witness_resolved_deleted_radius_cells {D : CounterexampleData} {q v1 v3 qs w u s t r : ℝ²} (P : C5D3BSameSideTerminalPacket D q v1 v3 qs w u) (H : U5QAllowedAuditSupport D q v3 ({v1, qs, w} : Finset ℝ²) u) (hs : s ∈ U5BoundedAuditCenters D q v3 ({v1, qs, w} : Finset ℝ²) u H.a0 H.a1) (ht : t ∈ U5BoundedAuditCenters D q v3 ({v1, qs, w} : Finset ℝ²) u H.a0 H.a1) (hsrow : s ∈ ({w, H.a0, H.a1} : Finset ℝ²)) (htrow : t ∈ ({w, H.a0, H.a1} : Finset ℝ²)) (hst : s ≠ t) (hstwo : (((H.selected_classes s hs).1) ∩ (({q, w, H.a0, H.a1} : Finset ℝ²).erase s)).card = 2) (htfull : ((H.selected_classes t ht).1 ∩ (({q, w, H.a0, H.a1} : Finset ℝ²).erase t)) = (({q, w, H.a0, H.a1} : Finset ℝ²).erase t)) (hr : r ∈ (((H.selected_classes s hs).1 ∩ (H.selected_classes t ht).1) ∩ ({v3, v1, qs, u} : Finset ℝ²))) (hsw : s = w) : ∃ a b : ℝ², a ∈ (({q, w, H.a0, H.a1} : Finset ℝ²).erase s) ∩ (({q, w, H.a0, H.a1} : Finset ℝ²).erase t) ∧ a ∈ (H.selected_classes s hs).1 ∧ a ∈ (H.selected_classes t ht).1 ∧ b ≠ r ∧ b ∈ (H.selected_classes s hs).1 ∩ ({v3, v1, qs, u} : Finset ℝ²) ∧ b ∉ (H.selected_classes t ht).1 ∧ (H.selected_classes s hs).1 = ({t, a} : Finset ℝ²) ∪ ({r, b} : Finset ℝ²) ∧ (C5D3B.rowCircleTailQAnchorAlignedCells D q v1 v3 qs w u s t a b r H hs ht ∨ (a ≠ q ∧ C5D3B.rowCircleTailCommonUClassRecordCells D q v1 v3 qs w u s t a b r H hs ht ∧ C5D3B.rowCircleTailCommonUResolvedMetric q v1 v3 qs w u b ∧ C5D3B.rowCircleTailCommonUDeletedClassRadius D q v1 v3 qs w u s b H hs))
Problem97.C5D3B.qAllowedSelected_two_full_common_two_side_w_aux_same_witness_row_radius_cells	lean/RVOL/P97/C5D3BPacket.lean	32332	source-proved	theorem qAllowedSelected_two_full_common_two_side_w_aux_same_witness_row_radius_cells {D : CounterexampleData} {q v1 v3 qs w u s t r : ℝ²} (P : C5D3BSameSideTerminalPacket D q v1 v3 qs w u) (H : U5QAllowedAuditSupport D q v3 ({v1, qs, w} : Finset ℝ²) u) (hs : s ∈ U5BoundedAuditCenters D q v3 ({v1, qs, w} : Finset ℝ²) u H.a0 H.a1) (ht : t ∈ U5BoundedAuditCenters D q v3 ({v1, qs, w} : Finset ℝ²) u H.a0 H.a1) (hsrow : s ∈ ({w, H.a0, H.a1} : Finset ℝ²)) (htrow : t ∈ ({w, H.a0, H.a1} : Finset ℝ²)) (hst : s ≠ t) (hstwo : (((H.selected_classes s hs).1) ∩ (({q, w, H.a0, H.a1} : Finset ℝ²).erase s)).card = 2) (htfull : ((H.selected_classes t ht).1 ∩ (({q, w, H.a0, H.a1} : Finset ℝ²).erase t)) = (({q, w, H.a0, H.a1} : Finset ℝ²).erase t)) (hr : r ∈ (((H.selected_classes s hs).1 ∩ (H.selected_classes t ht).1) ∩ ({v3, v1, qs, u} : Finset ℝ²))) (hsw : s = w) : ∃ a b : ℝ², a ∈ (({q, w, H.a0, H.a1} : Finset ℝ²).erase s) ∩ (({q, w, H.a0, H.a1} : Finset ℝ²).erase t) ∧ a ∈ (H.selected_classes s hs).1 ∧ a ∈ (H.selected_classes t ht).1 ∧ b ≠ r ∧ b ∈ (H.selected_classes s hs).1 ∩ ({v3, v1, qs, u} : Finset ℝ²) ∧ b ∉ (H.selected_classes t ht).1 ∧ (H.selected_classes s hs).1 = ({t, a} : Finset ℝ²) ∪ ({r, b} : Finset ℝ²) ∧ (C5D3B.rowCircleTailQAnchorAlignedCells D q v1 v3 qs w u s t a b r H hs ht ∨ (a ≠ q ∧ C5D3B.rowCircleTailCommonUClassRecordCells D q v1 v3 qs w u s t a b r H hs ht ∧ C5D3B.rowCircleTailCommonUResolvedMetric q v1 v3 qs w u b ∧ C5D3B.rowCircleTailCommonUDeletedClassRadius D q v1 v3 qs w u s b H hs ∧ (b = v3 → C5D3B.rowCircleTailCommonUDeletedClassRowRadius D q v1 v3 qs w u s H hs)))
Problem97.C5D3B.qAllowedSelected_two_full_common_two_side_w_aux_same_witness_row_radius_common_u_cells	lean/RVOL/P97/C5D3BPacket.lean	32395	source-proved	theorem qAllowedSelected_two_full_common_two_side_w_aux_same_witness_row_radius_common_u_cells {D : CounterexampleData} {q v1 v3 qs w u s t r : ℝ²} (P : C5D3BSameSideTerminalPacket D q v1 v3 qs w u) (H : U5QAllowedAuditSupport D q v3 ({v1, qs, w} : Finset ℝ²) u) (hs : s ∈ U5BoundedAuditCenters D q v3 ({v1, qs, w} : Finset ℝ²) u H.a0 H.a1) (ht : t ∈ U5BoundedAuditCenters D q v3 ({v1, qs, w} : Finset ℝ²) u H.a0 H.a1) (hsrow : s ∈ ({w, H.a0, H.a1} : Finset ℝ²)) (htrow : t ∈ ({w, H.a0, H.a1} : Finset ℝ²)) (hst : s ≠ t) (hstwo : (((H.selected_classes s hs).1) ∩ (({q, w, H.a0, H.a1} : Finset ℝ²).erase s)).card = 2) (htfull : ((H.selected_classes t ht).1 ∩ (({q, w, H.a0, H.a1} : Finset ℝ²).erase t)) = (({q, w, H.a0, H.a1} : Finset ℝ²).erase t)) (hr : r ∈ (((H.selected_classes s hs).1 ∩ (H.selected_classes t ht).1) ∩ ({v3, v1, qs, u} : Finset ℝ²))) (hsw : s = w) : ∃ a b : ℝ², a ∈ (({q, w, H.a0, H.a1} : Finset ℝ²).erase s) ∩ (({q, w, H.a0, H.a1} : Finset ℝ²).erase t) ∧ a ∈ (H.selected_classes s hs).1 ∧ a ∈ (H.selected_classes t ht).1 ∧ b ≠ r ∧ b ∈ (H.selected_classes s hs).1 ∩ ({v3, v1, qs, u} : Finset ℝ²) ∧ b ∉ (H.selected_classes t ht).1 ∧ (H.selected_classes s hs).1 = ({t, a} : Finset ℝ²) ∪ ({r, b} : Finset ℝ²) ∧ a ≠ q ∧ C5D3B.rowCircleTailCommonUClassRecordCells D q v1 v3 qs w u s t a b r H hs ht ∧ C5D3B.rowCircleTailCommonUResolvedMetric q v1 v3 qs w u b ∧ C5D3B.rowCircleTailCommonUDeletedClassRadius D q v1 v3 qs w u s b H hs ∧ (b = v3 → C5D3B.rowCircleTailCommonUDeletedClassRowRadius D q v1 v3 qs w u s H hs)
Problem97.C5D3B.qAllowedSelected_same_witness_common_u_anchor_cells	lean/RVOL/P97/C5D3BPacket.lean	32453	source-proved	theorem qAllowedSelected_same_witness_common_u_anchor_cells {D : CounterexampleData} {q v1 v3 qs w u s t r : ℝ²} (P : C5D3BSameSideTerminalPacket D q v1 v3 qs w u) (H : U5QAllowedAuditSupport D q v3 ({v1, qs, w} : Finset ℝ²) u) (hs : s ∈ U5BoundedAuditCenters D q v3 ({v1, qs, w} : Finset ℝ²) u H.a0 H.a1) (ht : t ∈ U5BoundedAuditCenters D q v3 ({v1, qs, w} : Finset ℝ²) u H.a0 H.a1) (hsrow : s ∈ ({w, H.a0, H.a1} : Finset ℝ²)) (htrow : t ∈ ({w, H.a0, H.a1} : Finset ℝ²)) (hst : s ≠ t) (hstwo : (((H.selected_classes s hs).1) ∩ (({q, w, H.a0, H.a1} : Finset ℝ²).erase s)).card = 2) (htfull : ((H.selected_classes t ht).1 ∩ (({q, w, H.a0, H.a1} : Finset ℝ²).erase t)) = (({q, w, H.a0, H.a1} : Finset ℝ²).erase t)) (hr : r ∈ (((H.selected_classes s hs).1 ∩ (H.selected_classes t ht).1) ∩ ({v3, v1, qs, u} : Finset ℝ²))) (hsw : s = w) : ∃ a b : ℝ², a ∈ (({q, w, H.a0, H.a1} : Finset ℝ²).erase s) ∩ (({q, w, H.a0, H.a1} : Finset ℝ²).erase t) ∧ a ∈ (H.selected_classes s hs).1 ∧ a ∈ (H.selected_classes t ht).1 ∧ b ≠ r ∧ b ∈ (H.selected_classes s hs).1 ∩ ({v3, v1, qs, u} : Finset ℝ²) ∧ b ∉ (H.selected_classes t ht).1 ∧ (H.selected_classes s hs).1 = ({t, a} : Finset ℝ²) ∪ ({r, b} : Finset ℝ²) ∧ a ≠ q ∧ C5D3B.rowCircleTailCommonUClassRecordCells D q v1 v3 qs w u s t a b r H hs ht ∧ C5D3B.rowCircleTailCommonUResolvedMetric q v1 v3 qs w u b ∧ C5D3B.rowCircleTailCommonUDeletedClassRadius D q v1 v3 qs w u s b H hs ∧ (b = v3 → C5D3B.rowCircleTailCommonUDeletedClassRowRadius D q v1 v3 qs w u s H hs) ∧ dist w H.a0 = dist w u ∧ dist w H.a1 = dist w u
Problem97.C5D3B.qAllowedSelected_common_u_label_radius_cells	lean/RVOL/P97/C5D3BPacket.lean	32515	source-proved	theorem qAllowedSelected_common_u_label_radius_cells {D : CounterexampleData} {q v1 v3 qs w u s t r : ℝ²} (P : C5D3BSameSideTerminalPacket D q v1 v3 qs w u) (H : U5QAllowedAuditSupport D q v3 ({v1, qs, w} : Finset ℝ²) u) (hs : s ∈ U5BoundedAuditCenters D q v3 ({v1, qs, w} : Finset ℝ²) u H.a0 H.a1) (ht : t ∈ U5BoundedAuditCenters D q v3 ({v1, qs, w} : Finset ℝ²) u H.a0 H.a1) (hsrow : s ∈ ({w, H.a0, H.a1} : Finset ℝ²)) (htrow : t ∈ ({w, H.a0, H.a1} : Finset ℝ²)) (hst : s ≠ t) (hstwo : (((H.selected_classes s hs).1) ∩ (({q, w, H.a0, H.a1} : Finset ℝ²).erase s)).card = 2) (htfull : ((H.selected_classes t ht).1 ∩ (({q, w, H.a0, H.a1} : Finset ℝ²).erase t)) = (({q, w, H.a0, H.a1} : Finset ℝ²).erase t)) (hr : r ∈ (((H.selected_classes s hs).1 ∩ (H.selected_classes t ht).1) ∩ ({v3, v1, qs, u} : Finset ℝ²))) (hsw : s = w) : ∃ a b : ℝ², a ∈ (({q, w, H.a0, H.a1} : Finset ℝ²).erase s) ∩ (({q, w, H.a0, H.a1} : Finset ℝ²).erase t) ∧ a ∈ (H.selected_classes s hs).1 ∧ a ∈ (H.selected_classes t ht).1 ∧ b ≠ r ∧ b ∈ (H.selected_classes s hs).1 ∩ ({v3, v1, qs, u} : Finset ℝ²) ∧ b ∉ (H.selected_classes t ht).1 ∧ (H.selected_classes s hs).1 = ({t, a} : Finset ℝ²) ∪ ({r, b} : Finset ℝ²) ∧ a ≠ q ∧ C5D3B.rowCircleTailCommonUClassRecordCells D q v1 v3 qs w u s t a b r H hs ht ∧ C5D3B.rowCircleTailCommonUResolvedMetric q v1 v3 qs w u b ∧ C5D3B.rowCircleTailCommonUDeletedClassRadius D q v1 v3 qs w u s b H hs ∧ (b = v3 → C5D3B.rowCircleTailCommonUDeletedClassRowRadius D q v1 v3 qs w u s H hs) ∧ dist w H.a0 = dist w u ∧ dist w H.a1 = dist w u ∧ dist w t = dist w u ∧ dist w a = dist w u
Problem97.C5D3B.qAllowedSelected_common_u_label_metric_cells	lean/RVOL/P97/C5D3BPacket.lean	32579	source-proved	theorem qAllowedSelected_common_u_label_metric_cells {D : CounterexampleData} {q v1 v3 qs w u s t r : ℝ²} (P : C5D3BSameSideTerminalPacket D q v1 v3 qs w u) (H : U5QAllowedAuditSupport D q v3 ({v1, qs, w} : Finset ℝ²) u) (hs : s ∈ U5BoundedAuditCenters D q v3 ({v1, qs, w} : Finset ℝ²) u H.a0 H.a1) (ht : t ∈ U5BoundedAuditCenters D q v3 ({v1, qs, w} : Finset ℝ²) u H.a0 H.a1) (hsrow : s ∈ ({w, H.a0, H.a1} : Finset ℝ²)) (htrow : t ∈ ({w, H.a0, H.a1} : Finset ℝ²)) (hst : s ≠ t) (hstwo : (((H.selected_classes s hs).1) ∩ (({q, w, H.a0, H.a1} : Finset ℝ²).erase s)).card = 2) (htfull : ((H.selected_classes t ht).1 ∩ (({q, w, H.a0, H.a1} : Finset ℝ²).erase t)) = (({q, w, H.a0, H.a1} : Finset ℝ²).erase t)) (hr : r ∈ (((H.selected_classes s hs).1 ∩ (H.selected_classes t ht).1) ∩ ({v3, v1, qs, u} : Finset ℝ²))) (hsw : s = w) : ∃ a b : ℝ², a ∈ (({q, w, H.a0, H.a1} : Finset ℝ²).erase s) ∩ (({q, w, H.a0, H.a1} : Finset ℝ²).erase t) ∧ a ∈ (H.selected_classes s hs).1 ∧ a ∈ (H.selected_classes t ht).1 ∧ b ≠ r ∧ b ∈ (H.selected_classes s hs).1 ∩ ({v3, v1, qs, u} : Finset ℝ²) ∧ b ∉ (H.selected_classes t ht).1 ∧ (H.selected_classes s hs).1 = ({t, a} : Finset ℝ²) ∪ ({r, b} : Finset ℝ²) ∧ a ≠ q ∧ C5D3B.rowCircleTailCommonUClassRecordCells D q v1 v3 qs w u s t a b r H hs ht ∧ C5D3B.rowCircleTailCommonUResolvedMetric q v1 v3 qs w u b ∧ C5D3B.rowCircleTailCommonUDeletedClassRadius D q v1 v3 qs w u s b H hs ∧ (b = v3 → C5D3B.rowCircleTailCommonUDeletedClassRowRadius D q v1 v3 qs w u s H hs) ∧ dist w H.a0 = dist w u ∧ dist w H.a1 = dist w u ∧ dist w t = dist w u ∧ dist w a = dist w u ∧ dist t u = dist t q ∧ dist t u = dist t w ∧ dist t u = dist t a
Problem97.C5D3B.qAllowedSelected_common_u_label_class_cells	lean/RVOL/P97/C5D3BPacket.lean	32648	source-proved	theorem qAllowedSelected_common_u_label_class_cells {D : CounterexampleData} {q v1 v3 qs w u s t r : ℝ²} (P : C5D3BSameSideTerminalPacket D q v1 v3 qs w u) (H : U5QAllowedAuditSupport D q v3 ({v1, qs, w} : Finset ℝ²) u) (hs : s ∈ U5BoundedAuditCenters D q v3 ({v1, qs, w} : Finset ℝ²) u H.a0 H.a1) (ht : t ∈ U5BoundedAuditCenters D q v3 ({v1, qs, w} : Finset ℝ²) u H.a0 H.a1) (hsrow : s ∈ ({w, H.a0, H.a1} : Finset ℝ²)) (htrow : t ∈ ({w, H.a0, H.a1} : Finset ℝ²)) (hst : s ≠ t) (hstwo : (((H.selected_classes s hs).1) ∩ (({q, w, H.a0, H.a1} : Finset ℝ²).erase s)).card = 2) (htfull : ((H.selected_classes t ht).1 ∩ (({q, w, H.a0, H.a1} : Finset ℝ²).erase t)) = (({q, w, H.a0, H.a1} : Finset ℝ²).erase t)) (hr : r ∈ (((H.selected_classes s hs).1 ∩ (H.selected_classes t ht).1) ∩ ({v3, v1, qs, u} : Finset ℝ²))) (hsw : s = w) : ∃ a b : ℝ², a ∈ (({q, w, H.a0, H.a1} : Finset ℝ²).erase s) ∩ (({q, w, H.a0, H.a1} : Finset ℝ²).erase t) ∧ a ∈ (H.selected_classes s hs).1 ∧ a ∈ (H.selected_classes t ht).1 ∧ b ≠ r ∧ b ∈ (H.selected_classes s hs).1 ∩ ({v3, v1, qs, u} : Finset ℝ²) ∧ b ∉ (H.selected_classes t ht).1 ∧ (H.selected_classes s hs).1 = ({t, a} : Finset ℝ²) ∪ ({r, b} : Finset ℝ²) ∧ a ≠ q ∧ C5D3B.rowCircleTailCommonUClassRecordCells D q v1 v3 qs w u s t a b r H hs ht ∧ C5D3B.rowCircleTailCommonUResolvedMetric q v1 v3 qs w u b ∧ C5D3B.rowCircleTailCommonUDeletedClassRadius D q v1 v3 qs w u s b H hs ∧ (b = v3 → C5D3B.rowCircleTailCommonUDeletedClassRowRadius D q v1 v3 qs w u s H hs) ∧ dist w H.a0 = dist w u ∧ dist w H.a1 = dist w u ∧ dist w t = dist w u ∧ dist w a = dist w u ∧ dist t u = dist t q ∧ dist t u = dist t w ∧ dist t u = dist t a ∧ (H.selected_classes t ht).1 = ({q, w, a, u} : Finset ℝ²) ∧ (H.selected_classes s hs).1 = ({t, a, u, b} : Finset ℝ²) ∧ (H.selected_classes s hs).1 ∩ (H.selected_classes t ht).1 = ({a, u} : Finset ℝ²)
Problem97.C5D3B.qAllowedSelected_common_u_direct_metric_cells	lean/RVOL/P97/C5D3BPacket.lean	32721	source-proved	theorem qAllowedSelected_common_u_direct_metric_cells {D : CounterexampleData} {q v1 v3 qs w u s t r : ℝ²} (P : C5D3BSameSideTerminalPacket D q v1 v3 qs w u) (H : U5QAllowedAuditSupport D q v3 ({v1, qs, w} : Finset ℝ²) u) (hs : s ∈ U5BoundedAuditCenters D q v3 ({v1, qs, w} : Finset ℝ²) u H.a0 H.a1) (ht : t ∈ U5BoundedAuditCenters D q v3 ({v1, qs, w} : Finset ℝ²) u H.a0 H.a1) (hsrow : s ∈ ({w, H.a0, H.a1} : Finset ℝ²)) (htrow : t ∈ ({w, H.a0, H.a1} : Finset ℝ²)) (hst : s ≠ t) (hstwo : (((H.selected_classes s hs).1) ∩ (({q, w, H.a0, H.a1} : Finset ℝ²).erase s)).card = 2) (htfull : ((H.selected_classes t ht).1 ∩ (({q, w, H.a0, H.a1} : Finset ℝ²).erase t)) = (({q, w, H.a0, H.a1} : Finset ℝ²).erase t)) (hr : r ∈ (((H.selected_classes s hs).1 ∩ (H.selected_classes t ht).1) ∩ ({v3, v1, qs, u} : Finset ℝ²))) (hsw : s = w) : ∃ a b : ℝ², a ∈ (({q, w, H.a0, H.a1} : Finset ℝ²).erase s) ∩ (({q, w, H.a0, H.a1} : Finset ℝ²).erase t) ∧ a ∈ (H.selected_classes s hs).1 ∧ a ∈ (H.selected_classes t ht).1 ∧ b ≠ r ∧ b ∈ (H.selected_classes s hs).1 ∩ ({v3, v1, qs, u} : Finset ℝ²) ∧ b ∉ (H.selected_classes t ht).1 ∧ (H.selected_classes s hs).1 = ({t, a} : Finset ℝ²) ∪ ({r, b} : Finset ℝ²) ∧ a ≠ q ∧ C5D3B.rowCircleTailCommonUClassRecordCells D q v1 v3 qs w u s t a b r H hs ht ∧ C5D3B.rowCircleTailCommonUDeletedClassRadius D q v1 v3 qs w u s b H hs ∧ (b = v3 → C5D3B.rowCircleTailCommonUDeletedClassRowRadius D q v1 v3 qs w u s H hs) ∧ dist w H.a0 = dist w u ∧ dist w H.a1 = dist w u ∧ dist w t = dist w u ∧ dist w a = dist w u ∧ dist t u = dist t q ∧ dist t u = dist t w ∧ dist t u = dist t a ∧ (H.selected_classes t ht).1 = ({q, w, a, u} : Finset ℝ²) ∧ (H.selected_classes s hs).1 = ({t, a, u, b} : Finset ℝ²) ∧ (H.selected_classes s hs).1 ∩ (H.selected_classes t ht).1 = ({a, u} : Finset ℝ²) ∧ (b = v3 ∨ b = v1 ∨ b = qs) ∧ dist w b = dist w u ∧ dist q b = dist q u ∧ inner ℝ (w - q) (b - u) = 0
Problem97.C5D3B.qAllowedSelected_common_u_deleted_radius_cells	lean/RVOL/P97/C5D3BPacket.lean	32797	source-proved	theorem qAllowedSelected_common_u_deleted_radius_cells {D : CounterexampleData} {q v1 v3 qs w u s t r : ℝ²} (P : C5D3BSameSideTerminalPacket D q v1 v3 qs w u) (H : U5QAllowedAuditSupport D q v3 ({v1, qs, w} : Finset ℝ²) u) (hs : s ∈ U5BoundedAuditCenters D q v3 ({v1, qs, w} : Finset ℝ²) u H.a0 H.a1) (ht : t ∈ U5BoundedAuditCenters D q v3 ({v1, qs, w} : Finset ℝ²) u H.a0 H.a1) (hsrow : s ∈ ({w, H.a0, H.a1} : Finset ℝ²)) (htrow : t ∈ ({w, H.a0, H.a1} : Finset ℝ²)) (hst : s ≠ t) (hstwo : (((H.selected_classes s hs).1) ∩ (({q, w, H.a0, H.a1} : Finset ℝ²).erase s)).card = 2) (htfull : ((H.selected_classes t ht).1 ∩ (({q, w, H.a0, H.a1} : Finset ℝ²).erase t)) = (({q, w, H.a0, H.a1} : Finset ℝ²).erase t)) (hr : r ∈ (((H.selected_classes s hs).1 ∩ (H.selected_classes t ht).1) ∩ ({v3, v1, qs, u} : Finset ℝ²))) (hsw : s = w) : ∃ a b : ℝ², a ∈ (({q, w, H.a0, H.a1} : Finset ℝ²).erase s) ∩ (({q, w, H.a0, H.a1} : Finset ℝ²).erase t) ∧ a ∈ (H.selected_classes s hs).1 ∧ a ∈ (H.selected_classes t ht).1 ∧ b ≠ r ∧ b ∈ (H.selected_classes s hs).1 ∩ ({v3, v1, qs, u} : Finset ℝ²) ∧ b ∉ (H.selected_classes t ht).1 ∧ (H.selected_classes s hs).1 = ({t, a} : Finset ℝ²) ∪ ({r, b} : Finset ℝ²) ∧ a ≠ q ∧ C5D3B.rowCircleTailCommonUClassRecordCells D q v1 v3 qs w u s t a b r H hs ht ∧ (b = v3 → C5D3B.rowCircleTailCommonUDeletedClassRowRadius D q v1 v3 qs w u s H hs) ∧ dist w H.a0 = dist w u ∧ dist w H.a1 = dist w u ∧ dist w t = dist w u ∧ dist w a = dist w u ∧ dist t u = dist t q ∧ dist t u = dist t w ∧ dist t u = dist t a ∧ (H.selected_classes t ht).1 = ({q, w, a, u} : Finset ℝ²) ∧ (H.selected_classes s hs).1 = ({t, a, u, b} : Finset ℝ²) ∧ (H.selected_classes s hs).1 ∩ (H.selected_classes t ht).1 = ({a, u} : Finset ℝ²) ∧ (b = v3 ∨ b = v1 ∨ b = qs) ∧ dist w b = dist w u ∧ dist q b = dist q u ∧ inner ℝ (w - q) (b - u) = 0 ∧ ∃ K : U5QDeletedK4Class D q w (H.selected_classes s hs).1, K.radius = dist w u ∧ K.radius = dist w t ∧ K.radius = dist w a ∧ K.radius = dist w b
Problem97.C5D3B.qAllowedSelected_common_u_v3_radius_cells	lean/RVOL/P97/C5D3BPacket.lean	32882	source-proved	theorem qAllowedSelected_common_u_v3_radius_cells {D : CounterexampleData} {q v1 v3 qs w u s t r : ℝ²} (P : C5D3BSameSideTerminalPacket D q v1 v3 qs w u) (H : U5QAllowedAuditSupport D q v3 ({v1, qs, w} : Finset ℝ²) u) (hs : s ∈ U5BoundedAuditCenters D q v3 ({v1, qs, w} : Finset ℝ²) u H.a0 H.a1) (ht : t ∈ U5BoundedAuditCenters D q v3 ({v1, qs, w} : Finset ℝ²) u H.a0 H.a1) (hsrow : s ∈ ({w, H.a0, H.a1} : Finset ℝ²)) (htrow : t ∈ ({w, H.a0, H.a1} : Finset ℝ²)) (hst : s ≠ t) (hstwo : (((H.selected_classes s hs).1) ∩ (({q, w, H.a0, H.a1} : Finset ℝ²).erase s)).card = 2) (htfull : ((H.selected_classes t ht).1 ∩ (({q, w, H.a0, H.a1} : Finset ℝ²).erase t)) = (({q, w, H.a0, H.a1} : Finset ℝ²).erase t)) (hr : r ∈ (((H.selected_classes s hs).1 ∩ (H.selected_classes t ht).1) ∩ ({v3, v1, qs, u} : Finset ℝ²))) (hsw : s = w) : ∃ a b : ℝ², a ∈ (({q, w, H.a0, H.a1} : Finset ℝ²).erase s) ∩ (({q, w, H.a0, H.a1} : Finset ℝ²).erase t) ∧ a ∈ (H.selected_classes s hs).1 ∧ a ∈ (H.selected_classes t ht).1 ∧ b ≠ r ∧ b ∈ (H.selected_classes s hs).1 ∩ ({v3, v1, qs, u} : Finset ℝ²) ∧ b ∉ (H.selected_classes t ht).1 ∧ (H.selected_classes s hs).1 = ({t, a} : Finset ℝ²) ∪ ({r, b} : Finset ℝ²) ∧ a ≠ q ∧ C5D3B.rowCircleTailCommonUClassRecordCells D q v1 v3 qs w u s t a b r H hs ht ∧ dist w H.a0 = dist w u ∧ dist w H.a1 = dist w u ∧ dist w t = dist w u ∧ dist w a = dist w u ∧ dist t u = dist t q ∧ dist t u = dist t w ∧ dist t u = dist t a ∧ (H.selected_classes t ht).1 = ({q, w, a, u} : Finset ℝ²) ∧ (H.selected_classes s hs).1 = ({t, a, u, b} : Finset ℝ²) ∧ (H.selected_classes s hs).1 ∩ (H.selected_classes t ht).1 = ({a, u} : Finset ℝ²) ∧ (b = v3 ∨ b = v1 ∨ b = qs) ∧ dist w b = dist w u ∧ dist q b = dist q u ∧ inner ℝ (w - q) (b - u) = 0 ∧ (∃ K : U5QDeletedK4Class D q w (H.selected_classes s hs).1, K.radius = dist w u ∧ K.radius = dist w t ∧ K.radius = dist w a ∧ K.radius = dist w b) ∧ (b = v3 → dist w u = dist v3 q ∧ dist w t = dist v3 q ∧ dist w a = dist v3 q ∧ dist w b = dist v3 q ∧ ∃ K : U5QDeletedK4Class D q w (H.selected_classes s hs).1, K.radius = dist v3 q)
Problem97.C5D3B.qAllowedSelected_common_u_non_v3_cells	lean/RVOL/P97/C5D3BPacket.lean	33318	source-proved	theorem qAllowedSelected_common_u_non_v3_cells {D : CounterexampleData} {q v1 v3 qs w u s t r : ℝ²} (P : C5D3BSameSideTerminalPacket D q v1 v3 qs w u) (H : U5QAllowedAuditSupport D q v3 ({v1, qs, w} : Finset ℝ²) u) (hs : s ∈ U5BoundedAuditCenters D q v3 ({v1, qs, w} : Finset ℝ²) u H.a0 H.a1) (ht : t ∈ U5BoundedAuditCenters D q v3 ({v1, qs, w} : Finset ℝ²) u H.a0 H.a1) (hsrow : s ∈ ({w, H.a0, H.a1} : Finset ℝ²)) (htrow : t ∈ ({w, H.a0, H.a1} : Finset ℝ²)) (hst : s ≠ t) (hstwo : (((H.selected_classes s hs).1) ∩ (({q, w, H.a0, H.a1} : Finset ℝ²).erase s)).card = 2) (htfull : ((H.selected_classes t ht).1 ∩ (({q, w, H.a0, H.a1} : Finset ℝ²).erase t)) = (({q, w, H.a0, H.a1} : Finset ℝ²).erase t)) (hr : r ∈ (((H.selected_classes s hs).1 ∩ (H.selected_classes t ht).1) ∩ ({v3, v1, qs, u} : Finset ℝ²))) (hsw : s = w) : ∃ a b : ℝ², a ∈ (({q, w, H.a0, H.a1} : Finset ℝ²).erase s) ∩ (({q, w, H.a0, H.a1} : Finset ℝ²).erase t) ∧ a ∈ (H.selected_classes s hs).1 ∧ a ∈ (H.selected_classes t ht).1 ∧ b ≠ r ∧ b ∈ (H.selected_classes s hs).1 ∩ ({v3, v1, qs, u} : Finset ℝ²) ∧ b ∉ (H.selected_classes t ht).1 ∧ (H.selected_classes s hs).1 = ({t, a} : Finset ℝ²) ∪ ({r, b} : Finset ℝ²) ∧ a ≠ q ∧ C5D3B.rowCircleTailCommonUClassRecordCells D q v1 v3 qs w u s t a b r H hs ht ∧ dist w H.a0 = dist w u ∧ dist w H.a1 = dist w u ∧ dist w t = dist w u ∧ dist w a = dist w u ∧ dist t u = dist t q ∧ dist t u = dist t w ∧ dist t u = dist t a ∧ (H.selected_classes t ht).1 = ({q, w, a, u} : Finset ℝ²) ∧ (H.selected_classes s hs).1 = ({t, a, u, b} : Finset ℝ²) ∧ (H.selected_classes s hs).1 ∩ (H.selected_classes t ht).1 = ({a, u} : Finset ℝ²) ∧ (b = v1 ∨ b = qs) ∧ dist w b = dist w u ∧ dist q b = dist q u ∧ inner ℝ (w - q) (b - u) = 0 ∧ ∃ K : U5QDeletedK4Class D q w (H.selected_classes s hs).1, K.radius = dist w u ∧ K.radius = dist w t ∧ K.radius = dist w a ∧ K.radius = dist w b
Problem97.C5D3B.qAllowedSelected_two_full_common_two_side_w_overlap_not_mem_other_center	lean/RVOL/P97/C5D3BPacket.lean	33893	source-proved	theorem qAllowedSelected_two_full_common_two_side_w_overlap_not_mem_other_center {D : CounterexampleData} {q v1 v3 qs w u s t : ℝ²} (P : C5D3BSameSideTerminalPacket D q v1 v3 qs w u) (H : U5QAllowedAuditSupport D q v3 ({v1, qs, w} : Finset ℝ²) u) (hs : s ∈ U5BoundedAuditCenters D q v3 ({v1, qs, w} : Finset ℝ²) u H.a0 H.a1) (ht : t ∈ U5BoundedAuditCenters D q v3 ({v1, qs, w} : Finset ℝ²) u H.a0 H.a1) (hsrow : s ∈ ({w, H.a0, H.a1} : Finset ℝ²)) (htrow : t ∈ ({w, H.a0, H.a1} : Finset ℝ²)) (hst : s ≠ t) (hstwo : (((H.selected_classes s hs).1) ∩ (({q, w, H.a0, H.a1} : Finset ℝ²).erase s)).card = 2) (htfull : ((H.selected_classes t ht).1 ∩ (({q, w, H.a0, H.a1} : Finset ℝ²).erase t)) = (({q, w, H.a0, H.a1} : Finset ℝ²).erase t)) (hinter : ((H.selected_classes s hs).1 ∩ (H.selected_classes t ht).1).card = 2) (hsw : s = w) : t ∉ (H.selected_classes s hs).1
Problem97.C5D3B.boundedSelected_no_common_carrier_two_offCarrier	lean/RVOL/P97/C5D3BPacket.lean	34101	source-proved	theorem boundedSelected_no_common_carrier_two_offCarrier {D : CounterexampleData} {q p u x s t r a b : ℝ²} {T : Finset ℝ²} (H : U5BoundedAuditSupport D q p T u) (hs : s ∈ U5BoundedAuditCenters D q p T u H.a0 H.a1) (ht : t ∈ U5BoundedAuditCenters D q p T u H.a0 H.a1) (hst : s ≠ t) (hrCarrier : r ∈ insert x T) (haOff : a ∉ insert x T) (hbOff : b ∉ insert x T) (hab : a ≠ b) (hr₁ : r ∈ (H.selected_classes s hs).1) (hr₂ : r ∈ (H.selected_classes t ht).1) (ha₁ : a ∈ (H.selected_classes s hs).1) (ha₂ : a ∈ (H.selected_classes t ht).1) (hb₁ : b ∈ (H.selected_classes s hs).1) (hb₂ : b ∈ (H.selected_classes t ht).1) : False
Problem97.C5D3B.qAllowedSelected_no_common_carrier_two_offCarrier	lean/RVOL/P97/C5D3BPacket.lean	34151	source-proved	theorem qAllowedSelected_no_common_carrier_two_offCarrier {D : CounterexampleData} {q p u x s t r a b : ℝ²} {T : Finset ℝ²} (H : U5QAllowedAuditSupport D q p T u) (hs : s ∈ U5BoundedAuditCenters D q p T u H.a0 H.a1) (ht : t ∈ U5BoundedAuditCenters D q p T u H.a0 H.a1) (hst : s ≠ t) (hrCarrier : r ∈ insert x T) (haOff : a ∉ insert x T) (hbOff : b ∉ insert x T) (hab : a ≠ b) (hr₁ : r ∈ (H.selected_classes s hs).1) (hr₂ : r ∈ (H.selected_classes t ht).1) (ha₁ : a ∈ (H.selected_classes s hs).1) (ha₂ : a ∈ (H.selected_classes t ht).1) (hb₁ : b ∈ (H.selected_classes s hs).1) (hb₂ : b ∈ (H.selected_classes t ht).1) : False
Problem97.C5D3B.boundedSelected_common_pair_inter_carrier_card_eq_zero	lean/RVOL/P97/C5D3BPacket.lean	34201	source-proved	theorem boundedSelected_common_pair_inter_carrier_card_eq_zero {D : CounterexampleData} {q p u x s t a b : ℝ²} {T : Finset ℝ²} (H : U5BoundedAuditSupport D q p T u) (hs : s ∈ U5BoundedAuditCenters D q p T u H.a0 H.a1) (ht : t ∈ U5BoundedAuditCenters D q p T u H.a0 H.a1) (hst : s ≠ t) (haOff : a ∉ insert x T) (hbOff : b ∉ insert x T) (hab : a ≠ b) (ha₁ : a ∈ (H.selected_classes s hs).1) (ha₂ : a ∈ (H.selected_classes t ht).1) (hb₁ : b ∈ (H.selected_classes s hs).1) (hb₂ : b ∈ (H.selected_classes t ht).1) : (((H.selected_classes s hs).1 ∩ (H.selected_classes t ht).1) ∩ insert x T).card = 0
Problem97.C5D3B.qAllowedSelected_common_pair_inter_carrier_card_eq_zero	lean/RVOL/P97/C5D3BPacket.lean	34237	source-proved	theorem qAllowedSelected_common_pair_inter_carrier_card_eq_zero {D : CounterexampleData} {q p u x s t a b : ℝ²} {T : Finset ℝ²} (H : U5QAllowedAuditSupport D q p T u) (hs : s ∈ U5BoundedAuditCenters D q p T u H.a0 H.a1) (ht : t ∈ U5BoundedAuditCenters D q p T u H.a0 H.a1) (hst : s ≠ t) (haOff : a ∉ insert x T) (hbOff : b ∉ insert x T) (hab : a ≠ b) (ha₁ : a ∈ (H.selected_classes s hs).1) (ha₂ : a ∈ (H.selected_classes t ht).1) (hb₁ : b ∈ (H.selected_classes s hs).1) (hb₂ : b ∈ (H.selected_classes t ht).1) : (((H.selected_classes s hs).1 ∩ (H.selected_classes t ht).1) ∩ insert x T).card = 0
Problem97.C5D3B.freshWitness_nonC1_nonC2_not_sameRadius_of_noSameRadiusK4	lean/RVOL/P97/C5D3BPacket.lean	34331	source-proved	theorem freshWitness_nonC1_nonC2_not_sameRadius_of_noSameRadiusK4 {D : CounterexampleData} {q v1 v3 qs w u a0 a1 x z : ℝ²} (P : C5D3BSameSideTerminalPacket D q v1 v3 qs w u) (hNo : ¬ ∃ B : Finset ℝ², ∃ K : U5QDeletedK4Class D q v3 B, B.card = 4 ∧ K.radius = dist v3 q) (hfresh : C5D3B.payloadFreshWitnessData D q v3 ({v1, qs, w} : Finset ℝ²) u a0 a1 x z) (hzC1 : z ∉ D.packet.partition.C1) (hzC2 : z ∉ D.packet.partition.C2) : dist v3 z ≠ dist v3 q
Problem97.CriticalFourShell.center_not_mem_support	lean/RVOL/P97/U1CarrierInjection.lean	566	source-proved	theorem center_not_mem_support {A : Finset ℝ²} {q center : ℝ²} (K : CriticalFourShell A q center) : center ∉ K.support
Problem97.U1LargeCapRouteBTailMetricResidualTarget.U2NonSurplusSqueeze.signedArea2_mul_pos_of_not_mem_surplusCap_gen	lean/RVOL/P97/U1LargeCapRouteBTail.lean	2232	source-proved	theorem signedArea2_mul_pos_of_not_mem_surplusCap_gen (D : CounterexampleData) (S : SurplusCapPacket D.A) {x : ℝ²} (hxA : x ∈ D.A) (hx : x ∉ S.surplusCap) : 0 < signedArea2 x S.oppApex1 S.oppApex2 * signedArea2 S.surplusApex S.oppApex1 S.oppApex2
Problem97.U1LargeCapRouteBTailMetricResidualTarget.U2NonSurplusSqueeze.oppCap2_escape_gen	lean/RVOL/P97/U1LargeCapRouteBTail.lean	2240	source-proved	theorem oppCap2_escape_gen (D : CounterexampleData) (S : SurplusCapPacket D.A) {r ρ : ℝ} {x w' : ℝ²} (hxA : x ∈ D.A) (hw'A : w' ∈ D.A) (hx_notsurp : x ∉ S.surplusCap) (hw'_notsurp : w' ∉ S.surplusCap) (hne : x ≠ w') (hxv : dist x S.oppApex1 = r) (hw'v : dist w' S.oppApex1 = r) (hxw : dist x S.oppApex2 = ρ) (hw'w : dist w' S.oppApex2 = ρ) : False
Problem97.U1LargeCapRouteBTailMetricResidualTarget.DoubleApexOffSurplusSharedRadiusPair	lean/RVOL/P97/U1LargeCapRouteBTail.lean	2383	has-sorry	theorem DoubleApexOffSurplusSharedRadiusPair {D : CounterexampleData} {p q t1 t2 t3 u : ℝ²} {hncol : ¬ Collinear ℝ (D.A : Set ℝ²)} (MT : MEC.NonObtuseCircumscribedMoserTriangle D.A D.nonempty hncol) (hCirc : ∃ h12 h23 h13, MT.toMoserTriangle.case_split = Or.inl ⟨h12, h23, h13⟩) {M : MoserTriangle D.A} (CP : CapTriple D.A M) (i j : Fin 3) (rows : U1Depth5.CriticalSourceRows D q t1 t2 t3 u) (hM : M = MT.toMoserTriangle.toStructural hCirc) (hqCap : q ∈ CP.capAt i) (hsurplus : 4 < (CP.capAt i).card) (hqNonMoser : q ∉ M.verts) (hjne : j ≠ i) (hj5 : 5 ≤ (CP.capAt j).card) (hNoM44 : ¬ (∃ S : SurplusCapPacket D.A, S.IsM44)) (hcard : 9 < D.A.card) (hcritical : Nonempty (CriticalShellSystem D.A)) (hlocalNoQFree : U3LocalizedNoQFreePacket D q p) (hfixed : U3FixedTriplePacket D q p t1 t2 t3) (hbase : List.Pairwise (fun x y : ℝ² => x ≠ y) [p, q, t1, t2, t3, u]) (H : U1LargeCapRouteBTailLiveData D p q t1 t2 t3 u) (hcenter : (rows.rowAt U1Depth5.CriticalSource.t2).center = p) (hsupport : (rows.rowAt U1Depth5.CriticalSource.t2).selected.toCriticalFourShell.support = ({q, t1, t2, t3} : Finset ℝ²)) : ∃ x w' : ℝ², x ∈ D.A ∧ w' ∈ D.A ∧ x ≠ w' ∧ x ∉ (Problem97.U1LargeCapRouteBTailMetricResidualTarget.leafSurplusPacket (D
Problem97.U1LargeCapRouteBTailMetricResidualTarget.exists_removableVertex_of_twoLargeCaps	lean/RVOL/P97/U1LargeCapRouteBTail.lean	2452	source-proved	theorem exists_removableVertex_of_twoLargeCaps {D : CounterexampleData} {p q t1 t2 t3 u : ℝ²} {hncol : ¬ Collinear ℝ (D.A : Set ℝ²)} (MT : MEC.NonObtuseCircumscribedMoserTriangle D.A D.nonempty hncol) (hCirc : ∃ h12 h23 h13, MT.toMoserTriangle.case_split = Or.inl ⟨h12, h23, h13⟩) {M : MoserTriangle D.A} (CP : CapTriple D.A M) (i j : Fin 3) (rows : U1Depth5.CriticalSourceRows D q t1 t2 t3 u) (hM : M = MT.toMoserTriangle.toStructural hCirc) (hqCap : q ∈ CP.capAt i) (hsurplus : 4 < (CP.capAt i).card) (hqNonMoser : q ∉ M.verts) (hjne : j ≠ i) (hj5 : 5 ≤ (CP.capAt j).card) (hNoM44 : ¬ (∃ S : SurplusCapPacket D.A, S.IsM44)) (hcard : 9 < D.A.card) (hcritical : Nonempty (CriticalShellSystem D.A)) (hlocalNoQFree : U3LocalizedNoQFreePacket D q p) (hfixed : U3FixedTriplePacket D q p t1 t2 t3) (hbase : List.Pairwise (fun x y : ℝ² => x ≠ y) [p, q, t1, t2, t3, u]) (H : U1LargeCapRouteBTailLiveData D p q t1 t2 t3 u) (hcenter : (rows.rowAt U1Depth5.CriticalSource.t2).center = p) (hsupport : (rows.rowAt U1Depth5.CriticalSource.t2).selected.toCriticalFourShell.support = ({q, t1, t2, t3} : Finset ℝ²)) : ∃ x : ℝ², IsRemovableVertex D.A x
Problem97.U1LargeCapRouteBTailMetricResidualTarget.false_of_center_p_t2_t20	lean/RVOL/P97/U1LargeCapRouteBTail.lean	2549	source-proved	theorem false_of_center_p_t2_t20 {D : CounterexampleData} {p q t1 t2 t3 u : ℝ²} {hncol : ¬ Collinear ℝ (D.A : Set ℝ²)} (MT : MEC.NonObtuseCircumscribedMoserTriangle D.A D.nonempty hncol) (hCirc : ∃ h12 h23 h13, MT.toMoserTriangle.case_split = Or.inl ⟨h12, h23, h13⟩) {M : MoserTriangle D.A} (CP : CapTriple D.A M) {i : Fin 3} (hM : M = MT.toMoserTriangle.toStructural hCirc) (hqCap : q ∈ CP.capAt i) (hsurplus : 4 < (CP.capAt i).card) (hqNonMoser : q ∉ M.verts) (hnotOppExact : ¬ CP.OppositePairExactAt i) (hNoM44 : ¬ ∃ S : SurplusCapPacket D.A, S.IsM44) (hcard : 9 < D.A.card) (hnoRem : ∀ x : ℝ², ¬ IsRemovableVertex D.A x) (hcritical : Nonempty (CriticalShellSystem D.A)) (hlocalNoQFree : U3LocalizedNoQFreePacket D q p) (hfixed : U3FixedTriplePacket D q p t1 t2 t3) (hbase : List.Pairwise (fun x y : ℝ² => x ≠ y) [p, q, t1, t2, t3, u]) (rows : U1Depth5.CriticalSourceRows D q t1 t2 t3 u) (f2CriticalRow : U1Depth5.CriticalRowPacket D (rows.pointOfChoice { source
Problem97.u1_largeCap_routeB_tail_liveData_false	lean/RVOL/P97/U1LargeCapRouteBTail.lean	3251	has-sorry	theorem u1_largeCap_routeB_tail_liveData_false {D : CounterexampleData} {p q t1 t2 t3 u : ℝ²} (hlocalNoQFree : U3LocalizedNoQFreePacket D q p) (hfixed : U3FixedTriplePacket D q p t1 t2 t3) (hbase : List.Pairwise (fun x y : ℝ² => x ≠ y) [p, q, t1, t2, t3, u]) {hncol : ¬ Collinear ℝ (D.A : Set ℝ²)} (MT : MEC.NonObtuseCircumscribedMoserTriangle D.A D.nonempty hncol) (hCirc : ∃ h12 h23 h13, MT.toMoserTriangle.case_split = Or.inl ⟨h12, h23, h13⟩) {M : MoserTriangle D.A} (CP : CapTriple D.A M) {i : Fin 3} (hM : M = MT.toMoserTriangle.toStructural hCirc) (hqCap : q ∈ CP.capAt i) (hsurplus : 4 < (CP.capAt i).card) (hqNonMoser : q ∉ M.verts) (hnotOppExact : ¬ CP.OppositePairExactAt i) (hNoM44 : ¬ ∃ S : SurplusCapPacket D.A, S.IsM44) (hcard : 9 < D.A.card) (hnoRem : ∀ x : ℝ², ¬ IsRemovableVertex D.A x) (hcritical : Nonempty (CriticalShellSystem D.A)) (rows : U1Depth5.CriticalSourceRows D q t1 t2 t3 u) (f2CriticalRow : U1Depth5.CriticalRowPacket D (rows.pointOfChoice { source
RVOL.P97.U1LargeCapRouteBTail.DoubleApexOffSurplusSharedRadiusPair	lean/RVOL/P97/U1LargeCapRouteBTail.lean	5801	source-proved	theorem DoubleApexOffSurplusSharedRadiusPair {D : Problem97.CounterexampleData} {p q t1 t2 t3 u : ℝ²} {hncol : ¬ Collinear ℝ (D.A : Set ℝ²)} (MT : MEC.NonObtuseCircumscribedMoserTriangle D.A D.nonempty hncol) (hCirc : ∃ h12 h23 h13, MT.toMoserTriangle.case_split = Or.inl ⟨h12, h23, h13⟩) {M : MoserTriangle D.A} (CP : CapTriple D.A M) (i j : Fin 3) (rows : U1Depth5.CriticalSourceRows D q t1 t2 t3 u) (hM : M = MT.toMoserTriangle.toStructural hCirc) (hqCap : q ∈ CP.capAt i) (hsurplus : 4 < (CP.capAt i).card) (hqNonMoser : q ∉ M.verts) (hjne : j ≠ i) (hj5 : 5 ≤ (CP.capAt j).card) (hNoM44 : ¬ (∃ S : SurplusCapPacket D.A, S.IsM44)) (hcard : 9 < D.A.card) (hcritical : Nonempty (CriticalShellSystem D.A)) (hlocalNoQFree : U3LocalizedNoQFreePacket D q p) (hfixed : U3FixedTriplePacket D q p t1 t2 t3) (hbase : List.Pairwise (fun x y : ℝ² => x ≠ y) [p, q, t1, t2, t3, u]) (H : U1LargeCapRouteBTailLiveData D p q t1 t2 t3 u) (hcenter : (rows.rowAt U1Depth5.CriticalSource.t2).center = p) (hsupport : (rows.rowAt U1Depth5.CriticalSource.t2).selected.toCriticalFourShell.support = ({q, t1, t2, t3} : Finset ℝ²)) : ∃ x w' : ℝ², x ∈ D.A ∧ w' ∈ D.A ∧ x ≠ w' ∧ x ∉ (Problem97.U1LargeCapRouteBTailMetricResidualTarget.leafSurplusPacket (D
RVOL.P97.U1LargeCapRouteBTail.exists_removableVertex_of_twoLargeCaps	lean/RVOL/P97/U1LargeCapRouteBTail.lean	5853	source-proved	theorem exists_removableVertex_of_twoLargeCaps {D : Problem97.CounterexampleData} {p q t1 t2 t3 u : ℝ²} {hncol : ¬ Collinear ℝ (D.A : Set ℝ²)} (MT : MEC.NonObtuseCircumscribedMoserTriangle D.A D.nonempty hncol) (hCirc : ∃ h12 h23 h13, MT.toMoserTriangle.case_split = Or.inl ⟨h12, h23, h13⟩) {M : MoserTriangle D.A} (CP : CapTriple D.A M) (i j : Fin 3) (rows : U1Depth5.CriticalSourceRows D q t1 t2 t3 u) (hM : M = MT.toMoserTriangle.toStructural hCirc) (hqCap : q ∈ CP.capAt i) (hsurplus : 4 < (CP.capAt i).card) (hqNonMoser : q ∉ M.verts) (hjne : j ≠ i) (hj5 : 5 ≤ (CP.capAt j).card) (hNoM44 : ¬ (∃ S : SurplusCapPacket D.A, S.IsM44)) (hcard : 9 < D.A.card) (hcritical : Nonempty (CriticalShellSystem D.A)) (hlocalNoQFree : U3LocalizedNoQFreePacket D q p) (hfixed : U3FixedTriplePacket D q p t1 t2 t3) (hbase : List.Pairwise (fun x y : ℝ² => x ≠ y) [p, q, t1, t2, t3, u]) (H : U1LargeCapRouteBTailLiveData D p q t1 t2 t3 u) (hcenter : (rows.rowAt U1Depth5.CriticalSource.t2).center = p) (hsupport : (rows.rowAt U1Depth5.CriticalSource.t2).selected.toCriticalFourShell.support = ({q, t1, t2, t3} : Finset ℝ²)) : ∃ x : ℝ², IsRemovableVertex D.A x
RVOL.P97.U1LargeCapRouteBTail.oppCap2_escape_gen	lean/RVOL/P97/U1LargeCapRouteBTail.lean	5884	source-proved	theorem oppCap2_escape_gen (D : Problem97.CounterexampleData) (S : SurplusCapPacket D.A) {r ρ : ℝ} {x w' : ℝ²} (hxA : x ∈ D.A) (hw'A : w' ∈ D.A) (hx_notsurp : x ∉ S.surplusCap) (hw'_notsurp : w' ∉ S.surplusCap) (hne : x ≠ w') (hxv : dist x S.oppApex1 = r) (hw'v : dist w' S.oppApex1 = r) (hxw : dist x S.oppApex2 = ρ) (hw'w : dist w' S.oppApex2 = ρ) : False
Problem97.CapTriple.exists_nonMoser_mem_capAt_of_card_gt_four	lean/RVOL/P97/U1TwoShortCapReduction.lean	407	source-proved	theorem exists_nonMoser_mem_capAt_of_card_gt_four {A : Finset ℝ²} {M : MoserTriangle A} (CP : CapTriple A M) {i : Fin 3} (hcard : 4 < (CP.capAt i).card) : ∃ q : ℝ², q ∈ CP.capAt i ∧ q ∉ M.verts
Problem97.qfreeK4_of_incompatible_core	lean/RVOL/P97/U1kOppositeEndpoint.lean	330	source-proved	theorem qfreeK4_of_incompatible_core {m : ℕ} {L : CGN.OrderedCap m} {A : Finset ℝ²} {hm : 2 ≤ m} {c c' : Fin m} {δ : ℝ²} (hcard : (exactClassU_A_p L A c c').card = 4) (hseed : δ ∉ exactClassU_A_p L A c c') (hfirst : CGN.firstIndex hm < c) (hlast : c < CGN.lastIndex hm) : QFreeK4ClassFor L A hm c c' δ where
Problem97.seed_avoids_of_not_sharesWitness	lean/RVOL/P97/U1kOppositeEndpoint.lean	392	source-proved	theorem seed_avoids_of_not_sharesWitness {m : ℕ} {L : CGN.OrderedCap m} (A : Finset ℝ²) {ip ix iq : Fin m} (hnsw : ¬ SharesWitness L ip ix iq) (jδ : Fin m) : L.points jδ ∉ exactClassU_A_p L A ip ix ∨ L.points jδ ∉ exactClassU_A_q L A iq ip
Problem97.U2NonSurplusSqueeze.oppApex1_surplus_hit_strict_of_not_oppCap1	lean/RVOL/P97/U2NonSurplusOneHit.lean	855	source-proved	theorem oppApex1_surplus_hit_strict_of_not_oppCap1 (D : CounterexampleData) (r : ℝ) {x : ℝ²} (hK4 : 4 ≤ (D.A.filter (fun y => dist y D.packet.oppApex1 = r)).card) (hxT : x ∈ D.A.filter (fun y => dist y D.packet.oppApex1 = r)) (hxSurp : x ∈ D.packet.surplusCap) (hxNotOpp1 : x ∉ D.packet.oppCap1) : x ∈ D.packet.surplusCap \\ (D.packet.oppCap1 ∪ D.packet.oppCap2)
Problem97.U2NonSurplusSqueeze.oppApex1_other_hit_strict_of_not_oppCap1	lean/RVOL/P97/U2NonSurplusOneHit.lean	882	source-proved	theorem oppApex1_other_hit_strict_of_not_oppCap1 (D : CounterexampleData) (r : ℝ) {x : ℝ²} (hK4 : 4 ≤ (D.A.filter (fun y => dist y D.packet.oppApex1 = r)).card) (hxT : x ∈ D.A.filter (fun y => dist y D.packet.oppApex1 = r)) (hxOther : x ∈ D.packet.oppCap2) (hxNotOpp1 : x ∉ D.packet.oppCap1) : x ∈ D.packet.oppCap2 \\ (D.packet.surplusCap ∪ D.packet.oppCap1)
Problem97.U2NonSurplusSqueeze.oppApex2_surplus_hit_strict_of_not_oppCap2	lean/RVOL/P97/U2NonSurplusOneHit.lean	909	source-proved	theorem oppApex2_surplus_hit_strict_of_not_oppCap2 (D : CounterexampleData) (r : ℝ) {x : ℝ²} (hK4 : 4 ≤ (D.A.filter (fun y => dist y D.packet.oppApex2 = r)).card) (hxT : x ∈ D.A.filter (fun y => dist y D.packet.oppApex2 = r)) (hxSurp : x ∈ D.packet.surplusCap) (hxNotOpp2 : x ∉ D.packet.oppCap2) : x ∈ D.packet.surplusCap \\ (D.packet.oppCap2 ∪ D.packet.oppCap1)
Problem97.U2NonSurplusSqueeze.oppApex2_other_hit_strict_of_not_oppCap2	lean/RVOL/P97/U2NonSurplusOneHit.lean	936	source-proved	theorem oppApex2_other_hit_strict_of_not_oppCap2 (D : CounterexampleData) (r : ℝ) {x : ℝ²} (hK4 : 4 ≤ (D.A.filter (fun y => dist y D.packet.oppApex2 = r)).card) (hxT : x ∈ D.A.filter (fun y => dist y D.packet.oppApex2 = r)) (hxOther : x ∈ D.packet.oppCap1) (hxNotOpp2 : x ∉ D.packet.oppCap2) : x ∈ D.packet.oppCap1 \\ (D.packet.surplusCap ∪ D.packet.oppCap2)
Problem97.U2NonSurplusSqueeze.signedArea2_mul_pos_of_not_mem_surplusCap	lean/RVOL/P97/U2OppCap2Escape.lean	76	source-proved	theorem signedArea2_mul_pos_of_not_mem_surplusCap (D : CounterexampleData) {x : ℝ²} (hxA : x ∈ D.A) (hx : x ∉ D.packet.surplusCap) : 0 < signedArea2 x D.packet.oppApex1 D.packet.oppApex2 * signedArea2 D.packet.surplusApex D.packet.oppApex1 D.packet.oppApex2
Problem97.U2NonSurplusSqueeze.oppCap2_escape_private_false	lean/RVOL/P97/U2OppCap2Escape.lean	93	source-proved	theorem oppCap2_escape_private_false (D : CounterexampleData) {r ρ : ℝ} {x w' : ℝ²} (hxA : x ∈ D.A) (hw'A : w' ∈ D.A) (hx_notsurp : x ∉ D.packet.surplusCap) (hw'_notsurp : w' ∉ D.packet.surplusCap) (hne : x ≠ w') (hxv : dist x D.packet.oppApex1 = r) (hw'v : dist w' D.packet.oppApex1 = r) (hxw : dist x D.packet.oppApex2 = ρ) (hw'w : dist w' D.packet.oppApex2 = ρ) : False
Problem97.U2NonSurplusSqueeze.signedArea2_mul_pos_of_not_mem_oppCap2	lean/RVOL/P97/U2OppCap2Escape.lean	142	source-proved	theorem signedArea2_mul_pos_of_not_mem_oppCap2 (D : CounterexampleData) {x : ℝ²} (hxA : x ∈ D.A) (hx : x ∉ D.packet.oppCap2) : 0 < signedArea2 x D.packet.surplusApex D.packet.oppApex1 * signedArea2 D.packet.oppApex2 D.packet.surplusApex D.packet.oppApex1
Problem97.U2NonSurplusSqueeze.oppCap2_private_false_of_surplusApexCircle	lean/RVOL/P97/U2OppCap2Escape.lean	156	source-proved	theorem oppCap2_private_false_of_surplusApexCircle (D : CounterexampleData) {r σ : ℝ} {x w' : ℝ²} (hxA : x ∈ D.A) (hw'A : w' ∈ D.A) (hx_notopp2 : x ∉ D.packet.oppCap2) (hw'_notopp2 : w' ∉ D.packet.oppCap2) (hne : x ≠ w') (hxv : dist x D.packet.oppApex1 = r) (hw'v : dist w' D.packet.oppApex1 = r) (hxu : dist x D.packet.surplusApex = σ) (hw'u : dist w' D.packet.surplusApex = σ) : False
Problem97.exists_fixedTriplePacket_of_component_branch	lean/RVOL/P97/U3ToU5DangerousTriple.lean	312	source-proved	theorem exists_fixedTriplePacket_of_component_branch {D : CounterexampleData} {q : ℝ²} (hq : q ∈ D.packet.surplusCap) (hbranch : ∃ p ∈ D.A, p ≠ q ∧ p ∉ ({D.packet.triangle.v1, D.packet.triangle.v2, D.packet.triangle.v3, q} : Finset ℝ²) ∧ muP (D.skeleton q) p = 3 ∧ HasNEquidistantPointsAt 4 D.A p ∧ (HasNEquidistantPointsAt 4 ((D.skeleton q).erase p) p ∨ U5StrictOrderViolation D q p)) : ∃ p t1 t2 t3 : ℝ², U3FixedTriplePacket D q p t1 t2 t3
Problem97.U5AuditLabel.label_not_mem_classLabels	lean/RVOL/P97/U5FiniteExtraction.lean	58	source-proved	theorem label_not_mem_classLabels {pt : U5AuditLabel → ℝ²} {B : Finset ℝ²} {l : U5AuditLabel} (h : pt l ∉ B) : l ∉ classLabels pt B
Problem97.U5AuditLabel.exists_boundedIndexPattern_of_realClasses	lean/RVOL/P97/U5FiniteExtraction.lean	1537	source-proved	theorem exists_boundedIndexPattern_of_realClasses (Λ : PointLabeling) (Bt1 Bt2 Bt3 Bu Ba0 Ba1 : Finset ℝ²) (ht1_subset : Bt1 ⊆ supportSet Λ.point) (ht1_card : Bt1.card = 4) (ht1_q : Λ.point q ∉ Bt1) (ht1_center : Λ.point t1 ∉ Bt1) (ht2_subset : Bt2 ⊆ supportSet Λ.point) (ht2_card : Bt2.card = 4) (ht2_q : Λ.point q ∉ Bt2) (ht2_center : Λ.point t2 ∉ Bt2) (ht3_subset : Bt3 ⊆ supportSet Λ.point) (ht3_card : Bt3.card = 4) (ht3_q : Λ.point q ∉ Bt3) (ht3_center : Λ.point t3 ∉ Bt3) (hu_subset : Bu ⊆ supportSet Λ.point) (hu_card : Bu.card = 4) (hu_q : Λ.point q ∉ Bu) (hu_center : Λ.point u ∉ Bu) (ha0_subset : Ba0 ⊆ supportSet Λ.point) (ha0_card : Ba0.card = 4) (ha0_q : Λ.point q ∉ Ba0) (ha0_center : Λ.point a0 ∉ Ba0) (ha1_subset : Ba1 ⊆ supportSet Λ.point) (ha1_card : Ba1.card = 4) (ha1_q : Λ.point q ∉ Ba1) (ha1_center : Λ.point a1 ∉ Ba1) (h12 : (Bt1 ∩ Bt2).card ≤ 2) (h13 : (Bt1 ∩ Bt3).card ≤ 2) (h23 : (Bt2 ∩ Bt3).card ≤ 2) (h1u : (Bt1 ∩ Bu).card ≤ 2) (h2u : (Bt2 ∩ Bu).card ≤ 2) (h3u : (Bt3 ∩ Bu).card ≤ 2) (h10 : (Bt1 ∩ Ba0).card ≤ 2) (h20 : (Bt2 ∩ Ba0).card ≤ 2) (h30 : (Bt3 ∩ Ba0).card ≤ 2) (hu0 : (Bu ∩ Ba0).card ≤ 2) (h11 : (Bt1 ∩ Ba1).card ≤ 2) (h21 : (Bt2 ∩ Ba1).card ≤ 2) (h31 : (Bt3 ∩ Ba1).card ≤ 2) (hu1 : (Bu ∩ Ba1).card ≤ 2) (h01 : (Ba0 ∩ Ba1).card ≤ 2) : ∃ P : IndexPattern, P ∈ boundedIndexPatterns ∧ choice t1 P.i1 = labelMask (classLabels Λ.point Bt1) ∧ choice t2 P.i2 = labelMask (classLabels Λ.point Bt2) ∧ choice t3 P.i3 = labelMask (classLabels Λ.point Bt3) ∧ choice u P.iu = labelMask (classLabels Λ.point Bu) ∧ choice a0 P.ia0 = labelMask (classLabels Λ.point Ba0) ∧ choice a1 P.ia1 = labelMask (classLabels Λ.point Ba1) ∧ ∃ reason, patternReason P = some reason
Problem97.U5QCriticalTripleClass.qcritical_exact_aux_two_intersections_incompatibility	lean/RVOL/P97/U5GlobalIncidenceQCriticalExactTetrahedron.lean	78	source-proved	theorem U5QCriticalTripleClass.qcritical_exact_aux_two_intersections_incompatibility {D : CounterexampleData} {q p t₁ t₂ t₃ x : ℝ²} {T B₁ B₂ B₃ Bx : Finset ℝ²} (htriple : U5DangerousTriple D q p T) (ht₁ : t₁ ∈ T) (ht₂ : t₂ ∈ T) (ht₃ : t₃ ∈ T) (ht₁_ne_t₃ : t₁ ≠ t₃) (hx_mem : x ∈ (D.skeleton q).erase p) (hx_notin_T : x ∉ T) (K₁ : U5QCriticalTripleClass D q t₁ B₁) (K₂ : U5QDeletedK4Class D q t₂ B₂) (K₃ : U5QDeletedK4Class D q t₃ B₃) (Kx : U5QDeletedK4Class D q x Bx) (hpB₁ : p ∈ B₁) (ht₂B₁ : t₂ ∈ B₁) (hpB₂ : p ∈ B₂) (ht₃B₂ : t₃ ∈ B₂) (hpB₃ : p ∈ B₃) (hxB₃ : x ∈ B₃) (ht₁Bx : t₁ ∈ Bx) (ht₃Bx : t₃ ∈ Bx) : False
Problem97.U5QCriticalTripleClass.qcritical_chain_extra_two_intersections_incompatibility	lean/RVOL/P97/U5GlobalIncidenceQCriticalExactTetrahedron.lean	153	source-proved	theorem U5QCriticalTripleClass.qcritical_chain_extra_two_intersections_incompatibility {D : CounterexampleData} {q p t₁ t₂ t₃ x : ℝ²} {T B₁ B₂ B₃ : Finset ℝ²} (htriple : U5DangerousTriple D q p T) (ht₁ : t₁ ∈ T) (ht₂ : t₂ ∈ T) (ht₃ : t₃ ∈ T) (ht₁_ne_t₃ : t₁ ≠ t₃) (hx_mem : x ∈ (D.skeleton q).erase p) (hx_notin_T : x ∉ T) (K₁ : U5QCriticalTripleClass D q t₁ B₁) (K₂ : U5QDeletedK4Class D q t₂ B₂) (K₃ : U5QDeletedK4Class D q t₃ B₃) (hpB₁ : p ∈ B₁) (ht₂B₁ : t₂ ∈ B₁) (hxB₁ : x ∈ B₁) (hpB₂ : p ∈ B₂) (ht₃B₂ : t₃ ∈ B₂) (hpB₃ : p ∈ B₃) (hxB₃ : x ∈ B₃) : False
Problem97.U5QAllowedAuditSupport.selected_exists_notMem_dangerous_circle	lean/RVOL/P97/U5GlobalIncidenceSupport.lean	884	source-proved	theorem U5QAllowedAuditSupport.selected_exists_notMem_dangerous_circle {D : CounterexampleData} {q p : ℝ²} {T : Finset ℝ²} {u : ℝ²} (htriple : U5DangerousTriple D q p T) (hsel : U5SelectedCandidateSkeleton D q p T u) (H : U5QAllowedAuditSupport D q p T u) {x : ℝ²} (hx : x ∈ U5BoundedAuditCenters D q p T u H.a0 H.a1) : ∃ y, y ∈ (H.selected_classes x hx).1 ∧ y ∉ insert q T
Problem97.U5DangerousTriple.candidate_of_not_mem_boundedSupport	lean/RVOL/P97/U5GlobalIncidenceSupport.lean	1222	source-proved	theorem U5DangerousTriple.candidate_of_not_mem_boundedSupport {D : CounterexampleData} {q p center y u a0 a1 : ℝ²} {T B : Finset ℝ²} (htriple : U5DangerousTriple D q p T) (K : U5QDeletedK4Class D q center B) (hyB : y ∈ B) (hySupport : y ∉ U5BoundedSupport D q p T u a0 a1) (hexact : (((D.skeleton q).erase p).filter fun z => dist p z = dist p q).card = 3) : U5SelectedCandidateSkeleton D q p T y ∧ dist p y ≠ dist p q
Problem97.U5DangerousTriple.not_sameCircleExport_of_not_mem_boundedSupport	lean/RVOL/P97/U5GlobalIncidenceSupport.lean	1251	source-proved	theorem U5DangerousTriple.not_sameCircleExport_of_not_mem_boundedSupport {D : CounterexampleData} {q p center y u a0 a1 : ℝ²} {T B : Finset ℝ²} (htriple : U5DangerousTriple D q p T) (K : U5QDeletedK4Class D q center B) (hyB : y ∈ B) (hySupport : y ∉ U5BoundedSupport D q p T u a0 a1) (hexact : (((D.skeleton q).erase p).filter fun z => dist p z = dist p q).card = 3) : ¬ U5SameCircleExport D q p T y
Problem97.U5DangerousTriple.candidate_of_not_mem_qAllowedBoundedSupport	lean/RVOL/P97/U5GlobalIncidenceSupport.lean	1267	source-proved	theorem U5DangerousTriple.candidate_of_not_mem_qAllowedBoundedSupport {D : CounterexampleData} {q p center y u a0 a1 : ℝ²} {T B : Finset ℝ²} (htriple : U5DangerousTriple D q p T) (K : U5QAllowedK4Class D center B) (hyB : y ∈ B) (hySupport : y ∉ U5QAllowedBoundedSupport D q p T u a0 a1) (hexact : (((D.skeleton q).erase p).filter fun z => dist p z = dist p q).card = 3) : U5SelectedCandidateSkeleton D q p T y ∧ dist p y ≠ dist p q
Problem97.U5DangerousTriple.not_sameCircleExport_of_not_mem_qAllowedBoundedSupport	lean/RVOL/P97/U5GlobalIncidenceSupport.lean	1304	source-proved	theorem U5DangerousTriple.not_sameCircleExport_of_not_mem_qAllowedBoundedSupport {D : CounterexampleData} {q p center y u a0 a1 : ℝ²} {T B : Finset ℝ²} (htriple : U5DangerousTriple D q p T) (K : U5QAllowedK4Class D center B) (hyB : y ∈ B) (hySupport : y ∉ U5QAllowedBoundedSupport D q p T u a0 a1) (hexact : (((D.skeleton q).erase p).filter fun z => dist p z = dist p q).card = 3) : ¬ U5SameCircleExport D q p T y
Problem97.U5DangerousTriple.exists_two_off_circle_aux	lean/RVOL/P97/U5GlobalIncidenceSupport.lean	1323	source-proved	theorem U5DangerousTriple.exists_two_off_circle_aux {D : CounterexampleData} {q p u : ℝ²} {T : Finset ℝ²} (hM44 : D.IsM44) (htriple : U5DangerousTriple D q p T) (hsel : U5SelectedCandidateSkeleton D q p T u) (hexact : (((D.skeleton q).erase p).filter fun y => dist p y = dist p q).card = 3) : ∃ a0 a1 : ℝ², a0 ∈ (D.skeleton q).erase p ∧ a1 ∈ (D.skeleton q).erase p ∧ a0 ∉ insert u T ∧ a1 ∉ insert u (insert a0 T) ∧ dist p a0 ≠ dist p q ∧ dist p a1 ≠ dist p q
Problem97.u5ModeADeletion_of_components	lean/RVOL/P97/U5ModeADeletion.lean	518	source-proved	theorem u5ModeADeletion_of_components (D : CounterexampleData) (hExist : D.IsM44 → U2Statement D → U5ModeA D → ∀ q ∈ D.packet.surplusCap, IsRemovableVertex D.A q ∨ ∃ p ∈ D.A, p ≠ q ∧ p ∉ ({D.packet.triangle.v1, D.packet.triangle.v2, D.packet.triangle.v3, q} : Finset ℝ²) ∧ muP (D.skeleton q) p = 3 ∧ HasNEquidistantPointsAt 4 D.A p ∧ (HasNEquidistantPointsAt 4 ((D.skeleton q).erase p) p ∨ U5StrictOrderViolation D q p)) : U5ModeADeletion D
Problem97.fourthPoint_contract_clash	lean/RVOL/P97/U5ModeAKernels.lean	108	source-proved	theorem fourthPoint_contract_clash {support : Finset ℝ²} {uF : ℝ²} (hnew : uF ∉ support) (hlisted : uF ∈ support) : False
Problem97.surplusApex_notin_surplusCap	lean/RVOL/P97/U6ModeBDescent.lean	125	source-proved	theorem surplusApex_notin_surplusCap (D : CounterexampleData) : D.packet.surplusApex ∉ D.packet.surplusCap
