lake-build: building — don't just wait on it. Update docstrings/module docs/blueprint entries for what you just wrote, stage the next edit or commit message, or line up the next module while this runs.
⚠ [8005/8148] Replayed Erdos9796Proof.P97.Dumitrescu.L9
warning: Erdos9796Proof/P97/Dumitrescu/L9.lean:53:20: unused variable `h₁`

Note: This linter can be disabled with `set_option linter.unusedVariables false`
warning: Erdos9796Proof/P97/Dumitrescu/L9.lean:53:34: unused variable `h₂`

Note: This linter can be disabled with `set_option linter.unusedVariables false`
warning: Erdos9796Proof/P97/Dumitrescu/L9.lean:53:48: unused variable `h₃`

Note: This linter can be disabled with `set_option linter.unusedVariables false`
ℹ [8008/8148] Replayed Erdos9796Proof.Geometry.FivePointCircleIsosceles
info: Erdos9796Proof/Geometry/FivePointCircleIsosceles.lean:196:0: 'Erdos9796Proof.Geometry.fivePointCircleIsoscelesOrder' depends on axioms: [propext, Classical.choice, Quot.sound]
ℹ [8010/8148] Replayed Erdos9796Proof.P97.Certificate.CheckpointedRup
info: Erdos9796Proof/P97/Certificate/CheckpointedRup.lean:785:0: true
info: Erdos9796Proof/P97/Certificate/CheckpointedRup.lean:786:0: true
info: Erdos9796Proof/P97/Certificate/CheckpointedRup.lean:787:0: true
info: Erdos9796Proof/P97/Certificate/CheckpointedRup.lean:788:0: true
info: Erdos9796Proof/P97/Certificate/CheckpointedRup.lean:789:0: true
⚠ [8164/8511] Replayed Erdos9796Proof.P97.Cap.Structure
warning: Erdos9796Proof/P97/Cap/Structure.lean:282:0: This file has more than one module docstring (`/-! ... -/`). Only the first one is treated as module documentation; convert additional ones to regular comments (`/- ... -/`).

Note: This linter can be disabled with `set_option linter.style.moduleDocstring false`
⚠ [8180/8511] Replayed Erdos9796Proof.P97.CGN.CGN
warning: Erdos9796Proof/P97/CGN/CGN.lean:300:4: 'simp [edgeAt] at hx' is a flexible tactic modifying 'hx'. Try 'simp?' and use the suggested 'simp only [...]'. Alternatively, use `suffices` to explicitly state the simplified form.

Note: This linter can be disabled with `set_option linter.flexible false`
info: Erdos9796Proof/P97/CGN/CGN.lean:301:4: 'rcases hx with rfl | rfl' uses 'hx'!
warning: Erdos9796Proof/P97/CGN/CGN.lean:300:4: 'simp [edgeAt] at hx' is a flexible tactic modifying 'hx'. Try 'simp?' and use the suggested 'simp only [...]'. Alternatively, use `suffices` to explicitly state the simplified form.

Note: This linter can be disabled with `set_option linter.flexible false`
info: Erdos9796Proof/P97/CGN/CGN.lean:302:6: 'exact hmem r' uses 'hx'!
warning: Erdos9796Proof/P97/CGN/CGN.lean:300:4: 'simp [edgeAt] at hx' is a flexible tactic modifying 'hx'. Try 'simp?' and use the suggested 'simp only [...]'. Alternatively, use `suffices` to explicitly state the simplified form.

Note: This linter can be disabled with `set_option linter.flexible false`
info: Erdos9796Proof/P97/CGN/CGN.lean:303:6: 'exact hmem s' uses 'hx'!
warning: Erdos9796Proof/P97/CGN/CGN.lean:336:33: Try `simp at hp_lt` instead of `simpa using hp_lt`

Note: This linter can be disabled with `set_option linter.unnecessarySimpa false`
warning: Erdos9796Proof/P97/CGN/CGN.lean:344:33: Try `simp at hp_lt` instead of `simpa using hp_lt`

Note: This linter can be disabled with `set_option linter.unnecessarySimpa false`
warning: Erdos9796Proof/P97/CGN/CGN.lean:324:2: 'simp [edgeAt] at hp1mem hp2mem' is a flexible tactic modifying 'hp1mem'. Try 'simp?' and use the suggested 'simp only [...]'. Alternatively, use `suffices` to explicitly state the simplified form.

Note: This linter can be disabled with `set_option linter.flexible false`
info: Erdos9796Proof/P97/CGN/CGN.lean:325:2: 'have hp1idx : p.1 = q.1 ∨ p.1 = q.2 := by
  rcases hp1mem with hp1mem | hp1mem
  · exact Or.inl (L.injective hp1mem)
  · exact Or.inr (L.injective hp1mem)' uses 'hp1mem'!
warning: Erdos9796Proof/P97/CGN/CGN.lean:324:2: 'simp [edgeAt] at hp1mem hp2mem' is a flexible tactic modifying 'hp2mem'. Try 'simp?' and use the suggested 'simp only [...]'. Alternatively, use `suffices` to explicitly state the simplified form.

Note: This linter can be disabled with `set_option linter.flexible false`
info: Erdos9796Proof/P97/CGN/CGN.lean:329:2: 'have hp2idx : p.2 = q.1 ∨ p.2 = q.2 := by
  rcases hp2mem with hp2mem | hp2mem
  · exact Or.inl (L.injective hp2mem)
  · exact Or.inr (L.injective hp2mem)' uses 'hp2mem'!
⚠ [8184/8511] Replayed Erdos9796Proof.P97.ConvexCyclicOrder.Construct
warning: Erdos9796Proof/P97/ConvexCyclicOrder/Construct.lean:1297:4: try 'simp' instead of 'simpa'

Note: This linter can be disabled with `set_option linter.unnecessarySimpa false`
⚠ [8186/8511] Replayed Erdos9796Proof.P97.CGN.CGN4g
warning: Erdos9796Proof/P97/CGN/CGN4g.lean:761:4: try 'simp' instead of 'simpa'

Note: This linter can be disabled with `set_option linter.unnecessarySimpa false`
warning: Erdos9796Proof/P97/CGN/CGN4g.lean:769:4: try 'simp' instead of 'simpa'

Note: This linter can be disabled with `set_option linter.unnecessarySimpa false`
warning: Erdos9796Proof/P97/CGN/CGN4g.lean:786:4: try 'simp' instead of 'simpa'

Note: This linter can be disabled with `set_option linter.unnecessarySimpa false`
warning: Erdos9796Proof/P97/CGN/CGN4g.lean:792:8: try 'simp' instead of 'simpa'

Note: This linter can be disabled with `set_option linter.unnecessarySimpa false`
warning: Erdos9796Proof/P97/CGN/CGN4g.lean:799:4: try 'simp' instead of 'simpa'

Note: This linter can be disabled with `set_option linter.unnecessarySimpa false`
warning: Erdos9796Proof/P97/CGN/CGN4g.lean:928:8: try 'simp' instead of 'simpa'

Note: This linter can be disabled with `set_option linter.unnecessarySimpa false`
warning: Erdos9796Proof/P97/CGN/CGN4g.lean:1510:12: try 'simp' instead of 'simpa'

Note: This linter can be disabled with `set_option linter.unnecessarySimpa false`
warning: Erdos9796Proof/P97/CGN/CGN4g.lean:1523:4: try 'simp' instead of 'simpa'

Note: This linter can be disabled with `set_option linter.unnecessarySimpa false`
warning: Erdos9796Proof/P97/CGN/CGN4g.lean:1554:20: try 'simp' instead of 'simpa'

Note: This linter can be disabled with `set_option linter.unnecessarySimpa false`
warning: Erdos9796Proof/P97/CGN/CGN4g.lean:1554:52: try 'simp' instead of 'simpa'

Note: This linter can be disabled with `set_option linter.unnecessarySimpa false`
warning: Erdos9796Proof/P97/CGN/CGN4g.lean:1649:23: try 'simp' instead of 'simpa'

Note: This linter can be disabled with `set_option linter.unnecessarySimpa false`
warning: Erdos9796Proof/P97/CGN/CGN4g.lean:1657:23: try 'simp' instead of 'simpa'

Note: This linter can be disabled with `set_option linter.unnecessarySimpa false`
warning: Erdos9796Proof/P97/CGN/CGN4g.lean:1698:20: try 'simp' instead of 'simpa'

Note: This linter can be disabled with `set_option linter.unnecessarySimpa false`
warning: Erdos9796Proof/P97/CGN/CGN4g.lean:1698:52: try 'simp' instead of 'simpa'

Note: This linter can be disabled with `set_option linter.unnecessarySimpa false`
warning: Erdos9796Proof/P97/CGN/CGN4g.lean:1793:23: try 'simp' instead of 'simpa'

Note: This linter can be disabled with `set_option linter.unnecessarySimpa false`
warning: Erdos9796Proof/P97/CGN/CGN4g.lean:1801:23: try 'simp' instead of 'simpa'

Note: This linter can be disabled with `set_option linter.unnecessarySimpa false`
warning: Erdos9796Proof/P97/CGN/CGN4g.lean:1832:8: unused variable `Hside`

Note: This linter can be disabled with `set_option linter.unusedVariables false`
warning: Erdos9796Proof/P97/CGN/CGN4g.lean:1833:8: unused variable `Hord`

Note: This linter can be disabled with `set_option linter.unusedVariables false`
warning: Erdos9796Proof/P97/CGN/CGN4g.lean:1878:8: unused variable `Hside`

Note: This linter can be disabled with `set_option linter.unusedVariables false`
warning: Erdos9796Proof/P97/CGN/CGN4g.lean:1879:8: unused variable `Hord`

Note: This linter can be disabled with `set_option linter.unusedVariables false`
⚠ [8188/8511] Replayed Erdos9796Proof.P97.CGN.CGN6
warning: Erdos9796Proof/P97/CGN/CGN6.lean:205:20: unused variable `hn`

Note: This linter can be disabled with `set_option linter.unusedVariables false`
warning: Erdos9796Proof/P97/CGN/CGN6.lean:216:5: unused variable `he`

Note: This linter can be disabled with `set_option linter.unusedVariables false`
warning: Erdos9796Proof/P97/CGN/CGN6.lean:229:2: try 'simp' instead of 'simpa'

Note: This linter can be disabled with `set_option linter.unnecessarySimpa false`
warning: Erdos9796Proof/P97/CGN/CGN6.lean:236:64: This simp argument is unused:
  inner_add_right

Hint: Omit it from the simp argument list.
  simp [chordFrame, inner_add_left,̵ ̵i̵n̵n̵e̵r̵_̵a̵d̵d̵_̵r̵i̵g̵h̵t̵]

Note: This linter can be disabled with `set_option linter.unusedSimpArgs false`
warning: Erdos9796Proof/P97/CGN/CGN6.lean:240:65: This simp argument is unused:
  inner_smul_right

Hint: Omit it from the simp argument list.
  simp [chordFrame, inner_smul_left,̵ ̵i̵n̵n̵e̵r̵_̵s̵m̵u̵l̵_̵r̵i̵g̵h̵t̵]

Note: This linter can be disabled with `set_option linter.unusedSimpArgs false`
warning: Erdos9796Proof/P97/CGN/CGN6.lean:236:10: Used `tac1 <;> tac2` where `(tac1; tac2)` would suffice

Note: This linter can be disabled with `set_option linter.unnecessarySeqFocus false`
warning: Erdos9796Proof/P97/CGN/CGN6.lean:240:10: Used `tac1 <;> tac2` where `(tac1; tac2)` would suffice

Note: This linter can be disabled with `set_option linter.unnecessarySeqFocus false`
warning: Erdos9796Proof/P97/CGN/CGN6.lean:252:4: try 'simp' instead of 'simpa'

Note: This linter can be disabled with `set_option linter.unnecessarySimpa false`
warning: Erdos9796Proof/P97/CGN/CGN6.lean:254:4: try 'simp' instead of 'simpa'

Note: This linter can be disabled with `set_option linter.unnecessarySimpa false`
warning: Erdos9796Proof/P97/CGN/CGN6.lean:256:4: try 'simp' instead of 'simpa'

Note: This linter can be disabled with `set_option linter.unnecessarySimpa false`
warning: Erdos9796Proof/P97/CGN/CGN6.lean:272:6: try 'simp' instead of 'simpa'

Note: This linter can be disabled with `set_option linter.unnecessarySimpa false`
warning: Erdos9796Proof/P97/CGN/CGN6.lean:285:4: try 'simp' instead of 'simpa'

Note: This linter can be disabled with `set_option linter.unnecessarySimpa false`
warning: Erdos9796Proof/P97/CGN/CGN6.lean:289:4: try 'simp' instead of 'simpa'

Note: This linter can be disabled with `set_option linter.unnecessarySimpa false`
warning: Erdos9796Proof/P97/CGN/CGN6.lean:343:8: Used `tac1 <;> tac2` where `(tac1; tac2)` would suffice

Note: This linter can be disabled with `set_option linter.unnecessarySeqFocus false`
warning: Erdos9796Proof/P97/CGN/CGN6.lean:410:4: try 'simp' instead of 'simpa'

Note: This linter can be disabled with `set_option linter.unnecessarySimpa false`
warning: Erdos9796Proof/P97/CGN/CGN6.lean:412:4: try 'simp' instead of 'simpa'

Note: This linter can be disabled with `set_option linter.unnecessarySimpa false`
warning: Erdos9796Proof/P97/CGN/CGN6.lean:421:6: try 'simp' instead of 'simpa'

Note: This linter can be disabled with `set_option linter.unnecessarySimpa false`
warning: Erdos9796Proof/P97/CGN/CGN6.lean:491:8: try 'simp' instead of 'simpa'

Note: This linter can be disabled with `set_option linter.unnecessarySimpa false`
warning: Erdos9796Proof/P97/CGN/CGN6.lean:556:8: try 'simp' instead of 'simpa'

Note: This linter can be disabled with `set_option linter.unnecessarySimpa false`
warning: Erdos9796Proof/P97/CGN/CGN6.lean:558:33: try 'simp' instead of 'simpa'

Note: This linter can be disabled with `set_option linter.unnecessarySimpa false`
warning: Erdos9796Proof/P97/CGN/CGN6.lean:561:4: try 'simp' instead of 'simpa'

Note: This linter can be disabled with `set_option linter.unnecessarySimpa false`
warning: Erdos9796Proof/P97/CGN/CGN6.lean:596:8: try 'simp' instead of 'simpa'

Note: This linter can be disabled with `set_option linter.unnecessarySimpa false`
warning: Erdos9796Proof/P97/CGN/CGN6.lean:376:40: unused variable `tau`

Note: This linter can be disabled with `set_option linter.unusedVariables false`
warning: Erdos9796Proof/P97/CGN/CGN6.lean:513:40: This simp argument is unused:
  map_sub

Hint: Omit it from the simp argument list.
  simp [T, sub_eq_add_neg, map_add, m̵ap̵_̵s̵u̵b̵,̵ ̵a̵dd_comm, add_left_comm, add_assoc]

Note: This linter can be disabled with `set_option linter.unusedSimpArgs false`
warning: Erdos9796Proof/P97/CGN/CGN6.lean:513:59: This simp argument is unused:
  add_left_comm

Hint: Omit it from the simp argument list.
  simp [T, sub_eq_add_neg, map_add, map_sub, add_comm, a̵d̵d̵_̵l̵e̵f̵t̵_̵c̵o̵m̵m̵,̵ ̵add_assoc]

Note: This linter can be disabled with `set_option linter.unusedSimpArgs false`
warning: Erdos9796Proof/P97/CGN/CGN6.lean:513:74: This simp argument is unused:
  add_assoc

Hint: Omit it from the simp argument list.
  simp [T, sub_eq_add_neg, map_add, map_sub, add_comm, add_left_comm,̵ ̵a̵d̵d̵_̵a̵s̵s̵o̵c̵]

Note: This linter can be disabled with `set_option linter.unusedSimpArgs false`
warning: Erdos9796Proof/P97/CGN/CGN6.lean:603:78: This simp argument is unused:
  EuclideanSpace.ofLp_single

Hint: Omit it from the simp argument list.
  simp [T, F, chordLinear, chordFrame, vec2, EuclideanSpace.single_apply,̵ ̵E̵u̵c̵l̵i̵d̵e̵a̵n̵S̵p̵a̵c̵e̵.̵o̵f̵L̵p̵_̵s̵i̵n̵g̵l̵e̵]

Note: This linter can be disabled with `set_option linter.unusedSimpArgs false`
warning: Erdos9796Proof/P97/CGN/CGN6.lean:657:43: This simp argument is unused:
  real_inner_self_eq_norm_sq

Hint: Omit it from the simp argument list.
  simp [e, u, real_inner_smul_right, r̵e̵a̵l̵_̵i̵n̵n̵e̵r̵_̵s̵e̵l̵f̵_̵e̵q̵_̵n̵o̵r̵m̵_̵s̵q̵,̵ ̵hu_norm.ne']

Note: This linter can be disabled with `set_option linter.unusedSimpArgs false`
warning: Erdos9796Proof/P97/CGN/CGN6.lean:464:12: Used `tac1 <;> tac2` where `(tac1; tac2)` would suffice

Note: This linter can be disabled with `set_option linter.unnecessarySeqFocus false`
warning: Erdos9796Proof/P97/CGN/CGN6.lean:467:12: Used `tac1 <;> tac2` where `(tac1; tac2)` would suffice

Note: This linter can be disabled with `set_option linter.unnecessarySeqFocus false`
warning: Erdos9796Proof/P97/CGN/CGN6.lean:602:10: Used `tac1 <;> tac2` where `(tac1; tac2)` would suffice

Note: This linter can be disabled with `set_option linter.unnecessarySeqFocus false`
warning: Erdos9796Proof/P97/CGN/CGN6.lean:756:16: Used `tac1 <;> tac2` where `(tac1; tac2)` would suffice

Note: This linter can be disabled with `set_option linter.unnecessarySeqFocus false`
warning: Erdos9796Proof/P97/CGN/CGN6.lean:366:0: Please, add a comment explaining the need for modifying the maxHeartbeat limit, as in
set_option maxHeartbeats 600000 in
-- reason for change
...

Note: This linter can be disabled with `set_option linter.style.maxHeartbeats false`
warning: Erdos9796Proof/P97/CGN/CGN6.lean:1120:6: 'simp [xCoord, ht0, ht1]' is a flexible tactic modifying '⊢'. Try 'simp?' and use the suggested 'simp only [...]'. Alternatively, use `suffices` to explicitly state the simplified form.

Note: This linter can be disabled with `set_option linter.flexible false`
info: Erdos9796Proof/P97/CGN/CGN6.lean:1121:6: 'exact L.x_strict (by simp [finIndex])' uses '⊢'!
warning: Erdos9796Proof/P97/CGN/CGN6.lean:1138:10: 'simp [xCoord, ht0, ht1]' is a flexible tactic modifying '⊢'. Try 'simp?' and use the suggested 'simp only [...]'. Alternatively, use `suffices` to explicitly state the simplified form.

Note: This linter can be disabled with `set_option linter.flexible false`
info: Erdos9796Proof/P97/CGN/CGN6.lean:1141:10: 'exact L.x_strict hlt_fin' uses '⊢'!
warning: Erdos9796Proof/P97/CGN/CGN6.lean:1382:6: try 'simp' instead of 'simpa'

Note: This linter can be disabled with `set_option linter.unnecessarySimpa false`
warning: Erdos9796Proof/P97/CGN/CGN6.lean:1409:8: try 'simp' instead of 'simpa'

Note: This linter can be disabled with `set_option linter.unnecessarySimpa false`
warning: Erdos9796Proof/P97/CGN/CGN6.lean:1415:29: Used `tac1 <;> tac2` where `(tac1; tac2)` would suffice

Note: This linter can be disabled with `set_option linter.unnecessarySeqFocus false`
warning: Erdos9796Proof/P97/CGN/CGN6.lean:1435:29: Used `tac1 <;> tac2` where `(tac1; tac2)` would suffice

Note: This linter can be disabled with `set_option linter.unnecessarySeqFocus false`
warning: Erdos9796Proof/P97/CGN/CGN6.lean:1491:47: Used `tac1 <;> tac2` where `(tac1; tac2)` would suffice

Note: This linter can be disabled with `set_option linter.unnecessarySeqFocus false`
warning: Erdos9796Proof/P97/CGN/CGN6.lean:1263:6: 'simp [xCoord, ht0, ht1]' is a flexible tactic modifying '⊢'. Try 'simp?' and use the suggested 'simp only [...]'. Alternatively, use `suffices` to explicitly state the simplified form.

Note: This linter can be disabled with `set_option linter.flexible false`
info: Erdos9796Proof/P97/CGN/CGN6.lean:1264:6: 'exact L.x_strict (by simp [finIndex])' uses '⊢'!
warning: Erdos9796Proof/P97/CGN/CGN6.lean:1300:10: 'simp [xCoord, ht0, ht1]' is a flexible tactic modifying '⊢'. Try 'simp?' and use the suggested 'simp only [...]'. Alternatively, use `suffices` to explicitly state the simplified form.

Note: This linter can be disabled with `set_option linter.flexible false`
info: Erdos9796Proof/P97/CGN/CGN6.lean:1303:10: 'exact L.x_strict hlt_fin' uses '⊢'!
warning: Erdos9796Proof/P97/CGN/CGN6.lean:1524:6: try 'simp' instead of 'simpa'

Note: This linter can be disabled with `set_option linter.unnecessarySimpa false`
warning: Erdos9796Proof/P97/CGN/CGN6.lean:1581:6: try 'simp' instead of 'simpa'

Note: This linter can be disabled with `set_option linter.unnecessarySimpa false`
warning: Erdos9796Proof/P97/CGN/CGN6.lean:1586:8: try 'simp' instead of 'simpa'

Note: This linter can be disabled with `set_option linter.unnecessarySimpa false`
warning: Erdos9796Proof/P97/CGN/CGN6.lean:1771:4: try 'simp' instead of 'simpa'

Note: This linter can be disabled with `set_option linter.unnecessarySimpa false`
warning: Erdos9796Proof/P97/CGN/CGN6.lean:2053:5: unused variable `Model`

Note: This linter can be disabled with `set_option linter.unusedVariables false`
⚠ [8195/8511] Replayed Erdos9796Proof.P97.U2EquilateralMECFromM44
warning: Erdos9796Proof/P97/U2EquilateralMECFromM44.lean:9:0: This file has no module docstring (`/-! ... -/`). Add one after the imports to document the file.

Note: This linter can be disabled with `set_option linter.style.moduleDocstring false`
⚠ [8199/8511] Replayed Erdos9796Proof.P97.NoDiameterUnderK4
warning: Erdos9796Proof/P97/NoDiameterUnderK4.lean:319:29: 'simp' is a flexible tactic modifying '⊢'. Try 'simp?' and use the suggested 'simp only [...]'. Alternatively, use `suffices` to explicitly state the simplified form.

Note: This linter can be disabled with `set_option linter.flexible false`
info: Erdos9796Proof/P97/NoDiameterUnderK4.lean:319:29: Try this:
  [apply] simp only [Nat.succ_eq_add_one, Nat.reduceAdd, Fin.zero_eta, Fin.isValue, Matrix.cons_val_zero]
info: Erdos9796Proof/P97/NoDiameterUnderK4.lean:319:38: 'assumption' uses '⊢'!
warning: Erdos9796Proof/P97/NoDiameterUnderK4.lean:319:29: 'simp' is a flexible tactic modifying '⊢'. Try 'simp?' and use the suggested 'simp only [...]'. Alternatively, use `suffices` to explicitly state the simplified form.

Note: This linter can be disabled with `set_option linter.flexible false`
info: Erdos9796Proof/P97/NoDiameterUnderK4.lean:319:29: Try this:
  [apply] simp only [Nat.succ_eq_add_one, Nat.reduceAdd, Fin.mk_one, Fin.isValue, Matrix.cons_val_one,
    Matrix.cons_val_zero]
info: Erdos9796Proof/P97/NoDiameterUnderK4.lean:319:38: 'assumption' uses '⊢'!
warning: Erdos9796Proof/P97/NoDiameterUnderK4.lean:319:29: 'simp' is a flexible tactic modifying '⊢'. Try 'simp?' and use the suggested 'simp only [...]'. Alternatively, use `suffices` to explicitly state the simplified form.

Note: This linter can be disabled with `set_option linter.flexible false`
info: Erdos9796Proof/P97/NoDiameterUnderK4.lean:319:29: Try this:
  [apply] simp only [Nat.succ_eq_add_one, Nat.reduceAdd, Fin.reduceFinMk, Matrix.cons_val]
info: Erdos9796Proof/P97/NoDiameterUnderK4.lean:319:38: 'assumption' uses '⊢'!
warning: Erdos9796Proof/P97/NoDiameterUnderK4.lean:325:4: 'simp [Fin.sum_univ_three]' is a flexible tactic modifying '⊢'. Try 'simp?' and use the suggested 'simp only [...]'. Alternatively, use `suffices` to explicitly state the simplified form.

Note: This linter can be disabled with `set_option linter.flexible false`
info: Erdos9796Proof/P97/NoDiameterUnderK4.lean:325:4: Try this:
  [apply] simp only [Nat.succ_eq_add_one, Nat.reduceAdd]
info: Erdos9796Proof/P97/NoDiameterUnderK4.lean:326:4: 'exact hq' uses '⊢'!
warning: Erdos9796Proof/P97/NoDiameterUnderK4.lean:333:0: Please, add a comment explaining the need for modifying the maxHeartbeat limit, as in
set_option maxHeartbeats 600000 in
-- reason for change
...

Note: This linter can be disabled with `set_option linter.style.maxHeartbeats false`
warning: Erdos9796Proof/P97/NoDiameterUnderK4.lean:576:0: Please, add a comment explaining the need for modifying the maxHeartbeat limit, as in
set_option maxHeartbeats 400000 in
-- reason for change
...

Note: This linter can be disabled with `set_option linter.style.maxHeartbeats false`
warning: Erdos9796Proof/P97/NoDiameterUnderK4.lean:886:8: 'simp' is a flexible tactic modifying '⊢'. Try 'simp?' and use the suggested 'simp only [...]'. Alternatively, use `suffices` to explicitly state the simplified form.

Note: This linter can be disabled with `set_option linter.flexible false`
info: Erdos9796Proof/P97/NoDiameterUnderK4.lean:886:8: Try this:
  [apply] simp only [mem_singleton]
info: Erdos9796Proof/P97/NoDiameterUnderK4.lean:886:14: 'exact hq_b.symm' uses '⊢'!
warning: Erdos9796Proof/P97/NoDiameterUnderK4.lean:887:8: 'simp' is a flexible tactic modifying '⊢'. Try 'simp?' and use the suggested 'simp only [...]'. Alternatively, use `suffices` to explicitly state the simplified form.

Note: This linter can be disabled with `set_option linter.flexible false`
info: Erdos9796Proof/P97/NoDiameterUnderK4.lean:887:8: Try this:
  [apply] simp only [mem_insert, mem_singleton, not_or]
info: Erdos9796Proof/P97/NoDiameterUnderK4.lean:888:10: 'exact hab_ne' uses '⊢'!
warning: Erdos9796Proof/P97/NoDiameterUnderK4.lean:887:8: 'simp' is a flexible tactic modifying '⊢'. Try 'simp?' and use the suggested 'simp only [...]'. Alternatively, use `suffices` to explicitly state the simplified form.

Note: This linter can be disabled with `set_option linter.flexible false`
info: Erdos9796Proof/P97/NoDiameterUnderK4.lean:887:8: Try this:
  [apply] simp only [mem_insert, mem_singleton, not_or]
info: Erdos9796Proof/P97/NoDiameterUnderK4.lean:889:10: 'exact hq_a.symm' uses '⊢'!
⚠ [8200/8511] Replayed Erdos9796Proof.P97.CGN.CGN7
warning: Erdos9796Proof/P97/CGN/CGN7.lean:209:10: try 'simp' instead of 'simpa'

Note: This linter can be disabled with `set_option linter.unnecessarySimpa false`
warning: Erdos9796Proof/P97/CGN/CGN7.lean:211:10: try 'simp' instead of 'simpa'

Note: This linter can be disabled with `set_option linter.unnecessarySimpa false`
warning: Erdos9796Proof/P97/CGN/CGN7.lean:76:5: unused variable `Hord`

Note: This linter can be disabled with `set_option linter.unusedVariables false`
warning: Erdos9796Proof/P97/CGN/CGN7.lean:77:5: unused variable `hconv`

Note: This linter can be disabled with `set_option linter.unusedVariables false`
warning: Erdos9796Proof/P97/CGN/CGN7.lean:78:5: unused variable `hmem`

Note: This linter can be disabled with `set_option linter.unusedVariables false`
warning: Erdos9796Proof/P97/CGN/CGN7.lean:119:32: This simp argument is unused:
  ih

Hint: Omit it from the simp argument list.
  simp [Finset.sigma, ha, i̵h̵,̵ ̵Finset.card_disjUnion]

Note: This linter can be disabled with `set_option linter.unusedSimpArgs false`
warning: Erdos9796Proof/P97/CGN/CGN7.lean:119:36: This simp argument is unused:
  Finset.card_disjUnion

Hint: Omit it from the simp argument list.
  simp [Finset.sigma, ha, ih,̵ ̵F̵i̵n̵s̵e̵t̵.̵c̵a̵r̵d̵_̵d̵i̵s̵j̵U̵n̵i̵o̵n̵]

Note: This linter can be disabled with `set_option linter.unusedSimpArgs false`
⚠ [8201/8511] Replayed Erdos9796Proof.P97.ArcPartitionCount
warning: Erdos9796Proof/P97/ArcPartitionCount.lean:67:12: please avoid 'open (scoped) Classical' statements: this can hide theorem statements which would be better stated with explicit decidability statements.
Instead, use `open Classical in` for definitions or instances, the `classical` tactic for proofs.
For theorem statements, either add missing decidability assumptions or use `open Classical in`.

Note: This linter can be disabled with `set_option linter.style.openClassical false`
warning: Erdos9796Proof/P97/ArcPartitionCount.lean:605:8: 'simp [Fin.sum_univ_three]
        -- a • V1 + b • V2 + (1 - a - b) • V3 = v.
        -- From h_decomp: v - V3 = a • (V1 - V3) + b • (V2 - V3).
        -- So v = a • V1 + b • V2 + (1 - a - b) • V3.' is a flexible tactic modifying '⊢'. Try 'simp?' and use the suggested 'simp only [...]'. Alternatively, use `suffices` to explicitly state the simplified form.

Note: This linter can be disabled with `set_option linter.flexible false`
info: Erdos9796Proof/P97/ArcPartitionCount.lean:618:8: 'rw [h_decomp']' uses '⊢'!
⚠ [8204/8511] Replayed Erdos9796Proof.P97.Dumitrescu.L10
warning: Erdos9796Proof/P97/Dumitrescu/L10.lean:85:0: This file has more than one module docstring (`/-! ... -/`). Only the first one is treated as module documentation; convert additional ones to regular comments (`/- ... -/`).

Note: This linter can be disabled with `set_option linter.style.moduleDocstring false`
⚠ [8205/8511] Replayed Erdos9796Proof.P97.CGN.CGN8
warning: Erdos9796Proof/P97/CGN/CGN8.lean:277:12: try 'simp' instead of 'simpa'

Note: This linter can be disabled with `set_option linter.unnecessarySimpa false`
warning: Erdos9796Proof/P97/CGN/CGN8.lean:280:12: try 'simp' instead of 'simpa'

Note: This linter can be disabled with `set_option linter.unnecessarySimpa false`
warning: Erdos9796Proof/P97/CGN/CGN8.lean:175:34: This simp argument is unused:
  ih

Hint: Omit it from the simp argument list.
  simp [Finset.sigma, ha, i̵h̵,̵ ̵Finset.card_disjUnion]

Note: This linter can be disabled with `set_option linter.unusedSimpArgs false`
warning: Erdos9796Proof/P97/CGN/CGN8.lean:175:38: This simp argument is unused:
  Finset.card_disjUnion

Hint: Omit it from the simp argument list.
  simp [Finset.sigma, ha, ih,̵ ̵F̵i̵n̵s̵e̵t̵.̵c̵a̵r̵d̵_̵d̵i̵s̵j̵U̵n̵i̵o̵n̵]

Note: This linter can be disabled with `set_option linter.unusedSimpArgs false`
warning: Erdos9796Proof/P97/CGN/CGN8.lean:485:34: This simp argument is unused:
  nsmul_eq_mul

Hint: Omit it from the simp argument list.
  simp [Finset.sum_const, n̵s̵m̵u̵l̵_̵e̵q̵_̵m̵u̵l̵,̵ ̵Nat.mul_comm]

Note: This linter can be disabled with `set_option linter.unusedSimpArgs false`
warning: Erdos9796Proof/P97/CGN/CGN8.lean:551:6: 'simp at hx' is a flexible tactic modifying 'hx'. Try 'simp?' and use the suggested 'simp only [...]'. Alternatively, use `suffices` to explicitly state the simplified form.

Note: This linter can be disabled with `set_option linter.flexible false`
info: Erdos9796Proof/P97/CGN/CGN8.lean:552:6: 'rcases hx with rfl | rfl' uses 'hx'!
warning: Erdos9796Proof/P97/CGN/CGN8.lean:551:6: 'simp at hx' is a flexible tactic modifying 'hx'. Try 'simp?' and use the suggested 'simp only [...]'. Alternatively, use `suffices` to explicitly state the simplified form.

Note: This linter can be disabled with `set_option linter.flexible false`
info: Erdos9796Proof/P97/CGN/CGN8.lean:553:8: 'exact CP.v2_mem_C1' uses 'hx'!
warning: Erdos9796Proof/P97/CGN/CGN8.lean:551:6: 'simp at hx' is a flexible tactic modifying 'hx'. Try 'simp?' and use the suggested 'simp only [...]'. Alternatively, use `suffices` to explicitly state the simplified form.

Note: This linter can be disabled with `set_option linter.flexible false`
info: Erdos9796Proof/P97/CGN/CGN8.lean:554:8: 'exact CP.v3_mem_C1' uses 'hx'!
warning: Erdos9796Proof/P97/CGN/CGN8.lean:562:6: 'simp at hx' is a flexible tactic modifying 'hx'. Try 'simp?' and use the suggested 'simp only [...]'. Alternatively, use `suffices` to explicitly state the simplified form.

Note: This linter can be disabled with `set_option linter.flexible false`
info: Erdos9796Proof/P97/CGN/CGN8.lean:563:6: 'rcases hx with rfl | rfl' uses 'hx'!
warning: Erdos9796Proof/P97/CGN/CGN8.lean:562:6: 'simp at hx' is a flexible tactic modifying 'hx'. Try 'simp?' and use the suggested 'simp only [...]'. Alternatively, use `suffices` to explicitly state the simplified form.

Note: This linter can be disabled with `set_option linter.flexible false`
info: Erdos9796Proof/P97/CGN/CGN8.lean:564:8: 'exact CP.v3_mem_C2' uses 'hx'!
warning: Erdos9796Proof/P97/CGN/CGN8.lean:562:6: 'simp at hx' is a flexible tactic modifying 'hx'. Try 'simp?' and use the suggested 'simp only [...]'. Alternatively, use `suffices` to explicitly state the simplified form.

Note: This linter can be disabled with `set_option linter.flexible false`
info: Erdos9796Proof/P97/CGN/CGN8.lean:565:8: 'exact CP.v1_mem_C2' uses 'hx'!
warning: Erdos9796Proof/P97/CGN/CGN8.lean:573:6: 'simp at hx' is a flexible tactic modifying 'hx'. Try 'simp?' and use the suggested 'simp only [...]'. Alternatively, use `suffices` to explicitly state the simplified form.

Note: This linter can be disabled with `set_option linter.flexible false`
info: Erdos9796Proof/P97/CGN/CGN8.lean:574:6: 'rcases hx with rfl | rfl' uses 'hx'!
warning: Erdos9796Proof/P97/CGN/CGN8.lean:573:6: 'simp at hx' is a flexible tactic modifying 'hx'. Try 'simp?' and use the suggested 'simp only [...]'. Alternatively, use `suffices` to explicitly state the simplified form.

Note: This linter can be disabled with `set_option linter.flexible false`
info: Erdos9796Proof/P97/CGN/CGN8.lean:575:8: 'exact CP.v1_mem_C3' uses 'hx'!
warning: Erdos9796Proof/P97/CGN/CGN8.lean:573:6: 'simp at hx' is a flexible tactic modifying 'hx'. Try 'simp?' and use the suggested 'simp only [...]'. Alternatively, use `suffices` to explicitly state the simplified form.

Note: This linter can be disabled with `set_option linter.flexible false`
info: Erdos9796Proof/P97/CGN/CGN8.lean:576:8: 'exact CP.v2_mem_C3' uses 'hx'!
⚠ [8207/8511] Replayed Erdos9796Proof.P97.N9Endpoint.Shell
warning: Erdos9796Proof/P97/N9Endpoint/Shell.lean:214:12: Try `simp at hone` instead of `simpa using hone`

Note: This linter can be disabled with `set_option linter.unnecessarySimpa false`
warning: Erdos9796Proof/P97/N9Endpoint/Shell.lean:293:12: Try `simp at hone` instead of `simpa using hone`

Note: This linter can be disabled with `set_option linter.unnecessarySimpa false`
warning: Erdos9796Proof/P97/N9Endpoint/Shell.lean:372:12: Try `simp at hone` instead of `simpa using hone`

Note: This linter can be disabled with `set_option linter.unnecessarySimpa false`
warning: Erdos9796Proof/P97/N9Endpoint/Shell.lean:410:6: 'simp at hx' is a flexible tactic modifying 'hx'. Try 'simp?' and use the suggested 'simp only [...]'. Alternatively, use `suffices` to explicitly state the simplified form.

Note: This linter can be disabled with `set_option linter.flexible false`
info: Erdos9796Proof/P97/N9Endpoint/Shell.lean:411:6: 'rcases hx with rfl | rfl' uses 'hx'!
warning: Erdos9796Proof/P97/N9Endpoint/Shell.lean:410:6: 'simp at hx' is a flexible tactic modifying 'hx'. Try 'simp?' and use the suggested 'simp only [...]'. Alternatively, use `suffices` to explicitly state the simplified form.

Note: This linter can be disabled with `set_option linter.flexible false`
info: Erdos9796Proof/P97/N9Endpoint/Shell.lean:412:8: 'exact S.CP.v2_mem_C1' uses 'hx'!
warning: Erdos9796Proof/P97/N9Endpoint/Shell.lean:410:6: 'simp at hx' is a flexible tactic modifying 'hx'. Try 'simp?' and use the suggested 'simp only [...]'. Alternatively, use `suffices` to explicitly state the simplified form.

Note: This linter can be disabled with `set_option linter.flexible false`
info: Erdos9796Proof/P97/N9Endpoint/Shell.lean:413:8: 'exact S.CP.v3_mem_C1' uses 'hx'!
warning: Erdos9796Proof/P97/N9Endpoint/Shell.lean:439:6: 'simp at hx' is a flexible tactic modifying 'hx'. Try 'simp?' and use the suggested 'simp only [...]'. Alternatively, use `suffices` to explicitly state the simplified form.

Note: This linter can be disabled with `set_option linter.flexible false`
info: Erdos9796Proof/P97/N9Endpoint/Shell.lean:440:6: 'rcases hx with rfl | rfl' uses 'hx'!
warning: Erdos9796Proof/P97/N9Endpoint/Shell.lean:439:6: 'simp at hx' is a flexible tactic modifying 'hx'. Try 'simp?' and use the suggested 'simp only [...]'. Alternatively, use `suffices` to explicitly state the simplified form.

Note: This linter can be disabled with `set_option linter.flexible false`
info: Erdos9796Proof/P97/N9Endpoint/Shell.lean:441:8: 'exact S.CP.v3_mem_C2' uses 'hx'!
warning: Erdos9796Proof/P97/N9Endpoint/Shell.lean:439:6: 'simp at hx' is a flexible tactic modifying 'hx'. Try 'simp?' and use the suggested 'simp only [...]'. Alternatively, use `suffices` to explicitly state the simplified form.

Note: This linter can be disabled with `set_option linter.flexible false`
info: Erdos9796Proof/P97/N9Endpoint/Shell.lean:442:8: 'exact S.CP.v1_mem_C2' uses 'hx'!
warning: Erdos9796Proof/P97/N9Endpoint/Shell.lean:475:6: 'simp at hx' is a flexible tactic modifying 'hx'. Try 'simp?' and use the suggested 'simp only [...]'. Alternatively, use `suffices` to explicitly state the simplified form.

Note: This linter can be disabled with `set_option linter.flexible false`
info: Erdos9796Proof/P97/N9Endpoint/Shell.lean:476:6: 'rcases hx with rfl | rfl' uses 'hx'!
warning: Erdos9796Proof/P97/N9Endpoint/Shell.lean:475:6: 'simp at hx' is a flexible tactic modifying 'hx'. Try 'simp?' and use the suggested 'simp only [...]'. Alternatively, use `suffices` to explicitly state the simplified form.

Note: This linter can be disabled with `set_option linter.flexible false`
info: Erdos9796Proof/P97/N9Endpoint/Shell.lean:477:8: 'exact S.CP.v1_mem_C3' uses 'hx'!
warning: Erdos9796Proof/P97/N9Endpoint/Shell.lean:475:6: 'simp at hx' is a flexible tactic modifying 'hx'. Try 'simp?' and use the suggested 'simp only [...]'. Alternatively, use `suffices` to explicitly state the simplified form.

Note: This linter can be disabled with `set_option linter.flexible false`
info: Erdos9796Proof/P97/N9Endpoint/Shell.lean:478:8: 'exact S.CP.v2_mem_C3' uses 'hx'!
⚠ [8210/8511] Replayed Erdos9796Proof.P97.U2.OneHitMonotone
warning: Erdos9796Proof/P97/U2/OneHitMonotone.lean:106:71: missing space in the source

This part of the code
  'π/3) :'
should be written as
  'π / 3)'


Note: This linter can be disabled with `set_option linter.style.whitespace false`
warning: Erdos9796Proof/P97/U2/OneHitMonotone.lean:147:66: missing space in the source

This part of the code
  'π/3) :'
should be written as
  'π / 3)'


Note: This linter can be disabled with `set_option linter.style.whitespace false`
warning: Erdos9796Proof/P97/U2/OneHitMonotone.lean:161:64: missing space in the source

This part of the code
  'π/3)
 '
should be written as
  'π / 3)'


Note: This linter can be disabled with `set_option linter.style.whitespace false`
warning: Erdos9796Proof/P97/U2/OneHitMonotone.lean:163:34: missing space in the source

This part of the code
  '(0:ℝ) (π/3))'
should be written as
  '(0 : ℝ)'


Note: This linter can be disabled with `set_option linter.style.whitespace false`
warning: Erdos9796Proof/P97/U2/OneHitMonotone.lean:163:40: missing space in the source

This part of the code
  '(π/3))
'
should be written as
  '(π / 3))'


Note: This linter can be disabled with `set_option linter.style.whitespace false`
warning: Erdos9796Proof/P97/U2/OneHitMonotone.lean:171:0: This file has more than one module docstring (`/-! ... -/`). Only the first one is treated as module documentation; convert additional ones to regular comments (`/- ... -/`).

Note: This linter can be disabled with `set_option linter.style.moduleDocstring false`
warning: Erdos9796Proof/P97/U2/OneHitMonotone.lean:210:71: missing space in the source

This part of the code
  'π/3) :'
should be written as
  'π / 3)'


Note: This linter can be disabled with `set_option linter.style.whitespace false`
warning: Erdos9796Proof/P97/U2/OneHitMonotone.lean:271:66: missing space in the source

This part of the code
  'π/3) :'
should be written as
  'π / 3)'


Note: This linter can be disabled with `set_option linter.style.whitespace false`
warning: Erdos9796Proof/P97/U2/OneHitMonotone.lean:288:67: missing space in the source

This part of the code
  'π/3)
 '
should be written as
  'π / 3)'


Note: This linter can be disabled with `set_option linter.style.whitespace false`
warning: Erdos9796Proof/P97/U2/OneHitMonotone.lean:290:34: missing space in the source

This part of the code
  '(0:ℝ) (π/3))'
should be written as
  '(0 : ℝ)'


Note: This linter can be disabled with `set_option linter.style.whitespace false`
warning: Erdos9796Proof/P97/U2/OneHitMonotone.lean:290:40: missing space in the source

This part of the code
  '(π/3))
'
should be written as
  '(π / 3))'


Note: This linter can be disabled with `set_option linter.style.whitespace false`
⚠ [8211/8511] Replayed Erdos9796Proof.P97.U2.OneHitRealization
warning: Erdos9796Proof/P97/U2/OneHitRealization.lean:58:0: This file has more than one module docstring (`/-! ... -/`). Only the first one is treated as module documentation; convert additional ones to regular comments (`/- ... -/`).

Note: This linter can be disabled with `set_option linter.style.moduleDocstring false`
warning: Erdos9796Proof/P97/U2/OneHitRealization.lean:115:38: missing space in the source

This part of the code
  'π/3)
 '
should be written as
  'π / 3)'


Note: This linter can be disabled with `set_option linter.style.whitespace false`
warning: Erdos9796Proof/P97/U2/OneHitRealization.lean:116:50: missing space in the source

This part of the code
  '(0:ℝ) (π/3))'
should be written as
  '(0 : ℝ)'


Note: This linter can be disabled with `set_option linter.style.whitespace false`
warning: Erdos9796Proof/P97/U2/OneHitRealization.lean:116:56: missing space in the source

This part of the code
  '(π/3)) (hγmono'
should be written as
  '(π / 3))'


Note: This linter can be disabled with `set_option linter.style.whitespace false`
warning: Erdos9796Proof/P97/U2/OneHitRealization.lean:127:38: missing space in the source

This part of the code
  'π/3)
 '
should be written as
  'π / 3)'


Note: This linter can be disabled with `set_option linter.style.whitespace false`
warning: Erdos9796Proof/P97/U2/OneHitRealization.lean:128:50: missing space in the source

This part of the code
  '(0:ℝ) (π/3))'
should be written as
  '(0 : ℝ)'


Note: This linter can be disabled with `set_option linter.style.whitespace false`
warning: Erdos9796Proof/P97/U2/OneHitRealization.lean:128:56: missing space in the source

This part of the code
  '(π/3)) (hδanti'
should be written as
  '(π / 3))'


Note: This linter can be disabled with `set_option linter.style.whitespace false`
⚠ [8216/8511] Replayed Erdos9796Proof.P97.N8.N8CapCoordNorm
warning: Erdos9796Proof/P97/N8/N8CapCoordNorm.lean:633:22: 'simp [Fin.sum_univ_three] at hg'' is a flexible tactic modifying 'hg''. Try 'simp?' and use the suggested 'simp only [...]'. Alternatively, use `suffices` to explicitly state the simplified form.

Note: This linter can be disabled with `set_option linter.flexible false`
info: Erdos9796Proof/P97/N8/N8CapCoordNorm.lean:633:22: Try this:
  [apply] simp only [Fin.isValue] at hg'
info: Erdos9796Proof/P97/N8/N8CapCoordNorm.lean:634:6: 'convert hg' using 2' uses 'hg''!
warning: Erdos9796Proof/P97/N8/N8CapCoordNorm.lean:893:4: The `show` tactic should only be used to indicate intermediate goal states for readability.
However, this tactic invocation changed the goal. Please use `change` instead for these purposes.

Note: This linter can be disabled with `set_option linter.style.show false`
warning: Erdos9796Proof/P97/N8/N8CapCoordNorm.lean:911:4: The `show` tactic should only be used to indicate intermediate goal states for readability.
However, this tactic invocation changed the goal. Please use `change` instead for these purposes.

Note: This linter can be disabled with `set_option linter.style.show false`
warning: Erdos9796Proof/P97/N8/N8CapCoordNorm.lean:930:4: The `show` tactic should only be used to indicate intermediate goal states for readability.
However, this tactic invocation changed the goal. Please use `change` instead for these purposes.

Note: This linter can be disabled with `set_option linter.style.show false`
warning: Erdos9796Proof/P97/N8/N8CapCoordNorm.lean:975:4: The `show` tactic should only be used to indicate intermediate goal states for readability.
However, this tactic invocation changed the goal. Please use `change` instead for these purposes.

Note: This linter can be disabled with `set_option linter.style.show false`
warning: Erdos9796Proof/P97/N8/N8CapCoordNorm.lean:996:4: The `show` tactic should only be used to indicate intermediate goal states for readability.
However, this tactic invocation changed the goal. Please use `change` instead for these purposes.

Note: This linter can be disabled with `set_option linter.style.show false`
warning: Erdos9796Proof/P97/N8/N8CapCoordNorm.lean:1018:4: The `show` tactic should only be used to indicate intermediate goal states for readability.
However, this tactic invocation changed the goal. Please use `change` instead for these purposes.

Note: This linter can be disabled with `set_option linter.style.show false`
⚠ [8219/8511] Replayed Erdos9796Proof.P97.U5ModeADeletion
warning: Erdos9796Proof/P97/U5ModeADeletion.lean:11:0: This file has no module docstring (`/-! ... -/`). Add one after the imports to document the file.

Note: This linter can be disabled with `set_option linter.style.moduleDocstring false`
⚠ [8221/8511] Replayed Erdos9796Proof.P97.U5GlobalIncidenceSupport
warning: Erdos9796Proof/P97/U5GlobalIncidenceSupport.lean:67:8: Try `simp at hqSkel` instead of `simpa using hqSkel`

Note: This linter can be disabled with `set_option linter.unnecessarySimpa false`
⚠ [8225/8511] Replayed Erdos9796Proof.P97.N4d.SmallSReductions
warning: Erdos9796Proof/P97/N4d/SmallSReductions.lean:743:14: missing space in the source

This part of the code
  '(bx-1)^2'
should be written as
  '(bx - 1)'


Note: This linter can be disabled with `set_option linter.style.whitespace false`
warning: Erdos9796Proof/P97/N4d/SmallSReductions.lean:743:17: missing space in the source

This part of the code
  '(bx-1)^2 + bw^2'
should be written as
  '1) ^ 2'


Note: This linter can be disabled with `set_option linter.style.whitespace false`
warning: Erdos9796Proof/P97/N4d/SmallSReductions.lean:743:24: missing space in the source

This part of the code
  'bw^2 = (X-1)^2+Y^2)'
should be written as
  'bw ^ 2'


Note: This linter can be disabled with `set_option linter.style.whitespace false`
warning: Erdos9796Proof/P97/N4d/SmallSReductions.lean:743:31: missing space in the source

This part of the code
  '(X-1)^2+Y^2)'
should be written as
  '(X - 1)'


Note: This linter can be disabled with `set_option linter.style.whitespace false`
warning: Erdos9796Proof/P97/N4d/SmallSReductions.lean:743:34: missing space in the source

This part of the code
  '(X-1)^2+Y^2)
 '
should be written as
  '1) ^ 2'


Note: This linter can be disabled with `set_option linter.style.whitespace false`
warning: Erdos9796Proof/P97/N4d/SmallSReductions.lean:744:14: missing space in the source

This part of the code
  '(bx-X)^2'
should be written as
  '(bx - X)'


Note: This linter can be disabled with `set_option linter.style.whitespace false`
warning: Erdos9796Proof/P97/N4d/SmallSReductions.lean:744:17: missing space in the source

This part of the code
  '(bx-X)^2 + (bw-Y)^2'
should be written as
  'X) ^ 2'


Note: This linter can be disabled with `set_option linter.style.whitespace false`
warning: Erdos9796Proof/P97/N4d/SmallSReductions.lean:744:25: missing space in the source

This part of the code
  '(bw-Y)^2'
should be written as
  '(bw - Y)'


Note: This linter can be disabled with `set_option linter.style.whitespace false`
warning: Erdos9796Proof/P97/N4d/SmallSReductions.lean:744:28: missing space in the source

This part of the code
  '(bw-Y)^2 = (X-1)^2+Y^2)'
should be written as
  'Y) ^ 2'


Note: This linter can be disabled with `set_option linter.style.whitespace false`
warning: Erdos9796Proof/P97/N4d/SmallSReductions.lean:744:35: missing space in the source

This part of the code
  '(X-1)^2+Y^2)'
should be written as
  '(X - 1)'


Note: This linter can be disabled with `set_option linter.style.whitespace false`
warning: Erdos9796Proof/P97/N4d/SmallSReductions.lean:744:38: missing space in the source

This part of the code
  '(X-1)^2+Y^2)
 '
should be written as
  '1) ^ 2'


Note: This linter can be disabled with `set_option linter.style.whitespace false`
warning: Erdos9796Proof/P97/N4d/SmallSReductions.lean:746:21: missing space in the source

This part of the code
  'X)/2 - Oy*(bw'
should be written as
  'X) / 2'


Note: This linter can be disabled with `set_option linter.style.whitespace false`
warning: Erdos9796Proof/P97/N4d/SmallSReductions.lean:746:28: missing space in the source

This part of the code
  'Oy*(bw -'
should be written as
  'Oy * (bw'


Note: This linter can be disabled with `set_option linter.style.whitespace false`
warning: Erdos9796Proof/P97/N4d/SmallSReductions.lean:747:18: missing space in the source

This part of the code
  '(X^2 - X'
should be written as
  '(X ^ 2'


Note: This linter can be disabled with `set_option linter.style.whitespace false`
warning: Erdos9796Proof/P97/N4d/SmallSReductions.lean:747:28: missing space in the source

This part of the code
  'Y^2)/(2*Y))'
should be written as
  'Y ^ 2)'


Note: This linter can be disabled with `set_option linter.style.whitespace false`
warning: Erdos9796Proof/P97/N4d/SmallSReductions.lean:747:31: missing space in the source

This part of the code
  'Y^2)/(2*Y))'
should be written as
  '2) / (2'


Note: This linter can be disabled with `set_option linter.style.whitespace false`
warning: Erdos9796Proof/P97/N4d/SmallSReductions.lean:747:34: missing space in the source

This part of the code
  'Y^2)/(2*Y))
'
should be written as
  '(2 * Y))'


Note: This linter can be disabled with `set_option linter.style.whitespace false`
warning: Erdos9796Proof/P97/N4d/SmallSReductions.lean:793:14: missing space in the source

This part of the code
  '(bx-1)^2'
should be written as
  '(bx - 1)'


Note: This linter can be disabled with `set_option linter.style.whitespace false`
warning: Erdos9796Proof/P97/N4d/SmallSReductions.lean:793:17: missing space in the source

This part of the code
  '(bx-1)^2 + bw^2'
should be written as
  '1) ^ 2'


Note: This linter can be disabled with `set_option linter.style.whitespace false`
warning: Erdos9796Proof/P97/N4d/SmallSReductions.lean:793:24: missing space in the source

This part of the code
  'bw^2 = (X-1)^2+Y^2)'
should be written as
  'bw ^ 2'


Note: This linter can be disabled with `set_option linter.style.whitespace false`
warning: Erdos9796Proof/P97/N4d/SmallSReductions.lean:793:31: missing space in the source

This part of the code
  '(X-1)^2+Y^2)'
should be written as
  '(X - 1)'


Note: This linter can be disabled with `set_option linter.style.whitespace false`
warning: Erdos9796Proof/P97/N4d/SmallSReductions.lean:793:34: missing space in the source

This part of the code
  '(X-1)^2+Y^2)
 '
should be written as
  '1) ^ 2'


Note: This linter can be disabled with `set_option linter.style.whitespace false`
warning: Erdos9796Proof/P97/N4d/SmallSReductions.lean:794:14: missing space in the source

This part of the code
  '(bx-X)^2'
should be written as
  '(bx - X)'


Note: This linter can be disabled with `set_option linter.style.whitespace false`
warning: Erdos9796Proof/P97/N4d/SmallSReductions.lean:794:17: missing space in the source

This part of the code
  '(bx-X)^2 + (bw-Y)^2'
should be written as
  'X) ^ 2'


Note: This linter can be disabled with `set_option linter.style.whitespace false`
warning: Erdos9796Proof/P97/N4d/SmallSReductions.lean:794:25: missing space in the source

This part of the code
  '(bw-Y)^2'
should be written as
  '(bw - Y)'


Note: This linter can be disabled with `set_option linter.style.whitespace false`
warning: Erdos9796Proof/P97/N4d/SmallSReductions.lean:794:28: missing space in the source

This part of the code
  '(bw-Y)^2 = (X-1)^2+Y^2)'
should be written as
  'Y) ^ 2'


Note: This linter can be disabled with `set_option linter.style.whitespace false`
warning: Erdos9796Proof/P97/N4d/SmallSReductions.lean:794:35: missing space in the source

This part of the code
  '(X-1)^2+Y^2)'
should be written as
  '(X - 1)'


Note: This linter can be disabled with `set_option linter.style.whitespace false`
warning: Erdos9796Proof/P97/N4d/SmallSReductions.lean:794:38: missing space in the source

This part of the code
  '(X-1)^2+Y^2)
 '
should be written as
  '1) ^ 2'


Note: This linter can be disabled with `set_option linter.style.whitespace false`
warning: Erdos9796Proof/P97/N4d/SmallSReductions.lean:796:19: missing space in the source

This part of the code
  'Y/2 + Real.sqrt'
should be written as
  'Y / 2'


Note: This linter can be disabled with `set_option linter.style.whitespace false`
warning: Erdos9796Proof/P97/N4d/SmallSReductions.lean:796:40: missing space in the source

This part of the code
  '(X-1)/2)'
should be written as
  '(X - 1)'


Note: This linter can be disabled with `set_option linter.style.whitespace false`
warning: Erdos9796Proof/P97/N4d/SmallSReductions.lean:796:43: missing space in the source

This part of the code
  '(X-1)/2) :'
should be written as
  '1) / 2)'


Note: This linter can be disabled with `set_option linter.style.whitespace false`
warning: Erdos9796Proof/P97/N4d/SmallSReductions.lean:1000:20: missing space in the source

This part of the code
  'X/2 - Real.sqrt'
should be written as
  'X / 2'


Note: This linter can be disabled with `set_option linter.style.whitespace false`
warning: Erdos9796Proof/P97/N4d/SmallSReductions.lean:1000:40: missing space in the source

This part of the code
  'Y/2 + 1/2)'
should be written as
  'Y / 2'


Note: This linter can be disabled with `set_option linter.style.whitespace false`
warning: Erdos9796Proof/P97/N4d/SmallSReductions.lean:1000:46: missing space in the source

This part of the code
  '1/2)
 '
should be written as
  '1 / 2)'


Note: This linter can be disabled with `set_option linter.style.whitespace false`
warning: Erdos9796Proof/P97/N4d/SmallSReductions.lean:1001:20: missing space in the source

This part of the code
  'Y/2 + Real.sqrt'
should be written as
  'Y / 2'


Note: This linter can be disabled with `set_option linter.style.whitespace false`
warning: Erdos9796Proof/P97/N4d/SmallSReductions.lean:1001:41: missing space in the source

This part of the code
  '(X-1)/2)'
should be written as
  '(X - 1)'


Note: This linter can be disabled with `set_option linter.style.whitespace false`
warning: Erdos9796Proof/P97/N4d/SmallSReductions.lean:1001:44: missing space in the source

This part of the code
  '(X-1)/2)
 '
should be written as
  '1) / 2)'


Note: This linter can be disabled with `set_option linter.style.whitespace false`
info: Erdos9796Proof/P97/N4d/SmallSReductions.lean:1444:8: Try this:
  [apply] ring_nf
  
  The `ring` tactic failed to close the goal. Use `ring_nf` to obtain a normal form.
    
  Note that `ring` works primarily in *commutative* rings. If you have a noncommutative ring, abelian group or module, consider using `noncomm_ring`, `abel` or `module` instead.
warning: Erdos9796Proof/P97/N4d/SmallSReductions.lean:1352:0: Please, add a comment explaining the need for modifying the maxHeartbeat limit, as in
set_option maxHeartbeats 4000000 in
-- reason for change
...

Note: This linter can be disabled with `set_option linter.style.maxHeartbeats false`
warning: Erdos9796Proof/P97/N4d/SmallSReductions.lean:1456:0: Please, add a comment explaining the need for modifying the maxHeartbeat limit, as in
set_option maxHeartbeats 1000000 in
-- reason for change
...

Note: This linter can be disabled with `set_option linter.style.maxHeartbeats false`
warning: Erdos9796Proof/P97/N4d/SmallSReductions.lean:1552:2: 'simp [familyBChordEqLowerAnglePoint, vec2, EuclideanSpace.single_apply]' is a flexible tactic modifying '⊢'. Try 'simp?' and use the suggested 'simp only [...]'. Alternatively, use `suffices` to explicitly state the simplified form.

Note: This linter can be disabled with `set_option linter.flexible false`
info: Erdos9796Proof/P97/N4d/SmallSReductions.lean:1552:2: Try this:
  [apply] simp only [Fin.isValue, gt_iff_lt]
info: Erdos9796Proof/P97/N4d/SmallSReductions.lean:1553:2: 'positivity' uses '⊢'!
warning: Erdos9796Proof/P97/N4d/SmallSReductions.lean:1582:4: 'simp [familyBChordEqLowerAnglePoint, vec2, EuclideanSpace.single_apply]' is a flexible tactic modifying '⊢'. Try 'simp?' and use the suggested 'simp only [...]'. Alternatively, use `suffices` to explicitly state the simplified form.

Note: This linter can be disabled with `set_option linter.flexible false`
info: Erdos9796Proof/P97/N4d/SmallSReductions.lean:1582:4: Try this:
  [apply] simp only [Fin.isValue]
info: Erdos9796Proof/P97/N4d/SmallSReductions.lean:1583:4: 'rw [show Real.sqrt (4 - s ^ 2) = R by exact hR.symm]' uses '⊢'!
warning: Erdos9796Proof/P97/N4d/SmallSReductions.lean:1582:4: 'simp [familyBChordEqLowerAnglePoint, vec2, EuclideanSpace.single_apply]' is a flexible tactic modifying '⊢'. Try 'simp?' and use the suggested 'simp only [...]'. Alternatively, use `suffices` to explicitly state the simplified form.

Note: This linter can be disabled with `set_option linter.flexible false`
info: Erdos9796Proof/P97/N4d/SmallSReductions.lean:1582:4: Try this:
  [apply] simp only [Fin.isValue]
info: Erdos9796Proof/P97/N4d/SmallSReductions.lean:1584:4: 'have hcalc :
  (1 + s * R / 4 - Real.sqrt 3 * s ^ 2 / 4 - 1) ^ 2 + (s * (s + Real.sqrt 3 * R) / 4) ^ 2 =
    s ^ 2 * R ^ 2 / 4 + s ^ 4 / 4 :=
  by
  ring_nf
  rw [familyBChordEq_sqrt3_sq]
  ring_nf' uses '⊢'!
warning: Erdos9796Proof/P97/N4d/SmallSReductions.lean:1582:4: 'simp [familyBChordEqLowerAnglePoint, vec2, EuclideanSpace.single_apply]' is a flexible tactic modifying '⊢'. Try 'simp?' and use the suggested 'simp only [...]'. Alternatively, use `suffices` to explicitly state the simplified form.

Note: This linter can be disabled with `set_option linter.flexible false`
info: Erdos9796Proof/P97/N4d/SmallSReductions.lean:1582:4: Try this:
  [apply] simp only [Fin.isValue]
info: Erdos9796Proof/P97/N4d/SmallSReductions.lean:1590:4: 'rw [hcalc, hR_sq]' uses '⊢'!
warning: Erdos9796Proof/P97/N4d/SmallSReductions.lean:1604:4: 'simp [familyBChordEqHigherAnglePoint, vec2, EuclideanSpace.single_apply]' is a flexible tactic modifying '⊢'. Try 'simp?' and use the suggested 'simp only [...]'. Alternatively, use `suffices` to explicitly state the simplified form.

Note: This linter can be disabled with `set_option linter.flexible false`
info: Erdos9796Proof/P97/N4d/SmallSReductions.lean:1604:4: Try this:
  [apply] simp only [Fin.isValue]
info: Erdos9796Proof/P97/N4d/SmallSReductions.lean:1605:4: 'rw [show Real.sqrt (4 - s ^ 2) = R by exact hR.symm]' uses '⊢'!
warning: Erdos9796Proof/P97/N4d/SmallSReductions.lean:1604:4: 'simp [familyBChordEqHigherAnglePoint, vec2, EuclideanSpace.single_apply]' is a flexible tactic modifying '⊢'. Try 'simp?' and use the suggested 'simp only [...]'. Alternatively, use `suffices` to explicitly state the simplified form.

Note: This linter can be disabled with `set_option linter.flexible false`
info: Erdos9796Proof/P97/N4d/SmallSReductions.lean:1604:4: Try this:
  [apply] simp only [Fin.isValue]
info: Erdos9796Proof/P97/N4d/SmallSReductions.lean:1606:4: 'have hcalc :
  (1 - s * R / 4 - Real.sqrt 3 * s ^ 2 / 4 - 1) ^ 2 + (s * (Real.sqrt 3 * R - s) / 4) ^ 2 =
    s ^ 2 * R ^ 2 / 4 + s ^ 4 / 4 :=
  by
  ring_nf
  rw [familyBChordEq_sqrt3_sq]
  ring_nf' uses '⊢'!
warning: Erdos9796Proof/P97/N4d/SmallSReductions.lean:1604:4: 'simp [familyBChordEqHigherAnglePoint, vec2, EuclideanSpace.single_apply]' is a flexible tactic modifying '⊢'. Try 'simp?' and use the suggested 'simp only [...]'. Alternatively, use `suffices` to explicitly state the simplified form.

Note: This linter can be disabled with `set_option linter.flexible false`
info: Erdos9796Proof/P97/N4d/SmallSReductions.lean:1604:4: Try this:
  [apply] simp only [Fin.isValue]
info: Erdos9796Proof/P97/N4d/SmallSReductions.lean:1612:4: 'rw [hcalc, hR_sq]' uses '⊢'!
ℹ [8229/8511] Replayed Erdos9796Proof.P97.ATail.CapCrossingKalmanson
info: Erdos9796Proof/P97/ATail/CapCrossingKalmanson.lean:905:0: 'Problem97.CapCrossingKalmansonBridge.exists_mem_openSegment_diagonals_of_ccw' depends on axioms: [propext,
 Classical.choice,
 Quot.sound]
info: Erdos9796Proof/P97/ATail/CapCrossingKalmanson.lean:906:0: 'Problem97.CapCrossingKalmansonBridge.dist_add_dist_lt_diagonal_sum_of_openSegment_diagonals' depends on axioms: [propext,
 Classical.choice,
 Quot.sound]
info: Erdos9796Proof/P97/ATail/CapCrossingKalmanson.lean:907:0: 'Problem97.CapCrossingKalmansonBridge.complementary_dist_add_dist_lt_diagonal_sum_of_openSegment_diagonals' depends on axioms: [propext,
 Classical.choice,
 Quot.sound]
info: Erdos9796Proof/P97/ATail/CapCrossingKalmanson.lean:908:0: 'Problem97.CapCrossingKalmansonBridge.dist_add_dist_lt_diagonal_sum_of_ccw' depends on axioms: [propext,
 Classical.choice,
 Quot.sound]
info: Erdos9796Proof/P97/ATail/CapCrossingKalmanson.lean:909:0: 'Problem97.CapCrossingKalmansonBridge.complementary_dist_add_dist_lt_diagonal_sum_of_ccw' depends on axioms: [propext,
 Classical.choice,
 Quot.sound]
info: Erdos9796Proof/P97/ATail/CapCrossingKalmanson.lean:910:0: 'Problem97.CapCrossingKalmansonBridge.dist_lt_of_ccw_of_dist_diagonal_eq_side' depends on axioms: [propext,
 Classical.choice,
 Quot.sound]
info: Erdos9796Proof/P97/ATail/CapCrossingKalmanson.lean:911:0: 'Problem97.CapCrossingKalmansonBridge.dist_first_side_lt_second_diagonal_of_ccw_of_dist_diagonal_eq_last_side' depends on axioms: [propext,
 Classical.choice,
 Quot.sound]
info: Erdos9796Proof/P97/ATail/CapCrossingKalmanson.lean:912:0: 'Problem97.CapCrossingKalmansonBridge.false_of_five_ccw_three_shell_equalities' depends on axioms: [propext,
 Classical.choice,
 Quot.sound]
info: Erdos9796Proof/P97/ATail/CapCrossingKalmanson.lean:913:0: 'Problem97.CapCrossingKalmansonBridge.false_of_selected_rows_in_five_ccw_order' depends on axioms: [propext,
 Classical.choice,
 Quot.sound]
info: Erdos9796Proof/P97/ATail/CapCrossingKalmanson.lean:914:0: 'Problem97.CapCrossingKalmansonBridge.false_of_two_selected_rows_shared_late_pair' depends on axioms: [propext,
 Classical.choice,
 Quot.sound]
info: Erdos9796Proof/P97/ATail/CapCrossingKalmanson.lean:915:0: 'Problem97.CapCrossingKalmansonBridge.false_of_three_selected_rows_bridged_late_pair' depends on axioms: [propext,
 Classical.choice,
 Quot.sound]
info: Erdos9796Proof/P97/ATail/CapCrossingKalmanson.lean:916:0: 'Problem97.CapCrossingKalmansonBridge.false_of_four_ccw_endpoint_centers_bisect_middle_pair' depends on axioms: [propext,
 Classical.choice,
 Quot.sound]
info: Erdos9796Proof/P97/ATail/CapCrossingKalmanson.lean:917:0: 'Problem97.CapCrossingKalmansonBridge.false_of_four_ccw_middle_centers_bisect_endpoint_pair' depends on axioms: [propext,
 Classical.choice,
 Quot.sound]
info: Erdos9796Proof/P97/ATail/CapCrossingKalmanson.lean:918:0: 'Problem97.CapCrossingKalmansonBridge.false_of_four_ccw_late_centers_bisect_early_pair' depends on axioms: [propext,
 Classical.choice,
 Quot.sound]
info: Erdos9796Proof/P97/ATail/CapCrossingKalmanson.lean:919:0: 'Problem97.CapCrossingKalmansonBridge.false_of_four_selected_rows_chained_late_pair' depends on axioms: [propext,
 Classical.choice,
 Quot.sound]
info: Erdos9796Proof/P97/ATail/CapCrossingKalmanson.lean:920:0: 'Problem97.CapCrossingKalmansonBridge.false_of_freshThird_four_order_arms' depends on axioms: [propext,
 Classical.choice,
 Quot.sound]
info: Erdos9796Proof/P97/ATail/CapCrossingKalmanson.lean:921:0: 'Problem97.CapCrossingKalmansonBridge.false_of_seven_ccw_three_chained_bisectors' depends on axioms: [propext,
 Classical.choice,
 Quot.sound]
info: Erdos9796Proof/P97/ATail/CapCrossingKalmanson.lean:922:0: 'Problem97.CapCrossingKalmansonBridge.false_of_seven_ccw_three_chained_selected_rows' depends on axioms: [propext,
 Classical.choice,
 Quot.sound]
info: Erdos9796Proof/P97/ATail/CapCrossingKalmanson.lean:923:0: 'Problem97.CapCrossingKalmansonBridge.false_of_two_selected_middle_rows_shared_endpoint_pair' depends on axioms: [propext,
 Classical.choice,
 Quot.sound]
info: Erdos9796Proof/P97/ATail/CapCrossingKalmanson.lean:924:0: 'Problem97.CapCrossingKalmansonBridge.false_of_six_ccw_two_k2_three_selected_rows' depends on axioms: [propext,
 Classical.choice,
 Quot.sound]
⚠ [8251/8511] Replayed Erdos9796Proof.P97.EndpointCertificate.Patterns.EpQ1008TermShards.EpQ1008BlockShard003
warning: Erdos9796Proof/P97/EndpointCertificate/Patterns/EpQ1008TermShards/EpQ1008BlockShard003.lean:10:0: This file has no module docstring (`/-! ... -/`). Add one after the imports to document the file.

Note: This linter can be disabled with `set_option linter.style.moduleDocstring false`
⚠ [8254/8511] Replayed Erdos9796Proof.P97.EndpointCertificate.Patterns.EpQ1008TermShards.EpQ1008BlockShard006
warning: Erdos9796Proof/P97/EndpointCertificate/Patterns/EpQ1008TermShards/EpQ1008BlockShard006.lean:10:0: This file has no module docstring (`/-! ... -/`). Add one after the imports to document the file.

Note: This linter can be disabled with `set_option linter.style.moduleDocstring false`
⚠ [8255/8511] Replayed Erdos9796Proof.P97.EndpointCertificate.Patterns.EpQ1008TermShards.EpQ1008BlockShard007
warning: Erdos9796Proof/P97/EndpointCertificate/Patterns/EpQ1008TermShards/EpQ1008BlockShard007.lean:10:0: This file has no module docstring (`/-! ... -/`). Add one after the imports to document the file.

Note: This linter can be disabled with `set_option linter.style.moduleDocstring false`
⚠ [8258/8511] Replayed Erdos9796Proof.P97.EndpointCertificate.Patterns.EpQ1008TermShards.EpQ1008BlockShard010
warning: Erdos9796Proof/P97/EndpointCertificate/Patterns/EpQ1008TermShards/EpQ1008BlockShard010.lean:10:0: This file has no module docstring (`/-! ... -/`). Add one after the imports to document the file.

Note: This linter can be disabled with `set_option linter.style.moduleDocstring false`
⚠ [8259/8511] Replayed Erdos9796Proof.P97.EndpointCertificate.Patterns.EpQ1008TermShards.EpQ1008BlockShard011
warning: Erdos9796Proof/P97/EndpointCertificate/Patterns/EpQ1008TermShards/EpQ1008BlockShard011.lean:10:0: This file has no module docstring (`/-! ... -/`). Add one after the imports to document the file.

Note: This linter can be disabled with `set_option linter.style.moduleDocstring false`
⚠ [8271/8511] Replayed Erdos9796Proof.P97.EndpointCertificate.Patterns.EpQ1009TermShards.EpQ1009BlockShard001
warning: Erdos9796Proof/P97/EndpointCertificate/Patterns/EpQ1009TermShards/EpQ1009BlockShard001.lean:10:0: This file has no module docstring (`/-! ... -/`). Add one after the imports to document the file.

Note: This linter can be disabled with `set_option linter.style.moduleDocstring false`
⚠ [8274/8511] Replayed Erdos9796Proof.P97.EndpointCertificate.Patterns.EpQ1009TermShards.EpQ1009BlockShard004
warning: Erdos9796Proof/P97/EndpointCertificate/Patterns/EpQ1009TermShards/EpQ1009BlockShard004.lean:10:0: This file has no module docstring (`/-! ... -/`). Add one after the imports to document the file.

Note: This linter can be disabled with `set_option linter.style.moduleDocstring false`
⚠ [8275/8511] Replayed Erdos9796Proof.P97.EndpointCertificate.Patterns.EpQ1009TermShards.EpQ1009BlockShard005
warning: Erdos9796Proof/P97/EndpointCertificate/Patterns/EpQ1009TermShards/EpQ1009BlockShard005.lean:10:0: This file has no module docstring (`/-! ... -/`). Add one after the imports to document the file.

Note: This linter can be disabled with `set_option linter.style.moduleDocstring false`
⚠ [8277/8511] Replayed Erdos9796Proof.P97.EndpointCertificate.Patterns.EpQ1009TermShards.EpQ1009BlockShard007
warning: Erdos9796Proof/P97/EndpointCertificate/Patterns/EpQ1009TermShards/EpQ1009BlockShard007.lean:10:0: This file has no module docstring (`/-! ... -/`). Add one after the imports to document the file.

Note: This linter can be disabled with `set_option linter.style.moduleDocstring false`
⚠ [8280/8511] Replayed Erdos9796Proof.P97.EndpointCertificate.Patterns.EpQ1009TermShards.EpQ1009BlockShard010
warning: Erdos9796Proof/P97/EndpointCertificate/Patterns/EpQ1009TermShards/EpQ1009BlockShard010.lean:10:0: This file has no module docstring (`/-! ... -/`). Add one after the imports to document the file.

Note: This linter can be disabled with `set_option linter.style.moduleDocstring false`
⚠ [8282/8511] Replayed Erdos9796Proof.P97.EndpointCertificate.Patterns.EpQ1009TermShards.EpQ1009BlockShard012
warning: Erdos9796Proof/P97/EndpointCertificate/Patterns/EpQ1009TermShards/EpQ1009BlockShard012.lean:10:0: This file has no module docstring (`/-! ... -/`). Add one after the imports to document the file.

Note: This linter can be disabled with `set_option linter.style.moduleDocstring false`
⚠ [8303/8511] Replayed Erdos9796Proof.P97.EndpointCertificate.Patterns.EpQ1028TermShards.EpQ1028BlockShard000
warning: Erdos9796Proof/P97/EndpointCertificate/Patterns/EpQ1028TermShards/EpQ1028BlockShard000.lean:10:0: This file has no module docstring (`/-! ... -/`). Add one after the imports to document the file.

Note: This linter can be disabled with `set_option linter.style.moduleDocstring false`
⚠ [8305/8511] Replayed Erdos9796Proof.P97.EndpointCertificate.Patterns.EpQ1028TermShards.EpQ1028BlockShard002
warning: Erdos9796Proof/P97/EndpointCertificate/Patterns/EpQ1028TermShards/EpQ1028BlockShard002.lean:10:0: This file has no module docstring (`/-! ... -/`). Add one after the imports to document the file.

Note: This linter can be disabled with `set_option linter.style.moduleDocstring false`
⚠ [8317/8511] Replayed Erdos9796Proof.P97.EndpointCertificate.Patterns.EpQ2002TermShards.EpQ2002BlockShard003
warning: Erdos9796Proof/P97/EndpointCertificate/Patterns/EpQ2002TermShards/EpQ2002BlockShard003.lean:10:0: This file has no module docstring (`/-! ... -/`). Add one after the imports to document the file.

Note: This linter can be disabled with `set_option linter.style.moduleDocstring false`
⚠ [8319/8511] Replayed Erdos9796Proof.P97.EndpointCertificate.Patterns.EpQ2002
warning: Erdos9796Proof/P97/EndpointCertificate/Patterns/EpQ2002.lean:14:0: This file has no module docstring (`/-! ... -/`). Add one after the imports to document the file.

Note: This linter can be disabled with `set_option linter.style.moduleDocstring false`
⚠ [8329/8511] Replayed Erdos9796Proof.P97.EndpointCertificate.Patterns.EpQ2008TermShards.EpQ2008BlockShard003
warning: Erdos9796Proof/P97/EndpointCertificate/Patterns/EpQ2008TermShards/EpQ2008BlockShard003.lean:10:0: This file has no module docstring (`/-! ... -/`). Add one after the imports to document the file.

Note: This linter can be disabled with `set_option linter.style.moduleDocstring false`
⚠ [8330/8511] Replayed Erdos9796Proof.P97.EndpointCertificate.Patterns.EpQ2008TermShards.EpQ2008BlockShard004
warning: Erdos9796Proof/P97/EndpointCertificate/Patterns/EpQ2008TermShards/EpQ2008BlockShard004.lean:10:0: This file has no module docstring (`/-! ... -/`). Add one after the imports to document the file.

Note: This linter can be disabled with `set_option linter.style.moduleDocstring false`
⚠ [8331/8511] Replayed Erdos9796Proof.P97.EndpointCertificate.Patterns.EpQ2008TermShards.EpQ2008BlockShard005
warning: Erdos9796Proof/P97/EndpointCertificate/Patterns/EpQ2008TermShards/EpQ2008BlockShard005.lean:10:0: This file has no module docstring (`/-! ... -/`). Add one after the imports to document the file.

Note: This linter can be disabled with `set_option linter.style.moduleDocstring false`
⚠ [8334/8511] Replayed Erdos9796Proof.P97.EndpointCertificate.Patterns.EpQ2008TermShards.EpQ2008BlockShard008
warning: Erdos9796Proof/P97/EndpointCertificate/Patterns/EpQ2008TermShards/EpQ2008BlockShard008.lean:10:0: This file has no module docstring (`/-! ... -/`). Add one after the imports to document the file.

Note: This linter can be disabled with `set_option linter.style.moduleDocstring false`
⚠ [8362/8511] Replayed Erdos9796Proof.P97.EndpointCertificate.Patterns.EpQ2024TermShards.EpQ2024BlockShard001
warning: Erdos9796Proof/P97/EndpointCertificate/Patterns/EpQ2024TermShards/EpQ2024BlockShard001.lean:10:0: This file has no module docstring (`/-! ... -/`). Add one after the imports to document the file.

Note: This linter can be disabled with `set_option linter.style.moduleDocstring false`
⚠ [8366/8511] Replayed Erdos9796Proof.P97.EndpointCertificate.Patterns.EpQ2024TermShards.EpQ2024BlockShard005
warning: Erdos9796Proof/P97/EndpointCertificate/Patterns/EpQ2024TermShards/EpQ2024BlockShard005.lean:10:0: This file has no module docstring (`/-! ... -/`). Add one after the imports to document the file.

Note: This linter can be disabled with `set_option linter.style.moduleDocstring false`
⚠ [8387/8511] Replayed Erdos9796Proof.P97.EndpointCertificate.Patterns.EpQ2041TermShards.EpQ2041BlockShard000
warning: Erdos9796Proof/P97/EndpointCertificate/Patterns/EpQ2041TermShards/EpQ2041BlockShard000.lean:10:0: This file has no module docstring (`/-! ... -/`). Add one after the imports to document the file.

Note: This linter can be disabled with `set_option linter.style.moduleDocstring false`
⚠ [8401/8511] Replayed Erdos9796Proof.P97.EndpointCertificate.Patterns.EpQ2041
warning: Erdos9796Proof/P97/EndpointCertificate/Patterns/EpQ2041.lean:23:0: This file has no module docstring (`/-! ... -/`). Add one after the imports to document the file.

Note: This linter can be disabled with `set_option linter.style.moduleDocstring false`
⚠ [8415/8511] Replayed Erdos9796Proof.P97.EndpointCertificate.Patterns.EpQ2054TermShards.EpQ2054BlockShard000
warning: Erdos9796Proof/P97/EndpointCertificate/Patterns/EpQ2054TermShards/EpQ2054BlockShard000.lean:10:0: This file has no module docstring (`/-! ... -/`). Add one after the imports to document the file.

Note: This linter can be disabled with `set_option linter.style.moduleDocstring false`
⚠ [8443/8511] Replayed Erdos9796Proof.P97.EndpointCertificate.Patterns.EpQ2074Generators
warning: Erdos9796Proof/P97/EndpointCertificate/Patterns/EpQ2074Generators.lean:10:0: This file has no module docstring (`/-! ... -/`). Add one after the imports to document the file.

Note: This linter can be disabled with `set_option linter.style.moduleDocstring false`
⚠ [8446/8511] Replayed Erdos9796Proof.P97.EndpointCertificate.Patterns.EpQ2074TermShards.EpQ2074BlockShard002
warning: Erdos9796Proof/P97/EndpointCertificate/Patterns/EpQ2074TermShards/EpQ2074BlockShard002.lean:10:0: This file has no module docstring (`/-! ... -/`). Add one after the imports to document the file.

Note: This linter can be disabled with `set_option linter.style.moduleDocstring false`
ℹ [8478/8769] Replayed Erdos9796Proof.P97.ATail.FirstApexCriticalFiberRow
info: Erdos9796Proof/P97/ATail/FirstApexCriticalFiberRow.lean:233:0: 'Problem97.ATailFirstApexCriticalFiberRow.criticalShell_inter_frontierRadiusClass_card_le_two' depends on axioms: [propext,
 Classical.choice,
 Quot.sound]
ℹ [8479/8769] Replayed Erdos9796Proof.P97.Census554.FivePointCircleIsoscelesOrderCore
info: Erdos9796Proof/P97/Census554/FivePointCircleIsoscelesOrderCore.lean:113:0: 'Problem97.Census554.FivePointCircleIsoscelesOrderCore.metric_order_incompatibility' depends on axioms: [propext,
 Classical.choice,
 Quot.sound]
info: Erdos9796Proof/P97/Census554/FivePointCircleIsoscelesOrderCore.lean:114:0: 'Problem97.Census554.FivePointCircleIsoscelesOrderCore.false_of_core' depends on axioms: [propext,
 Classical.choice,
 Quot.sound]
info: Erdos9796Proof/P97/Census554/FivePointCircleIsoscelesOrderCore.lean:115:0: 'Problem97.Census554.FivePointCircleIsoscelesOrderCore.false_of_core_of_neg' depends on axioms: [propext,
 Classical.choice,
 Quot.sound]
ℹ [8480/8769] Replayed Erdos9796Proof.P97.Census554.FivePointCircleIsoscelesOrderBridge
info: Erdos9796Proof/P97/Census554/FivePointCircleIsoscelesOrderBridge.lean:117:0: 'Problem97.Census554.FivePointCircleIsoscelesOrderBridge.false_of_core_of_ccw' depends on axioms: [propext,
 Classical.choice,
 Quot.sound]
info: Erdos9796Proof/P97/Census554/FivePointCircleIsoscelesOrderBridge.lean:118:0: 'Problem97.Census554.FivePointCircleIsoscelesOrderBridge.false_of_two_selected_rows_of_ccw' depends on axioms: [propext,
 Classical.choice,
 Quot.sound]
ℹ [8481/8769] Replayed Erdos9796Proof.P97.Census554.FiveRowCircleIntersectionOrderCore
info: Erdos9796Proof/P97/Census554/FiveRowCircleIntersectionOrderCore.lean:125:0: 'Problem97.Census554.FiveRowCircleIntersectionOrderCore.false_of_core' depends on axioms: [propext,
 Classical.choice,
 Quot.sound]
info: Erdos9796Proof/P97/Census554/FiveRowCircleIntersectionOrderCore.lean:126:0: 'Problem97.Census554.FiveRowCircleIntersectionOrderCore.false_of_core_of_neg' depends on axioms: [propext,
 Classical.choice,
 Quot.sound]
⚠ [8491/8769] Replayed Erdos9796Proof.P97.Q3SharedInterior
warning: Erdos9796Proof/P97/Q3SharedInterior.lean:1003:4: Try `simp at hq` instead of `simpa using hq`

Note: This linter can be disabled with `set_option linter.unnecessarySimpa false`
warning: Erdos9796Proof/P97/Q3SharedInterior.lean:1033:2: Try `simp at hqInter` instead of `simpa using hqInter`

Note: This linter can be disabled with `set_option linter.unnecessarySimpa false`
warning: Erdos9796Proof/P97/Q3SharedInterior.lean:1095:4: Try `simp at hq` instead of `simpa using hq`

Note: This linter can be disabled with `set_option linter.unnecessarySimpa false`
warning: Erdos9796Proof/P97/Q3SharedInterior.lean:1125:2: Try `simp at hqInter` instead of `simpa using hqInter`

Note: This linter can be disabled with `set_option linter.unnecessarySimpa false`
ℹ [8492/8769] Replayed Erdos9796Proof.P97.Census554.ConvexFivePointCore
info: Erdos9796Proof/P97/Census554/ConvexFivePointCore.lean:207:0: 'Problem97.Census554.ConvexFivePointCore.false_of_core_of_common_orientation' depends on axioms: [propext,
 Classical.choice,
 Quot.sound]
⚠ [8497/8769] Replayed Erdos9796Proof.P97.CapSelectedRowCounting
warning: Erdos9796Proof/P97/CapSelectedRowCounting.lean:900:42: This simp argument is unused:
  hfirstLast

Hint: Omit it from the simp argument list.
  simp [weight, Finset.sum_add_distrib, h̵f̵i̵r̵s̵t̵L̵a̵s̵t̵,̵ ̵Nat.add_assoc, Nat.add_comm, Nat.add_left_comm]

Note: This linter can be disabled with `set_option linter.unusedSimpArgs false`
warning: Erdos9796Proof/P97/CapSelectedRowCounting.lean:901:6: This simp argument is unused:
  Nat.add_comm

Hint: Omit it from the simp argument list.
  simp [weight, Finset.sum_add_distrib, hfirstLast, Nat.add_assoc, N̵a̵t̵.̵a̵d̵d̵_̵c̵o̵m̵m̵,̵ ̵Nat.add_left_comm]

Note: This linter can be disabled with `set_option linter.unusedSimpArgs false`
warning: Erdos9796Proof/P97/CapSelectedRowCounting.lean:901:20: This simp argument is unused:
  Nat.add_left_comm

Hint: Omit it from the simp argument list.
  simp [weight, Finset.sum_add_distrib, hfirstLast, Nat.add_assoc, N̵a̵t̵.̵a̵d̵d̵_̵c̵o̵m̵m̵,̵ ̵N̵a̵t̵.̵a̵d̵d̵_̵l̵e̵f̵t̵_̵c̵o̵m̵m̵]̵N̲a̲t̲.̲a̲d̲d̲_̲c̲o̲m̲m̲]̲

Note: This linter can be disabled with `set_option linter.unusedSimpArgs false`
warning: Erdos9796Proof/P97/CapSelectedRowCounting.lean:1025:8: unused variable `Hside`

Note: This linter can be disabled with `set_option linter.unusedVariables false`
warning: Erdos9796Proof/P97/CapSelectedRowCounting.lean:1026:8: unused variable `Hord`

Note: This linter can be disabled with `set_option linter.unusedVariables false`
warning: Erdos9796Proof/P97/CapSelectedRowCounting.lean:1077:8: unused variable `Hside`

Note: This linter can be disabled with `set_option linter.unusedVariables false`
warning: Erdos9796Proof/P97/CapSelectedRowCounting.lean:1078:8: unused variable `Hord`

Note: This linter can be disabled with `set_option linter.unusedVariables false`
warning: Erdos9796Proof/P97/CapSelectedRowCounting.lean:1208:14: This simp argument is unused:
  hfirst

Hint: Omit it from the simp argument list.
  simp [hf̵i̵r̵s̵t̵,̵ ̵h̵last]

Note: This linter can be disabled with `set_option linter.unusedSimpArgs false`
warning: Erdos9796Proof/P97/CapSelectedRowCounting.lean:1502:12: This simp argument is unused:
  hfirst

Hint: Omit it from the simp argument list.
  simp [hf̵i̵r̵s̵t̵,̵ ̵h̵last]

Note: This linter can be disabled with `set_option linter.unusedSimpArgs false`
ℹ [8502/8769] Replayed Erdos9796Proof.P97.ATail.SurvivalCover
info: Erdos9796Proof/P97/ATail/SurvivalCover.lean:379:0: 'Problem97.ATailSurvivalCover.exists_sourceFaithful_secondApexCommonDeletionPacket_of_card_ge_fourteen' depends on axioms: [propext,
 Classical.choice,
 Quot.sound]
info: Erdos9796Proof/P97/ATail/SurvivalCover.lean:380:0: 'Problem97.ATailSurvivalCover.sourceFaithful_card_ge_fourteen_physicalSecondApex_consumer' depends on axioms: [propext,
 Classical.choice,
 Quot.sound]
ℹ [8504/8769] Replayed Erdos9796Proof.P97.ATail.CardElevenUniqueFourCertificate.Support.UniqueArmRouteAudit.UniqueArmDeletionNormalForm
info: Erdos9796Proof/P97/ATail/CardElevenUniqueFourCertificate/Support/UniqueArmRouteAudit/UniqueArmDeletionNormalForm.lean:163:0: 'Problem97.ATailUniqueArmRouteAuditScratch.frontier_radius_pos' depends on axioms: [propext,
 Classical.choice,
 Quot.sound]
info: Erdos9796Proof/P97/ATail/CardElevenUniqueFourCertificate/Support/UniqueArmRouteAudit/UniqueArmDeletionNormalForm.lean:164:0: 'Problem97.ATailUniqueArmRouteAuditScratch.uniqueFour_every_classMember_blocks_firstApex' depends on axioms: [propext,
 Classical.choice,
 Quot.sound]
info: Erdos9796Proof/P97/ATail/CardElevenUniqueFourCertificate/Support/UniqueArmRouteAudit/UniqueArmDeletionNormalForm.lean:165:0: 'Problem97.ATailUniqueArmRouteAuditScratch.uniqueFour_firstApex_not_fullyDeletionRobust' depends on axioms: [propext,
 Classical.choice,
 Quot.sound]
info: Erdos9796Proof/P97/ATail/CardElevenUniqueFourCertificate/Support/UniqueArmRouteAudit/UniqueArmDeletionNormalForm.lean:166:0: 'Problem97.ATailUniqueArmRouteAuditScratch.uniqueFive_firstApex_fullyDeletionRobust' depends on axioms: [propext,
 Classical.choice,
 Quot.sound]
info: Erdos9796Proof/P97/ATail/CardElevenUniqueFourCertificate/Support/UniqueArmRouteAudit/UniqueArmDeletionNormalForm.lean:167:0: 'Problem97.ATailUniqueArmRouteAuditScratch.uniqueArm_retainedPair_doubleDeletion_blocks_firstApex' depends on axioms: [propext,
 Classical.choice,
 Quot.sound]
info: Erdos9796Proof/P97/ATail/CardElevenUniqueFourCertificate/Support/UniqueArmRouteAudit/UniqueArmDeletionNormalForm.lean:168:0: 'Problem97.ATailUniqueArmRouteAuditScratch.uniqueArm_deletionNormalForm' depends on axioms: [propext,
 Classical.choice,
 Quot.sound]
⚠ [8643/8769] Replayed Erdos9796Proof.P97.EndpointCertificate.GeometryProducer
warning: Erdos9796Proof/P97/EndpointCertificate/GeometryProducer.lean:1444:18: The `show` tactic should only be used to indicate intermediate goal states for readability.
However, this tactic invocation changed the goal. Please use `change` instead for these purposes.

Note: This linter can be disabled with `set_option linter.style.show false`
warning: Erdos9796Proof/P97/EndpointCertificate/GeometryProducer.lean:1684:4: The `show` tactic should only be used to indicate intermediate goal states for readability.
However, this tactic invocation changed the goal. Please use `change` instead for these purposes.

Note: This linter can be disabled with `set_option linter.style.show false`
⚠ [8658/8769] Replayed Erdos9796Proof.P97.Census554.CapSelectedNativeClassifierCoverage
warning: Erdos9796Proof/P97/Census554/CapSelectedNativeClassifierCoverage.lean:130:14: try 'simp' instead of 'simpa'

Note: This linter can be disabled with `set_option linter.unnecessarySimpa false`
warning: Erdos9796Proof/P97/Census554/CapSelectedNativeClassifierCoverage.lean:284:4: try 'simp' instead of 'simpa'

Note: This linter can be disabled with `set_option linter.unnecessarySimpa false`
⚠ [8699/8769] Replayed Erdos9796Proof.P97.EndpointCertificate.OrderedCoreSigns
warning: Erdos9796Proof/P97/EndpointCertificate/OrderedCoreSigns.lean:225:0: Please, add a comment explaining the need for modifying the maxHeartbeat limit, as in
set_option maxHeartbeats 1000000 in
-- reason for change
...

Note: This linter can be disabled with `set_option linter.style.maxHeartbeats false`
⚠ [8700/8769] Replayed Erdos9796Proof.P97.U3ToU5DangerousTriple
warning: Erdos9796Proof/P97/U3ToU5DangerousTriple.lean:232:4: 'simp' is a flexible tactic modifying '⊢'. Try 'simp?' and use the suggested 'simp only [...]'. Alternatively, use `suffices` to explicitly state the simplified form.

Note: This linter can be disabled with `set_option linter.flexible false`
info: Erdos9796Proof/P97/U3ToU5DangerousTriple.lean:232:4: Try this:
  [apply] simp only [dist_self]
info: Erdos9796Proof/P97/U3ToU5DangerousTriple.lean:233:4: 'exact ne_of_lt hr' uses '⊢'!
⚠ [8702/8769] Replayed Erdos9796Proof.P97.Census554.CapSelectedPinnedShellBridge
warning: Erdos9796Proof/P97/Census554/CapSelectedPinnedShellBridge.lean:151:48: Try `simp at this` instead of `simpa using this`

Note: This linter can be disabled with `set_option linter.unnecessarySimpa false`
warning: Erdos9796Proof/P97/Census554/CapSelectedPinnedShellBridge.lean:156:48: Try `simp at this` instead of `simpa using this`

Note: This linter can be disabled with `set_option linter.unnecessarySimpa false`
warning: Erdos9796Proof/P97/Census554/CapSelectedPinnedShellBridge.lean:161:48: Try `simp at this` instead of `simpa using this`

Note: This linter can be disabled with `set_option linter.unnecessarySimpa false`
ℹ [8710/8769] Replayed Erdos9796Proof.P97.ATail.CardElevenUniqueFourCertificate.Support.UniqueRowProducer.card_five_interior_survivor_pair
info: Erdos9796Proof/P97/ATail/CardElevenUniqueFourCertificate/Support/UniqueRowProducer/card_five_interior_survivor_pair.lean:217:0: 'Problem97.ATailUniqueRowProducerScratch.selectedClass_capInteriorByIndex_card_ge_three_of_card_five' depends on axioms: [propext,
 Classical.choice,
 Quot.sound]
info: Erdos9796Proof/P97/ATail/CardElevenUniqueFourCertificate/Support/UniqueRowProducer/card_five_interior_survivor_pair.lean:218:0: 'Problem97.ATailUniqueRowProducerScratch.firstApex_cardFive_interior_card_ge_three' depends on axioms: [propext,
 Classical.choice,
 Quot.sound]
info: Erdos9796Proof/P97/ATail/CardElevenUniqueFourCertificate/Support/UniqueRowProducer/card_five_interior_survivor_pair.lean:219:0: 'Problem97.ATailUniqueRowProducerScratch.exists_cardFiveInteriorSurvivorPair' depends on axioms: [propext,
 Classical.choice,
 Quot.sound]
info: Erdos9796Proof/P97/ATail/CardElevenUniqueFourCertificate/Support/UniqueRowProducer/card_five_interior_survivor_pair.lean:220:0: 'Problem97.ATailUniqueRowProducerScratch.CardFiveInteriorSurvivorPair.toSurvivorPairRelocationPacket' depends on axioms: [propext,
 Classical.choice,
 Quot.sound]
⚠ [8711/8769] Replayed Erdos9796Proof.P97.ATail.CardElevenUniqueFourCertificate.Support.UniqueRowProducer.card_five_cross_blocker_localization
warning: Erdos9796Proof/P97/ATail/CardElevenUniqueFourCertificate/Support/UniqueRowProducer/card_five_cross_blocker_localization.lean:137:64: remove line break in the source

This part of the code
  'P.q_mem).1).1
   '
should be written as
  'P.q_mem).1).1).toCriticalFourShell.support)'


Note: This linter can be disabled with `set_option linter.style.whitespace false`
warning: Erdos9796Proof/P97/ATail/CardElevenUniqueFourCertificate/Support/UniqueRowProducer/card_five_cross_blocker_localization.lean:234:64: remove line break in the source

This part of the code
  'P.w_mem).1).1
   '
should be written as
  'P.w_mem).1).1).toCriticalFourShell.support)'


Note: This linter can be disabled with `set_option linter.style.whitespace false`
info: Erdos9796Proof/P97/ATail/CardElevenUniqueFourCertificate/Support/UniqueRowProducer/card_five_cross_blocker_localization.lean:250:0: 'Problem97.ATailUniqueRowProducerScratch.q_blocker_mem_firstInterior_of_cross' depends on axioms: [propext,
 Classical.choice,
 Quot.sound]
info: Erdos9796Proof/P97/ATail/CardElevenUniqueFourCertificate/Support/UniqueRowProducer/card_five_cross_blocker_localization.lean:251:0: 'Problem97.ATailUniqueRowProducerScratch.w_blocker_mem_firstInterior_of_cross' depends on axioms: [propext,
 Classical.choice,
 Quot.sound]
ℹ [8712/8769] Replayed Erdos9796Proof.P97.ATail.CardElevenUniqueFourCertificate.Support.UniqueRowProducer.card_five_interior_bisector_localization
info: Erdos9796Proof/P97/ATail/CardElevenUniqueFourCertificate/Support/UniqueRowProducer/card_five_interior_bisector_localization.lean:374:0: 'Problem97.ATailUniqueRowProducerScratch.interior_pair_bisector_center_mem_capInterior' depends on axioms: [propext,
 Classical.choice,
 Quot.sound]
info: Erdos9796Proof/P97/ATail/CardElevenUniqueFourCertificate/Support/UniqueRowProducer/card_five_interior_bisector_localization.lean:375:0: 'Problem97.ATailUniqueRowProducerScratch.interior_pair_bisector_center_not_mem_surplusCap' depends on axioms: [propext,
 Classical.choice,
 Quot.sound]
info: Erdos9796Proof/P97/ATail/CardElevenUniqueFourCertificate/Support/UniqueRowProducer/card_five_interior_bisector_localization.lean:376:0: 'Problem97.ATailUniqueRowProducerScratch.selectedClass_capInteriorByIndex_card_ge_two_of_card_four' depends on axioms: [propext,
 Classical.choice,
 Quot.sound]
info: Erdos9796Proof/P97/ATail/CardElevenUniqueFourCertificate/Support/UniqueRowProducer/card_five_interior_bisector_localization.lean:377:0: 'Problem97.ATailUniqueRowProducerScratch.firstApex_cardFour_interior_card_ge_two' depends on axioms: [propext,
 Classical.choice,
 Quot.sound]
info: Erdos9796Proof/P97/ATail/CardElevenUniqueFourCertificate/Support/UniqueRowProducer/card_five_interior_bisector_localization.lean:378:0: 'Problem97.ATailUniqueRowProducerScratch.exists_cardFour_interior_pair' depends on axioms: [propext,
 Classical.choice,
 Quot.sound]
info: Erdos9796Proof/P97/ATail/CardElevenUniqueFourCertificate/Support/UniqueRowProducer/card_five_interior_bisector_localization.lean:379:0: 'Problem97.ATailUniqueRowProducerScratch.cross_survival_of_distinct_blockers' depends on axioms: [propext,
 Classical.choice,
 Quot.sound]
info: Erdos9796Proof/P97/ATail/CardElevenUniqueFourCertificate/Support/UniqueRowProducer/card_five_interior_bisector_localization.lean:380:0: 'Problem97.ATailUniqueRowProducerScratch.coincident_blocker_no_third_bisector_center' depends on axioms: [propext,
 Classical.choice,
 Quot.sound]
info: Erdos9796Proof/P97/ATail/CardElevenUniqueFourCertificate/Support/UniqueRowProducer/card_five_interior_bisector_localization.lean:381:0: 'Problem97.ATailUniqueRowProducerScratch.coincident_blocker_no_residual_class_through_pair' depends on axioms: [propext,
 Classical.choice,
 Quot.sound]
ℹ [8713/8769] Replayed Erdos9796Proof.P97.ATail.CardElevenUniqueFourCertificate.Support.UniqueRowProducer.card_five_interior_critical_frontier
info: Erdos9796Proof/P97/ATail/CardElevenUniqueFourCertificate/Support/UniqueRowProducer/card_five_interior_critical_frontier.lean:267:0: 'Problem97.ATailUniqueRowProducerScratch.exists_cardFiveInteriorDoubleDeletionPair' depends on axioms: [propext,
 Classical.choice,
 Quot.sound]
info: Erdos9796Proof/P97/ATail/CardElevenUniqueFourCertificate/Support/UniqueRowProducer/card_five_interior_critical_frontier.lean:268:0: 'Problem97.ATailUniqueRowProducerScratch.CardFiveInteriorDoubleDeletionPair.toCriticalPairFrontier' depends on axioms: [propext,
 Classical.choice,
 Quot.sound]
info: Erdos9796Proof/P97/ATail/CardElevenUniqueFourCertificate/Support/UniqueRowProducer/card_five_interior_critical_frontier.lean:269:0: 'Problem97.ATailUniqueRowProducerScratch.exists_cardFiveInteriorCriticalPairFrontier' depends on axioms: [propext,
 Classical.choice,
 Quot.sound]
ℹ [8714/8769] Replayed Erdos9796Proof.P97.ATail.CardElevenUniqueFourCertificate.Support.UniqueArmRouteAudit.OriginalUniqueResidualDispatch
info: Erdos9796Proof/P97/ATail/CardElevenUniqueFourCertificate/Support/UniqueArmRouteAudit/OriginalUniqueResidualDispatch.lean:279:0: 'Problem97.ATailUniqueArmRouteAuditScratch.originalUniqueRadiusArm_residual_dispatch' depends on axioms: [propext,
 Classical.choice,
 Quot.sound]
ℹ [8715/8769] Replayed Erdos9796Proof.P97.ATail.CardElevenUniqueFourCertificate.Support.Unique4ClassCapDistribution.UniqueFourClassCapDistribution
info: Erdos9796Proof/P97/ATail/CardElevenUniqueFourCertificate/Support/Unique4ClassCapDistribution/UniqueFourClassCapDistribution.lean:342:0: 'Problem97.ATailUniqueFourClassCapDistributionScratch.exists_interiorDoubleDeletionPair_of_three_strict_hits' depends on axioms: [propext,
 Classical.choice,
 Quot.sound]
info: Erdos9796Proof/P97/ATail/CardElevenUniqueFourCertificate/Support/Unique4ClassCapDistribution/UniqueFourClassCapDistribution.lean:343:0: 'Problem97.ATailUniqueFourClassCapDistributionScratch.AlignedInteriorFrontier.residual' depends on axioms: [propext,
 Classical.choice,
 Quot.sound]
info: Erdos9796Proof/P97/ATail/CardElevenUniqueFourCertificate/Support/Unique4ClassCapDistribution/UniqueFourClassCapDistribution.lean:344:0: 'Problem97.ATailUniqueFourClassCapDistributionScratch.AlignedInteriorFrontier.pair_oppApex2_dist_ne' depends on axioms: [propext,
 Classical.choice,
 Quot.sound]
info: Erdos9796Proof/P97/ATail/CardElevenUniqueFourCertificate/Support/Unique4ClassCapDistribution/UniqueFourClassCapDistribution.lean:345:0: 'Problem97.ATailUniqueFourClassCapDistributionScratch.exactFour_twoStrict_or_alignedInteriorFrontier' depends on axioms: [propext,
 Classical.choice,
 Quot.sound]
ℹ [8716/8769] Replayed Erdos9796Proof.P97.ATail.CardElevenUniqueFourCertificate.Coverage
info: Erdos9796Proof/P97/ATail/CardElevenUniqueFourCertificate/Coverage.lean:140:0: 'Problem97.ATailUniqueFourCardElevenLiftScratch.cardEleven_oriented_cap_profile' depends on axioms: [propext,
 Classical.choice,
 Quot.sound]
info: Erdos9796Proof/P97/ATail/CardElevenUniqueFourCertificate/Coverage.lean:141:0: 'Problem97.ATailUniqueFourCardElevenLiftScratch.exactTwo_of_firstOppCap_card_eq_four' depends on axioms: [propext,
 Classical.choice,
 Quot.sound]
info: Erdos9796Proof/P97/ATail/CardElevenUniqueFourCertificate/Coverage.lean:142:0: 'Problem97.ATailUniqueFourCardElevenLiftScratch.nonempty_cardElevenUniqueFourCoverage' depends on axioms: [propext,
 Classical.choice,
 Quot.sound]
⚠ [8729/8769] Replayed Erdos9796Proof.P97.ATail.CardElevenUniqueFourCertificate.Support.Unique4P4CompactAtomBinding.Main
warning: Erdos9796Proof/P97/ATail/CardElevenUniqueFourCertificate/Support/Unique4P4CompactAtomBinding/Main.lean:36:61: Using `native_decide` is not allowed in mathlib: because it trusts the entire Lean compiler (not just the Lean kernel), it could quite possibly be used to prove false.

Note: This linter can be disabled with `set_option linter.style.nativeDecide false`
warning: Erdos9796Proof/P97/ATail/CardElevenUniqueFourCertificate/Support/Unique4P4CompactAtomBinding/Main.lean:47:2: Using `native_decide` is not allowed in mathlib: because it trusts the entire Lean compiler (not just the Lean kernel), it could quite possibly be used to prove false.

Note: This linter can be disabled with `set_option linter.style.nativeDecide false`
warning: Erdos9796Proof/P97/ATail/CardElevenUniqueFourCertificate/Support/Unique4P4CompactAtomBinding/Main.lean:54:2: Using `native_decide` is not allowed in mathlib: because it trusts the entire Lean compiler (not just the Lean kernel), it could quite possibly be used to prove false.

Note: This linter can be disabled with `set_option linter.style.nativeDecide false`
ℹ [8738/8769] Replayed Erdos9796Proof.P97.ATail.CardElevenUniqueFourCertificate.Support.Unique4ExactTwoOccurrence.CardElevenExactTwoBoundaryPackets
info: Erdos9796Proof/P97/ATail/CardElevenUniqueFourCertificate/Support/Unique4ExactTwoOccurrence/CardElevenExactTwoBoundaryPackets.lean:503:0: 'Problem97.ATailUniqueFourExactTwoBoundaryScratch.ExactTwoBoundaryCore.strictHitIndices_image' depends on axioms: [propext,
 Classical.choice,
 Quot.sound]
info: Erdos9796Proof/P97/ATail/CardElevenUniqueFourCertificate/Support/Unique4ExactTwoOccurrence/CardElevenExactTwoBoundaryPackets.lean:505:0: 'Problem97.ATailUniqueFourExactTwoBoundaryScratch.ExactTwoBoundaryCore.strictHitIndices_card_eq_two' depends on axioms: [propext,
 Classical.choice,
 Quot.sound]
info: Erdos9796Proof/P97/ATail/CardElevenUniqueFourCertificate/Support/Unique4ExactTwoOccurrence/CardElevenExactTwoBoundaryPackets.lean:507:0: 'Problem97.ATailUniqueFourExactTwoBoundaryScratch.nonempty_p4DirectBoundaryPacket_or_mirror' depends on axioms: [propext,
 Classical.choice,
 Quot.sound]
info: Erdos9796Proof/P97/ATail/CardElevenUniqueFourCertificate/Support/Unique4ExactTwoOccurrence/CardElevenExactTwoBoundaryPackets.lean:509:0: 'Problem97.ATailUniqueFourExactTwoBoundaryScratch.nonempty_p5DirectBoundaryPacket_or_mirror' depends on axioms: [propext,
 Classical.choice,
 Quot.sound]
ℹ [8740/8769] Replayed Erdos9796Proof.P97.ConvexCyclicOrder.ShellCurvatureTransport
info: Erdos9796Proof/P97/ConvexCyclicOrder/ShellCurvatureTransport.lean:137:12: Try this:
  [apply] ring_nf
  
  The `ring` tactic failed to close the goal. Use `ring_nf` to obtain a normal form.
    
  Note that `ring` works primarily in *commutative* rings. If you have a noncommutative ring, abelian group or module, consider using `noncomm_ring`, `abel` or `module` instead.
ℹ [8741/8769] Replayed Erdos9796Proof.P97.ATail.CardElevenUniqueFourCertificate.Support.Unique4SelectedClassCurvatureAdapter.SelectedFourClassCurvature
info: Erdos9796Proof/P97/ATail/CardElevenUniqueFourCertificate/Support/Unique4SelectedClassCurvatureAdapter/SelectedFourClassCurvature.lean:220:0: 'Problem97.ShellCurvatureRows.ShellBoundaryIndexing.image_selectedCenteredChart_point_supportOrder' depends on axioms: [propext,
 Classical.choice,
 Quot.sound]
info: Erdos9796Proof/P97/ATail/CardElevenUniqueFourCertificate/Support/Unique4SelectedClassCurvatureAdapter/SelectedFourClassCurvature.lean:221:0: 'Problem97.ShellCurvatureRows.ShellBoundaryIndexing.selectedFourClass_has_globalSelectedQuarterTurnArcs' depends on axioms: [propext,
 Classical.choice,
 Quot.sound]
info: Erdos9796Proof/P97/ATail/CardElevenUniqueFourCertificate/Support/Unique4SelectedClassCurvatureAdapter/SelectedFourClassCurvature.lean:222:0: 'Problem97.ShellCurvatureRows.ShellBoundaryIndexing.exists_globalSelectedQuarterTurnArcs' depends on axioms: [propext,
 Classical.choice,
 Quot.sound]
ℹ [8742/8769] Replayed Erdos9796Proof.P97.ATail.CardElevenUniqueFourCertificate.Support.Unique4ExactTwoSourceBridge.Curvature.P5RetainedOuterArcMasks
info: Erdos9796Proof/P97/ATail/CardElevenUniqueFourCertificate/Support/Unique4ExactTwoSourceBridge/Curvature/P5RetainedOuterArcMasks.lean:498:0: 'Problem97.ATailUniqueFourExactTwoCurvatureScratch.P5CurvatureSource.image_selectedRowSupport' depends on axioms: [propext,
 Classical.choice,
 Quot.sound]
info: Erdos9796Proof/P97/ATail/CardElevenUniqueFourCertificate/Support/Unique4ExactTwoSourceBridge/Curvature/P5RetainedOuterArcMasks.lean:499:0: 'Problem97.ATailUniqueFourExactTwoCurvatureScratch.P5CurvatureSource.selectedRowSupport_card' depends on axioms: [propext,
 Classical.choice,
 Quot.sound]
info: Erdos9796Proof/P97/ATail/CardElevenUniqueFourCertificate/Support/Unique4ExactTwoSourceBridge/Curvature/P5RetainedOuterArcMasks.lean:500:0: 'Problem97.ATailUniqueFourExactTwoCurvatureScratch.P5CurvatureSource.RetainedOuterArc.maskSum_eq_curvature' depends on axioms: [propext,
 Classical.choice,
 Quot.sound]
info: Erdos9796Proof/P97/ATail/CardElevenUniqueFourCertificate/Support/Unique4ExactTwoSourceBridge/Curvature/P5RetainedOuterArcMasks.lean:501:0: 'Problem97.ATailUniqueFourExactTwoCurvatureScratch.P5CurvatureSource.false_of_four_pairwiseDisjoint_retainedOuterArcMasks' depends on axioms: [propext,
 Classical.choice,
 Quot.sound]
ℹ [8743/8769] Replayed Erdos9796Proof.P97.ATail.CardElevenUniqueFourCertificate.Support.Unique4P4SourceBridge.P4DirectOuterArcAdapter
info: Erdos9796Proof/P97/ATail/CardElevenUniqueFourCertificate/Support/Unique4P4SourceBridge/P4DirectOuterArcAdapter.lean:258:0: 'Problem97.P4DirectOuterArcAdapterScratch.DirectSource.blockerRow_support_eq_shell' depends on axioms: [propext,
 Classical.choice,
 Quot.sound]
info: Erdos9796Proof/P97/ATail/CardElevenUniqueFourCertificate/Support/Unique4P4SourceBridge/P4DirectOuterArcAdapter.lean:259:0: 'Problem97.P4DirectOuterArcAdapterScratch.direct_memberships_imply_row_pattern' depends on axioms: [propext,
 Classical.choice,
 Quot.sound]
info: Erdos9796Proof/P97/ATail/CardElevenUniqueFourCertificate/Support/Unique4P4SourceBridge/P4DirectOuterArcAdapter.lean:260:0: 'Problem97.P4DirectOuterArcAdapterScratch.direct_row_pattern_implies_outer_arc' depends on axioms: [propext,
 Classical.choice,
 Quot.sound]
info: Erdos9796Proof/P97/ATail/CardElevenUniqueFourCertificate/Support/Unique4P4SourceBridge/P4DirectOuterArcAdapter.lean:261:0: 'Problem97.P4DirectOuterArcAdapterScratch.direct_no_four_turn_disjoint_outer_arcs' depends on axioms: [propext,
 Classical.choice,
 Quot.sound]
info: Erdos9796Proof/P97/ATail/CardElevenUniqueFourCertificate/Support/Unique4P4SourceBridge/P4DirectOuterArcAdapter.lean:262:0: 'Problem97.P4DirectOuterArcAdapterScratch.nonempty_directSource_or_mirrorPacket' depends on axioms: [propext,
 Classical.choice,
 Quot.sound]
info: Erdos9796Proof/P97/ATail/CardElevenUniqueFourCertificate/Support/Unique4P4SourceBridge/P4DirectOuterArcAdapter.lean:263:0: 'Problem97.P4DirectOuterArcAdapterScratch.coveredDirectClauseCount_eq' depends on axioms: [propext]
⚠ [8762/9012] Replayed Erdos9796Proof.P97.ATail.CardElevenUniqueFourCertificate.Support.Unique4P4DirectOuterOccurrenceBridge.MembershipRowOccurrences
warning: Erdos9796Proof/P97/ATail/CardElevenUniqueFourCertificate/Support/Unique4P4DirectOuterOccurrenceBridge/MembershipRowOccurrences.lean:114:2: Using `native_decide` is not allowed in mathlib: because it trusts the entire Lean compiler (not just the Lean kernel), it could quite possibly be used to prove false.

Note: This linter can be disabled with `set_option linter.style.nativeDecide false`
warning: Erdos9796Proof/P97/ATail/CardElevenUniqueFourCertificate/Support/Unique4P4DirectOuterOccurrenceBridge/MembershipRowOccurrences.lean:119:2: Using `native_decide` is not allowed in mathlib: because it trusts the entire Lean compiler (not just the Lean kernel), it could quite possibly be used to prove false.

Note: This linter can be disabled with `set_option linter.style.nativeDecide false`
warning: Erdos9796Proof/P97/ATail/CardElevenUniqueFourCertificate/Support/Unique4P4DirectOuterOccurrenceBridge/MembershipRowOccurrences.lean:123:2: Using `native_decide` is not allowed in mathlib: because it trusts the entire Lean compiler (not just the Lean kernel), it could quite possibly be used to prove false.

Note: This linter can be disabled with `set_option linter.style.nativeDecide false`
⚠ [8816/9012] Replayed Erdos9796Proof.P97.ATail.CardElevenUniqueFourCertificate.Support.Unique4P4DirectOuterOccurrenceBridge.FourArcOccurrences
warning: Erdos9796Proof/P97/ATail/CardElevenUniqueFourCertificate/Support/Unique4P4DirectOuterOccurrenceBridge/FourArcOccurrences.lean:118:2: Using `native_decide` is not allowed in mathlib: because it trusts the entire Lean compiler (not just the Lean kernel), it could quite possibly be used to prove false.

Note: This linter can be disabled with `set_option linter.style.nativeDecide false`
warning: Erdos9796Proof/P97/ATail/CardElevenUniqueFourCertificate/Support/Unique4P4DirectOuterOccurrenceBridge/FourArcOccurrences.lean:127:2: Using `native_decide` is not allowed in mathlib: because it trusts the entire Lean compiler (not just the Lean kernel), it could quite possibly be used to prove false.

Note: This linter can be disabled with `set_option linter.style.nativeDecide false`
warning: Erdos9796Proof/P97/ATail/CardElevenUniqueFourCertificate/Support/Unique4P4DirectOuterOccurrenceBridge/FourArcOccurrences.lean:132:2: Using `native_decide` is not allowed in mathlib: because it trusts the entire Lean compiler (not just the Lean kernel), it could quite possibly be used to prove false.

Note: This linter can be disabled with `set_option linter.style.nativeDecide false`
info: Erdos9796Proof/P97/ATail/CardElevenUniqueFourCertificate/Support/Unique4P4DirectOuterOccurrenceBridge/FourArcOccurrences.lean:172:0: 'Problem97.P4DirectFourArcOccurrenceBridgeScratch.directNoFourOccurrences_length' depends on axioms: [propext,
 Lean.ofReduceBool,
 Lean.trustCompiler,
 Quot.sound]
info: Erdos9796Proof/P97/ATail/CardElevenUniqueFourCertificate/Support/Unique4P4DirectOuterOccurrenceBridge/FourArcOccurrences.lean:173:0: 'Problem97.P4DirectFourArcOccurrenceBridgeScratch.directNoFourOutputIndices_eq_range' depends on axioms: [propext,
 Lean.ofReduceBool,
 Lean.trustCompiler,
 Quot.sound]
info: Erdos9796Proof/P97/ATail/CardElevenUniqueFourCertificate/Support/Unique4P4DirectOuterOccurrenceBridge/FourArcOccurrences.lean:174:0: 'Problem97.P4DirectFourArcOccurrenceBridgeScratch.directNoFourOccurrences_wf' depends on axioms: [propext,
 Classical.choice,
 Lean.ofReduceBool,
 Lean.trustCompiler,
 Quot.sound]
info: Erdos9796Proof/P97/ATail/CardElevenUniqueFourCertificate/Support/Unique4P4DirectOuterOccurrenceBridge/FourArcOccurrences.lean:175:0: 'Problem97.P4DirectFourArcOccurrenceBridgeScratch.authenticated_direct_no_four_turn_disjoint_outer_arcs_compact_sat' depends on axioms: [propext,
 Classical.choice,
 Lean.ofReduceBool,
 Lean.trustCompiler,
 Quot.sound]
⚠ [8817/9012] Replayed Erdos9796Proof.P97.ATail.CardElevenUniqueFourCertificate.Support.Unique4P4DirectValuation.DirectOuterBindingIntegrity
warning: Erdos9796Proof/P97/ATail/CardElevenUniqueFourCertificate/Support/Unique4P4DirectValuation/DirectOuterBindingIntegrity.lean:122:2: Using `native_decide` is not allowed in mathlib: because it trusts the entire Lean compiler (not just the Lean kernel), it could quite possibly be used to prove false.

Note: This linter can be disabled with `set_option linter.style.nativeDecide false`
warning: Erdos9796Proof/P97/ATail/CardElevenUniqueFourCertificate/Support/Unique4P4DirectValuation/DirectOuterBindingIntegrity.lean:126:2: Using `native_decide` is not allowed in mathlib: because it trusts the entire Lean compiler (not just the Lean kernel), it could quite possibly be used to prove false.

Note: This linter can be disabled with `set_option linter.style.nativeDecide false`
warning: Erdos9796Proof/P97/ATail/CardElevenUniqueFourCertificate/Support/Unique4P4DirectValuation/DirectOuterBindingIntegrity.lean:130:2: Using `native_decide` is not allowed in mathlib: because it trusts the entire Lean compiler (not just the Lean kernel), it could quite possibly be used to prove false.

Note: This linter can be disabled with `set_option linter.style.nativeDecide false`
ℹ [8818/9012] Replayed Erdos9796Proof.P97.ATail.CardElevenUniqueFourCertificate.Support.Unique4KalmansonCorePort.UniqueFourKalmansonCores
info: Erdos9796Proof/P97/ATail/CardElevenUniqueFourCertificate/Support/Unique4KalmansonCorePort/UniqueFourKalmansonCores.lean:699:0: 'Problem97.UniqueFourKalmansonCoresScratch.false_of_endpoint_k2_endpoint_k1_three_selected_rows' depends on axioms: [propext,
 Classical.choice,
 Quot.sound]
info: Erdos9796Proof/P97/ATail/CardElevenUniqueFourCertificate/Support/Unique4KalmansonCorePort/UniqueFourKalmansonCores.lean:700:0: 'Problem97.UniqueFourKalmansonCoresScratch.false_of_endpoint_k2_endpoint_k1_three_selected_rows_long' depends on axioms: [propext,
 Classical.choice,
 Quot.sound]
info: Erdos9796Proof/P97/ATail/CardElevenUniqueFourCertificate/Support/Unique4KalmansonCorePort/UniqueFourKalmansonCores.lean:701:0: 'Problem97.UniqueFourKalmansonCoresScratch.false_of_one_k1_three_cyclic_selected_rows' depends on axioms: [propext,
 Classical.choice,
 Quot.sound]
info: Erdos9796Proof/P97/ATail/CardElevenUniqueFourCertificate/Support/Unique4KalmansonCorePort/UniqueFourKalmansonCores.lean:702:0: 'Problem97.UniqueFourKalmansonCoresScratch.false_of_four_k2_five_selected_row_equalities' depends on axioms: [propext,
 Classical.choice,
 Quot.sound]
info: Erdos9796Proof/P97/ATail/CardElevenUniqueFourCertificate/Support/Unique4KalmansonCorePort/UniqueFourKalmansonCores.lean:703:0: 'Problem97.UniqueFourKalmansonCoresScratch.false_of_one_k2_two_k1_three_selected_rows' depends on axioms: [propext,
 Classical.choice,
 Quot.sound]
info: Erdos9796Proof/P97/ATail/CardElevenUniqueFourCertificate/Support/Unique4KalmansonCorePort/UniqueFourKalmansonCores.lean:704:0: 'Problem97.UniqueFourKalmansonCoresScratch.false_of_endpoint_k1_four_selected_rows' depends on axioms: [propext,
 Classical.choice,
 Quot.sound]
info: Erdos9796Proof/P97/ATail/CardElevenUniqueFourCertificate/Support/Unique4KalmansonCorePort/UniqueFourKalmansonCores.lean:705:0: 'Problem97.UniqueFourKalmansonCoresScratch.false_of_one_k1_two_endpoint_k2_three_selected_rows' depends on axioms: [propext,
 Classical.choice,
 Quot.sound]
info: Erdos9796Proof/P97/ATail/CardElevenUniqueFourCertificate/Support/Unique4KalmansonCorePort/UniqueFourKalmansonCores.lean:706:0: 'Problem97.UniqueFourKalmansonCoresScratch.false_of_roundTwoFour_endpoint_rows' depends on axioms: [propext,
 Classical.choice,
 Quot.sound]
info: Erdos9796Proof/P97/ATail/CardElevenUniqueFourCertificate/Support/Unique4KalmansonCorePort/UniqueFourKalmansonCores.lean:707:0: 'Problem97.UniqueFourKalmansonCoresScratch.false_of_three_endpoint_kalmanson_four_selected_rows' depends on axioms: [propext,
 Classical.choice,
 Quot.sound]
info: Erdos9796Proof/P97/ATail/CardElevenUniqueFourCertificate/Support/Unique4KalmansonCorePort/UniqueFourKalmansonCores.lean:708:0: 'Problem97.UniqueFourKalmansonCoresScratch.false_of_endpoint_k2_endpoint_k1_three_selected_rows_postBankEight' depends on axioms: [propext,
 Classical.choice,
 Quot.sound]
ℹ [8819/9012] Replayed Erdos9796Proof.P97.ATail.CardElevenUniqueFourCertificate.Support.Unique4AlignedP5Occurrence.UniqueFourKalmansonReflection
info: Erdos9796Proof/P97/ATail/CardElevenUniqueFourCertificate/Support/Unique4AlignedP5Occurrence/UniqueFourKalmansonReflection.lean:299:0: 'Problem97.UniqueFourKalmansonReflectionScratch.dist_add_dist_lt_diagonal_sum_of_ccw_of_decreasing' depends on axioms: [propext,
 Classical.choice,
 Quot.sound]
info: Erdos9796Proof/P97/ATail/CardElevenUniqueFourCertificate/Support/Unique4AlignedP5Occurrence/UniqueFourKalmansonReflection.lean:300:0: 'Problem97.UniqueFourKalmansonReflectionScratch.complementary_dist_add_dist_lt_diagonal_sum_of_ccw_of_decreasing' depends on axioms: [propext,
 Classical.choice,
 Quot.sound]
info: Erdos9796Proof/P97/ATail/CardElevenUniqueFourCertificate/Support/Unique4AlignedP5Occurrence/UniqueFourKalmansonReflection.lean:301:0: 'Problem97.UniqueFourKalmansonReflectionScratch.false_of_schemaOne_normalized' depends on axioms: [propext,
 Classical.choice,
 Quot.sound]
info: Erdos9796Proof/P97/ATail/CardElevenUniqueFourCertificate/Support/Unique4AlignedP5Occurrence/UniqueFourKalmansonReflection.lean:302:0: 'Problem97.UniqueFourKalmansonReflectionScratch.false_of_schemaFour_normalized' depends on axioms: [propext,
 Classical.choice,
 Quot.sound]
info: Erdos9796Proof/P97/ATail/CardElevenUniqueFourCertificate/Support/Unique4AlignedP5Occurrence/UniqueFourKalmansonReflection.lean:303:0: 'Problem97.UniqueFourKalmansonReflectionScratch.false_of_schemaSix_normalized' depends on axioms: [propext,
 Classical.choice,
 Quot.sound]
info: Erdos9796Proof/P97/ATail/CardElevenUniqueFourCertificate/Support/Unique4AlignedP5Occurrence/UniqueFourKalmansonReflection.lean:304:0: 'Problem97.UniqueFourKalmansonReflectionScratch.false_of_schemaSix_reflected' depends on axioms: [propext,
 Classical.choice,
 Quot.sound]
info: Erdos9796Proof/P97/ATail/CardElevenUniqueFourCertificate/Support/Unique4AlignedP5Occurrence/UniqueFourKalmansonReflection.lean:305:0: 'Problem97.UniqueFourKalmansonReflectionScratch.false_of_schemaNine_normalized' depends on axioms: [propext,
 Classical.choice,
 Quot.sound]
ℹ [8820/9012] Replayed Erdos9796Proof.P97.ATail.CardElevenUniqueFourCertificate.Support.Unique4ExactTwoSourceBridge.Kalmanson.MissingRetainedOrientations
info: Erdos9796Proof/P97/ATail/CardElevenUniqueFourCertificate/Support/Unique4ExactTwoSourceBridge/Kalmanson/MissingRetainedOrientations.lean:293:0: 'Problem97.MissingRetainedKalmansonOrientationsScratch.false_of_schemaZero_normalized' depends on axioms: [propext,
 Classical.choice,
 Quot.sound]
info: Erdos9796Proof/P97/ATail/CardElevenUniqueFourCertificate/Support/Unique4ExactTwoSourceBridge/Kalmanson/MissingRetainedOrientations.lean:294:0: 'Problem97.MissingRetainedKalmansonOrientationsScratch.false_of_schemaTwo_normalized' depends on axioms: [propext,
 Classical.choice,
 Quot.sound]
info: Erdos9796Proof/P97/ATail/CardElevenUniqueFourCertificate/Support/Unique4ExactTwoSourceBridge/Kalmanson/MissingRetainedOrientations.lean:295:0: 'Problem97.MissingRetainedKalmansonOrientationsScratch.false_of_schemaThree_reflected' depends on axioms: [propext,
 Classical.choice,
 Quot.sound]
info: Erdos9796Proof/P97/ATail/CardElevenUniqueFourCertificate/Support/Unique4ExactTwoSourceBridge/Kalmanson/MissingRetainedOrientations.lean:296:0: 'Problem97.MissingRetainedKalmansonOrientationsScratch.false_of_schemaSeven_reflected' depends on axioms: [propext,
 Classical.choice,
 Quot.sound]
ℹ [8821/9012] Replayed Erdos9796Proof.P97.ATail.CardElevenUniqueFourCertificate.Support.Unique4SourceFieldAudit.CorrectedOwnCapKalmansonCores
info: Erdos9796Proof/P97/ATail/CardElevenUniqueFourCertificate/Support/Unique4SourceFieldAudit/CorrectedOwnCapKalmansonCores.lean:194:0: 'Problem97.CorrectedOwnCapKalmansonCoresScratch.false_of_four_endpoint_k2_three_row_instances' depends on axioms: [propext,
 Classical.choice,
 Quot.sound]
info: Erdos9796Proof/P97/ATail/CardElevenUniqueFourCertificate/Support/Unique4SourceFieldAudit/CorrectedOwnCapKalmansonCores.lean:195:0: 'Problem97.CorrectedOwnCapKalmansonCoresScratch.false_of_two_k1_two_k2_four_row_instances' depends on axioms: [propext,
 Classical.choice,
 Quot.sound]
ℹ [8822/9012] Replayed Erdos9796Proof.P97.ATail.CardElevenUniqueFourCertificate.Support.Unique4KalmansonOccurrence.SixRoleKalmansonTriangle
info: Erdos9796Proof/P97/ATail/CardElevenUniqueFourCertificate/Support/Unique4KalmansonOccurrence/SixRoleKalmansonTriangle.lean:68:0: 'Problem97.UniqueFourKalmansonOccurrenceScratch.false_of_two_k2_three_row_triangle' depends on axioms: [propext,
 Classical.choice,
 Quot.sound]
info: Erdos9796Proof/P97/ATail/CardElevenUniqueFourCertificate/Support/Unique4KalmansonOccurrence/SixRoleKalmansonTriangle.lean:120:0: 'Problem97.UniqueFourKalmansonOccurrenceScratch.false_of_two_k2_three_row_triangle_reflected' depends on axioms: [propext,
 Classical.choice,
 Quot.sound]
ℹ [8823/9012] Replayed Erdos9796Proof.P97.ATail.CardElevenUniqueFourCertificate.Support.Unique4ExactTwoSchemaDecoder.ExactTwoSchemaDecoder
info: Erdos9796Proof/P97/ATail/CardElevenUniqueFourCertificate/Support/Unique4ExactTwoSchemaDecoder/ExactTwoSchemaDecoder.lean:943:0: 'Problem97.ATailUniqueFourExactTwoSchemaDecoderScratch.false_of_p4OrientedSchemaAt' depends on axioms: [propext,
 Classical.choice,
 Quot.sound]
info: Erdos9796Proof/P97/ATail/CardElevenUniqueFourCertificate/Support/Unique4ExactTwoSchemaDecoder/ExactTwoSchemaDecoder.lean:944:0: 'Problem97.ATailUniqueFourExactTwoSchemaDecoderScratch.false_of_p5FourRowOrientedSchemaAt' depends on axioms: [propext,
 Classical.choice,
 Quot.sound]
info: Erdos9796Proof/P97/ATail/CardElevenUniqueFourCertificate/Support/Unique4ExactTwoSchemaDecoder/ExactTwoSchemaDecoder.lean:945:0: 'Problem97.ATailUniqueFourExactTwoSchemaDecoderScratch.false_of_p5TriangleAOrientedSchemaAt' depends on axioms: [propext,
 Classical.choice,
 Quot.sound]
info: Erdos9796Proof/P97/ATail/CardElevenUniqueFourCertificate/Support/Unique4ExactTwoSchemaDecoder/ExactTwoSchemaDecoder.lean:946:0: 'Problem97.ATailUniqueFourExactTwoSchemaDecoderScratch.false_of_p5TriangleBOrientedSchemaAt' depends on axioms: [propext,
 Classical.choice,
 Quot.sound]
ℹ [8825/9012] Replayed Erdos9796Proof.P97.ATail.CardElevenUniqueFourCertificate.Support.Unique4ExactTwoSourceBridge.Kalmanson.RetainedKalmansonDecoder
info: Erdos9796Proof/P97/ATail/CardElevenUniqueFourCertificate/Support/Unique4ExactTwoSourceBridge/Kalmanson/RetainedKalmansonDecoder.lean:1016:0: 'Problem97.RetainedKalmansonDecoderScratch.false_of_retainedOccurrence' depends on axioms: [propext,
 Classical.choice,
 Quot.sound]
ℹ [8826/9012] Replayed Erdos9796Proof.P97.ATail.CardElevenUniqueFourCertificate.Support.Unique4ExactTwoSourceBridge.IndexedSource.IndexedSourceValuation
info: Erdos9796Proof/P97/ATail/CardElevenUniqueFourCertificate/Support/Unique4ExactTwoSourceBridge/IndexedSource/IndexedSourceValuation.lean:387:0: 'Problem97.P5IndexedSourceScratch.rowMem_iff_patternCode' depends on axioms: [propext, Classical.choice, Quot.sound]
info: Erdos9796Proof/P97/ATail/CardElevenUniqueFourCertificate/Support/Unique4ExactTwoSourceBridge/IndexedSource/IndexedSourceValuation.lean:388:0: 'Problem97.P5IndexedSourceScratch.classHit_iff_dist' depends on axioms: [propext, Classical.choice, Quot.sound]
info: Erdos9796Proof/P97/ATail/CardElevenUniqueFourCertificate/Support/Unique4ExactTwoSourceBridge/IndexedSource/IndexedSourceValuation.lean:389:0: 'Problem97.P5IndexedSourceScratch.kalmansonCutSat_iff_not_schemaAt' depends on axioms: [propext,
 Classical.choice,
 Quot.sound]
ℹ [8827/9012] Replayed Erdos9796Proof.P97.ATail.CardElevenUniqueFourCertificate.Support.Unique4ExactTwoSourceBridge.IndexedSource.GenericFamilies
info: Erdos9796Proof/P97/ATail/CardElevenUniqueFourCertificate/Support/Unique4ExactTwoSourceBridge/IndexedSource/GenericFamilies.lean:203:0: 'Problem97.P5IndexedSourceScratch.radiusPartitionTransitivitySat' depends on axioms: [propext,
 Classical.choice,
 Quot.sound]
info: Erdos9796Proof/P97/ATail/CardElevenUniqueFourCertificate/Support/Unique4ExactTwoSourceBridge/IndexedSource/GenericFamilies.lean:204:0: 'Problem97.P5IndexedSourceScratch.rowAtLeastFourSat' depends on axioms: [propext, Classical.choice, Quot.sound]
info: Erdos9796Proof/P97/ATail/CardElevenUniqueFourCertificate/Support/Unique4ExactTwoSourceBridge/IndexedSource/GenericFamilies.lean:205:0: 'Problem97.P5IndexedSourceScratch.firstApexRowEqClassSat' depends on axioms: [propext, Classical.choice, Quot.sound]
ℹ [8829/9012] Replayed Erdos9796Proof.P97.ATail.CardElevenUniqueFourCertificate.Support.Unique4ExactTwoSourceBridge.IndexedSource.CyclicAlternationCore
info: Erdos9796Proof/P97/ATail/CardElevenUniqueFourCertificate/Support/Unique4ExactTwoSourceBridge/IndexedSource/CyclicAlternationCore.lean:193:0: 'Problem97.P5IndexedSourceScratch.false_of_nonalternating_equidistant' depends on axioms: [propext,
 Classical.choice,
 Quot.sound]
info: Erdos9796Proof/P97/ATail/CardElevenUniqueFourCertificate/Support/Unique4ExactTwoSourceBridge/IndexedSource/CyclicAlternationCore.lean:195:0: 'Problem97.P5IndexedSourceScratch.fullClassCyclicAlternationSat_direct' depends on axioms: [propext,
 Classical.choice,
 Quot.sound]
ℹ [8830/9012] Replayed Erdos9796Proof.P97.ATail.CardElevenUniqueFourCertificate.Support.Unique4ExactTwoSourceBridge.IndexedSource.MirrorTransport
info: Erdos9796Proof/P97/ATail/CardElevenUniqueFourCertificate/Support/Unique4ExactTwoSourceBridge/IndexedSource/MirrorTransport.lean:124:0: 'Problem97.P5IndexedSourceScratch.shiftedBoundary_reflFin' depends on axioms: [propext, Classical.choice, Quot.sound]
info: Erdos9796Proof/P97/ATail/CardElevenUniqueFourCertificate/Support/Unique4ExactTwoSourceBridge/IndexedSource/MirrorTransport.lean:125:0: 'Problem97.P5IndexedSourceScratch.fullClassCyclicAlternationSat_mirror' depends on axioms: [propext,
 Classical.choice,
 Quot.sound]
ℹ [8831/9012] Replayed Erdos9796Proof.P97.ATail.CardElevenUniqueFourCertificate.Support.Unique4P4SourceBridge.P4GenericFamilies
info: Erdos9796Proof/P97/ATail/CardElevenUniqueFourCertificate/Support/Unique4P4SourceBridge/P4GenericFamilies.lean:175:0: 'Problem97.P4GenericFamiliesScratch.radiusPartitionTransitivitySat' depends on axioms: [propext,
 Classical.choice,
 Quot.sound]
info: Erdos9796Proof/P97/ATail/CardElevenUniqueFourCertificate/Support/Unique4P4SourceBridge/P4GenericFamilies.lean:176:0: 'Problem97.P4GenericFamiliesScratch.selectedRowSubsetRadiusClassSat' depends on axioms: [propext,
 Classical.choice,
 Quot.sound]
info: Erdos9796Proof/P97/ATail/CardElevenUniqueFourCertificate/Support/Unique4P4SourceBridge/P4GenericFamilies.lean:177:0: 'Problem97.P4GenericFamiliesScratch.mutualTriangleCrossCenterRadiusTransportSat' depends on axioms: [propext,
 Classical.choice,
 Quot.sound]
info: Erdos9796Proof/P97/ATail/CardElevenUniqueFourCertificate/Support/Unique4P4SourceBridge/P4GenericFamilies.lean:178:0: 'Problem97.P4GenericFamiliesScratch.rowAtLeastFourSat' depends on axioms: [propext, Classical.choice, Quot.sound]
info: Erdos9796Proof/P97/ATail/CardElevenUniqueFourCertificate/Support/Unique4P4SourceBridge/P4GenericFamilies.lean:179:0: 'Problem97.P4GenericFamiliesScratch.fullClassCyclicAlternationSat' depends on axioms: [propext,
 Classical.choice,
 Quot.sound]
info: Erdos9796Proof/P97/ATail/CardElevenUniqueFourCertificate/Support/Unique4P4SourceBridge/P4GenericFamilies.lean:180:0: 'Problem97.P4GenericFamiliesScratch.curvatureGenericClauseCount_eq' depends on axioms: [propext]
ℹ [8832/9012] Replayed Erdos9796Proof.P97.ATail.CardElevenUniqueFourCertificate.Support.Unique4LateChoiceTerminal.UniqueFourLateChoiceTerminal
info: Erdos9796Proof/P97/ATail/CardElevenUniqueFourCertificate/Support/Unique4LateChoiceTerminal/UniqueFourLateChoiceTerminal.lean:296:0: 'Problem97.ATailUniqueFourLateChoiceTerminalScratch.lateFirstApexResidual' depends on axioms: [propext,
 Classical.choice,
 Quot.sound]
info: Erdos9796Proof/P97/ATail/CardElevenUniqueFourCertificate/Support/Unique4LateChoiceTerminal/UniqueFourLateChoiceTerminal.lean:297:0: 'Problem97.ATailUniqueFourLateChoiceTerminalScratch.lateFirstApexSystem_centerAt_eq' depends on axioms: [propext,
 Classical.choice,
 Quot.sound]
info: Erdos9796Proof/P97/ATail/CardElevenUniqueFourCertificate/Support/Unique4LateChoiceTerminal/UniqueFourLateChoiceTerminal.lean:298:0: 'Problem97.ATailUniqueFourLateChoiceTerminalScratch.lateFirstApexSystem_support_eq_class' depends on axioms: [propext,
 Classical.choice,
 Quot.sound]
info: Erdos9796Proof/P97/ATail/CardElevenUniqueFourCertificate/Support/Unique4LateChoiceTerminal/UniqueFourLateChoiceTerminal.lean:299:0: 'Problem97.ATailUniqueFourLateChoiceTerminalScratch.frontier_pair_q_mem_firstApexClass' depends on axioms: [propext,
 Classical.choice,
 Quot.sound]
info: Erdos9796Proof/P97/ATail/CardElevenUniqueFourCertificate/Support/Unique4LateChoiceTerminal/UniqueFourLateChoiceTerminal.lean:300:0: 'Problem97.ATailUniqueFourLateChoiceTerminalScratch.frontier_pair_w_mem_firstApexClass' depends on axioms: [propext,
 Classical.choice,
 Quot.sound]
info: Erdos9796Proof/P97/ATail/CardElevenUniqueFourCertificate/Support/Unique4LateChoiceTerminal/UniqueFourLateChoiceTerminal.lean:301:0: 'Problem97.ATailUniqueFourLateChoiceTerminalScratch.lateFirstApexSystem_frontierPair_normalForm' depends on axioms: [propext,
 Classical.choice,
 Quot.sound]
info: Erdos9796Proof/P97/ATail/CardElevenUniqueFourCertificate/Support/Unique4LateChoiceTerminal/UniqueFourLateChoiceTerminal.lean:302:0: 'Problem97.ATailUniqueFourLateChoiceTerminalScratch.lateFirstApexSystem_centerAt_eq_iff_mem_class' depends on axioms: [propext,
 Classical.choice,
 Quot.sound]
info: Erdos9796Proof/P97/ATail/CardElevenUniqueFourCertificate/Support/Unique4LateChoiceTerminal/UniqueFourLateChoiceTerminal.lean:303:0: 'Problem97.ATailUniqueFourLateChoiceTerminalScratch.lateFirstApexSystem_class_blockers_eq' depends on axioms: [propext,
 Classical.choice,
 Quot.sound]
info: Erdos9796Proof/P97/ATail/CardElevenUniqueFourCertificate/Support/Unique4LateChoiceTerminal/UniqueFourLateChoiceTerminal.lean:304:0: 'Problem97.ATailUniqueFourLateChoiceTerminalScratch.firstApex_not_fullyDeletionRobustAt' depends on axioms: [propext,
 Classical.choice,
 Quot.sound]
info: Erdos9796Proof/P97/ATail/CardElevenUniqueFourCertificate/Support/Unique4LateChoiceTerminal/UniqueFourLateChoiceTerminal.lean:305:0: 'Problem97.ATailUniqueFourLateChoiceTerminalScratch.lateFirstApex_actualBlockerFiber_points_eq_class' depends on axioms: [propext,
 Classical.choice,
 Quot.sound]
info: Erdos9796Proof/P97/ATail/CardElevenUniqueFourCertificate/Support/Unique4LateChoiceTerminal/UniqueFourLateChoiceTerminal.lean:306:0: 'Problem97.ATailUniqueFourLateChoiceTerminalScratch.lateFirstApex_actualBlockerFiber_card_eq_four' depends on axioms: [propext,
 Classical.choice,
 Quot.sound]
⚠ [8838/9012] Replayed Erdos9796Proof.P97.ATail.CardElevenUniqueFourCertificate.Support.Unique4P4CriticalSupportOccurrenceBridge.GeneratedData
warning: Erdos9796Proof/P97/ATail/CardElevenUniqueFourCertificate/Support/Unique4P4CriticalSupportOccurrenceBridge/GeneratedData.lean:354:66: Using `native_decide` is not allowed in mathlib: because it trusts the entire Lean compiler (not just the Lean kernel), it could quite possibly be used to prove false.

Note: This linter can be disabled with `set_option linter.style.nativeDecide false`
warning: Erdos9796Proof/P97/ATail/CardElevenUniqueFourCertificate/Support/Unique4P4CriticalSupportOccurrenceBridge/GeneratedData.lean:356:2: Using `native_decide` is not allowed in mathlib: because it trusts the entire Lean compiler (not just the Lean kernel), it could quite possibly be used to prove false.

Note: This linter can be disabled with `set_option linter.style.nativeDecide false`
warning: Erdos9796Proof/P97/ATail/CardElevenUniqueFourCertificate/Support/Unique4P4CriticalSupportOccurrenceBridge/GeneratedData.lean:357:64: Using `native_decide` is not allowed in mathlib: because it trusts the entire Lean compiler (not just the Lean kernel), it could quite possibly be used to prove false.

Note: This linter can be disabled with `set_option linter.style.nativeDecide false`
warning: Erdos9796Proof/P97/ATail/CardElevenUniqueFourCertificate/Support/Unique4P4CriticalSupportOccurrenceBridge/GeneratedData.lean:358:64: Using `native_decide` is not allowed in mathlib: because it trusts the entire Lean compiler (not just the Lean kernel), it could quite possibly be used to prove false.

Note: This linter can be disabled with `set_option linter.style.nativeDecide false`
warning: Erdos9796Proof/P97/ATail/CardElevenUniqueFourCertificate/Support/Unique4P4CriticalSupportOccurrenceBridge/GeneratedData.lean:361:2: Using `native_decide` is not allowed in mathlib: because it trusts the entire Lean compiler (not just the Lean kernel), it could quite possibly be used to prove false.

Note: This linter can be disabled with `set_option linter.style.nativeDecide false`
ℹ [8839/9012] Replayed Erdos9796Proof.P97.ATail.CardElevenUniqueFourCertificate.Support.Unique4ExactTwoSourceBridge.OccurrenceBridge.BridgeCore
info: Erdos9796Proof/P97/ATail/CardElevenUniqueFourCertificate/Support/Unique4ExactTwoSourceBridge/OccurrenceBridge/BridgeCore.lean:217:0: 'Problem97.P5OccurrenceBridgeScratch.atomOfVar_varOfAtom' depends on axioms: [propext]
info: Erdos9796Proof/P97/ATail/CardElevenUniqueFourCertificate/Support/Unique4ExactTwoSourceBridge/OccurrenceBridge/BridgeCore.lean:218:0: 'Problem97.P5OccurrenceBridgeScratch.clauseSat_of_subset' depends on axioms: [propext, Quot.sound]
info: Erdos9796Proof/P97/ATail/CardElevenUniqueFourCertificate/Support/Unique4ExactTwoSourceBridge/OccurrenceBridge/BridgeCore.lean:219:0: 'Problem97.P5OccurrenceBridgeScratch.litSat_negAtom' depends on axioms: [propext, Classical.choice, Quot.sound]
⚠ [8840/9012] Replayed Erdos9796Proof.P97.ATail.CardElevenUniqueFourCertificate.Support.Unique4P4CriticalSupportOccurrenceBridge.Families
warning: Erdos9796Proof/P97/ATail/CardElevenUniqueFourCertificate/Support/Unique4P4CriticalSupportOccurrenceBridge/Families.lean:65:44: Using `native_decide` is not allowed in mathlib: because it trusts the entire Lean compiler (not just the Lean kernel), it could quite possibly be used to prove false.

Note: This linter can be disabled with `set_option linter.style.nativeDecide false`
warning: Erdos9796Proof/P97/ATail/CardElevenUniqueFourCertificate/Support/Unique4P4CriticalSupportOccurrenceBridge/Families.lean:69:43: Using `native_decide` is not allowed in mathlib: because it trusts the entire Lean compiler (not just the Lean kernel), it could quite possibly be used to prove false.

Note: This linter can be disabled with `set_option linter.style.nativeDecide false`
warning: Erdos9796Proof/P97/ATail/CardElevenUniqueFourCertificate/Support/Unique4P4CriticalSupportOccurrenceBridge/Families.lean:98:68: Using `native_decide` is not allowed in mathlib: because it trusts the entire Lean compiler (not just the Lean kernel), it could quite possibly be used to prove false.

Note: This linter can be disabled with `set_option linter.style.nativeDecide false`
warning: Erdos9796Proof/P97/ATail/CardElevenUniqueFourCertificate/Support/Unique4P4CriticalSupportOccurrenceBridge/Families.lean:320:58: Using `native_decide` is not allowed in mathlib: because it trusts the entire Lean compiler (not just the Lean kernel), it could quite possibly be used to prove false.

Note: This linter can be disabled with `set_option linter.style.nativeDecide false`
warning: Erdos9796Proof/P97/ATail/CardElevenUniqueFourCertificate/Support/Unique4P4CriticalSupportOccurrenceBridge/Families.lean:361:58: Using `native_decide` is not allowed in mathlib: because it trusts the entire Lean compiler (not just the Lean kernel), it could quite possibly be used to prove false.

Note: This linter can be disabled with `set_option linter.style.nativeDecide false`
⚠ [8841/9012] Replayed Erdos9796Proof.P97.ATail.CardElevenUniqueFourCertificate.Support.Unique4P4RightCapSourceBridge.RightCapOccurrences
warning: Erdos9796Proof/P97/ATail/CardElevenUniqueFourCertificate/Support/Unique4P4RightCapSourceBridge/RightCapOccurrences.lean:306:6: 'simp [rightCapOccurrenceWF, rightCapShapeWF] at hentryWF' is a flexible tactic modifying 'hentryWF'. Try 'simp?' and use the suggested 'simp only [...]'. Alternatively, use `suffices` to explicitly state the simplified form.

Note: This linter can be disabled with `set_option linter.flexible false`
info: Erdos9796Proof/P97/ATail/CardElevenUniqueFourCertificate/Support/Unique4P4RightCapSourceBridge/RightCapOccurrences.lean:307:6: 'rw [hentryWF.1]' uses 'hentryWF'!
warning: Erdos9796Proof/P97/ATail/CardElevenUniqueFourCertificate/Support/Unique4P4RightCapSourceBridge/RightCapOccurrences.lean:306:6: 'simp [rightCapOccurrenceWF, rightCapShapeWF] at hentryWF' is a flexible tactic modifying 'hentryWF'. Try 'simp?' and use the suggested 'simp only [...]'. Alternatively, use `suffices` to explicitly state the simplified form.

Note: This linter can be disabled with `set_option linter.flexible false`
info: Erdos9796Proof/P97/ATail/CardElevenUniqueFourCertificate/Support/Unique4P4RightCapSourceBridge/RightCapOccurrences.lean:308:6: 'exact
  shortEndpointSat P hv center left right hentryWF.2.1 hentryWF.2.2.1 hentryWF.2.2.2.1 hentryWF.2.2.2.2.1
    hentryWF.2.2.2.2.2.1 hentryWF.2.2.2.2.2.2' uses 'hentryWF'!
warning: Erdos9796Proof/P97/ATail/CardElevenUniqueFourCertificate/Support/Unique4P4RightCapSourceBridge/RightCapOccurrences.lean:311:6: 'simp [rightCapOccurrenceWF, rightCapShapeWF] at hentryWF' is a flexible tactic modifying 'hentryWF'. Try 'simp?' and use the suggested 'simp only [...]'. Alternatively, use `suffices` to explicitly state the simplified form.

Note: This linter can be disabled with `set_option linter.flexible false`
info: Erdos9796Proof/P97/ATail/CardElevenUniqueFourCertificate/Support/Unique4P4RightCapSourceBridge/RightCapOccurrences.lean:312:6: 'rw [hentryWF.1]' uses 'hentryWF'!
warning: Erdos9796Proof/P97/ATail/CardElevenUniqueFourCertificate/Support/Unique4P4RightCapSourceBridge/RightCapOccurrences.lean:311:6: 'simp [rightCapOccurrenceWF, rightCapShapeWF] at hentryWF' is a flexible tactic modifying 'hentryWF'. Try 'simp?' and use the suggested 'simp only [...]'. Alternatively, use `suffices` to explicitly state the simplified form.

Note: This linter can be disabled with `set_option linter.flexible false`
info: Erdos9796Proof/P97/ATail/CardElevenUniqueFourCertificate/Support/Unique4P4RightCapSourceBridge/RightCapOccurrences.lean:313:6: 'exact
  endpointSat P hv center left right hentryWF.2.1 hentryWF.2.2.1 hentryWF.2.2.2.1 hentryWF.2.2.2.2.1
    hentryWF.2.2.2.2.2.1 hentryWF.2.2.2.2.2.2' uses 'hentryWF'!
warning: Erdos9796Proof/P97/ATail/CardElevenUniqueFourCertificate/Support/Unique4P4RightCapSourceBridge/RightCapOccurrences.lean:316:6: 'simp [rightCapOccurrenceWF, rightCapShapeWF] at hentryWF' is a flexible tactic modifying 'hentryWF'. Try 'simp?' and use the suggested 'simp only [...]'. Alternatively, use `suffices` to explicitly state the simplified form.

Note: This linter can be disabled with `set_option linter.flexible false`
info: Erdos9796Proof/P97/ATail/CardElevenUniqueFourCertificate/Support/Unique4P4RightCapSourceBridge/RightCapOccurrences.lean:317:6: 'rw [hentryWF.1]' uses 'hentryWF'!
warning: Erdos9796Proof/P97/ATail/CardElevenUniqueFourCertificate/Support/Unique4P4RightCapSourceBridge/RightCapOccurrences.lean:316:6: 'simp [rightCapOccurrenceWF, rightCapShapeWF] at hentryWF' is a flexible tactic modifying 'hentryWF'. Try 'simp?' and use the suggested 'simp only [...]'. Alternatively, use `suffices` to explicitly state the simplified form.

Note: This linter can be disabled with `set_option linter.flexible false`
info: Erdos9796Proof/P97/ATail/CardElevenUniqueFourCertificate/Support/Unique4P4RightCapSourceBridge/RightCapOccurrences.lean:318:6: 'exact
  ownCapSat P hv center first second third hentryWF.2.1 hentryWF.2.2.1 hentryWF.2.2.2.1 hentryWF.2.2.2.2.1
    hentryWF.2.2.2.2.2.1 hentryWF.2.2.2.2.2.2.1 hentryWF.2.2.2.2.2.2.2.1 hentryWF.2.2.2.2.2.2.2.2.1
    hentryWF.2.2.2.2.2.2.2.2.2.1 hentryWF.2.2.2.2.2.2.2.2.2.2' uses 'hentryWF'!
⚠ [8842/9012] Replayed Erdos9796Proof.P97.ATail.CardElevenUniqueFourCertificate.Support.Unique4P4DirectValuation.RightCapDirectValuation
warning: Erdos9796Proof/P97/ATail/CardElevenUniqueFourCertificate/Support/Unique4P4DirectValuation/RightCapDirectValuation.lean:48:47: Using `native_decide` is not allowed in mathlib: because it trusts the entire Lean compiler (not just the Lean kernel), it could quite possibly be used to prove false.

Note: This linter can be disabled with `set_option linter.style.nativeDecide false`
⚠ [8843/9012] Replayed Erdos9796Proof.P97.ATail.CardElevenUniqueFourCertificate.Support.Unique4P4DirectValuation.DirectIndexedAgreement
warning: Erdos9796Proof/P97/ATail/CardElevenUniqueFourCertificate/Support/Unique4P4DirectValuation/DirectIndexedAgreement.lean:79:6: Using `native_decide` is not allowed in mathlib: because it trusts the entire Lean compiler (not just the Lean kernel), it could quite possibly be used to prove false.

Note: This linter can be disabled with `set_option linter.style.nativeDecide false`
warning: Erdos9796Proof/P97/ATail/CardElevenUniqueFourCertificate/Support/Unique4P4DirectValuation/DirectIndexedAgreement.lean:84:22: Using `native_decide` is not allowed in mathlib: because it trusts the entire Lean compiler (not just the Lean kernel), it could quite possibly be used to prove false.

Note: This linter can be disabled with `set_option linter.style.nativeDecide false`
warning: Erdos9796Proof/P97/ATail/CardElevenUniqueFourCertificate/Support/Unique4P4DirectValuation/DirectIndexedAgreement.lean:95:6: Using `native_decide` is not allowed in mathlib: because it trusts the entire Lean compiler (not just the Lean kernel), it could quite possibly be used to prove false.

Note: This linter can be disabled with `set_option linter.style.nativeDecide false`
warning: Erdos9796Proof/P97/ATail/CardElevenUniqueFourCertificate/Support/Unique4P4DirectValuation/DirectIndexedAgreement.lean:106:6: Using `native_decide` is not allowed in mathlib: because it trusts the entire Lean compiler (not just the Lean kernel), it could quite possibly be used to prove false.

Note: This linter can be disabled with `set_option linter.style.nativeDecide false`
warning: Erdos9796Proof/P97/ATail/CardElevenUniqueFourCertificate/Support/Unique4P4DirectValuation/DirectIndexedAgreement.lean:128:43: Using `native_decide` is not allowed in mathlib: because it trusts the entire Lean compiler (not just the Lean kernel), it could quite possibly be used to prove false.

Note: This linter can be disabled with `set_option linter.style.nativeDecide false`
warning: Erdos9796Proof/P97/ATail/CardElevenUniqueFourCertificate/Support/Unique4P4DirectValuation/DirectIndexedAgreement.lean:132:62: Using `native_decide` is not allowed in mathlib: because it trusts the entire Lean compiler (not just the Lean kernel), it could quite possibly be used to prove false.

Note: This linter can be disabled with `set_option linter.style.nativeDecide false`
warning: Erdos9796Proof/P97/ATail/CardElevenUniqueFourCertificate/Support/Unique4P4DirectValuation/DirectIndexedAgreement.lean:136:22: Using `native_decide` is not allowed in mathlib: because it trusts the entire Lean compiler (not just the Lean kernel), it could quite possibly be used to prove false.

Note: This linter can be disabled with `set_option linter.style.nativeDecide false`
⚠ [8844/9012] Replayed Erdos9796Proof.P97.ATail.CardElevenUniqueFourCertificate.Support.Unique4P4SourceBridge.P4DirectOuterArcFinite
warning: Erdos9796Proof/P97/ATail/CardElevenUniqueFourCertificate/Support/Unique4P4SourceBridge/P4DirectOuterArcFinite.lean:303:2: Using `native_decide` is not allowed in mathlib: because it trusts the entire Lean compiler (not just the Lean kernel), it could quite possibly be used to prove false.

Note: This linter can be disabled with `set_option linter.style.nativeDecide false`
info: Erdos9796Proof/P97/ATail/CardElevenUniqueFourCertificate/Support/Unique4P4SourceBridge/P4DirectOuterArcFinite.lean:308:0: 'Problem97.P4DirectOuterArcAdapterScratch.selectedCenteredSupportIndices_eq' depends on axioms: [propext,
 Classical.choice,
 Quot.sound]
info: Erdos9796Proof/P97/ATail/CardElevenUniqueFourCertificate/Support/Unique4P4SourceBridge/P4DirectOuterArcFinite.lean:309:0: 'Problem97.P4DirectOuterArcAdapterScratch.retainedArc_turnMask_eq_finite' depends on axioms: [propext,
 Classical.choice,
 Quot.sound]
info: Erdos9796Proof/P97/ATail/CardElevenUniqueFourCertificate/Support/Unique4P4SourceBridge/P4DirectOuterArcFinite.lean:310:0: 'Problem97.P4DirectOuterArcAdapterScratch.DirectRowArcFiniteCertificate.toSchema' depends on axioms: [propext,
 Classical.choice,
 Quot.sound]
info: Erdos9796Proof/P97/ATail/CardElevenUniqueFourCertificate/Support/Unique4P4SourceBridge/P4DirectOuterArcFinite.lean:311:0: 'Problem97.P4DirectOuterArcAdapterScratch.DirectRowArcFiniteDatum.toSchema' depends on axioms: [propext,
 Classical.choice,
 Quot.sound]
info: Erdos9796Proof/P97/ATail/CardElevenUniqueFourCertificate/Support/Unique4P4SourceBridge/P4DirectOuterArcFinite.lean:312:0: '_private.Erdos9796Proof.P97.ATail.CardElevenUniqueFourCertificate.Support.Unique4P4SourceBridge.P4DirectOuterArcFinite.0.Problem97.P4DirectOuterArcAdapterScratch.exampleLeftDatum_valid' depends on axioms: [propext,
 Classical.choice,
 Lean.ofReduceBool,
 Lean.trustCompiler,
 Quot.sound]
ℹ [8845/9012] Replayed Erdos9796Proof.P97.ATail.CardElevenUniqueFourCertificate.Support.Unique4P4SourceBridge.P4MirrorOuterArcTransport
info: Erdos9796Proof/P97/ATail/CardElevenUniqueFourCertificate/Support/Unique4P4SourceBridge/P4MirrorOuterArcTransport.lean:176:0: 'Problem97.P4DirectOuterArcAdapterScratch.mirror_direct_memberships_imply_row_pattern' depends on axioms: [propext,
 Classical.choice,
 Quot.sound]
info: Erdos9796Proof/P97/ATail/CardElevenUniqueFourCertificate/Support/Unique4P4SourceBridge/P4MirrorOuterArcTransport.lean:177:0: 'Problem97.P4DirectOuterArcAdapterScratch.mirror_direct_row_pattern_implies_outer_arc' depends on axioms: [propext,
 Classical.choice,
 Quot.sound]
info: Erdos9796Proof/P97/ATail/CardElevenUniqueFourCertificate/Support/Unique4P4SourceBridge/P4MirrorOuterArcTransport.lean:178:0: 'Problem97.P4DirectOuterArcAdapterScratch.mirror_direct_no_four_turn_disjoint_outer_arcs' depends on axioms: [propext,
 Classical.choice,
 Quot.sound]
⚠ [8846/9012] Replayed Erdos9796Proof.P97.ATail.CardElevenUniqueFourCertificate.Support.Unique4P4MirrorValuation.MirrorIndexedAgreement
warning: Erdos9796Proof/P97/ATail/CardElevenUniqueFourCertificate/Support/Unique4P4MirrorValuation/MirrorIndexedAgreement.lean:90:47: Using `native_decide` is not allowed in mathlib: because it trusts the entire Lean compiler (not just the Lean kernel), it could quite possibly be used to prove false.

Note: This linter can be disabled with `set_option linter.style.nativeDecide false`
ℹ [8865/9012] Replayed Erdos9796Proof.P97.ATail.CardElevenUniqueFourCertificate.Support.Unique4ExactTwoSourceBridge.IndexedSource.DirectKalmanson
info: Erdos9796Proof/P97/ATail/CardElevenUniqueFourCertificate/Support/Unique4ExactTwoSourceBridge/IndexedSource/DirectKalmanson.lean:325:0: 'Problem97.P5IndexedSourceScratch.seededFullLinearKalmansonCutSat_direct' depends on axioms: [propext,
 Classical.choice,
 Quot.sound]
info: Erdos9796Proof/P97/ATail/CardElevenUniqueFourCertificate/Support/Unique4ExactTwoSourceBridge/IndexedSource/DirectKalmanson.lean:327:0: 'Problem97.P5IndexedSourceScratch.verifiedKalmansonOrderSchemaCutSat_direct' depends on axioms: [propext,
 Classical.choice,
 Quot.sound]
ℹ [8866/9012] Replayed Erdos9796Proof.P97.ATail.CardElevenUniqueFourCertificate.Support.Unique4ExactTwoSourceBridge.MirrorSchema58.MirrorSchema58
info: Erdos9796Proof/P97/ATail/CardElevenUniqueFourCertificate/Support/Unique4ExactTwoSourceBridge/MirrorSchema58/MirrorSchema58.lean:432:0: 'Problem97.P5MirrorSchema58Scratch.false_of_schemaFive_normalized_at' depends on axioms: [propext,
 Classical.choice,
 Quot.sound]
info: Erdos9796Proof/P97/ATail/CardElevenUniqueFourCertificate/Support/Unique4ExactTwoSourceBridge/MirrorSchema58/MirrorSchema58.lean:433:0: 'Problem97.P5MirrorSchema58Scratch.false_of_schemaEight_normalized_at' depends on axioms: [propext,
 Classical.choice,
 Quot.sound]
info: Erdos9796Proof/P97/ATail/CardElevenUniqueFourCertificate/Support/Unique4ExactTwoSourceBridge/MirrorSchema58/MirrorSchema58.lean:434:0: 'Problem97.P5MirrorSchema58Scratch.P5MirrorBoundaryPacket.false_of_normalizedSchema58Occurrence' depends on axioms: [propext,
 Classical.choice,
 Quot.sound]
ℹ [8867/9012] Replayed Erdos9796Proof.P97.ATail.CardElevenUniqueFourCertificate.Support.Unique4ExactTwoSourceBridge.IndexedSource.MirrorKalmanson
info: Erdos9796Proof/P97/ATail/CardElevenUniqueFourCertificate/Support/Unique4ExactTwoSourceBridge/IndexedSource/MirrorKalmanson.lean:448:0: 'Problem97.P5IndexedSourceScratch.seededFullLinearKalmansonCutSat_mirror' depends on axioms: [propext,
 Classical.choice,
 Quot.sound]
info: Erdos9796Proof/P97/ATail/CardElevenUniqueFourCertificate/Support/Unique4ExactTwoSourceBridge/IndexedSource/MirrorKalmanson.lean:450:0: 'Problem97.P5IndexedSourceScratch.verifiedKalmansonOrderSchemaCutSat_mirror' depends on axioms: [propext,
 Classical.choice,
 Quot.sound]
⚠ [8948/9012] Replayed Erdos9796Proof.P97.ATail.CardElevenUniqueFourCertificate.Support.Unique4P4Cegar6OccurrenceBridge.CegarFamilies
warning: Erdos9796Proof/P97/ATail/CardElevenUniqueFourCertificate/Support/Unique4P4Cegar6OccurrenceBridge/CegarFamilies.lean:37:4: 'simp [slotSchema, slotOrientation, reflectSchema,
      p4FourEndpointK2Schema] at hmem' is a flexible tactic modifying 'hmem'. Try 'simp?' and use the suggested 'simp only [...]'. Alternatively, use `suffices` to explicitly state the simplified form.

Note: This linter can be disabled with `set_option linter.flexible false`
info: Erdos9796Proof/P97/ATail/CardElevenUniqueFourCertificate/Support/Unique4P4Cegar6OccurrenceBridge/CegarFamilies.lean:37:4: Try this:
  [apply] simp only [ne_eq] at hmem
info: Erdos9796Proof/P97/ATail/CardElevenUniqueFourCertificate/Support/Unique4P4Cegar6OccurrenceBridge/CegarFamilies.lean:40:4: 'rcases hmem with (rfl | rfl | rfl | rfl | rfl | rfl | rfl | rfl | rfl)' uses 'hmem'!
warning: Erdos9796Proof/P97/ATail/CardElevenUniqueFourCertificate/Support/Unique4P4Cegar6OccurrenceBridge/CegarFamilies.lean:37:4: 'simp [slotSchema, slotOrientation, reflectSchema,
      p4FourEndpointK2Schema] at hmem' is a flexible tactic modifying 'hmem'. Try 'simp?' and use the suggested 'simp only [...]'. Alternatively, use `suffices` to explicitly state the simplified form.

Note: This linter can be disabled with `set_option linter.flexible false`
info: Erdos9796Proof/P97/ATail/CardElevenUniqueFourCertificate/Support/Unique4P4Cegar6OccurrenceBridge/CegarFamilies.lean:37:4: Try this:
  [apply] simp only [ne_eq] at hmem
info: Erdos9796Proof/P97/ATail/CardElevenUniqueFourCertificate/Support/Unique4P4Cegar6OccurrenceBridge/CegarFamilies.lean:41:6: 'decide' uses 'hmem'!
warning: Erdos9796Proof/P97/ATail/CardElevenUniqueFourCertificate/Support/Unique4P4Cegar6OccurrenceBridge/CegarFamilies.lean:37:4: 'simp [slotSchema, slotOrientation, reflectSchema,
      p4FourEndpointK2Schema] at hmem' is a flexible tactic modifying 'hmem'. Try 'simp?' and use the suggested 'simp only [...]'. Alternatively, use `suffices` to explicitly state the simplified form.

Note: This linter can be disabled with `set_option linter.flexible false`
info: Erdos9796Proof/P97/ATail/CardElevenUniqueFourCertificate/Support/Unique4P4Cegar6OccurrenceBridge/CegarFamilies.lean:37:4: Try this:
  [apply] simp only [ne_eq] at hmem
info: Erdos9796Proof/P97/ATail/CardElevenUniqueFourCertificate/Support/Unique4P4Cegar6OccurrenceBridge/CegarFamilies.lean:41:6: 'decide' uses 'hmem'!
warning: Erdos9796Proof/P97/ATail/CardElevenUniqueFourCertificate/Support/Unique4P4Cegar6OccurrenceBridge/CegarFamilies.lean:37:4: 'simp [slotSchema, slotOrientation, reflectSchema,
      p4FourEndpointK2Schema] at hmem' is a flexible tactic modifying 'hmem'. Try 'simp?' and use the suggested 'simp only [...]'. Alternatively, use `suffices` to explicitly state the simplified form.

Note: This linter can be disabled with `set_option linter.flexible false`
info: Erdos9796Proof/P97/ATail/CardElevenUniqueFourCertificate/Support/Unique4P4Cegar6OccurrenceBridge/CegarFamilies.lean:37:4: Try this:
  [apply] simp only [ne_eq] at hmem
info: Erdos9796Proof/P97/ATail/CardElevenUniqueFourCertificate/Support/Unique4P4Cegar6OccurrenceBridge/CegarFamilies.lean:41:6: 'decide' uses 'hmem'!
warning: Erdos9796Proof/P97/ATail/CardElevenUniqueFourCertificate/Support/Unique4P4Cegar6OccurrenceBridge/CegarFamilies.lean:37:4: 'simp [slotSchema, slotOrientation, reflectSchema,
      p4FourEndpointK2Schema] at hmem' is a flexible tactic modifying 'hmem'. Try 'simp?' and use the suggested 'simp only [...]'. Alternatively, use `suffices` to explicitly state the simplified form.

Note: This linter can be disabled with `set_option linter.flexible false`
info: Erdos9796Proof/P97/ATail/CardElevenUniqueFourCertificate/Support/Unique4P4Cegar6OccurrenceBridge/CegarFamilies.lean:37:4: Try this:
  [apply] simp only [ne_eq] at hmem
info: Erdos9796Proof/P97/ATail/CardElevenUniqueFourCertificate/Support/Unique4P4Cegar6OccurrenceBridge/CegarFamilies.lean:41:6: 'decide' uses 'hmem'!
warning: Erdos9796Proof/P97/ATail/CardElevenUniqueFourCertificate/Support/Unique4P4Cegar6OccurrenceBridge/CegarFamilies.lean:37:4: 'simp [slotSchema, slotOrientation, reflectSchema,
      p4FourEndpointK2Schema] at hmem' is a flexible tactic modifying 'hmem'. Try 'simp?' and use the suggested 'simp only [...]'. Alternatively, use `suffices` to explicitly state the simplified form.

Note: This linter can be disabled with `set_option linter.flexible false`
info: Erdos9796Proof/P97/ATail/CardElevenUniqueFourCertificate/Support/Unique4P4Cegar6OccurrenceBridge/CegarFamilies.lean:37:4: Try this:
  [apply] simp only [ne_eq] at hmem
info: Erdos9796Proof/P97/ATail/CardElevenUniqueFourCertificate/Support/Unique4P4Cegar6OccurrenceBridge/CegarFamilies.lean:41:6: 'decide' uses 'hmem'!
warning: Erdos9796Proof/P97/ATail/CardElevenUniqueFourCertificate/Support/Unique4P4Cegar6OccurrenceBridge/CegarFamilies.lean:37:4: 'simp [slotSchema, slotOrientation, reflectSchema,
      p4FourEndpointK2Schema] at hmem' is a flexible tactic modifying 'hmem'. Try 'simp?' and use the suggested 'simp only [...]'. Alternatively, use `suffices` to explicitly state the simplified form.

Note: This linter can be disabled with `set_option linter.flexible false`
info: Erdos9796Proof/P97/ATail/CardElevenUniqueFourCertificate/Support/Unique4P4Cegar6OccurrenceBridge/CegarFamilies.lean:37:4: Try this:
  [apply] simp only [ne_eq] at hmem
info: Erdos9796Proof/P97/ATail/CardElevenUniqueFourCertificate/Support/Unique4P4Cegar6OccurrenceBridge/CegarFamilies.lean:41:6: 'decide' uses 'hmem'!
warning: Erdos9796Proof/P97/ATail/CardElevenUniqueFourCertificate/Support/Unique4P4Cegar6OccurrenceBridge/CegarFamilies.lean:37:4: 'simp [slotSchema, slotOrientation, reflectSchema,
      p4FourEndpointK2Schema] at hmem' is a flexible tactic modifying 'hmem'. Try 'simp?' and use the suggested 'simp only [...]'. Alternatively, use `suffices` to explicitly state the simplified form.

Note: This linter can be disabled with `set_option linter.flexible false`
info: Erdos9796Proof/P97/ATail/CardElevenUniqueFourCertificate/Support/Unique4P4Cegar6OccurrenceBridge/CegarFamilies.lean:37:4: Try this:
  [apply] simp only [ne_eq] at hmem
info: Erdos9796Proof/P97/ATail/CardElevenUniqueFourCertificate/Support/Unique4P4Cegar6OccurrenceBridge/CegarFamilies.lean:41:6: 'decide' uses 'hmem'!
warning: Erdos9796Proof/P97/ATail/CardElevenUniqueFourCertificate/Support/Unique4P4Cegar6OccurrenceBridge/CegarFamilies.lean:37:4: 'simp [slotSchema, slotOrientation, reflectSchema,
      p4FourEndpointK2Schema] at hmem' is a flexible tactic modifying 'hmem'. Try 'simp?' and use the suggested 'simp only [...]'. Alternatively, use `suffices` to explicitly state the simplified form.

Note: This linter can be disabled with `set_option linter.flexible false`
info: Erdos9796Proof/P97/ATail/CardElevenUniqueFourCertificate/Support/Unique4P4Cegar6OccurrenceBridge/CegarFamilies.lean:37:4: Try this:
  [apply] simp only [ne_eq] at hmem
info: Erdos9796Proof/P97/ATail/CardElevenUniqueFourCertificate/Support/Unique4P4Cegar6OccurrenceBridge/CegarFamilies.lean:41:6: 'decide' uses 'hmem'!
warning: Erdos9796Proof/P97/ATail/CardElevenUniqueFourCertificate/Support/Unique4P4Cegar6OccurrenceBridge/CegarFamilies.lean:37:4: 'simp [slotSchema, slotOrientation, reflectSchema,
      p4FourEndpointK2Schema] at hmem' is a flexible tactic modifying 'hmem'. Try 'simp?' and use the suggested 'simp only [...]'. Alternatively, use `suffices` to explicitly state the simplified form.

Note: This linter can be disabled with `set_option linter.flexible false`
info: Erdos9796Proof/P97/ATail/CardElevenUniqueFourCertificate/Support/Unique4P4Cegar6OccurrenceBridge/CegarFamilies.lean:37:4: Try this:
  [apply] simp only [ne_eq] at hmem
info: Erdos9796Proof/P97/ATail/CardElevenUniqueFourCertificate/Support/Unique4P4Cegar6OccurrenceBridge/CegarFamilies.lean:41:6: 'decide' uses 'hmem'!
warning: Erdos9796Proof/P97/ATail/CardElevenUniqueFourCertificate/Support/Unique4P4Cegar6OccurrenceBridge/CegarFamilies.lean:37:4: 'simp [slotSchema, slotOrientation, reflectSchema,
      p4FourEndpointK2Schema] at hmem' is a flexible tactic modifying 'hmem'. Try 'simp?' and use the suggested 'simp only [...]'. Alternatively, use `suffices` to explicitly state the simplified form.

Note: This linter can be disabled with `set_option linter.flexible false`
info: Erdos9796Proof/P97/ATail/CardElevenUniqueFourCertificate/Support/Unique4P4Cegar6OccurrenceBridge/CegarFamilies.lean:37:4: Try this:
  [apply] simp only [ne_eq] at hmem
info: Erdos9796Proof/P97/ATail/CardElevenUniqueFourCertificate/Support/Unique4P4Cegar6OccurrenceBridge/CegarFamilies.lean:40:4: 'rcases hmem with (rfl | rfl | rfl | rfl | rfl | rfl | rfl | rfl | rfl)' uses 'hmem'!
warning: Erdos9796Proof/P97/ATail/CardElevenUniqueFourCertificate/Support/Unique4P4Cegar6OccurrenceBridge/CegarFamilies.lean:37:4: 'simp [slotSchema, slotOrientation, reflectSchema,
      p4FourEndpointK2Schema] at hmem' is a flexible tactic modifying 'hmem'. Try 'simp?' and use the suggested 'simp only [...]'. Alternatively, use `suffices` to explicitly state the simplified form.

Note: This linter can be disabled with `set_option linter.flexible false`
info: Erdos9796Proof/P97/ATail/CardElevenUniqueFourCertificate/Support/Unique4P4Cegar6OccurrenceBridge/CegarFamilies.lean:37:4: Try this:
  [apply] simp only [ne_eq] at hmem
info: Erdos9796Proof/P97/ATail/CardElevenUniqueFourCertificate/Support/Unique4P4Cegar6OccurrenceBridge/CegarFamilies.lean:41:6: 'decide' uses 'hmem'!
warning: Erdos9796Proof/P97/ATail/CardElevenUniqueFourCertificate/Support/Unique4P4Cegar6OccurrenceBridge/CegarFamilies.lean:37:4: 'simp [slotSchema, slotOrientation, reflectSchema,
      p4FourEndpointK2Schema] at hmem' is a flexible tactic modifying 'hmem'. Try 'simp?' and use the suggested 'simp only [...]'. Alternatively, use `suffices` to explicitly state the simplified form.

Note: This linter can be disabled with `set_option linter.flexible false`
info: Erdos9796Proof/P97/ATail/CardElevenUniqueFourCertificate/Support/Unique4P4Cegar6OccurrenceBridge/CegarFamilies.lean:37:4: Try this:
  [apply] simp only [ne_eq] at hmem
info: Erdos9796Proof/P97/ATail/CardElevenUniqueFourCertificate/Support/Unique4P4Cegar6OccurrenceBridge/CegarFamilies.lean:41:6: 'decide' uses 'hmem'!
warning: Erdos9796Proof/P97/ATail/CardElevenUniqueFourCertificate/Support/Unique4P4Cegar6OccurrenceBridge/CegarFamilies.lean:37:4: 'simp [slotSchema, slotOrientation, reflectSchema,
      p4FourEndpointK2Schema] at hmem' is a flexible tactic modifying 'hmem'. Try 'simp?' and use the suggested 'simp only [...]'. Alternatively, use `suffices` to explicitly state the simplified form.

Note: This linter can be disabled with `set_option linter.flexible false`
info: Erdos9796Proof/P97/ATail/CardElevenUniqueFourCertificate/Support/Unique4P4Cegar6OccurrenceBridge/CegarFamilies.lean:37:4: Try this:
  [apply] simp only [ne_eq] at hmem
info: Erdos9796Proof/P97/ATail/CardElevenUniqueFourCertificate/Support/Unique4P4Cegar6OccurrenceBridge/CegarFamilies.lean:41:6: 'decide' uses 'hmem'!
warning: Erdos9796Proof/P97/ATail/CardElevenUniqueFourCertificate/Support/Unique4P4Cegar6OccurrenceBridge/CegarFamilies.lean:37:4: 'simp [slotSchema, slotOrientation, reflectSchema,
      p4FourEndpointK2Schema] at hmem' is a flexible tactic modifying 'hmem'. Try 'simp?' and use the suggested 'simp only [...]'. Alternatively, use `suffices` to explicitly state the simplified form.

Note: This linter can be disabled with `set_option linter.flexible false`
info: Erdos9796Proof/P97/ATail/CardElevenUniqueFourCertificate/Support/Unique4P4Cegar6OccurrenceBridge/CegarFamilies.lean:37:4: Try this:
  [apply] simp only [ne_eq] at hmem
info: Erdos9796Proof/P97/ATail/CardElevenUniqueFourCertificate/Support/Unique4P4Cegar6OccurrenceBridge/CegarFamilies.lean:41:6: 'decide' uses 'hmem'!
warning: Erdos9796Proof/P97/ATail/CardElevenUniqueFourCertificate/Support/Unique4P4Cegar6OccurrenceBridge/CegarFamilies.lean:37:4: 'simp [slotSchema, slotOrientation, reflectSchema,
      p4FourEndpointK2Schema] at hmem' is a flexible tactic modifying 'hmem'. Try 'simp?' and use the suggested 'simp only [...]'. Alternatively, use `suffices` to explicitly state the simplified form.

Note: This linter can be disabled with `set_option linter.flexible false`
info: Erdos9796Proof/P97/ATail/CardElevenUniqueFourCertificate/Support/Unique4P4Cegar6OccurrenceBridge/CegarFamilies.lean:37:4: Try this:
  [apply] simp only [ne_eq] at hmem
info: Erdos9796Proof/P97/ATail/CardElevenUniqueFourCertificate/Support/Unique4P4Cegar6OccurrenceBridge/CegarFamilies.lean:41:6: 'decide' uses 'hmem'!
warning: Erdos9796Proof/P97/ATail/CardElevenUniqueFourCertificate/Support/Unique4P4Cegar6OccurrenceBridge/CegarFamilies.lean:37:4: 'simp [slotSchema, slotOrientation, reflectSchema,
      p4FourEndpointK2Schema] at hmem' is a flexible tactic modifying 'hmem'. Try 'simp?' and use the suggested 'simp only [...]'. Alternatively, use `suffices` to explicitly state the simplified form.

Note: This linter can be disabled with `set_option linter.flexible false`
info: Erdos9796Proof/P97/ATail/CardElevenUniqueFourCertificate/Support/Unique4P4Cegar6OccurrenceBridge/CegarFamilies.lean:37:4: Try this:
  [apply] simp only [ne_eq] at hmem
info: Erdos9796Proof/P97/ATail/CardElevenUniqueFourCertificate/Support/Unique4P4Cegar6OccurrenceBridge/CegarFamilies.lean:41:6: 'decide' uses 'hmem'!
warning: Erdos9796Proof/P97/ATail/CardElevenUniqueFourCertificate/Support/Unique4P4Cegar6OccurrenceBridge/CegarFamilies.lean:37:4: 'simp [slotSchema, slotOrientation, reflectSchema,
      p4FourEndpointK2Schema] at hmem' is a flexible tactic modifying 'hmem'. Try 'simp?' and use the suggested 'simp only [...]'. Alternatively, use `suffices` to explicitly state the simplified form.

Note: This linter can be disabled with `set_option linter.flexible false`
info: Erdos9796Proof/P97/ATail/CardElevenUniqueFourCertificate/Support/Unique4P4Cegar6OccurrenceBridge/CegarFamilies.lean:37:4: Try this:
  [apply] simp only [ne_eq] at hmem
info: Erdos9796Proof/P97/ATail/CardElevenUniqueFourCertificate/Support/Unique4P4Cegar6OccurrenceBridge/CegarFamilies.lean:41:6: 'decide' uses 'hmem'!
warning: Erdos9796Proof/P97/ATail/CardElevenUniqueFourCertificate/Support/Unique4P4Cegar6OccurrenceBridge/CegarFamilies.lean:37:4: 'simp [slotSchema, slotOrientation, reflectSchema,
      p4FourEndpointK2Schema] at hmem' is a flexible tactic modifying 'hmem'. Try 'simp?' and use the suggested 'simp only [...]'. Alternatively, use `suffices` to explicitly state the simplified form.

Note: This linter can be disabled with `set_option linter.flexible false`
info: Erdos9796Proof/P97/ATail/CardElevenUniqueFourCertificate/Support/Unique4P4Cegar6OccurrenceBridge/CegarFamilies.lean:37:4: Try this:
  [apply] simp only [ne_eq] at hmem
info: Erdos9796Proof/P97/ATail/CardElevenUniqueFourCertificate/Support/Unique4P4Cegar6OccurrenceBridge/CegarFamilies.lean:41:6: 'decide' uses 'hmem'!
warning: Erdos9796Proof/P97/ATail/CardElevenUniqueFourCertificate/Support/Unique4P4Cegar6OccurrenceBridge/CegarFamilies.lean:37:4: 'simp [slotSchema, slotOrientation, reflectSchema,
      p4FourEndpointK2Schema] at hmem' is a flexible tactic modifying 'hmem'. Try 'simp?' and use the suggested 'simp only [...]'. Alternatively, use `suffices` to explicitly state the simplified form.

Note: This linter can be disabled with `set_option linter.flexible false`
info: Erdos9796Proof/P97/ATail/CardElevenUniqueFourCertificate/Support/Unique4P4Cegar6OccurrenceBridge/CegarFamilies.lean:37:4: Try this:
  [apply] simp only [ne_eq] at hmem
info: Erdos9796Proof/P97/ATail/CardElevenUniqueFourCertificate/Support/Unique4P4Cegar6OccurrenceBridge/CegarFamilies.lean:41:6: 'decide' uses 'hmem'!
warning: Erdos9796Proof/P97/ATail/CardElevenUniqueFourCertificate/Support/Unique4P4Cegar6OccurrenceBridge/CegarFamilies.lean:37:4: 'simp [slotSchema, slotOrientation, reflectSchema,
      p4FourEndpointK2Schema] at hmem' is a flexible tactic modifying 'hmem'. Try 'simp?' and use the suggested 'simp only [...]'. Alternatively, use `suffices` to explicitly state the simplified form.

Note: This linter can be disabled with `set_option linter.flexible false`
info: Erdos9796Proof/P97/ATail/CardElevenUniqueFourCertificate/Support/Unique4P4Cegar6OccurrenceBridge/CegarFamilies.lean:37:4: Try this:
  [apply] simp only [ne_eq] at hmem
info: Erdos9796Proof/P97/ATail/CardElevenUniqueFourCertificate/Support/Unique4P4Cegar6OccurrenceBridge/CegarFamilies.lean:40:4: 'rcases hmem with (rfl | rfl | rfl | rfl | rfl | rfl | rfl | rfl | rfl)' uses 'hmem'!
warning: Erdos9796Proof/P97/ATail/CardElevenUniqueFourCertificate/Support/Unique4P4Cegar6OccurrenceBridge/CegarFamilies.lean:37:4: 'simp [slotSchema, slotOrientation, reflectSchema,
      p4FourEndpointK2Schema] at hmem' is a flexible tactic modifying 'hmem'. Try 'simp?' and use the suggested 'simp only [...]'. Alternatively, use `suffices` to explicitly state the simplified form.

Note: This linter can be disabled with `set_option linter.flexible false`
info: Erdos9796Proof/P97/ATail/CardElevenUniqueFourCertificate/Support/Unique4P4Cegar6OccurrenceBridge/CegarFamilies.lean:37:4: Try this:
  [apply] simp only [ne_eq] at hmem
info: Erdos9796Proof/P97/ATail/CardElevenUniqueFourCertificate/Support/Unique4P4Cegar6OccurrenceBridge/CegarFamilies.lean:41:6: 'decide' uses 'hmem'!
warning: Erdos9796Proof/P97/ATail/CardElevenUniqueFourCertificate/Support/Unique4P4Cegar6OccurrenceBridge/CegarFamilies.lean:37:4: 'simp [slotSchema, slotOrientation, reflectSchema,
      p4FourEndpointK2Schema] at hmem' is a flexible tactic modifying 'hmem'. Try 'simp?' and use the suggested 'simp only [...]'. Alternatively, use `suffices` to explicitly state the simplified form.

Note: This linter can be disabled with `set_option linter.flexible false`
info: Erdos9796Proof/P97/ATail/CardElevenUniqueFourCertificate/Support/Unique4P4Cegar6OccurrenceBridge/CegarFamilies.lean:37:4: Try this:
  [apply] simp only [ne_eq] at hmem
info: Erdos9796Proof/P97/ATail/CardElevenUniqueFourCertificate/Support/Unique4P4Cegar6OccurrenceBridge/CegarFamilies.lean:41:6: 'decide' uses 'hmem'!
warning: Erdos9796Proof/P97/ATail/CardElevenUniqueFourCertificate/Support/Unique4P4Cegar6OccurrenceBridge/CegarFamilies.lean:37:4: 'simp [slotSchema, slotOrientation, reflectSchema,
      p4FourEndpointK2Schema] at hmem' is a flexible tactic modifying 'hmem'. Try 'simp?' and use the suggested 'simp only [...]'. Alternatively, use `suffices` to explicitly state the simplified form.

Note: This linter can be disabled with `set_option linter.flexible false`
info: Erdos9796Proof/P97/ATail/CardElevenUniqueFourCertificate/Support/Unique4P4Cegar6OccurrenceBridge/CegarFamilies.lean:37:4: Try this:
  [apply] simp only [ne_eq] at hmem
info: Erdos9796Proof/P97/ATail/CardElevenUniqueFourCertificate/Support/Unique4P4Cegar6OccurrenceBridge/CegarFamilies.lean:41:6: 'decide' uses 'hmem'!
warning: Erdos9796Proof/P97/ATail/CardElevenUniqueFourCertificate/Support/Unique4P4Cegar6OccurrenceBridge/CegarFamilies.lean:37:4: 'simp [slotSchema, slotOrientation, reflectSchema,
      p4FourEndpointK2Schema] at hmem' is a flexible tactic modifying 'hmem'. Try 'simp?' and use the suggested 'simp only [...]'. Alternatively, use `suffices` to explicitly state the simplified form.

Note: This linter can be disabled with `set_option linter.flexible false`
info: Erdos9796Proof/P97/ATail/CardElevenUniqueFourCertificate/Support/Unique4P4Cegar6OccurrenceBridge/CegarFamilies.lean:37:4: Try this:
  [apply] simp only [ne_eq] at hmem
info: Erdos9796Proof/P97/ATail/CardElevenUniqueFourCertificate/Support/Unique4P4Cegar6OccurrenceBridge/CegarFamilies.lean:41:6: 'decide' uses 'hmem'!
warning: Erdos9796Proof/P97/ATail/CardElevenUniqueFourCertificate/Support/Unique4P4Cegar6OccurrenceBridge/CegarFamilies.lean:37:4: 'simp [slotSchema, slotOrientation, reflectSchema,
      p4FourEndpointK2Schema] at hmem' is a flexible tactic modifying 'hmem'. Try 'simp?' and use the suggested 'simp only [...]'. Alternatively, use `suffices` to explicitly state the simplified form.

Note: This linter can be disabled with `set_option linter.flexible false`
info: Erdos9796Proof/P97/ATail/CardElevenUniqueFourCertificate/Support/Unique4P4Cegar6OccurrenceBridge/CegarFamilies.lean:37:4: Try this:
  [apply] simp only [ne_eq] at hmem
info: Erdos9796Proof/P97/ATail/CardElevenUniqueFourCertificate/Support/Unique4P4Cegar6OccurrenceBridge/CegarFamilies.lean:41:6: 'decide' uses 'hmem'!
warning: Erdos9796Proof/P97/ATail/CardElevenUniqueFourCertificate/Support/Unique4P4Cegar6OccurrenceBridge/CegarFamilies.lean:37:4: 'simp [slotSchema, slotOrientation, reflectSchema,
      p4FourEndpointK2Schema] at hmem' is a flexible tactic modifying 'hmem'. Try 'simp?' and use the suggested 'simp only [...]'. Alternatively, use `suffices` to explicitly state the simplified form.

Note: This linter can be disabled with `set_option linter.flexible false`
info: Erdos9796Proof/P97/ATail/CardElevenUniqueFourCertificate/Support/Unique4P4Cegar6OccurrenceBridge/CegarFamilies.lean:37:4: Try this:
  [apply] simp only [ne_eq] at hmem
info: Erdos9796Proof/P97/ATail/CardElevenUniqueFourCertificate/Support/Unique4P4Cegar6OccurrenceBridge/CegarFamilies.lean:41:6: 'decide' uses 'hmem'!
warning: Erdos9796Proof/P97/ATail/CardElevenUniqueFourCertificate/Support/Unique4P4Cegar6OccurrenceBridge/CegarFamilies.lean:37:4: 'simp [slotSchema, slotOrientation, reflectSchema,
      p4FourEndpointK2Schema] at hmem' is a flexible tactic modifying 'hmem'. Try 'simp?' and use the suggested 'simp only [...]'. Alternatively, use `suffices` to explicitly state the simplified form.

Note: This linter can be disabled with `set_option linter.flexible false`
info: Erdos9796Proof/P97/ATail/CardElevenUniqueFourCertificate/Support/Unique4P4Cegar6OccurrenceBridge/CegarFamilies.lean:37:4: Try this:
  [apply] simp only [ne_eq] at hmem
info: Erdos9796Proof/P97/ATail/CardElevenUniqueFourCertificate/Support/Unique4P4Cegar6OccurrenceBridge/CegarFamilies.lean:41:6: 'decide' uses 'hmem'!
warning: Erdos9796Proof/P97/ATail/CardElevenUniqueFourCertificate/Support/Unique4P4Cegar6OccurrenceBridge/CegarFamilies.lean:37:4: 'simp [slotSchema, slotOrientation, reflectSchema,
      p4FourEndpointK2Schema] at hmem' is a flexible tactic modifying 'hmem'. Try 'simp?' and use the suggested 'simp only [...]'. Alternatively, use `suffices` to explicitly state the simplified form.

Note: This linter can be disabled with `set_option linter.flexible false`
info: Erdos9796Proof/P97/ATail/CardElevenUniqueFourCertificate/Support/Unique4P4Cegar6OccurrenceBridge/CegarFamilies.lean:37:4: Try this:
  [apply] simp only [ne_eq] at hmem
info: Erdos9796Proof/P97/ATail/CardElevenUniqueFourCertificate/Support/Unique4P4Cegar6OccurrenceBridge/CegarFamilies.lean:41:6: 'decide' uses 'hmem'!
warning: Erdos9796Proof/P97/ATail/CardElevenUniqueFourCertificate/Support/Unique4P4Cegar6OccurrenceBridge/CegarFamilies.lean:37:4: 'simp [slotSchema, slotOrientation, reflectSchema,
      p4FourEndpointK2Schema] at hmem' is a flexible tactic modifying 'hmem'. Try 'simp?' and use the suggested 'simp only [...]'. Alternatively, use `suffices` to explicitly state the simplified form.

Note: This linter can be disabled with `set_option linter.flexible false`
info: Erdos9796Proof/P97/ATail/CardElevenUniqueFourCertificate/Support/Unique4P4Cegar6OccurrenceBridge/CegarFamilies.lean:37:4: Try this:
  [apply] simp only [ne_eq] at hmem
info: Erdos9796Proof/P97/ATail/CardElevenUniqueFourCertificate/Support/Unique4P4Cegar6OccurrenceBridge/CegarFamilies.lean:41:6: 'decide' uses 'hmem'!
warning: Erdos9796Proof/P97/ATail/CardElevenUniqueFourCertificate/Support/Unique4P4Cegar6OccurrenceBridge/CegarFamilies.lean:37:4: 'simp [slotSchema, slotOrientation, reflectSchema,
      p4FourEndpointK2Schema] at hmem' is a flexible tactic modifying 'hmem'. Try 'simp?' and use the suggested 'simp only [...]'. Alternatively, use `suffices` to explicitly state the simplified form.

Note: This linter can be disabled with `set_option linter.flexible false`
info: Erdos9796Proof/P97/ATail/CardElevenUniqueFourCertificate/Support/Unique4P4Cegar6OccurrenceBridge/CegarFamilies.lean:37:4: Try this:
  [apply] simp only [ne_eq] at hmem
info: Erdos9796Proof/P97/ATail/CardElevenUniqueFourCertificate/Support/Unique4P4Cegar6OccurrenceBridge/CegarFamilies.lean:40:4: 'rcases hmem with (rfl | rfl | rfl | rfl | rfl | rfl | rfl | rfl | rfl)' uses 'hmem'!
warning: Erdos9796Proof/P97/ATail/CardElevenUniqueFourCertificate/Support/Unique4P4Cegar6OccurrenceBridge/CegarFamilies.lean:37:4: 'simp [slotSchema, slotOrientation, reflectSchema,
      p4FourEndpointK2Schema] at hmem' is a flexible tactic modifying 'hmem'. Try 'simp?' and use the suggested 'simp only [...]'. Alternatively, use `suffices` to explicitly state the simplified form.

Note: This linter can be disabled with `set_option linter.flexible false`
info: Erdos9796Proof/P97/ATail/CardElevenUniqueFourCertificate/Support/Unique4P4Cegar6OccurrenceBridge/CegarFamilies.lean:37:4: Try this:
  [apply] simp only [ne_eq] at hmem
info: Erdos9796Proof/P97/ATail/CardElevenUniqueFourCertificate/Support/Unique4P4Cegar6OccurrenceBridge/CegarFamilies.lean:41:6: 'decide' uses 'hmem'!
warning: Erdos9796Proof/P97/ATail/CardElevenUniqueFourCertificate/Support/Unique4P4Cegar6OccurrenceBridge/CegarFamilies.lean:37:4: 'simp [slotSchema, slotOrientation, reflectSchema,
      p4FourEndpointK2Schema] at hmem' is a flexible tactic modifying 'hmem'. Try 'simp?' and use the suggested 'simp only [...]'. Alternatively, use `suffices` to explicitly state the simplified form.

Note: This linter can be disabled with `set_option linter.flexible false`
info: Erdos9796Proof/P97/ATail/CardElevenUniqueFourCertificate/Support/Unique4P4Cegar6OccurrenceBridge/CegarFamilies.lean:37:4: Try this:
  [apply] simp only [ne_eq] at hmem
info: Erdos9796Proof/P97/ATail/CardElevenUniqueFourCertificate/Support/Unique4P4Cegar6OccurrenceBridge/CegarFamilies.lean:41:6: 'decide' uses 'hmem'!
warning: Erdos9796Proof/P97/ATail/CardElevenUniqueFourCertificate/Support/Unique4P4Cegar6OccurrenceBridge/CegarFamilies.lean:37:4: 'simp [slotSchema, slotOrientation, reflectSchema,
      p4FourEndpointK2Schema] at hmem' is a flexible tactic modifying 'hmem'. Try 'simp?' and use the suggested 'simp only [...]'. Alternatively, use `suffices` to explicitly state the simplified form.

Note: This linter can be disabled with `set_option linter.flexible false`
info: Erdos9796Proof/P97/ATail/CardElevenUniqueFourCertificate/Support/Unique4P4Cegar6OccurrenceBridge/CegarFamilies.lean:37:4: Try this:
  [apply] simp only [ne_eq] at hmem
info: Erdos9796Proof/P97/ATail/CardElevenUniqueFourCertificate/Support/Unique4P4Cegar6OccurrenceBridge/CegarFamilies.lean:41:6: 'decide' uses 'hmem'!
warning: Erdos9796Proof/P97/ATail/CardElevenUniqueFourCertificate/Support/Unique4P4Cegar6OccurrenceBridge/CegarFamilies.lean:37:4: 'simp [slotSchema, slotOrientation, reflectSchema,
      p4FourEndpointK2Schema] at hmem' is a flexible tactic modifying 'hmem'. Try 'simp?' and use the suggested 'simp only [...]'. Alternatively, use `suffices` to explicitly state the simplified form.

Note: This linter can be disabled with `set_option linter.flexible false`
info: Erdos9796Proof/P97/ATail/CardElevenUniqueFourCertificate/Support/Unique4P4Cegar6OccurrenceBridge/CegarFamilies.lean:37:4: Try this:
  [apply] simp only [ne_eq] at hmem
info: Erdos9796Proof/P97/ATail/CardElevenUniqueFourCertificate/Support/Unique4P4Cegar6OccurrenceBridge/CegarFamilies.lean:41:6: 'decide' uses 'hmem'!
warning: Erdos9796Proof/P97/ATail/CardElevenUniqueFourCertificate/Support/Unique4P4Cegar6OccurrenceBridge/CegarFamilies.lean:37:4: 'simp [slotSchema, slotOrientation, reflectSchema,
      p4FourEndpointK2Schema] at hmem' is a flexible tactic modifying 'hmem'. Try 'simp?' and use the suggested 'simp only [...]'. Alternatively, use `suffices` to explicitly state the simplified form.

Note: This linter can be disabled with `set_option linter.flexible false`
info: Erdos9796Proof/P97/ATail/CardElevenUniqueFourCertificate/Support/Unique4P4Cegar6OccurrenceBridge/CegarFamilies.lean:37:4: Try this:
  [apply] simp only [ne_eq] at hmem
info: Erdos9796Proof/P97/ATail/CardElevenUniqueFourCertificate/Support/Unique4P4Cegar6OccurrenceBridge/CegarFamilies.lean:41:6: 'decide' uses 'hmem'!
warning: Erdos9796Proof/P97/ATail/CardElevenUniqueFourCertificate/Support/Unique4P4Cegar6OccurrenceBridge/CegarFamilies.lean:37:4: 'simp [slotSchema, slotOrientation, reflectSchema,
      p4FourEndpointK2Schema] at hmem' is a flexible tactic modifying 'hmem'. Try 'simp?' and use the suggested 'simp only [...]'. Alternatively, use `suffices` to explicitly state the simplified form.

Note: This linter can be disabled with `set_option linter.flexible false`
info: Erdos9796Proof/P97/ATail/CardElevenUniqueFourCertificate/Support/Unique4P4Cegar6OccurrenceBridge/CegarFamilies.lean:37:4: Try this:
  [apply] simp only [ne_eq] at hmem
info: Erdos9796Proof/P97/ATail/CardElevenUniqueFourCertificate/Support/Unique4P4Cegar6OccurrenceBridge/CegarFamilies.lean:41:6: 'decide' uses 'hmem'!
warning: Erdos9796Proof/P97/ATail/CardElevenUniqueFourCertificate/Support/Unique4P4Cegar6OccurrenceBridge/CegarFamilies.lean:37:4: 'simp [slotSchema, slotOrientation, reflectSchema,
      p4FourEndpointK2Schema] at hmem' is a flexible tactic modifying 'hmem'. Try 'simp?' and use the suggested 'simp only [...]'. Alternatively, use `suffices` to explicitly state the simplified form.

Note: This linter can be disabled with `set_option linter.flexible false`
info: Erdos9796Proof/P97/ATail/CardElevenUniqueFourCertificate/Support/Unique4P4Cegar6OccurrenceBridge/CegarFamilies.lean:37:4: Try this:
  [apply] simp only [ne_eq] at hmem
info: Erdos9796Proof/P97/ATail/CardElevenUniqueFourCertificate/Support/Unique4P4Cegar6OccurrenceBridge/CegarFamilies.lean:41:6: 'decide' uses 'hmem'!
warning: Erdos9796Proof/P97/ATail/CardElevenUniqueFourCertificate/Support/Unique4P4Cegar6OccurrenceBridge/CegarFamilies.lean:37:4: 'simp [slotSchema, slotOrientation, reflectSchema,
      p4FourEndpointK2Schema] at hmem' is a flexible tactic modifying 'hmem'. Try 'simp?' and use the suggested 'simp only [...]'. Alternatively, use `suffices` to explicitly state the simplified form.

Note: This linter can be disabled with `set_option linter.flexible false`
info: Erdos9796Proof/P97/ATail/CardElevenUniqueFourCertificate/Support/Unique4P4Cegar6OccurrenceBridge/CegarFamilies.lean:37:4: Try this:
  [apply] simp only [ne_eq] at hmem
info: Erdos9796Proof/P97/ATail/CardElevenUniqueFourCertificate/Support/Unique4P4Cegar6OccurrenceBridge/CegarFamilies.lean:41:6: 'decide' uses 'hmem'!
warning: Erdos9796Proof/P97/ATail/CardElevenUniqueFourCertificate/Support/Unique4P4Cegar6OccurrenceBridge/CegarFamilies.lean:37:4: 'simp [slotSchema, slotOrientation, reflectSchema,
      p4FourEndpointK2Schema] at hmem' is a flexible tactic modifying 'hmem'. Try 'simp?' and use the suggested 'simp only [...]'. Alternatively, use `suffices` to explicitly state the simplified form.

Note: This linter can be disabled with `set_option linter.flexible false`
info: Erdos9796Proof/P97/ATail/CardElevenUniqueFourCertificate/Support/Unique4P4Cegar6OccurrenceBridge/CegarFamilies.lean:37:4: Try this:
  [apply] simp only [ne_eq] at hmem
info: Erdos9796Proof/P97/ATail/CardElevenUniqueFourCertificate/Support/Unique4P4Cegar6OccurrenceBridge/CegarFamilies.lean:41:6: 'decide' uses 'hmem'!
warning: Erdos9796Proof/P97/ATail/CardElevenUniqueFourCertificate/Support/Unique4P4Cegar6OccurrenceBridge/CegarFamilies.lean:37:4: 'simp [slotSchema, slotOrientation, reflectSchema,
      p4FourEndpointK2Schema] at hmem' is a flexible tactic modifying 'hmem'. Try 'simp?' and use the suggested 'simp only [...]'. Alternatively, use `suffices` to explicitly state the simplified form.

Note: This linter can be disabled with `set_option linter.flexible false`
info: Erdos9796Proof/P97/ATail/CardElevenUniqueFourCertificate/Support/Unique4P4Cegar6OccurrenceBridge/CegarFamilies.lean:37:4: Try this:
  [apply] simp only [ne_eq] at hmem
info: Erdos9796Proof/P97/ATail/CardElevenUniqueFourCertificate/Support/Unique4P4Cegar6OccurrenceBridge/CegarFamilies.lean:40:4: 'rcases hmem with (rfl | rfl | rfl | rfl | rfl | rfl | rfl | rfl | rfl)' uses 'hmem'!
warning: Erdos9796Proof/P97/ATail/CardElevenUniqueFourCertificate/Support/Unique4P4Cegar6OccurrenceBridge/CegarFamilies.lean:37:4: 'simp [slotSchema, slotOrientation, reflectSchema,
      p4FourEndpointK2Schema] at hmem' is a flexible tactic modifying 'hmem'. Try 'simp?' and use the suggested 'simp only [...]'. Alternatively, use `suffices` to explicitly state the simplified form.

Note: This linter can be disabled with `set_option linter.flexible false`
info: Erdos9796Proof/P97/ATail/CardElevenUniqueFourCertificate/Support/Unique4P4Cegar6OccurrenceBridge/CegarFamilies.lean:37:4: Try this:
  [apply] simp only [ne_eq] at hmem
info: Erdos9796Proof/P97/ATail/CardElevenUniqueFourCertificate/Support/Unique4P4Cegar6OccurrenceBridge/CegarFamilies.lean:41:6: 'decide' uses 'hmem'!
warning: Erdos9796Proof/P97/ATail/CardElevenUniqueFourCertificate/Support/Unique4P4Cegar6OccurrenceBridge/CegarFamilies.lean:37:4: 'simp [slotSchema, slotOrientation, reflectSchema,
      p4FourEndpointK2Schema] at hmem' is a flexible tactic modifying 'hmem'. Try 'simp?' and use the suggested 'simp only [...]'. Alternatively, use `suffices` to explicitly state the simplified form.

Note: This linter can be disabled with `set_option linter.flexible false`
info: Erdos9796Proof/P97/ATail/CardElevenUniqueFourCertificate/Support/Unique4P4Cegar6OccurrenceBridge/CegarFamilies.lean:37:4: Try this:
  [apply] simp only [ne_eq] at hmem
info: Erdos9796Proof/P97/ATail/CardElevenUniqueFourCertificate/Support/Unique4P4Cegar6OccurrenceBridge/CegarFamilies.lean:41:6: 'decide' uses 'hmem'!
warning: Erdos9796Proof/P97/ATail/CardElevenUniqueFourCertificate/Support/Unique4P4Cegar6OccurrenceBridge/CegarFamilies.lean:37:4: 'simp [slotSchema, slotOrientation, reflectSchema,
      p4FourEndpointK2Schema] at hmem' is a flexible tactic modifying 'hmem'. Try 'simp?' and use the suggested 'simp only [...]'. Alternatively, use `suffices` to explicitly state the simplified form.

Note: This linter can be disabled with `set_option linter.flexible false`
info: Erdos9796Proof/P97/ATail/CardElevenUniqueFourCertificate/Support/Unique4P4Cegar6OccurrenceBridge/CegarFamilies.lean:37:4: Try this:
  [apply] simp only [ne_eq] at hmem
info: Erdos9796Proof/P97/ATail/CardElevenUniqueFourCertificate/Support/Unique4P4Cegar6OccurrenceBridge/CegarFamilies.lean:41:6: 'decide' uses 'hmem'!
warning: Erdos9796Proof/P97/ATail/CardElevenUniqueFourCertificate/Support/Unique4P4Cegar6OccurrenceBridge/CegarFamilies.lean:37:4: 'simp [slotSchema, slotOrientation, reflectSchema,
      p4FourEndpointK2Schema] at hmem' is a flexible tactic modifying 'hmem'. Try 'simp?' and use the suggested 'simp only [...]'. Alternatively, use `suffices` to explicitly state the simplified form.

Note: This linter can be disabled with `set_option linter.flexible false`
info: Erdos9796Proof/P97/ATail/CardElevenUniqueFourCertificate/Support/Unique4P4Cegar6OccurrenceBridge/CegarFamilies.lean:37:4: Try this:
  [apply] simp only [ne_eq] at hmem
info: Erdos9796Proof/P97/ATail/CardElevenUniqueFourCertificate/Support/Unique4P4Cegar6OccurrenceBridge/CegarFamilies.lean:41:6: 'decide' uses 'hmem'!
warning: Erdos9796Proof/P97/ATail/CardElevenUniqueFourCertificate/Support/Unique4P4Cegar6OccurrenceBridge/CegarFamilies.lean:37:4: 'simp [slotSchema, slotOrientation, reflectSchema,
      p4FourEndpointK2Schema] at hmem' is a flexible tactic modifying 'hmem'. Try 'simp?' and use the suggested 'simp only [...]'. Alternatively, use `suffices` to explicitly state the simplified form.

Note: This linter can be disabled with `set_option linter.flexible false`
info: Erdos9796Proof/P97/ATail/CardElevenUniqueFourCertificate/Support/Unique4P4Cegar6OccurrenceBridge/CegarFamilies.lean:37:4: Try this:
  [apply] simp only [ne_eq] at hmem
info: Erdos9796Proof/P97/ATail/CardElevenUniqueFourCertificate/Support/Unique4P4Cegar6OccurrenceBridge/CegarFamilies.lean:41:6: 'decide' uses 'hmem'!
warning: Erdos9796Proof/P97/ATail/CardElevenUniqueFourCertificate/Support/Unique4P4Cegar6OccurrenceBridge/CegarFamilies.lean:37:4: 'simp [slotSchema, slotOrientation, reflectSchema,
      p4FourEndpointK2Schema] at hmem' is a flexible tactic modifying 'hmem'. Try 'simp?' and use the suggested 'simp only [...]'. Alternatively, use `suffices` to explicitly state the simplified form.

Note: This linter can be disabled with `set_option linter.flexible false`
info: Erdos9796Proof/P97/ATail/CardElevenUniqueFourCertificate/Support/Unique4P4Cegar6OccurrenceBridge/CegarFamilies.lean:37:4: Try this:
  [apply] simp only [ne_eq] at hmem
info: Erdos9796Proof/P97/ATail/CardElevenUniqueFourCertificate/Support/Unique4P4Cegar6OccurrenceBridge/CegarFamilies.lean:41:6: 'decide' uses 'hmem'!
warning: Erdos9796Proof/P97/ATail/CardElevenUniqueFourCertificate/Support/Unique4P4Cegar6OccurrenceBridge/CegarFamilies.lean:37:4: 'simp [slotSchema, slotOrientation, reflectSchema,
      p4FourEndpointK2Schema] at hmem' is a flexible tactic modifying 'hmem'. Try 'simp?' and use the suggested 'simp only [...]'. Alternatively, use `suffices` to explicitly state the simplified form.

Note: This linter can be disabled with `set_option linter.flexible false`
info: Erdos9796Proof/P97/ATail/CardElevenUniqueFourCertificate/Support/Unique4P4Cegar6OccurrenceBridge/CegarFamilies.lean:37:4: Try this:
  [apply] simp only [ne_eq] at hmem
info: Erdos9796Proof/P97/ATail/CardElevenUniqueFourCertificate/Support/Unique4P4Cegar6OccurrenceBridge/CegarFamilies.lean:41:6: 'decide' uses 'hmem'!
warning: Erdos9796Proof/P97/ATail/CardElevenUniqueFourCertificate/Support/Unique4P4Cegar6OccurrenceBridge/CegarFamilies.lean:37:4: 'simp [slotSchema, slotOrientation, reflectSchema,
      p4FourEndpointK2Schema] at hmem' is a flexible tactic modifying 'hmem'. Try 'simp?' and use the suggested 'simp only [...]'. Alternatively, use `suffices` to explicitly state the simplified form.

Note: This linter can be disabled with `set_option linter.flexible false`
info: Erdos9796Proof/P97/ATail/CardElevenUniqueFourCertificate/Support/Unique4P4Cegar6OccurrenceBridge/CegarFamilies.lean:37:4: Try this:
  [apply] simp only [ne_eq] at hmem
info: Erdos9796Proof/P97/ATail/CardElevenUniqueFourCertificate/Support/Unique4P4Cegar6OccurrenceBridge/CegarFamilies.lean:41:6: 'decide' uses 'hmem'!
warning: Erdos9796Proof/P97/ATail/CardElevenUniqueFourCertificate/Support/Unique4P4Cegar6OccurrenceBridge/CegarFamilies.lean:37:4: 'simp [slotSchema, slotOrientation, reflectSchema,
      p4FourEndpointK2Schema] at hmem' is a flexible tactic modifying 'hmem'. Try 'simp?' and use the suggested 'simp only [...]'. Alternatively, use `suffices` to explicitly state the simplified form.

Note: This linter can be disabled with `set_option linter.flexible false`
info: Erdos9796Proof/P97/ATail/CardElevenUniqueFourCertificate/Support/Unique4P4Cegar6OccurrenceBridge/CegarFamilies.lean:37:4: Try this:
  [apply] simp only [ne_eq] at hmem
info: Erdos9796Proof/P97/ATail/CardElevenUniqueFourCertificate/Support/Unique4P4Cegar6OccurrenceBridge/CegarFamilies.lean:41:6: 'decide' uses 'hmem'!
warning: Erdos9796Proof/P97/ATail/CardElevenUniqueFourCertificate/Support/Unique4P4Cegar6OccurrenceBridge/CegarFamilies.lean:37:4: 'simp [slotSchema, slotOrientation, reflectSchema,
      p4FourEndpointK2Schema] at hmem' is a flexible tactic modifying 'hmem'. Try 'simp?' and use the suggested 'simp only [...]'. Alternatively, use `suffices` to explicitly state the simplified form.

Note: This linter can be disabled with `set_option linter.flexible false`
info: Erdos9796Proof/P97/ATail/CardElevenUniqueFourCertificate/Support/Unique4P4Cegar6OccurrenceBridge/CegarFamilies.lean:37:4: Try this:
  [apply] simp only [ne_eq] at hmem
info: Erdos9796Proof/P97/ATail/CardElevenUniqueFourCertificate/Support/Unique4P4Cegar6OccurrenceBridge/CegarFamilies.lean:40:4: 'rcases hmem with (rfl | rfl | rfl | rfl | rfl | rfl | rfl | rfl | rfl)' uses 'hmem'!
warning: Erdos9796Proof/P97/ATail/CardElevenUniqueFourCertificate/Support/Unique4P4Cegar6OccurrenceBridge/CegarFamilies.lean:37:4: 'simp [slotSchema, slotOrientation, reflectSchema,
      p4FourEndpointK2Schema] at hmem' is a flexible tactic modifying 'hmem'. Try 'simp?' and use the suggested 'simp only [...]'. Alternatively, use `suffices` to explicitly state the simplified form.

Note: This linter can be disabled with `set_option linter.flexible false`
info: Erdos9796Proof/P97/ATail/CardElevenUniqueFourCertificate/Support/Unique4P4Cegar6OccurrenceBridge/CegarFamilies.lean:37:4: Try this:
  [apply] simp only [ne_eq] at hmem
info: Erdos9796Proof/P97/ATail/CardElevenUniqueFourCertificate/Support/Unique4P4Cegar6OccurrenceBridge/CegarFamilies.lean:41:6: 'decide' uses 'hmem'!
warning: Erdos9796Proof/P97/ATail/CardElevenUniqueFourCertificate/Support/Unique4P4Cegar6OccurrenceBridge/CegarFamilies.lean:37:4: 'simp [slotSchema, slotOrientation, reflectSchema,
      p4FourEndpointK2Schema] at hmem' is a flexible tactic modifying 'hmem'. Try 'simp?' and use the suggested 'simp only [...]'. Alternatively, use `suffices` to explicitly state the simplified form.

Note: This linter can be disabled with `set_option linter.flexible false`
info: Erdos9796Proof/P97/ATail/CardElevenUniqueFourCertificate/Support/Unique4P4Cegar6OccurrenceBridge/CegarFamilies.lean:37:4: Try this:
  [apply] simp only [ne_eq] at hmem
info: Erdos9796Proof/P97/ATail/CardElevenUniqueFourCertificate/Support/Unique4P4Cegar6OccurrenceBridge/CegarFamilies.lean:41:6: 'decide' uses 'hmem'!
warning: Erdos9796Proof/P97/ATail/CardElevenUniqueFourCertificate/Support/Unique4P4Cegar6OccurrenceBridge/CegarFamilies.lean:37:4: 'simp [slotSchema, slotOrientation, reflectSchema,
      p4FourEndpointK2Schema] at hmem' is a flexible tactic modifying 'hmem'. Try 'simp?' and use the suggested 'simp only [...]'. Alternatively, use `suffices` to explicitly state the simplified form.

Note: This linter can be disabled with `set_option linter.flexible false`
info: Erdos9796Proof/P97/ATail/CardElevenUniqueFourCertificate/Support/Unique4P4Cegar6OccurrenceBridge/CegarFamilies.lean:37:4: Try this:
  [apply] simp only [ne_eq] at hmem
info: Erdos9796Proof/P97/ATail/CardElevenUniqueFourCertificate/Support/Unique4P4Cegar6OccurrenceBridge/CegarFamilies.lean:41:6: 'decide' uses 'hmem'!
warning: Erdos9796Proof/P97/ATail/CardElevenUniqueFourCertificate/Support/Unique4P4Cegar6OccurrenceBridge/CegarFamilies.lean:37:4: 'simp [slotSchema, slotOrientation, reflectSchema,
      p4FourEndpointK2Schema] at hmem' is a flexible tactic modifying 'hmem'. Try 'simp?' and use the suggested 'simp only [...]'. Alternatively, use `suffices` to explicitly state the simplified form.

Note: This linter can be disabled with `set_option linter.flexible false`
info: Erdos9796Proof/P97/ATail/CardElevenUniqueFourCertificate/Support/Unique4P4Cegar6OccurrenceBridge/CegarFamilies.lean:37:4: Try this:
  [apply] simp only [ne_eq] at hmem
info: Erdos9796Proof/P97/ATail/CardElevenUniqueFourCertificate/Support/Unique4P4Cegar6OccurrenceBridge/CegarFamilies.lean:41:6: 'decide' uses 'hmem'!
warning: Erdos9796Proof/P97/ATail/CardElevenUniqueFourCertificate/Support/Unique4P4Cegar6OccurrenceBridge/CegarFamilies.lean:37:4: 'simp [slotSchema, slotOrientation, reflectSchema,
      p4FourEndpointK2Schema] at hmem' is a flexible tactic modifying 'hmem'. Try 'simp?' and use the suggested 'simp only [...]'. Alternatively, use `suffices` to explicitly state the simplified form.

Note: This linter can be disabled with `set_option linter.flexible false`
info: Erdos9796Proof/P97/ATail/CardElevenUniqueFourCertificate/Support/Unique4P4Cegar6OccurrenceBridge/CegarFamilies.lean:37:4: Try this:
  [apply] simp only [ne_eq] at hmem
info: Erdos9796Proof/P97/ATail/CardElevenUniqueFourCertificate/Support/Unique4P4Cegar6OccurrenceBridge/CegarFamilies.lean:41:6: 'decide' uses 'hmem'!
warning: Erdos9796Proof/P97/ATail/CardElevenUniqueFourCertificate/Support/Unique4P4Cegar6OccurrenceBridge/CegarFamilies.lean:37:4: 'simp [slotSchema, slotOrientation, reflectSchema,
      p4FourEndpointK2Schema] at hmem' is a flexible tactic modifying 'hmem'. Try 'simp?' and use the suggested 'simp only [...]'. Alternatively, use `suffices` to explicitly state the simplified form.

Note: This linter can be disabled with `set_option linter.flexible false`
info: Erdos9796Proof/P97/ATail/CardElevenUniqueFourCertificate/Support/Unique4P4Cegar6OccurrenceBridge/CegarFamilies.lean:37:4: Try this:
  [apply] simp only [ne_eq] at hmem
info: Erdos9796Proof/P97/ATail/CardElevenUniqueFourCertificate/Support/Unique4P4Cegar6OccurrenceBridge/CegarFamilies.lean:41:6: 'decide' uses 'hmem'!
warning: Erdos9796Proof/P97/ATail/CardElevenUniqueFourCertificate/Support/Unique4P4Cegar6OccurrenceBridge/CegarFamilies.lean:37:4: 'simp [slotSchema, slotOrientation, reflectSchema,
      p4FourEndpointK2Schema] at hmem' is a flexible tactic modifying 'hmem'. Try 'simp?' and use the suggested 'simp only [...]'. Alternatively, use `suffices` to explicitly state the simplified form.

Note: This linter can be disabled with `set_option linter.flexible false`
info: Erdos9796Proof/P97/ATail/CardElevenUniqueFourCertificate/Support/Unique4P4Cegar6OccurrenceBridge/CegarFamilies.lean:37:4: Try this:
  [apply] simp only [ne_eq] at hmem
info: Erdos9796Proof/P97/ATail/CardElevenUniqueFourCertificate/Support/Unique4P4Cegar6OccurrenceBridge/CegarFamilies.lean:41:6: 'decide' uses 'hmem'!
warning: Erdos9796Proof/P97/ATail/CardElevenUniqueFourCertificate/Support/Unique4P4Cegar6OccurrenceBridge/CegarFamilies.lean:37:4: 'simp [slotSchema, slotOrientation, reflectSchema,
      p4FourEndpointK2Schema] at hmem' is a flexible tactic modifying 'hmem'. Try 'simp?' and use the suggested 'simp only [...]'. Alternatively, use `suffices` to explicitly state the simplified form.

Note: This linter can be disabled with `set_option linter.flexible false`
info: Erdos9796Proof/P97/ATail/CardElevenUniqueFourCertificate/Support/Unique4P4Cegar6OccurrenceBridge/CegarFamilies.lean:37:4: Try this:
  [apply] simp only [ne_eq] at hmem
info: Erdos9796Proof/P97/ATail/CardElevenUniqueFourCertificate/Support/Unique4P4Cegar6OccurrenceBridge/CegarFamilies.lean:41:6: 'decide' uses 'hmem'!
warning: Erdos9796Proof/P97/ATail/CardElevenUniqueFourCertificate/Support/Unique4P4Cegar6OccurrenceBridge/CegarFamilies.lean:37:4: 'simp [slotSchema, slotOrientation, reflectSchema,
      p4FourEndpointK2Schema] at hmem' is a flexible tactic modifying 'hmem'. Try 'simp?' and use the suggested 'simp only [...]'. Alternatively, use `suffices` to explicitly state the simplified form.

Note: This linter can be disabled with `set_option linter.flexible false`
info: Erdos9796Proof/P97/ATail/CardElevenUniqueFourCertificate/Support/Unique4P4Cegar6OccurrenceBridge/CegarFamilies.lean:37:4: Try this:
  [apply] simp only [ne_eq] at hmem
info: Erdos9796Proof/P97/ATail/CardElevenUniqueFourCertificate/Support/Unique4P4Cegar6OccurrenceBridge/CegarFamilies.lean:41:6: 'decide' uses 'hmem'!
⚠ [8949/9012] Replayed Erdos9796Proof.P97.ATail.CardElevenUniqueFourCertificate.Support.Unique4P4MirrorValuation.MirrorCegar6Satisfaction
warning: Erdos9796Proof/P97/ATail/CardElevenUniqueFourCertificate/Support/Unique4P4MirrorValuation/MirrorCegar6Satisfaction.lean:37:4: 'simp [slotSchema, slotOrientation, reflectSchema,
      p4FourEndpointK2Schema] at hmem' is a flexible tactic modifying 'hmem'. Try 'simp?' and use the suggested 'simp only [...]'. Alternatively, use `suffices` to explicitly state the simplified form.

Note: This linter can be disabled with `set_option linter.flexible false`
info: Erdos9796Proof/P97/ATail/CardElevenUniqueFourCertificate/Support/Unique4P4MirrorValuation/MirrorCegar6Satisfaction.lean:37:4: Try this:
  [apply] simp only [ne_eq] at hmem
info: Erdos9796Proof/P97/ATail/CardElevenUniqueFourCertificate/Support/Unique4P4MirrorValuation/MirrorCegar6Satisfaction.lean:40:4: 'rcases hmem with (rfl | rfl | rfl | rfl | rfl | rfl | rfl | rfl | rfl)' uses 'hmem'!
warning: Erdos9796Proof/P97/ATail/CardElevenUniqueFourCertificate/Support/Unique4P4MirrorValuation/MirrorCegar6Satisfaction.lean:37:4: 'simp [slotSchema, slotOrientation, reflectSchema,
      p4FourEndpointK2Schema] at hmem' is a flexible tactic modifying 'hmem'. Try 'simp?' and use the suggested 'simp only [...]'. Alternatively, use `suffices` to explicitly state the simplified form.

Note: This linter can be disabled with `set_option linter.flexible false`
info: Erdos9796Proof/P97/ATail/CardElevenUniqueFourCertificate/Support/Unique4P4MirrorValuation/MirrorCegar6Satisfaction.lean:37:4: Try this:
  [apply] simp only [ne_eq] at hmem
info: Erdos9796Proof/P97/ATail/CardElevenUniqueFourCertificate/Support/Unique4P4MirrorValuation/MirrorCegar6Satisfaction.lean:41:6: 'decide' uses 'hmem'!
warning: Erdos9796Proof/P97/ATail/CardElevenUniqueFourCertificate/Support/Unique4P4MirrorValuation/MirrorCegar6Satisfaction.lean:37:4: 'simp [slotSchema, slotOrientation, reflectSchema,
      p4FourEndpointK2Schema] at hmem' is a flexible tactic modifying 'hmem'. Try 'simp?' and use the suggested 'simp only [...]'. Alternatively, use `suffices` to explicitly state the simplified form.

Note: This linter can be disabled with `set_option linter.flexible false`
info: Erdos9796Proof/P97/ATail/CardElevenUniqueFourCertificate/Support/Unique4P4MirrorValuation/MirrorCegar6Satisfaction.lean:37:4: Try this:
  [apply] simp only [ne_eq] at hmem
info: Erdos9796Proof/P97/ATail/CardElevenUniqueFourCertificate/Support/Unique4P4MirrorValuation/MirrorCegar6Satisfaction.lean:41:6: 'decide' uses 'hmem'!
warning: Erdos9796Proof/P97/ATail/CardElevenUniqueFourCertificate/Support/Unique4P4MirrorValuation/MirrorCegar6Satisfaction.lean:37:4: 'simp [slotSchema, slotOrientation, reflectSchema,
      p4FourEndpointK2Schema] at hmem' is a flexible tactic modifying 'hmem'. Try 'simp?' and use the suggested 'simp only [...]'. Alternatively, use `suffices` to explicitly state the simplified form.

Note: This linter can be disabled with `set_option linter.flexible false`
info: Erdos9796Proof/P97/ATail/CardElevenUniqueFourCertificate/Support/Unique4P4MirrorValuation/MirrorCegar6Satisfaction.lean:37:4: Try this:
  [apply] simp only [ne_eq] at hmem
info: Erdos9796Proof/P97/ATail/CardElevenUniqueFourCertificate/Support/Unique4P4MirrorValuation/MirrorCegar6Satisfaction.lean:41:6: 'decide' uses 'hmem'!
warning: Erdos9796Proof/P97/ATail/CardElevenUniqueFourCertificate/Support/Unique4P4MirrorValuation/MirrorCegar6Satisfaction.lean:37:4: 'simp [slotSchema, slotOrientation, reflectSchema,
      p4FourEndpointK2Schema] at hmem' is a flexible tactic modifying 'hmem'. Try 'simp?' and use the suggested 'simp only [...]'. Alternatively, use `suffices` to explicitly state the simplified form.

Note: This linter can be disabled with `set_option linter.flexible false`
info: Erdos9796Proof/P97/ATail/CardElevenUniqueFourCertificate/Support/Unique4P4MirrorValuation/MirrorCegar6Satisfaction.lean:37:4: Try this:
  [apply] simp only [ne_eq] at hmem
info: Erdos9796Proof/P97/ATail/CardElevenUniqueFourCertificate/Support/Unique4P4MirrorValuation/MirrorCegar6Satisfaction.lean:41:6: 'decide' uses 'hmem'!
warning: Erdos9796Proof/P97/ATail/CardElevenUniqueFourCertificate/Support/Unique4P4MirrorValuation/MirrorCegar6Satisfaction.lean:37:4: 'simp [slotSchema, slotOrientation, reflectSchema,
      p4FourEndpointK2Schema] at hmem' is a flexible tactic modifying 'hmem'. Try 'simp?' and use the suggested 'simp only [...]'. Alternatively, use `suffices` to explicitly state the simplified form.

Note: This linter can be disabled with `set_option linter.flexible false`
info: Erdos9796Proof/P97/ATail/CardElevenUniqueFourCertificate/Support/Unique4P4MirrorValuation/MirrorCegar6Satisfaction.lean:37:4: Try this:
  [apply] simp only [ne_eq] at hmem
info: Erdos9796Proof/P97/ATail/CardElevenUniqueFourCertificate/Support/Unique4P4MirrorValuation/MirrorCegar6Satisfaction.lean:41:6: 'decide' uses 'hmem'!
warning: Erdos9796Proof/P97/ATail/CardElevenUniqueFourCertificate/Support/Unique4P4MirrorValuation/MirrorCegar6Satisfaction.lean:37:4: 'simp [slotSchema, slotOrientation, reflectSchema,
      p4FourEndpointK2Schema] at hmem' is a flexible tactic modifying 'hmem'. Try 'simp?' and use the suggested 'simp only [...]'. Alternatively, use `suffices` to explicitly state the simplified form.

Note: This linter can be disabled with `set_option linter.flexible false`
info: Erdos9796Proof/P97/ATail/CardElevenUniqueFourCertificate/Support/Unique4P4MirrorValuation/MirrorCegar6Satisfaction.lean:37:4: Try this:
  [apply] simp only [ne_eq] at hmem
info: Erdos9796Proof/P97/ATail/CardElevenUniqueFourCertificate/Support/Unique4P4MirrorValuation/MirrorCegar6Satisfaction.lean:41:6: 'decide' uses 'hmem'!
warning: Erdos9796Proof/P97/ATail/CardElevenUniqueFourCertificate/Support/Unique4P4MirrorValuation/MirrorCegar6Satisfaction.lean:37:4: 'simp [slotSchema, slotOrientation, reflectSchema,
      p4FourEndpointK2Schema] at hmem' is a flexible tactic modifying 'hmem'. Try 'simp?' and use the suggested 'simp only [...]'. Alternatively, use `suffices` to explicitly state the simplified form.

Note: This linter can be disabled with `set_option linter.flexible false`
info: Erdos9796Proof/P97/ATail/CardElevenUniqueFourCertificate/Support/Unique4P4MirrorValuation/MirrorCegar6Satisfaction.lean:37:4: Try this:
  [apply] simp only [ne_eq] at hmem
info: Erdos9796Proof/P97/ATail/CardElevenUniqueFourCertificate/Support/Unique4P4MirrorValuation/MirrorCegar6Satisfaction.lean:41:6: 'decide' uses 'hmem'!
warning: Erdos9796Proof/P97/ATail/CardElevenUniqueFourCertificate/Support/Unique4P4MirrorValuation/MirrorCegar6Satisfaction.lean:37:4: 'simp [slotSchema, slotOrientation, reflectSchema,
      p4FourEndpointK2Schema] at hmem' is a flexible tactic modifying 'hmem'. Try 'simp?' and use the suggested 'simp only [...]'. Alternatively, use `suffices` to explicitly state the simplified form.

Note: This linter can be disabled with `set_option linter.flexible false`
info: Erdos9796Proof/P97/ATail/CardElevenUniqueFourCertificate/Support/Unique4P4MirrorValuation/MirrorCegar6Satisfaction.lean:37:4: Try this:
  [apply] simp only [ne_eq] at hmem
info: Erdos9796Proof/P97/ATail/CardElevenUniqueFourCertificate/Support/Unique4P4MirrorValuation/MirrorCegar6Satisfaction.lean:41:6: 'decide' uses 'hmem'!
warning: Erdos9796Proof/P97/ATail/CardElevenUniqueFourCertificate/Support/Unique4P4MirrorValuation/MirrorCegar6Satisfaction.lean:37:4: 'simp [slotSchema, slotOrientation, reflectSchema,
      p4FourEndpointK2Schema] at hmem' is a flexible tactic modifying 'hmem'. Try 'simp?' and use the suggested 'simp only [...]'. Alternatively, use `suffices` to explicitly state the simplified form.

Note: This linter can be disabled with `set_option linter.flexible false`
info: Erdos9796Proof/P97/ATail/CardElevenUniqueFourCertificate/Support/Unique4P4MirrorValuation/MirrorCegar6Satisfaction.lean:37:4: Try this:
  [apply] simp only [ne_eq] at hmem
info: Erdos9796Proof/P97/ATail/CardElevenUniqueFourCertificate/Support/Unique4P4MirrorValuation/MirrorCegar6Satisfaction.lean:41:6: 'decide' uses 'hmem'!
warning: Erdos9796Proof/P97/ATail/CardElevenUniqueFourCertificate/Support/Unique4P4MirrorValuation/MirrorCegar6Satisfaction.lean:37:4: 'simp [slotSchema, slotOrientation, reflectSchema,
      p4FourEndpointK2Schema] at hmem' is a flexible tactic modifying 'hmem'. Try 'simp?' and use the suggested 'simp only [...]'. Alternatively, use `suffices` to explicitly state the simplified form.

Note: This linter can be disabled with `set_option linter.flexible false`
info: Erdos9796Proof/P97/ATail/CardElevenUniqueFourCertificate/Support/Unique4P4MirrorValuation/MirrorCegar6Satisfaction.lean:37:4: Try this:
  [apply] simp only [ne_eq] at hmem
info: Erdos9796Proof/P97/ATail/CardElevenUniqueFourCertificate/Support/Unique4P4MirrorValuation/MirrorCegar6Satisfaction.lean:40:4: 'rcases hmem with (rfl | rfl | rfl | rfl | rfl | rfl | rfl | rfl | rfl)' uses 'hmem'!
warning: Erdos9796Proof/P97/ATail/CardElevenUniqueFourCertificate/Support/Unique4P4MirrorValuation/MirrorCegar6Satisfaction.lean:37:4: 'simp [slotSchema, slotOrientation, reflectSchema,
      p4FourEndpointK2Schema] at hmem' is a flexible tactic modifying 'hmem'. Try 'simp?' and use the suggested 'simp only [...]'. Alternatively, use `suffices` to explicitly state the simplified form.

Note: This linter can be disabled with `set_option linter.flexible false`
info: Erdos9796Proof/P97/ATail/CardElevenUniqueFourCertificate/Support/Unique4P4MirrorValuation/MirrorCegar6Satisfaction.lean:37:4: Try this:
  [apply] simp only [ne_eq] at hmem
info: Erdos9796Proof/P97/ATail/CardElevenUniqueFourCertificate/Support/Unique4P4MirrorValuation/MirrorCegar6Satisfaction.lean:41:6: 'decide' uses 'hmem'!
warning: Erdos9796Proof/P97/ATail/CardElevenUniqueFourCertificate/Support/Unique4P4MirrorValuation/MirrorCegar6Satisfaction.lean:37:4: 'simp [slotSchema, slotOrientation, reflectSchema,
      p4FourEndpointK2Schema] at hmem' is a flexible tactic modifying 'hmem'. Try 'simp?' and use the suggested 'simp only [...]'. Alternatively, use `suffices` to explicitly state the simplified form.

Note: This linter can be disabled with `set_option linter.flexible false`
info: Erdos9796Proof/P97/ATail/CardElevenUniqueFourCertificate/Support/Unique4P4MirrorValuation/MirrorCegar6Satisfaction.lean:37:4: Try this:
  [apply] simp only [ne_eq] at hmem
info: Erdos9796Proof/P97/ATail/CardElevenUniqueFourCertificate/Support/Unique4P4MirrorValuation/MirrorCegar6Satisfaction.lean:41:6: 'decide' uses 'hmem'!
warning: Erdos9796Proof/P97/ATail/CardElevenUniqueFourCertificate/Support/Unique4P4MirrorValuation/MirrorCegar6Satisfaction.lean:37:4: 'simp [slotSchema, slotOrientation, reflectSchema,
      p4FourEndpointK2Schema] at hmem' is a flexible tactic modifying 'hmem'. Try 'simp?' and use the suggested 'simp only [...]'. Alternatively, use `suffices` to explicitly state the simplified form.

Note: This linter can be disabled with `set_option linter.flexible false`
info: Erdos9796Proof/P97/ATail/CardElevenUniqueFourCertificate/Support/Unique4P4MirrorValuation/MirrorCegar6Satisfaction.lean:37:4: Try this:
  [apply] simp only [ne_eq] at hmem
info: Erdos9796Proof/P97/ATail/CardElevenUniqueFourCertificate/Support/Unique4P4MirrorValuation/MirrorCegar6Satisfaction.lean:41:6: 'decide' uses 'hmem'!
warning: Erdos9796Proof/P97/ATail/CardElevenUniqueFourCertificate/Support/Unique4P4MirrorValuation/MirrorCegar6Satisfaction.lean:37:4: 'simp [slotSchema, slotOrientation, reflectSchema,
      p4FourEndpointK2Schema] at hmem' is a flexible tactic modifying 'hmem'. Try 'simp?' and use the suggested 'simp only [...]'. Alternatively, use `suffices` to explicitly state the simplified form.

Note: This linter can be disabled with `set_option linter.flexible false`
info: Erdos9796Proof/P97/ATail/CardElevenUniqueFourCertificate/Support/Unique4P4MirrorValuation/MirrorCegar6Satisfaction.lean:37:4: Try this:
  [apply] simp only [ne_eq] at hmem
info: Erdos9796Proof/P97/ATail/CardElevenUniqueFourCertificate/Support/Unique4P4MirrorValuation/MirrorCegar6Satisfaction.lean:41:6: 'decide' uses 'hmem'!
warning: Erdos9796Proof/P97/ATail/CardElevenUniqueFourCertificate/Support/Unique4P4MirrorValuation/MirrorCegar6Satisfaction.lean:37:4: 'simp [slotSchema, slotOrientation, reflectSchema,
      p4FourEndpointK2Schema] at hmem' is a flexible tactic modifying 'hmem'. Try 'simp?' and use the suggested 'simp only [...]'. Alternatively, use `suffices` to explicitly state the simplified form.

Note: This linter can be disabled with `set_option linter.flexible false`
info: Erdos9796Proof/P97/ATail/CardElevenUniqueFourCertificate/Support/Unique4P4MirrorValuation/MirrorCegar6Satisfaction.lean:37:4: Try this:
  [apply] simp only [ne_eq] at hmem
info: Erdos9796Proof/P97/ATail/CardElevenUniqueFourCertificate/Support/Unique4P4MirrorValuation/MirrorCegar6Satisfaction.lean:41:6: 'decide' uses 'hmem'!
warning: Erdos9796Proof/P97/ATail/CardElevenUniqueFourCertificate/Support/Unique4P4MirrorValuation/MirrorCegar6Satisfaction.lean:37:4: 'simp [slotSchema, slotOrientation, reflectSchema,
      p4FourEndpointK2Schema] at hmem' is a flexible tactic modifying 'hmem'. Try 'simp?' and use the suggested 'simp only [...]'. Alternatively, use `suffices` to explicitly state the simplified form.

Note: This linter can be disabled with `set_option linter.flexible false`
info: Erdos9796Proof/P97/ATail/CardElevenUniqueFourCertificate/Support/Unique4P4MirrorValuation/MirrorCegar6Satisfaction.lean:37:4: Try this:
  [apply] simp only [ne_eq] at hmem
info: Erdos9796Proof/P97/ATail/CardElevenUniqueFourCertificate/Support/Unique4P4MirrorValuation/MirrorCegar6Satisfaction.lean:41:6: 'decide' uses 'hmem'!
warning: Erdos9796Proof/P97/ATail/CardElevenUniqueFourCertificate/Support/Unique4P4MirrorValuation/MirrorCegar6Satisfaction.lean:37:4: 'simp [slotSchema, slotOrientation, reflectSchema,
      p4FourEndpointK2Schema] at hmem' is a flexible tactic modifying 'hmem'. Try 'simp?' and use the suggested 'simp only [...]'. Alternatively, use `suffices` to explicitly state the simplified form.

Note: This linter can be disabled with `set_option linter.flexible false`
info: Erdos9796Proof/P97/ATail/CardElevenUniqueFourCertificate/Support/Unique4P4MirrorValuation/MirrorCegar6Satisfaction.lean:37:4: Try this:
  [apply] simp only [ne_eq] at hmem
info: Erdos9796Proof/P97/ATail/CardElevenUniqueFourCertificate/Support/Unique4P4MirrorValuation/MirrorCegar6Satisfaction.lean:41:6: 'decide' uses 'hmem'!
warning: Erdos9796Proof/P97/ATail/CardElevenUniqueFourCertificate/Support/Unique4P4MirrorValuation/MirrorCegar6Satisfaction.lean:37:4: 'simp [slotSchema, slotOrientation, reflectSchema,
      p4FourEndpointK2Schema] at hmem' is a flexible tactic modifying 'hmem'. Try 'simp?' and use the suggested 'simp only [...]'. Alternatively, use `suffices` to explicitly state the simplified form.

Note: This linter can be disabled with `set_option linter.flexible false`
info: Erdos9796Proof/P97/ATail/CardElevenUniqueFourCertificate/Support/Unique4P4MirrorValuation/MirrorCegar6Satisfaction.lean:37:4: Try this:
  [apply] simp only [ne_eq] at hmem
info: Erdos9796Proof/P97/ATail/CardElevenUniqueFourCertificate/Support/Unique4P4MirrorValuation/MirrorCegar6Satisfaction.lean:41:6: 'decide' uses 'hmem'!
warning: Erdos9796Proof/P97/ATail/CardElevenUniqueFourCertificate/Support/Unique4P4MirrorValuation/MirrorCegar6Satisfaction.lean:37:4: 'simp [slotSchema, slotOrientation, reflectSchema,
      p4FourEndpointK2Schema] at hmem' is a flexible tactic modifying 'hmem'. Try 'simp?' and use the suggested 'simp only [...]'. Alternatively, use `suffices` to explicitly state the simplified form.

Note: This linter can be disabled with `set_option linter.flexible false`
info: Erdos9796Proof/P97/ATail/CardElevenUniqueFourCertificate/Support/Unique4P4MirrorValuation/MirrorCegar6Satisfaction.lean:37:4: Try this:
  [apply] simp only [ne_eq] at hmem
info: Erdos9796Proof/P97/ATail/CardElevenUniqueFourCertificate/Support/Unique4P4MirrorValuation/MirrorCegar6Satisfaction.lean:41:6: 'decide' uses 'hmem'!
warning: Erdos9796Proof/P97/ATail/CardElevenUniqueFourCertificate/Support/Unique4P4MirrorValuation/MirrorCegar6Satisfaction.lean:37:4: 'simp [slotSchema, slotOrientation, reflectSchema,
      p4FourEndpointK2Schema] at hmem' is a flexible tactic modifying 'hmem'. Try 'simp?' and use the suggested 'simp only [...]'. Alternatively, use `suffices` to explicitly state the simplified form.

Note: This linter can be disabled with `set_option linter.flexible false`
info: Erdos9796Proof/P97/ATail/CardElevenUniqueFourCertificate/Support/Unique4P4MirrorValuation/MirrorCegar6Satisfaction.lean:37:4: Try this:
  [apply] simp only [ne_eq] at hmem
info: Erdos9796Proof/P97/ATail/CardElevenUniqueFourCertificate/Support/Unique4P4MirrorValuation/MirrorCegar6Satisfaction.lean:40:4: 'rcases hmem with (rfl | rfl | rfl | rfl | rfl | rfl | rfl | rfl | rfl)' uses 'hmem'!
warning: Erdos9796Proof/P97/ATail/CardElevenUniqueFourCertificate/Support/Unique4P4MirrorValuation/MirrorCegar6Satisfaction.lean:37:4: 'simp [slotSchema, slotOrientation, reflectSchema,
      p4FourEndpointK2Schema] at hmem' is a flexible tactic modifying 'hmem'. Try 'simp?' and use the suggested 'simp only [...]'. Alternatively, use `suffices` to explicitly state the simplified form.

Note: This linter can be disabled with `set_option linter.flexible false`
info: Erdos9796Proof/P97/ATail/CardElevenUniqueFourCertificate/Support/Unique4P4MirrorValuation/MirrorCegar6Satisfaction.lean:37:4: Try this:
  [apply] simp only [ne_eq] at hmem
info: Erdos9796Proof/P97/ATail/CardElevenUniqueFourCertificate/Support/Unique4P4MirrorValuation/MirrorCegar6Satisfaction.lean:41:6: 'decide' uses 'hmem'!
warning: Erdos9796Proof/P97/ATail/CardElevenUniqueFourCertificate/Support/Unique4P4MirrorValuation/MirrorCegar6Satisfaction.lean:37:4: 'simp [slotSchema, slotOrientation, reflectSchema,
      p4FourEndpointK2Schema] at hmem' is a flexible tactic modifying 'hmem'. Try 'simp?' and use the suggested 'simp only [...]'. Alternatively, use `suffices` to explicitly state the simplified form.

Note: This linter can be disabled with `set_option linter.flexible false`
info: Erdos9796Proof/P97/ATail/CardElevenUniqueFourCertificate/Support/Unique4P4MirrorValuation/MirrorCegar6Satisfaction.lean:37:4: Try this:
  [apply] simp only [ne_eq] at hmem
info: Erdos9796Proof/P97/ATail/CardElevenUniqueFourCertificate/Support/Unique4P4MirrorValuation/MirrorCegar6Satisfaction.lean:41:6: 'decide' uses 'hmem'!
warning: Erdos9796Proof/P97/ATail/CardElevenUniqueFourCertificate/Support/Unique4P4MirrorValuation/MirrorCegar6Satisfaction.lean:37:4: 'simp [slotSchema, slotOrientation, reflectSchema,
      p4FourEndpointK2Schema] at hmem' is a flexible tactic modifying 'hmem'. Try 'simp?' and use the suggested 'simp only [...]'. Alternatively, use `suffices` to explicitly state the simplified form.

Note: This linter can be disabled with `set_option linter.flexible false`
info: Erdos9796Proof/P97/ATail/CardElevenUniqueFourCertificate/Support/Unique4P4MirrorValuation/MirrorCegar6Satisfaction.lean:37:4: Try this:
  [apply] simp only [ne_eq] at hmem
info: Erdos9796Proof/P97/ATail/CardElevenUniqueFourCertificate/Support/Unique4P4MirrorValuation/MirrorCegar6Satisfaction.lean:41:6: 'decide' uses 'hmem'!
warning: Erdos9796Proof/P97/ATail/CardElevenUniqueFourCertificate/Support/Unique4P4MirrorValuation/MirrorCegar6Satisfaction.lean:37:4: 'simp [slotSchema, slotOrientation, reflectSchema,
      p4FourEndpointK2Schema] at hmem' is a flexible tactic modifying 'hmem'. Try 'simp?' and use the suggested 'simp only [...]'. Alternatively, use `suffices` to explicitly state the simplified form.

Note: This linter can be disabled with `set_option linter.flexible false`
info: Erdos9796Proof/P97/ATail/CardElevenUniqueFourCertificate/Support/Unique4P4MirrorValuation/MirrorCegar6Satisfaction.lean:37:4: Try this:
  [apply] simp only [ne_eq] at hmem
info: Erdos9796Proof/P97/ATail/CardElevenUniqueFourCertificate/Support/Unique4P4MirrorValuation/MirrorCegar6Satisfaction.lean:41:6: 'decide' uses 'hmem'!
warning: Erdos9796Proof/P97/ATail/CardElevenUniqueFourCertificate/Support/Unique4P4MirrorValuation/MirrorCegar6Satisfaction.lean:37:4: 'simp [slotSchema, slotOrientation, reflectSchema,
      p4FourEndpointK2Schema] at hmem' is a flexible tactic modifying 'hmem'. Try 'simp?' and use the suggested 'simp only [...]'. Alternatively, use `suffices` to explicitly state the simplified form.

Note: This linter can be disabled with `set_option linter.flexible false`
info: Erdos9796Proof/P97/ATail/CardElevenUniqueFourCertificate/Support/Unique4P4MirrorValuation/MirrorCegar6Satisfaction.lean:37:4: Try this:
  [apply] simp only [ne_eq] at hmem
info: Erdos9796Proof/P97/ATail/CardElevenUniqueFourCertificate/Support/Unique4P4MirrorValuation/MirrorCegar6Satisfaction.lean:41:6: 'decide' uses 'hmem'!
warning: Erdos9796Proof/P97/ATail/CardElevenUniqueFourCertificate/Support/Unique4P4MirrorValuation/MirrorCegar6Satisfaction.lean:37:4: 'simp [slotSchema, slotOrientation, reflectSchema,
      p4FourEndpointK2Schema] at hmem' is a flexible tactic modifying 'hmem'. Try 'simp?' and use the suggested 'simp only [...]'. Alternatively, use `suffices` to explicitly state the simplified form.

Note: This linter can be disabled with `set_option linter.flexible false`
info: Erdos9796Proof/P97/ATail/CardElevenUniqueFourCertificate/Support/Unique4P4MirrorValuation/MirrorCegar6Satisfaction.lean:37:4: Try this:
  [apply] simp only [ne_eq] at hmem
info: Erdos9796Proof/P97/ATail/CardElevenUniqueFourCertificate/Support/Unique4P4MirrorValuation/MirrorCegar6Satisfaction.lean:41:6: 'decide' uses 'hmem'!
warning: Erdos9796Proof/P97/ATail/CardElevenUniqueFourCertificate/Support/Unique4P4MirrorValuation/MirrorCegar6Satisfaction.lean:37:4: 'simp [slotSchema, slotOrientation, reflectSchema,
      p4FourEndpointK2Schema] at hmem' is a flexible tactic modifying 'hmem'. Try 'simp?' and use the suggested 'simp only [...]'. Alternatively, use `suffices` to explicitly state the simplified form.

Note: This linter can be disabled with `set_option linter.flexible false`
info: Erdos9796Proof/P97/ATail/CardElevenUniqueFourCertificate/Support/Unique4P4MirrorValuation/MirrorCegar6Satisfaction.lean:37:4: Try this:
  [apply] simp only [ne_eq] at hmem
info: Erdos9796Proof/P97/ATail/CardElevenUniqueFourCertificate/Support/Unique4P4MirrorValuation/MirrorCegar6Satisfaction.lean:41:6: 'decide' uses 'hmem'!
warning: Erdos9796Proof/P97/ATail/CardElevenUniqueFourCertificate/Support/Unique4P4MirrorValuation/MirrorCegar6Satisfaction.lean:37:4: 'simp [slotSchema, slotOrientation, reflectSchema,
      p4FourEndpointK2Schema] at hmem' is a flexible tactic modifying 'hmem'. Try 'simp?' and use the suggested 'simp only [...]'. Alternatively, use `suffices` to explicitly state the simplified form.

Note: This linter can be disabled with `set_option linter.flexible false`
info: Erdos9796Proof/P97/ATail/CardElevenUniqueFourCertificate/Support/Unique4P4MirrorValuation/MirrorCegar6Satisfaction.lean:37:4: Try this:
  [apply] simp only [ne_eq] at hmem
info: Erdos9796Proof/P97/ATail/CardElevenUniqueFourCertificate/Support/Unique4P4MirrorValuation/MirrorCegar6Satisfaction.lean:41:6: 'decide' uses 'hmem'!
warning: Erdos9796Proof/P97/ATail/CardElevenUniqueFourCertificate/Support/Unique4P4MirrorValuation/MirrorCegar6Satisfaction.lean:37:4: 'simp [slotSchema, slotOrientation, reflectSchema,
      p4FourEndpointK2Schema] at hmem' is a flexible tactic modifying 'hmem'. Try 'simp?' and use the suggested 'simp only [...]'. Alternatively, use `suffices` to explicitly state the simplified form.

Note: This linter can be disabled with `set_option linter.flexible false`
info: Erdos9796Proof/P97/ATail/CardElevenUniqueFourCertificate/Support/Unique4P4MirrorValuation/MirrorCegar6Satisfaction.lean:37:4: Try this:
  [apply] simp only [ne_eq] at hmem
info: Erdos9796Proof/P97/ATail/CardElevenUniqueFourCertificate/Support/Unique4P4MirrorValuation/MirrorCegar6Satisfaction.lean:41:6: 'decide' uses 'hmem'!
warning: Erdos9796Proof/P97/ATail/CardElevenUniqueFourCertificate/Support/Unique4P4MirrorValuation/MirrorCegar6Satisfaction.lean:37:4: 'simp [slotSchema, slotOrientation, reflectSchema,
      p4FourEndpointK2Schema] at hmem' is a flexible tactic modifying 'hmem'. Try 'simp?' and use the suggested 'simp only [...]'. Alternatively, use `suffices` to explicitly state the simplified form.

Note: This linter can be disabled with `set_option linter.flexible false`
info: Erdos9796Proof/P97/ATail/CardElevenUniqueFourCertificate/Support/Unique4P4MirrorValuation/MirrorCegar6Satisfaction.lean:37:4: Try this:
  [apply] simp only [ne_eq] at hmem
info: Erdos9796Proof/P97/ATail/CardElevenUniqueFourCertificate/Support/Unique4P4MirrorValuation/MirrorCegar6Satisfaction.lean:40:4: 'rcases hmem with (rfl | rfl | rfl | rfl | rfl | rfl | rfl | rfl | rfl)' uses 'hmem'!
warning: Erdos9796Proof/P97/ATail/CardElevenUniqueFourCertificate/Support/Unique4P4MirrorValuation/MirrorCegar6Satisfaction.lean:37:4: 'simp [slotSchema, slotOrientation, reflectSchema,
      p4FourEndpointK2Schema] at hmem' is a flexible tactic modifying 'hmem'. Try 'simp?' and use the suggested 'simp only [...]'. Alternatively, use `suffices` to explicitly state the simplified form.

Note: This linter can be disabled with `set_option linter.flexible false`
info: Erdos9796Proof/P97/ATail/CardElevenUniqueFourCertificate/Support/Unique4P4MirrorValuation/MirrorCegar6Satisfaction.lean:37:4: Try this:
  [apply] simp only [ne_eq] at hmem
info: Erdos9796Proof/P97/ATail/CardElevenUniqueFourCertificate/Support/Unique4P4MirrorValuation/MirrorCegar6Satisfaction.lean:41:6: 'decide' uses 'hmem'!
warning: Erdos9796Proof/P97/ATail/CardElevenUniqueFourCertificate/Support/Unique4P4MirrorValuation/MirrorCegar6Satisfaction.lean:37:4: 'simp [slotSchema, slotOrientation, reflectSchema,
      p4FourEndpointK2Schema] at hmem' is a flexible tactic modifying 'hmem'. Try 'simp?' and use the suggested 'simp only [...]'. Alternatively, use `suffices` to explicitly state the simplified form.

Note: This linter can be disabled with `set_option linter.flexible false`
info: Erdos9796Proof/P97/ATail/CardElevenUniqueFourCertificate/Support/Unique4P4MirrorValuation/MirrorCegar6Satisfaction.lean:37:4: Try this:
  [apply] simp only [ne_eq] at hmem
info: Erdos9796Proof/P97/ATail/CardElevenUniqueFourCertificate/Support/Unique4P4MirrorValuation/MirrorCegar6Satisfaction.lean:41:6: 'decide' uses 'hmem'!
warning: Erdos9796Proof/P97/ATail/CardElevenUniqueFourCertificate/Support/Unique4P4MirrorValuation/MirrorCegar6Satisfaction.lean:37:4: 'simp [slotSchema, slotOrientation, reflectSchema,
      p4FourEndpointK2Schema] at hmem' is a flexible tactic modifying 'hmem'. Try 'simp?' and use the suggested 'simp only [...]'. Alternatively, use `suffices` to explicitly state the simplified form.

Note: This linter can be disabled with `set_option linter.flexible false`
info: Erdos9796Proof/P97/ATail/CardElevenUniqueFourCertificate/Support/Unique4P4MirrorValuation/MirrorCegar6Satisfaction.lean:37:4: Try this:
  [apply] simp only [ne_eq] at hmem
info: Erdos9796Proof/P97/ATail/CardElevenUniqueFourCertificate/Support/Unique4P4MirrorValuation/MirrorCegar6Satisfaction.lean:41:6: 'decide' uses 'hmem'!
warning: Erdos9796Proof/P97/ATail/CardElevenUniqueFourCertificate/Support/Unique4P4MirrorValuation/MirrorCegar6Satisfaction.lean:37:4: 'simp [slotSchema, slotOrientation, reflectSchema,
      p4FourEndpointK2Schema] at hmem' is a flexible tactic modifying 'hmem'. Try 'simp?' and use the suggested 'simp only [...]'. Alternatively, use `suffices` to explicitly state the simplified form.

Note: This linter can be disabled with `set_option linter.flexible false`
info: Erdos9796Proof/P97/ATail/CardElevenUniqueFourCertificate/Support/Unique4P4MirrorValuation/MirrorCegar6Satisfaction.lean:37:4: Try this:
  [apply] simp only [ne_eq] at hmem
info: Erdos9796Proof/P97/ATail/CardElevenUniqueFourCertificate/Support/Unique4P4MirrorValuation/MirrorCegar6Satisfaction.lean:41:6: 'decide' uses 'hmem'!
warning: Erdos9796Proof/P97/ATail/CardElevenUniqueFourCertificate/Support/Unique4P4MirrorValuation/MirrorCegar6Satisfaction.lean:37:4: 'simp [slotSchema, slotOrientation, reflectSchema,
      p4FourEndpointK2Schema] at hmem' is a flexible tactic modifying 'hmem'. Try 'simp?' and use the suggested 'simp only [...]'. Alternatively, use `suffices` to explicitly state the simplified form.

Note: This linter can be disabled with `set_option linter.flexible false`
info: Erdos9796Proof/P97/ATail/CardElevenUniqueFourCertificate/Support/Unique4P4MirrorValuation/MirrorCegar6Satisfaction.lean:37:4: Try this:
  [apply] simp only [ne_eq] at hmem
info: Erdos9796Proof/P97/ATail/CardElevenUniqueFourCertificate/Support/Unique4P4MirrorValuation/MirrorCegar6Satisfaction.lean:41:6: 'decide' uses 'hmem'!
warning: Erdos9796Proof/P97/ATail/CardElevenUniqueFourCertificate/Support/Unique4P4MirrorValuation/MirrorCegar6Satisfaction.lean:37:4: 'simp [slotSchema, slotOrientation, reflectSchema,
      p4FourEndpointK2Schema] at hmem' is a flexible tactic modifying 'hmem'. Try 'simp?' and use the suggested 'simp only [...]'. Alternatively, use `suffices` to explicitly state the simplified form.

Note: This linter can be disabled with `set_option linter.flexible false`
info: Erdos9796Proof/P97/ATail/CardElevenUniqueFourCertificate/Support/Unique4P4MirrorValuation/MirrorCegar6Satisfaction.lean:37:4: Try this:
  [apply] simp only [ne_eq] at hmem
info: Erdos9796Proof/P97/ATail/CardElevenUniqueFourCertificate/Support/Unique4P4MirrorValuation/MirrorCegar6Satisfaction.lean:41:6: 'decide' uses 'hmem'!
warning: Erdos9796Proof/P97/ATail/CardElevenUniqueFourCertificate/Support/Unique4P4MirrorValuation/MirrorCegar6Satisfaction.lean:37:4: 'simp [slotSchema, slotOrientation, reflectSchema,
      p4FourEndpointK2Schema] at hmem' is a flexible tactic modifying 'hmem'. Try 'simp?' and use the suggested 'simp only [...]'. Alternatively, use `suffices` to explicitly state the simplified form.

Note: This linter can be disabled with `set_option linter.flexible false`
info: Erdos9796Proof/P97/ATail/CardElevenUniqueFourCertificate/Support/Unique4P4MirrorValuation/MirrorCegar6Satisfaction.lean:37:4: Try this:
  [apply] simp only [ne_eq] at hmem
info: Erdos9796Proof/P97/ATail/CardElevenUniqueFourCertificate/Support/Unique4P4MirrorValuation/MirrorCegar6Satisfaction.lean:41:6: 'decide' uses 'hmem'!
warning: Erdos9796Proof/P97/ATail/CardElevenUniqueFourCertificate/Support/Unique4P4MirrorValuation/MirrorCegar6Satisfaction.lean:37:4: 'simp [slotSchema, slotOrientation, reflectSchema,
      p4FourEndpointK2Schema] at hmem' is a flexible tactic modifying 'hmem'. Try 'simp?' and use the suggested 'simp only [...]'. Alternatively, use `suffices` to explicitly state the simplified form.

Note: This linter can be disabled with `set_option linter.flexible false`
info: Erdos9796Proof/P97/ATail/CardElevenUniqueFourCertificate/Support/Unique4P4MirrorValuation/MirrorCegar6Satisfaction.lean:37:4: Try this:
  [apply] simp only [ne_eq] at hmem
info: Erdos9796Proof/P97/ATail/CardElevenUniqueFourCertificate/Support/Unique4P4MirrorValuation/MirrorCegar6Satisfaction.lean:41:6: 'decide' uses 'hmem'!
warning: Erdos9796Proof/P97/ATail/CardElevenUniqueFourCertificate/Support/Unique4P4MirrorValuation/MirrorCegar6Satisfaction.lean:37:4: 'simp [slotSchema, slotOrientation, reflectSchema,
      p4FourEndpointK2Schema] at hmem' is a flexible tactic modifying 'hmem'. Try 'simp?' and use the suggested 'simp only [...]'. Alternatively, use `suffices` to explicitly state the simplified form.

Note: This linter can be disabled with `set_option linter.flexible false`
info: Erdos9796Proof/P97/ATail/CardElevenUniqueFourCertificate/Support/Unique4P4MirrorValuation/MirrorCegar6Satisfaction.lean:37:4: Try this:
  [apply] simp only [ne_eq] at hmem
info: Erdos9796Proof/P97/ATail/CardElevenUniqueFourCertificate/Support/Unique4P4MirrorValuation/MirrorCegar6Satisfaction.lean:41:6: 'decide' uses 'hmem'!
warning: Erdos9796Proof/P97/ATail/CardElevenUniqueFourCertificate/Support/Unique4P4MirrorValuation/MirrorCegar6Satisfaction.lean:37:4: 'simp [slotSchema, slotOrientation, reflectSchema,
      p4FourEndpointK2Schema] at hmem' is a flexible tactic modifying 'hmem'. Try 'simp?' and use the suggested 'simp only [...]'. Alternatively, use `suffices` to explicitly state the simplified form.

Note: This linter can be disabled with `set_option linter.flexible false`
info: Erdos9796Proof/P97/ATail/CardElevenUniqueFourCertificate/Support/Unique4P4MirrorValuation/MirrorCegar6Satisfaction.lean:37:4: Try this:
  [apply] simp only [ne_eq] at hmem
info: Erdos9796Proof/P97/ATail/CardElevenUniqueFourCertificate/Support/Unique4P4MirrorValuation/MirrorCegar6Satisfaction.lean:40:4: 'rcases hmem with (rfl | rfl | rfl | rfl | rfl | rfl | rfl | rfl | rfl)' uses 'hmem'!
warning: Erdos9796Proof/P97/ATail/CardElevenUniqueFourCertificate/Support/Unique4P4MirrorValuation/MirrorCegar6Satisfaction.lean:37:4: 'simp [slotSchema, slotOrientation, reflectSchema,
      p4FourEndpointK2Schema] at hmem' is a flexible tactic modifying 'hmem'. Try 'simp?' and use the suggested 'simp only [...]'. Alternatively, use `suffices` to explicitly state the simplified form.

Note: This linter can be disabled with `set_option linter.flexible false`
info: Erdos9796Proof/P97/ATail/CardElevenUniqueFourCertificate/Support/Unique4P4MirrorValuation/MirrorCegar6Satisfaction.lean:37:4: Try this:
  [apply] simp only [ne_eq] at hmem
info: Erdos9796Proof/P97/ATail/CardElevenUniqueFourCertificate/Support/Unique4P4MirrorValuation/MirrorCegar6Satisfaction.lean:41:6: 'decide' uses 'hmem'!
warning: Erdos9796Proof/P97/ATail/CardElevenUniqueFourCertificate/Support/Unique4P4MirrorValuation/MirrorCegar6Satisfaction.lean:37:4: 'simp [slotSchema, slotOrientation, reflectSchema,
      p4FourEndpointK2Schema] at hmem' is a flexible tactic modifying 'hmem'. Try 'simp?' and use the suggested 'simp only [...]'. Alternatively, use `suffices` to explicitly state the simplified form.

Note: This linter can be disabled with `set_option linter.flexible false`
info: Erdos9796Proof/P97/ATail/CardElevenUniqueFourCertificate/Support/Unique4P4MirrorValuation/MirrorCegar6Satisfaction.lean:37:4: Try this:
  [apply] simp only [ne_eq] at hmem
info: Erdos9796Proof/P97/ATail/CardElevenUniqueFourCertificate/Support/Unique4P4MirrorValuation/MirrorCegar6Satisfaction.lean:41:6: 'decide' uses 'hmem'!
warning: Erdos9796Proof/P97/ATail/CardElevenUniqueFourCertificate/Support/Unique4P4MirrorValuation/MirrorCegar6Satisfaction.lean:37:4: 'simp [slotSchema, slotOrientation, reflectSchema,
      p4FourEndpointK2Schema] at hmem' is a flexible tactic modifying 'hmem'. Try 'simp?' and use the suggested 'simp only [...]'. Alternatively, use `suffices` to explicitly state the simplified form.

Note: This linter can be disabled with `set_option linter.flexible false`
info: Erdos9796Proof/P97/ATail/CardElevenUniqueFourCertificate/Support/Unique4P4MirrorValuation/MirrorCegar6Satisfaction.lean:37:4: Try this:
  [apply] simp only [ne_eq] at hmem
info: Erdos9796Proof/P97/ATail/CardElevenUniqueFourCertificate/Support/Unique4P4MirrorValuation/MirrorCegar6Satisfaction.lean:41:6: 'decide' uses 'hmem'!
warning: Erdos9796Proof/P97/ATail/CardElevenUniqueFourCertificate/Support/Unique4P4MirrorValuation/MirrorCegar6Satisfaction.lean:37:4: 'simp [slotSchema, slotOrientation, reflectSchema,
      p4FourEndpointK2Schema] at hmem' is a flexible tactic modifying 'hmem'. Try 'simp?' and use the suggested 'simp only [...]'. Alternatively, use `suffices` to explicitly state the simplified form.

Note: This linter can be disabled with `set_option linter.flexible false`
info: Erdos9796Proof/P97/ATail/CardElevenUniqueFourCertificate/Support/Unique4P4MirrorValuation/MirrorCegar6Satisfaction.lean:37:4: Try this:
  [apply] simp only [ne_eq] at hmem
info: Erdos9796Proof/P97/ATail/CardElevenUniqueFourCertificate/Support/Unique4P4MirrorValuation/MirrorCegar6Satisfaction.lean:41:6: 'decide' uses 'hmem'!
warning: Erdos9796Proof/P97/ATail/CardElevenUniqueFourCertificate/Support/Unique4P4MirrorValuation/MirrorCegar6Satisfaction.lean:37:4: 'simp [slotSchema, slotOrientation, reflectSchema,
      p4FourEndpointK2Schema] at hmem' is a flexible tactic modifying 'hmem'. Try 'simp?' and use the suggested 'simp only [...]'. Alternatively, use `suffices` to explicitly state the simplified form.

Note: This linter can be disabled with `set_option linter.flexible false`
info: Erdos9796Proof/P97/ATail/CardElevenUniqueFourCertificate/Support/Unique4P4MirrorValuation/MirrorCegar6Satisfaction.lean:37:4: Try this:
  [apply] simp only [ne_eq] at hmem
info: Erdos9796Proof/P97/ATail/CardElevenUniqueFourCertificate/Support/Unique4P4MirrorValuation/MirrorCegar6Satisfaction.lean:41:6: 'decide' uses 'hmem'!
warning: Erdos9796Proof/P97/ATail/CardElevenUniqueFourCertificate/Support/Unique4P4MirrorValuation/MirrorCegar6Satisfaction.lean:37:4: 'simp [slotSchema, slotOrientation, reflectSchema,
      p4FourEndpointK2Schema] at hmem' is a flexible tactic modifying 'hmem'. Try 'simp?' and use the suggested 'simp only [...]'. Alternatively, use `suffices` to explicitly state the simplified form.

Note: This linter can be disabled with `set_option linter.flexible false`
info: Erdos9796Proof/P97/ATail/CardElevenUniqueFourCertificate/Support/Unique4P4MirrorValuation/MirrorCegar6Satisfaction.lean:37:4: Try this:
  [apply] simp only [ne_eq] at hmem
info: Erdos9796Proof/P97/ATail/CardElevenUniqueFourCertificate/Support/Unique4P4MirrorValuation/MirrorCegar6Satisfaction.lean:41:6: 'decide' uses 'hmem'!
warning: Erdos9796Proof/P97/ATail/CardElevenUniqueFourCertificate/Support/Unique4P4MirrorValuation/MirrorCegar6Satisfaction.lean:37:4: 'simp [slotSchema, slotOrientation, reflectSchema,
      p4FourEndpointK2Schema] at hmem' is a flexible tactic modifying 'hmem'. Try 'simp?' and use the suggested 'simp only [...]'. Alternatively, use `suffices` to explicitly state the simplified form.

Note: This linter can be disabled with `set_option linter.flexible false`
info: Erdos9796Proof/P97/ATail/CardElevenUniqueFourCertificate/Support/Unique4P4MirrorValuation/MirrorCegar6Satisfaction.lean:37:4: Try this:
  [apply] simp only [ne_eq] at hmem
info: Erdos9796Proof/P97/ATail/CardElevenUniqueFourCertificate/Support/Unique4P4MirrorValuation/MirrorCegar6Satisfaction.lean:41:6: 'decide' uses 'hmem'!
warning: Erdos9796Proof/P97/ATail/CardElevenUniqueFourCertificate/Support/Unique4P4MirrorValuation/MirrorCegar6Satisfaction.lean:37:4: 'simp [slotSchema, slotOrientation, reflectSchema,
      p4FourEndpointK2Schema] at hmem' is a flexible tactic modifying 'hmem'. Try 'simp?' and use the suggested 'simp only [...]'. Alternatively, use `suffices` to explicitly state the simplified form.

Note: This linter can be disabled with `set_option linter.flexible false`
info: Erdos9796Proof/P97/ATail/CardElevenUniqueFourCertificate/Support/Unique4P4MirrorValuation/MirrorCegar6Satisfaction.lean:37:4: Try this:
  [apply] simp only [ne_eq] at hmem
info: Erdos9796Proof/P97/ATail/CardElevenUniqueFourCertificate/Support/Unique4P4MirrorValuation/MirrorCegar6Satisfaction.lean:41:6: 'decide' uses 'hmem'!
warning: Erdos9796Proof/P97/ATail/CardElevenUniqueFourCertificate/Support/Unique4P4MirrorValuation/MirrorCegar6Satisfaction.lean:37:4: 'simp [slotSchema, slotOrientation, reflectSchema,
      p4FourEndpointK2Schema] at hmem' is a flexible tactic modifying 'hmem'. Try 'simp?' and use the suggested 'simp only [...]'. Alternatively, use `suffices` to explicitly state the simplified form.

Note: This linter can be disabled with `set_option linter.flexible false`
info: Erdos9796Proof/P97/ATail/CardElevenUniqueFourCertificate/Support/Unique4P4MirrorValuation/MirrorCegar6Satisfaction.lean:37:4: Try this:
  [apply] simp only [ne_eq] at hmem
info: Erdos9796Proof/P97/ATail/CardElevenUniqueFourCertificate/Support/Unique4P4MirrorValuation/MirrorCegar6Satisfaction.lean:41:6: 'decide' uses 'hmem'!
warning: Erdos9796Proof/P97/ATail/CardElevenUniqueFourCertificate/Support/Unique4P4MirrorValuation/MirrorCegar6Satisfaction.lean:37:4: 'simp [slotSchema, slotOrientation, reflectSchema,
      p4FourEndpointK2Schema] at hmem' is a flexible tactic modifying 'hmem'. Try 'simp?' and use the suggested 'simp only [...]'. Alternatively, use `suffices` to explicitly state the simplified form.

Note: This linter can be disabled with `set_option linter.flexible false`
info: Erdos9796Proof/P97/ATail/CardElevenUniqueFourCertificate/Support/Unique4P4MirrorValuation/MirrorCegar6Satisfaction.lean:37:4: Try this:
  [apply] simp only [ne_eq] at hmem
info: Erdos9796Proof/P97/ATail/CardElevenUniqueFourCertificate/Support/Unique4P4MirrorValuation/MirrorCegar6Satisfaction.lean:40:4: 'rcases hmem with (rfl | rfl | rfl | rfl | rfl | rfl | rfl | rfl | rfl)' uses 'hmem'!
warning: Erdos9796Proof/P97/ATail/CardElevenUniqueFourCertificate/Support/Unique4P4MirrorValuation/MirrorCegar6Satisfaction.lean:37:4: 'simp [slotSchema, slotOrientation, reflectSchema,
      p4FourEndpointK2Schema] at hmem' is a flexible tactic modifying 'hmem'. Try 'simp?' and use the suggested 'simp only [...]'. Alternatively, use `suffices` to explicitly state the simplified form.

Note: This linter can be disabled with `set_option linter.flexible false`
info: Erdos9796Proof/P97/ATail/CardElevenUniqueFourCertificate/Support/Unique4P4MirrorValuation/MirrorCegar6Satisfaction.lean:37:4: Try this:
  [apply] simp only [ne_eq] at hmem
info: Erdos9796Proof/P97/ATail/CardElevenUniqueFourCertificate/Support/Unique4P4MirrorValuation/MirrorCegar6Satisfaction.lean:41:6: 'decide' uses 'hmem'!
warning: Erdos9796Proof/P97/ATail/CardElevenUniqueFourCertificate/Support/Unique4P4MirrorValuation/MirrorCegar6Satisfaction.lean:37:4: 'simp [slotSchema, slotOrientation, reflectSchema,
      p4FourEndpointK2Schema] at hmem' is a flexible tactic modifying 'hmem'. Try 'simp?' and use the suggested 'simp only [...]'. Alternatively, use `suffices` to explicitly state the simplified form.

Note: This linter can be disabled with `set_option linter.flexible false`
info: Erdos9796Proof/P97/ATail/CardElevenUniqueFourCertificate/Support/Unique4P4MirrorValuation/MirrorCegar6Satisfaction.lean:37:4: Try this:
  [apply] simp only [ne_eq] at hmem
info: Erdos9796Proof/P97/ATail/CardElevenUniqueFourCertificate/Support/Unique4P4MirrorValuation/MirrorCegar6Satisfaction.lean:41:6: 'decide' uses 'hmem'!
warning: Erdos9796Proof/P97/ATail/CardElevenUniqueFourCertificate/Support/Unique4P4MirrorValuation/MirrorCegar6Satisfaction.lean:37:4: 'simp [slotSchema, slotOrientation, reflectSchema,
      p4FourEndpointK2Schema] at hmem' is a flexible tactic modifying 'hmem'. Try 'simp?' and use the suggested 'simp only [...]'. Alternatively, use `suffices` to explicitly state the simplified form.

Note: This linter can be disabled with `set_option linter.flexible false`
info: Erdos9796Proof/P97/ATail/CardElevenUniqueFourCertificate/Support/Unique4P4MirrorValuation/MirrorCegar6Satisfaction.lean:37:4: Try this:
  [apply] simp only [ne_eq] at hmem
info: Erdos9796Proof/P97/ATail/CardElevenUniqueFourCertificate/Support/Unique4P4MirrorValuation/MirrorCegar6Satisfaction.lean:41:6: 'decide' uses 'hmem'!
warning: Erdos9796Proof/P97/ATail/CardElevenUniqueFourCertificate/Support/Unique4P4MirrorValuation/MirrorCegar6Satisfaction.lean:37:4: 'simp [slotSchema, slotOrientation, reflectSchema,
      p4FourEndpointK2Schema] at hmem' is a flexible tactic modifying 'hmem'. Try 'simp?' and use the suggested 'simp only [...]'. Alternatively, use `suffices` to explicitly state the simplified form.

Note: This linter can be disabled with `set_option linter.flexible false`
info: Erdos9796Proof/P97/ATail/CardElevenUniqueFourCertificate/Support/Unique4P4MirrorValuation/MirrorCegar6Satisfaction.lean:37:4: Try this:
  [apply] simp only [ne_eq] at hmem
info: Erdos9796Proof/P97/ATail/CardElevenUniqueFourCertificate/Support/Unique4P4MirrorValuation/MirrorCegar6Satisfaction.lean:41:6: 'decide' uses 'hmem'!
warning: Erdos9796Proof/P97/ATail/CardElevenUniqueFourCertificate/Support/Unique4P4MirrorValuation/MirrorCegar6Satisfaction.lean:37:4: 'simp [slotSchema, slotOrientation, reflectSchema,
      p4FourEndpointK2Schema] at hmem' is a flexible tactic modifying 'hmem'. Try 'simp?' and use the suggested 'simp only [...]'. Alternatively, use `suffices` to explicitly state the simplified form.

Note: This linter can be disabled with `set_option linter.flexible false`
info: Erdos9796Proof/P97/ATail/CardElevenUniqueFourCertificate/Support/Unique4P4MirrorValuation/MirrorCegar6Satisfaction.lean:37:4: Try this:
  [apply] simp only [ne_eq] at hmem
info: Erdos9796Proof/P97/ATail/CardElevenUniqueFourCertificate/Support/Unique4P4MirrorValuation/MirrorCegar6Satisfaction.lean:41:6: 'decide' uses 'hmem'!
warning: Erdos9796Proof/P97/ATail/CardElevenUniqueFourCertificate/Support/Unique4P4MirrorValuation/MirrorCegar6Satisfaction.lean:37:4: 'simp [slotSchema, slotOrientation, reflectSchema,
      p4FourEndpointK2Schema] at hmem' is a flexible tactic modifying 'hmem'. Try 'simp?' and use the suggested 'simp only [...]'. Alternatively, use `suffices` to explicitly state the simplified form.

Note: This linter can be disabled with `set_option linter.flexible false`
info: Erdos9796Proof/P97/ATail/CardElevenUniqueFourCertificate/Support/Unique4P4MirrorValuation/MirrorCegar6Satisfaction.lean:37:4: Try this:
  [apply] simp only [ne_eq] at hmem
info: Erdos9796Proof/P97/ATail/CardElevenUniqueFourCertificate/Support/Unique4P4MirrorValuation/MirrorCegar6Satisfaction.lean:41:6: 'decide' uses 'hmem'!
warning: Erdos9796Proof/P97/ATail/CardElevenUniqueFourCertificate/Support/Unique4P4MirrorValuation/MirrorCegar6Satisfaction.lean:37:4: 'simp [slotSchema, slotOrientation, reflectSchema,
      p4FourEndpointK2Schema] at hmem' is a flexible tactic modifying 'hmem'. Try 'simp?' and use the suggested 'simp only [...]'. Alternatively, use `suffices` to explicitly state the simplified form.

Note: This linter can be disabled with `set_option linter.flexible false`
info: Erdos9796Proof/P97/ATail/CardElevenUniqueFourCertificate/Support/Unique4P4MirrorValuation/MirrorCegar6Satisfaction.lean:37:4: Try this:
  [apply] simp only [ne_eq] at hmem
info: Erdos9796Proof/P97/ATail/CardElevenUniqueFourCertificate/Support/Unique4P4MirrorValuation/MirrorCegar6Satisfaction.lean:41:6: 'decide' uses 'hmem'!
warning: Erdos9796Proof/P97/ATail/CardElevenUniqueFourCertificate/Support/Unique4P4MirrorValuation/MirrorCegar6Satisfaction.lean:37:4: 'simp [slotSchema, slotOrientation, reflectSchema,
      p4FourEndpointK2Schema] at hmem' is a flexible tactic modifying 'hmem'. Try 'simp?' and use the suggested 'simp only [...]'. Alternatively, use `suffices` to explicitly state the simplified form.

Note: This linter can be disabled with `set_option linter.flexible false`
info: Erdos9796Proof/P97/ATail/CardElevenUniqueFourCertificate/Support/Unique4P4MirrorValuation/MirrorCegar6Satisfaction.lean:37:4: Try this:
  [apply] simp only [ne_eq] at hmem
info: Erdos9796Proof/P97/ATail/CardElevenUniqueFourCertificate/Support/Unique4P4MirrorValuation/MirrorCegar6Satisfaction.lean:41:6: 'decide' uses 'hmem'!
warning: Erdos9796Proof/P97/ATail/CardElevenUniqueFourCertificate/Support/Unique4P4MirrorValuation/MirrorCegar6Satisfaction.lean:37:4: 'simp [slotSchema, slotOrientation, reflectSchema,
      p4FourEndpointK2Schema] at hmem' is a flexible tactic modifying 'hmem'. Try 'simp?' and use the suggested 'simp only [...]'. Alternatively, use `suffices` to explicitly state the simplified form.

Note: This linter can be disabled with `set_option linter.flexible false`
info: Erdos9796Proof/P97/ATail/CardElevenUniqueFourCertificate/Support/Unique4P4MirrorValuation/MirrorCegar6Satisfaction.lean:37:4: Try this:
  [apply] simp only [ne_eq] at hmem
info: Erdos9796Proof/P97/ATail/CardElevenUniqueFourCertificate/Support/Unique4P4MirrorValuation/MirrorCegar6Satisfaction.lean:41:6: 'decide' uses 'hmem'!
⚠ [8952/9012] Replayed Erdos9796Proof.P97.ATail.CardElevenUniqueFourCertificate.Support.Unique4P4MirrorValuation.P4MirrorOuterOccurrenceBridge.BridgeChunk01
warning: Erdos9796Proof/P97/ATail/CardElevenUniqueFourCertificate/Support/Unique4P4MirrorValuation/P4MirrorOuterOccurrenceBridge/BridgeChunk01.lean:2067:73: Using `native_decide` is not allowed in mathlib: because it trusts the entire Lean compiler (not just the Lean kernel), it could quite possibly be used to prove false.

Note: This linter can be disabled with `set_option linter.style.nativeDecide false`
warning: Erdos9796Proof/P97/ATail/CardElevenUniqueFourCertificate/Support/Unique4P4MirrorValuation/P4MirrorOuterOccurrenceBridge/BridgeChunk01.lean:2069:64: Using `native_decide` is not allowed in mathlib: because it trusts the entire Lean compiler (not just the Lean kernel), it could quite possibly be used to prove false.

Note: This linter can be disabled with `set_option linter.style.nativeDecide false`
⚠ [8953/9012] Replayed Erdos9796Proof.P97.ATail.CardElevenUniqueFourCertificate.Support.Unique4P4MirrorValuation.P4MirrorOuterOccurrenceBridge.BridgeChunk02
warning: Erdos9796Proof/P97/ATail/CardElevenUniqueFourCertificate/Support/Unique4P4MirrorValuation/P4MirrorOuterOccurrenceBridge/BridgeChunk02.lean:2067:73: Using `native_decide` is not allowed in mathlib: because it trusts the entire Lean compiler (not just the Lean kernel), it could quite possibly be used to prove false.

Note: This linter can be disabled with `set_option linter.style.nativeDecide false`
warning: Erdos9796Proof/P97/ATail/CardElevenUniqueFourCertificate/Support/Unique4P4MirrorValuation/P4MirrorOuterOccurrenceBridge/BridgeChunk02.lean:2069:64: Using `native_decide` is not allowed in mathlib: because it trusts the entire Lean compiler (not just the Lean kernel), it could quite possibly be used to prove false.

Note: This linter can be disabled with `set_option linter.style.nativeDecide false`
⚠ [8954/9012] Replayed Erdos9796Proof.P97.ATail.CardElevenUniqueFourCertificate.Support.Unique4P4MirrorValuation.P4MirrorOuterOccurrenceBridge.BridgeChunk03
warning: Erdos9796Proof/P97/ATail/CardElevenUniqueFourCertificate/Support/Unique4P4MirrorValuation/P4MirrorOuterOccurrenceBridge/BridgeChunk03.lean:2067:73: Using `native_decide` is not allowed in mathlib: because it trusts the entire Lean compiler (not just the Lean kernel), it could quite possibly be used to prove false.

Note: This linter can be disabled with `set_option linter.style.nativeDecide false`
warning: Erdos9796Proof/P97/ATail/CardElevenUniqueFourCertificate/Support/Unique4P4MirrorValuation/P4MirrorOuterOccurrenceBridge/BridgeChunk03.lean:2069:64: Using `native_decide` is not allowed in mathlib: because it trusts the entire Lean compiler (not just the Lean kernel), it could quite possibly be used to prove false.

Note: This linter can be disabled with `set_option linter.style.nativeDecide false`
⚠ [8955/9012] Replayed Erdos9796Proof.P97.ATail.CardElevenUniqueFourCertificate.Support.Unique4P4MirrorValuation.P4MirrorOuterOccurrenceBridge.BridgeChunk04
warning: Erdos9796Proof/P97/ATail/CardElevenUniqueFourCertificate/Support/Unique4P4MirrorValuation/P4MirrorOuterOccurrenceBridge/BridgeChunk04.lean:2067:73: Using `native_decide` is not allowed in mathlib: because it trusts the entire Lean compiler (not just the Lean kernel), it could quite possibly be used to prove false.

Note: This linter can be disabled with `set_option linter.style.nativeDecide false`
warning: Erdos9796Proof/P97/ATail/CardElevenUniqueFourCertificate/Support/Unique4P4MirrorValuation/P4MirrorOuterOccurrenceBridge/BridgeChunk04.lean:2069:64: Using `native_decide` is not allowed in mathlib: because it trusts the entire Lean compiler (not just the Lean kernel), it could quite possibly be used to prove false.

Note: This linter can be disabled with `set_option linter.style.nativeDecide false`
⚠ [8956/9012] Replayed Erdos9796Proof.P97.ATail.CardElevenUniqueFourCertificate.Support.Unique4P4MirrorValuation.P4MirrorOuterOccurrenceBridge.BridgeChunk05
warning: Erdos9796Proof/P97/ATail/CardElevenUniqueFourCertificate/Support/Unique4P4MirrorValuation/P4MirrorOuterOccurrenceBridge/BridgeChunk05.lean:2067:73: Using `native_decide` is not allowed in mathlib: because it trusts the entire Lean compiler (not just the Lean kernel), it could quite possibly be used to prove false.

Note: This linter can be disabled with `set_option linter.style.nativeDecide false`
warning: Erdos9796Proof/P97/ATail/CardElevenUniqueFourCertificate/Support/Unique4P4MirrorValuation/P4MirrorOuterOccurrenceBridge/BridgeChunk05.lean:2069:64: Using `native_decide` is not allowed in mathlib: because it trusts the entire Lean compiler (not just the Lean kernel), it could quite possibly be used to prove false.

Note: This linter can be disabled with `set_option linter.style.nativeDecide false`
⚠ [8957/9012] Replayed Erdos9796Proof.P97.ATail.CardElevenUniqueFourCertificate.Support.Unique4P4MirrorValuation.P4MirrorOuterOccurrenceBridge.BridgeChunk06
warning: Erdos9796Proof/P97/ATail/CardElevenUniqueFourCertificate/Support/Unique4P4MirrorValuation/P4MirrorOuterOccurrenceBridge/BridgeChunk06.lean:2067:73: Using `native_decide` is not allowed in mathlib: because it trusts the entire Lean compiler (not just the Lean kernel), it could quite possibly be used to prove false.

Note: This linter can be disabled with `set_option linter.style.nativeDecide false`
warning: Erdos9796Proof/P97/ATail/CardElevenUniqueFourCertificate/Support/Unique4P4MirrorValuation/P4MirrorOuterOccurrenceBridge/BridgeChunk06.lean:2069:64: Using `native_decide` is not allowed in mathlib: because it trusts the entire Lean compiler (not just the Lean kernel), it could quite possibly be used to prove false.

Note: This linter can be disabled with `set_option linter.style.nativeDecide false`
⚠ [8958/9012] Replayed Erdos9796Proof.P97.ATail.CardElevenUniqueFourCertificate.Support.Unique4P4MirrorValuation.P4MirrorOuterOccurrenceBridge.BridgeChunk07
warning: Erdos9796Proof/P97/ATail/CardElevenUniqueFourCertificate/Support/Unique4P4MirrorValuation/P4MirrorOuterOccurrenceBridge/BridgeChunk07.lean:2067:73: Using `native_decide` is not allowed in mathlib: because it trusts the entire Lean compiler (not just the Lean kernel), it could quite possibly be used to prove false.

Note: This linter can be disabled with `set_option linter.style.nativeDecide false`
warning: Erdos9796Proof/P97/ATail/CardElevenUniqueFourCertificate/Support/Unique4P4MirrorValuation/P4MirrorOuterOccurrenceBridge/BridgeChunk07.lean:2069:64: Using `native_decide` is not allowed in mathlib: because it trusts the entire Lean compiler (not just the Lean kernel), it could quite possibly be used to prove false.

Note: This linter can be disabled with `set_option linter.style.nativeDecide false`
⚠ [8959/9012] Replayed Erdos9796Proof.P97.ATail.CardElevenUniqueFourCertificate.Support.Unique4P4MirrorValuation.P4MirrorOuterOccurrenceBridge.BridgeChunk08
warning: Erdos9796Proof/P97/ATail/CardElevenUniqueFourCertificate/Support/Unique4P4MirrorValuation/P4MirrorOuterOccurrenceBridge/BridgeChunk08.lean:2067:73: Using `native_decide` is not allowed in mathlib: because it trusts the entire Lean compiler (not just the Lean kernel), it could quite possibly be used to prove false.

Note: This linter can be disabled with `set_option linter.style.nativeDecide false`
warning: Erdos9796Proof/P97/ATail/CardElevenUniqueFourCertificate/Support/Unique4P4MirrorValuation/P4MirrorOuterOccurrenceBridge/BridgeChunk08.lean:2069:64: Using `native_decide` is not allowed in mathlib: because it trusts the entire Lean compiler (not just the Lean kernel), it could quite possibly be used to prove false.

Note: This linter can be disabled with `set_option linter.style.nativeDecide false`
⚠ [8960/9012] Replayed Erdos9796Proof.P97.ATail.CardElevenUniqueFourCertificate.Support.Unique4P4MirrorValuation.P4MirrorOuterOccurrenceBridge.BridgeChunk09
warning: Erdos9796Proof/P97/ATail/CardElevenUniqueFourCertificate/Support/Unique4P4MirrorValuation/P4MirrorOuterOccurrenceBridge/BridgeChunk09.lean:2067:73: Using `native_decide` is not allowed in mathlib: because it trusts the entire Lean compiler (not just the Lean kernel), it could quite possibly be used to prove false.

Note: This linter can be disabled with `set_option linter.style.nativeDecide false`
warning: Erdos9796Proof/P97/ATail/CardElevenUniqueFourCertificate/Support/Unique4P4MirrorValuation/P4MirrorOuterOccurrenceBridge/BridgeChunk09.lean:2069:64: Using `native_decide` is not allowed in mathlib: because it trusts the entire Lean compiler (not just the Lean kernel), it could quite possibly be used to prove false.

Note: This linter can be disabled with `set_option linter.style.nativeDecide false`
⚠ [8961/9012] Replayed Erdos9796Proof.P97.ATail.CardElevenUniqueFourCertificate.Support.Unique4P4MirrorValuation.P4MirrorOuterOccurrenceBridge.BridgeChunk10
warning: Erdos9796Proof/P97/ATail/CardElevenUniqueFourCertificate/Support/Unique4P4MirrorValuation/P4MirrorOuterOccurrenceBridge/BridgeChunk10.lean:2067:73: Using `native_decide` is not allowed in mathlib: because it trusts the entire Lean compiler (not just the Lean kernel), it could quite possibly be used to prove false.

Note: This linter can be disabled with `set_option linter.style.nativeDecide false`
warning: Erdos9796Proof/P97/ATail/CardElevenUniqueFourCertificate/Support/Unique4P4MirrorValuation/P4MirrorOuterOccurrenceBridge/BridgeChunk10.lean:2069:64: Using `native_decide` is not allowed in mathlib: because it trusts the entire Lean compiler (not just the Lean kernel), it could quite possibly be used to prove false.

Note: This linter can be disabled with `set_option linter.style.nativeDecide false`
⚠ [8962/9012] Replayed Erdos9796Proof.P97.ATail.CardElevenUniqueFourCertificate.Support.Unique4P4MirrorValuation.P4MirrorOuterOccurrenceBridge.BridgeChunk11
warning: Erdos9796Proof/P97/ATail/CardElevenUniqueFourCertificate/Support/Unique4P4MirrorValuation/P4MirrorOuterOccurrenceBridge/BridgeChunk11.lean:2067:73: Using `native_decide` is not allowed in mathlib: because it trusts the entire Lean compiler (not just the Lean kernel), it could quite possibly be used to prove false.

Note: This linter can be disabled with `set_option linter.style.nativeDecide false`
warning: Erdos9796Proof/P97/ATail/CardElevenUniqueFourCertificate/Support/Unique4P4MirrorValuation/P4MirrorOuterOccurrenceBridge/BridgeChunk11.lean:2069:64: Using `native_decide` is not allowed in mathlib: because it trusts the entire Lean compiler (not just the Lean kernel), it could quite possibly be used to prove false.

Note: This linter can be disabled with `set_option linter.style.nativeDecide false`
⚠ [8963/9012] Replayed Erdos9796Proof.P97.ATail.CardElevenUniqueFourCertificate.Support.Unique4P4MirrorValuation.P4MirrorOuterOccurrenceBridge.BridgeChunk12
warning: Erdos9796Proof/P97/ATail/CardElevenUniqueFourCertificate/Support/Unique4P4MirrorValuation/P4MirrorOuterOccurrenceBridge/BridgeChunk12.lean:2067:73: Using `native_decide` is not allowed in mathlib: because it trusts the entire Lean compiler (not just the Lean kernel), it could quite possibly be used to prove false.

Note: This linter can be disabled with `set_option linter.style.nativeDecide false`
warning: Erdos9796Proof/P97/ATail/CardElevenUniqueFourCertificate/Support/Unique4P4MirrorValuation/P4MirrorOuterOccurrenceBridge/BridgeChunk12.lean:2069:64: Using `native_decide` is not allowed in mathlib: because it trusts the entire Lean compiler (not just the Lean kernel), it could quite possibly be used to prove false.

Note: This linter can be disabled with `set_option linter.style.nativeDecide false`
⚠ [8964/9012] Replayed Erdos9796Proof.P97.ATail.CardElevenUniqueFourCertificate.Support.Unique4P4MirrorValuation.P4MirrorOuterOccurrenceBridge.BridgeChunk13
warning: Erdos9796Proof/P97/ATail/CardElevenUniqueFourCertificate/Support/Unique4P4MirrorValuation/P4MirrorOuterOccurrenceBridge/BridgeChunk13.lean:2067:73: Using `native_decide` is not allowed in mathlib: because it trusts the entire Lean compiler (not just the Lean kernel), it could quite possibly be used to prove false.

Note: This linter can be disabled with `set_option linter.style.nativeDecide false`
warning: Erdos9796Proof/P97/ATail/CardElevenUniqueFourCertificate/Support/Unique4P4MirrorValuation/P4MirrorOuterOccurrenceBridge/BridgeChunk13.lean:2069:64: Using `native_decide` is not allowed in mathlib: because it trusts the entire Lean compiler (not just the Lean kernel), it could quite possibly be used to prove false.

Note: This linter can be disabled with `set_option linter.style.nativeDecide false`
⚠ [8965/9012] Replayed Erdos9796Proof.P97.ATail.CardElevenUniqueFourCertificate.Support.Unique4P4MirrorValuation.P4MirrorOuterOccurrenceBridge.BridgeChunk14
warning: Erdos9796Proof/P97/ATail/CardElevenUniqueFourCertificate/Support/Unique4P4MirrorValuation/P4MirrorOuterOccurrenceBridge/BridgeChunk14.lean:2067:73: Using `native_decide` is not allowed in mathlib: because it trusts the entire Lean compiler (not just the Lean kernel), it could quite possibly be used to prove false.

Note: This linter can be disabled with `set_option linter.style.nativeDecide false`
warning: Erdos9796Proof/P97/ATail/CardElevenUniqueFourCertificate/Support/Unique4P4MirrorValuation/P4MirrorOuterOccurrenceBridge/BridgeChunk14.lean:2069:64: Using `native_decide` is not allowed in mathlib: because it trusts the entire Lean compiler (not just the Lean kernel), it could quite possibly be used to prove false.

Note: This linter can be disabled with `set_option linter.style.nativeDecide false`
⚠ [8966/9012] Replayed Erdos9796Proof.P97.ATail.CardElevenUniqueFourCertificate.Support.Unique4P4MirrorValuation.P4MirrorOuterOccurrenceBridge.BridgeChunk15
warning: Erdos9796Proof/P97/ATail/CardElevenUniqueFourCertificate/Support/Unique4P4MirrorValuation/P4MirrorOuterOccurrenceBridge/BridgeChunk15.lean:2067:73: Using `native_decide` is not allowed in mathlib: because it trusts the entire Lean compiler (not just the Lean kernel), it could quite possibly be used to prove false.

Note: This linter can be disabled with `set_option linter.style.nativeDecide false`
warning: Erdos9796Proof/P97/ATail/CardElevenUniqueFourCertificate/Support/Unique4P4MirrorValuation/P4MirrorOuterOccurrenceBridge/BridgeChunk15.lean:2069:64: Using `native_decide` is not allowed in mathlib: because it trusts the entire Lean compiler (not just the Lean kernel), it could quite possibly be used to prove false.

Note: This linter can be disabled with `set_option linter.style.nativeDecide false`
⚠ [8967/9012] Replayed Erdos9796Proof.P97.ATail.CardElevenUniqueFourCertificate.Support.Unique4P4MirrorValuation.P4MirrorOuterOccurrenceBridge.BridgeChunk16
warning: Erdos9796Proof/P97/ATail/CardElevenUniqueFourCertificate/Support/Unique4P4MirrorValuation/P4MirrorOuterOccurrenceBridge/BridgeChunk16.lean:2067:73: Using `native_decide` is not allowed in mathlib: because it trusts the entire Lean compiler (not just the Lean kernel), it could quite possibly be used to prove false.

Note: This linter can be disabled with `set_option linter.style.nativeDecide false`
warning: Erdos9796Proof/P97/ATail/CardElevenUniqueFourCertificate/Support/Unique4P4MirrorValuation/P4MirrorOuterOccurrenceBridge/BridgeChunk16.lean:2069:64: Using `native_decide` is not allowed in mathlib: because it trusts the entire Lean compiler (not just the Lean kernel), it could quite possibly be used to prove false.

Note: This linter can be disabled with `set_option linter.style.nativeDecide false`
⚠ [8968/9012] Replayed Erdos9796Proof.P97.ATail.CardElevenUniqueFourCertificate.Support.Unique4P4MirrorValuation.P4MirrorOuterOccurrenceBridge.BridgeChunk17
warning: Erdos9796Proof/P97/ATail/CardElevenUniqueFourCertificate/Support/Unique4P4MirrorValuation/P4MirrorOuterOccurrenceBridge/BridgeChunk17.lean:2067:73: Using `native_decide` is not allowed in mathlib: because it trusts the entire Lean compiler (not just the Lean kernel), it could quite possibly be used to prove false.

Note: This linter can be disabled with `set_option linter.style.nativeDecide false`
warning: Erdos9796Proof/P97/ATail/CardElevenUniqueFourCertificate/Support/Unique4P4MirrorValuation/P4MirrorOuterOccurrenceBridge/BridgeChunk17.lean:2069:64: Using `native_decide` is not allowed in mathlib: because it trusts the entire Lean compiler (not just the Lean kernel), it could quite possibly be used to prove false.

Note: This linter can be disabled with `set_option linter.style.nativeDecide false`
⚠ [8969/9012] Replayed Erdos9796Proof.P97.ATail.CardElevenUniqueFourCertificate.Support.Unique4P4MirrorValuation.P4MirrorOuterOccurrenceBridge.BridgeChunk18
warning: Erdos9796Proof/P97/ATail/CardElevenUniqueFourCertificate/Support/Unique4P4MirrorValuation/P4MirrorOuterOccurrenceBridge/BridgeChunk18.lean:1575:73: Using `native_decide` is not allowed in mathlib: because it trusts the entire Lean compiler (not just the Lean kernel), it could quite possibly be used to prove false.

Note: This linter can be disabled with `set_option linter.style.nativeDecide false`
warning: Erdos9796Proof/P97/ATail/CardElevenUniqueFourCertificate/Support/Unique4P4MirrorValuation/P4MirrorOuterOccurrenceBridge/BridgeChunk18.lean:1577:64: Using `native_decide` is not allowed in mathlib: because it trusts the entire Lean compiler (not just the Lean kernel), it could quite possibly be used to prove false.

Note: This linter can be disabled with `set_option linter.style.nativeDecide false`
⚠ [8970/9012] Replayed Erdos9796Proof.P97.ATail.CardElevenUniqueFourCertificate.Support.Unique4P4MirrorValuation.P4MirrorOuterOccurrenceBridge.BridgeChunk19
warning: Erdos9796Proof/P97/ATail/CardElevenUniqueFourCertificate/Support/Unique4P4MirrorValuation/P4MirrorOuterOccurrenceBridge/BridgeChunk19.lean:1299:73: Using `native_decide` is not allowed in mathlib: because it trusts the entire Lean compiler (not just the Lean kernel), it could quite possibly be used to prove false.

Note: This linter can be disabled with `set_option linter.style.nativeDecide false`
warning: Erdos9796Proof/P97/ATail/CardElevenUniqueFourCertificate/Support/Unique4P4MirrorValuation/P4MirrorOuterOccurrenceBridge/BridgeChunk19.lean:1301:64: Using `native_decide` is not allowed in mathlib: because it trusts the entire Lean compiler (not just the Lean kernel), it could quite possibly be used to prove false.

Note: This linter can be disabled with `set_option linter.style.nativeDecide false`
⚠ [8971/9012] Replayed Erdos9796Proof.P97.ATail.CardElevenUniqueFourCertificate.Support.Unique4P4MirrorValuation.P4MirrorOuterOccurrenceBridge.BridgeChunk20
warning: Erdos9796Proof/P97/ATail/CardElevenUniqueFourCertificate/Support/Unique4P4MirrorValuation/P4MirrorOuterOccurrenceBridge/BridgeChunk20.lean:1299:73: Using `native_decide` is not allowed in mathlib: because it trusts the entire Lean compiler (not just the Lean kernel), it could quite possibly be used to prove false.

Note: This linter can be disabled with `set_option linter.style.nativeDecide false`
warning: Erdos9796Proof/P97/ATail/CardElevenUniqueFourCertificate/Support/Unique4P4MirrorValuation/P4MirrorOuterOccurrenceBridge/BridgeChunk20.lean:1301:64: Using `native_decide` is not allowed in mathlib: because it trusts the entire Lean compiler (not just the Lean kernel), it could quite possibly be used to prove false.

Note: This linter can be disabled with `set_option linter.style.nativeDecide false`
⚠ [8972/9012] Replayed Erdos9796Proof.P97.ATail.CardElevenUniqueFourCertificate.Support.Unique4P4MirrorValuation.P4MirrorOuterOccurrenceBridge.BridgeChunk21
warning: Erdos9796Proof/P97/ATail/CardElevenUniqueFourCertificate/Support/Unique4P4MirrorValuation/P4MirrorOuterOccurrenceBridge/BridgeChunk21.lean:1299:73: Using `native_decide` is not allowed in mathlib: because it trusts the entire Lean compiler (not just the Lean kernel), it could quite possibly be used to prove false.

Note: This linter can be disabled with `set_option linter.style.nativeDecide false`
warning: Erdos9796Proof/P97/ATail/CardElevenUniqueFourCertificate/Support/Unique4P4MirrorValuation/P4MirrorOuterOccurrenceBridge/BridgeChunk21.lean:1301:64: Using `native_decide` is not allowed in mathlib: because it trusts the entire Lean compiler (not just the Lean kernel), it could quite possibly be used to prove false.

Note: This linter can be disabled with `set_option linter.style.nativeDecide false`
⚠ [8973/9012] Replayed Erdos9796Proof.P97.ATail.CardElevenUniqueFourCertificate.Support.Unique4P4MirrorValuation.P4MirrorOuterOccurrenceBridge.BridgeChunk22
warning: Erdos9796Proof/P97/ATail/CardElevenUniqueFourCertificate/Support/Unique4P4MirrorValuation/P4MirrorOuterOccurrenceBridge/BridgeChunk22.lean:1299:73: Using `native_decide` is not allowed in mathlib: because it trusts the entire Lean compiler (not just the Lean kernel), it could quite possibly be used to prove false.

Note: This linter can be disabled with `set_option linter.style.nativeDecide false`
warning: Erdos9796Proof/P97/ATail/CardElevenUniqueFourCertificate/Support/Unique4P4MirrorValuation/P4MirrorOuterOccurrenceBridge/BridgeChunk22.lean:1301:64: Using `native_decide` is not allowed in mathlib: because it trusts the entire Lean compiler (not just the Lean kernel), it could quite possibly be used to prove false.

Note: This linter can be disabled with `set_option linter.style.nativeDecide false`
⚠ [8974/9012] Replayed Erdos9796Proof.P97.ATail.CardElevenUniqueFourCertificate.Support.Unique4P4MirrorValuation.P4MirrorOuterOccurrenceBridge.BridgeChunk23
warning: Erdos9796Proof/P97/ATail/CardElevenUniqueFourCertificate/Support/Unique4P4MirrorValuation/P4MirrorOuterOccurrenceBridge/BridgeChunk23.lean:1299:73: Using `native_decide` is not allowed in mathlib: because it trusts the entire Lean compiler (not just the Lean kernel), it could quite possibly be used to prove false.

Note: This linter can be disabled with `set_option linter.style.nativeDecide false`
warning: Erdos9796Proof/P97/ATail/CardElevenUniqueFourCertificate/Support/Unique4P4MirrorValuation/P4MirrorOuterOccurrenceBridge/BridgeChunk23.lean:1301:64: Using `native_decide` is not allowed in mathlib: because it trusts the entire Lean compiler (not just the Lean kernel), it could quite possibly be used to prove false.

Note: This linter can be disabled with `set_option linter.style.nativeDecide false`
⚠ [8975/9012] Replayed Erdos9796Proof.P97.ATail.CardElevenUniqueFourCertificate.Support.Unique4P4MirrorValuation.P4MirrorOuterOccurrenceBridge.BridgeChunk24
warning: Erdos9796Proof/P97/ATail/CardElevenUniqueFourCertificate/Support/Unique4P4MirrorValuation/P4MirrorOuterOccurrenceBridge/BridgeChunk24.lean:1299:73: Using `native_decide` is not allowed in mathlib: because it trusts the entire Lean compiler (not just the Lean kernel), it could quite possibly be used to prove false.

Note: This linter can be disabled with `set_option linter.style.nativeDecide false`
warning: Erdos9796Proof/P97/ATail/CardElevenUniqueFourCertificate/Support/Unique4P4MirrorValuation/P4MirrorOuterOccurrenceBridge/BridgeChunk24.lean:1301:64: Using `native_decide` is not allowed in mathlib: because it trusts the entire Lean compiler (not just the Lean kernel), it could quite possibly be used to prove false.

Note: This linter can be disabled with `set_option linter.style.nativeDecide false`
⚠ [8976/9012] Replayed Erdos9796Proof.P97.ATail.CardElevenUniqueFourCertificate.Support.Unique4P4MirrorValuation.P4MirrorOuterOccurrenceBridge.BridgeChunk25
warning: Erdos9796Proof/P97/ATail/CardElevenUniqueFourCertificate/Support/Unique4P4MirrorValuation/P4MirrorOuterOccurrenceBridge/BridgeChunk25.lean:1299:73: Using `native_decide` is not allowed in mathlib: because it trusts the entire Lean compiler (not just the Lean kernel), it could quite possibly be used to prove false.

Note: This linter can be disabled with `set_option linter.style.nativeDecide false`
warning: Erdos9796Proof/P97/ATail/CardElevenUniqueFourCertificate/Support/Unique4P4MirrorValuation/P4MirrorOuterOccurrenceBridge/BridgeChunk25.lean:1301:64: Using `native_decide` is not allowed in mathlib: because it trusts the entire Lean compiler (not just the Lean kernel), it could quite possibly be used to prove false.

Note: This linter can be disabled with `set_option linter.style.nativeDecide false`
⚠ [8977/9012] Replayed Erdos9796Proof.P97.ATail.CardElevenUniqueFourCertificate.Support.Unique4P4MirrorValuation.P4MirrorOuterOccurrenceBridge.BridgeChunk26
warning: Erdos9796Proof/P97/ATail/CardElevenUniqueFourCertificate/Support/Unique4P4MirrorValuation/P4MirrorOuterOccurrenceBridge/BridgeChunk26.lean:1299:73: Using `native_decide` is not allowed in mathlib: because it trusts the entire Lean compiler (not just the Lean kernel), it could quite possibly be used to prove false.

Note: This linter can be disabled with `set_option linter.style.nativeDecide false`
warning: Erdos9796Proof/P97/ATail/CardElevenUniqueFourCertificate/Support/Unique4P4MirrorValuation/P4MirrorOuterOccurrenceBridge/BridgeChunk26.lean:1301:64: Using `native_decide` is not allowed in mathlib: because it trusts the entire Lean compiler (not just the Lean kernel), it could quite possibly be used to prove false.

Note: This linter can be disabled with `set_option linter.style.nativeDecide false`
⚠ [8978/9012] Replayed Erdos9796Proof.P97.ATail.CardElevenUniqueFourCertificate.Support.Unique4P4MirrorValuation.P4MirrorOuterOccurrenceBridge.BridgeChunk27
warning: Erdos9796Proof/P97/ATail/CardElevenUniqueFourCertificate/Support/Unique4P4MirrorValuation/P4MirrorOuterOccurrenceBridge/BridgeChunk27.lean:1299:73: Using `native_decide` is not allowed in mathlib: because it trusts the entire Lean compiler (not just the Lean kernel), it could quite possibly be used to prove false.

Note: This linter can be disabled with `set_option linter.style.nativeDecide false`
warning: Erdos9796Proof/P97/ATail/CardElevenUniqueFourCertificate/Support/Unique4P4MirrorValuation/P4MirrorOuterOccurrenceBridge/BridgeChunk27.lean:1301:64: Using `native_decide` is not allowed in mathlib: because it trusts the entire Lean compiler (not just the Lean kernel), it could quite possibly be used to prove false.

Note: This linter can be disabled with `set_option linter.style.nativeDecide false`
⚠ [8979/9012] Replayed Erdos9796Proof.P97.ATail.CardElevenUniqueFourCertificate.Support.Unique4P4MirrorValuation.P4MirrorOuterOccurrenceBridge.BridgeChunk28
warning: Erdos9796Proof/P97/ATail/CardElevenUniqueFourCertificate/Support/Unique4P4MirrorValuation/P4MirrorOuterOccurrenceBridge/BridgeChunk28.lean:1299:73: Using `native_decide` is not allowed in mathlib: because it trusts the entire Lean compiler (not just the Lean kernel), it could quite possibly be used to prove false.

Note: This linter can be disabled with `set_option linter.style.nativeDecide false`
warning: Erdos9796Proof/P97/ATail/CardElevenUniqueFourCertificate/Support/Unique4P4MirrorValuation/P4MirrorOuterOccurrenceBridge/BridgeChunk28.lean:1301:64: Using `native_decide` is not allowed in mathlib: because it trusts the entire Lean compiler (not just the Lean kernel), it could quite possibly be used to prove false.

Note: This linter can be disabled with `set_option linter.style.nativeDecide false`
⚠ [8980/9012] Replayed Erdos9796Proof.P97.ATail.CardElevenUniqueFourCertificate.Support.Unique4P4MirrorValuation.P4MirrorOuterOccurrenceBridge.BridgeChunk29
warning: Erdos9796Proof/P97/ATail/CardElevenUniqueFourCertificate/Support/Unique4P4MirrorValuation/P4MirrorOuterOccurrenceBridge/BridgeChunk29.lean:1299:73: Using `native_decide` is not allowed in mathlib: because it trusts the entire Lean compiler (not just the Lean kernel), it could quite possibly be used to prove false.

Note: This linter can be disabled with `set_option linter.style.nativeDecide false`
warning: Erdos9796Proof/P97/ATail/CardElevenUniqueFourCertificate/Support/Unique4P4MirrorValuation/P4MirrorOuterOccurrenceBridge/BridgeChunk29.lean:1301:64: Using `native_decide` is not allowed in mathlib: because it trusts the entire Lean compiler (not just the Lean kernel), it could quite possibly be used to prove false.

Note: This linter can be disabled with `set_option linter.style.nativeDecide false`
⚠ [8981/9012] Replayed Erdos9796Proof.P97.ATail.CardElevenUniqueFourCertificate.Support.Unique4P4MirrorValuation.P4MirrorOuterOccurrenceBridge.BridgeChunk30
warning: Erdos9796Proof/P97/ATail/CardElevenUniqueFourCertificate/Support/Unique4P4MirrorValuation/P4MirrorOuterOccurrenceBridge/BridgeChunk30.lean:1299:73: Using `native_decide` is not allowed in mathlib: because it trusts the entire Lean compiler (not just the Lean kernel), it could quite possibly be used to prove false.

Note: This linter can be disabled with `set_option linter.style.nativeDecide false`
warning: Erdos9796Proof/P97/ATail/CardElevenUniqueFourCertificate/Support/Unique4P4MirrorValuation/P4MirrorOuterOccurrenceBridge/BridgeChunk30.lean:1301:64: Using `native_decide` is not allowed in mathlib: because it trusts the entire Lean compiler (not just the Lean kernel), it could quite possibly be used to prove false.

Note: This linter can be disabled with `set_option linter.style.nativeDecide false`
⚠ [8982/9012] Replayed Erdos9796Proof.P97.ATail.CardElevenUniqueFourCertificate.Support.Unique4P4MirrorValuation.P4MirrorOuterOccurrenceBridge.BridgeChunk31
warning: Erdos9796Proof/P97/ATail/CardElevenUniqueFourCertificate/Support/Unique4P4MirrorValuation/P4MirrorOuterOccurrenceBridge/BridgeChunk31.lean:1299:73: Using `native_decide` is not allowed in mathlib: because it trusts the entire Lean compiler (not just the Lean kernel), it could quite possibly be used to prove false.

Note: This linter can be disabled with `set_option linter.style.nativeDecide false`
warning: Erdos9796Proof/P97/ATail/CardElevenUniqueFourCertificate/Support/Unique4P4MirrorValuation/P4MirrorOuterOccurrenceBridge/BridgeChunk31.lean:1301:64: Using `native_decide` is not allowed in mathlib: because it trusts the entire Lean compiler (not just the Lean kernel), it could quite possibly be used to prove false.

Note: This linter can be disabled with `set_option linter.style.nativeDecide false`
⚠ [8983/9012] Replayed Erdos9796Proof.P97.ATail.CardElevenUniqueFourCertificate.Support.Unique4P4MirrorValuation.P4MirrorOuterOccurrenceBridge.BridgeChunk32
warning: Erdos9796Proof/P97/ATail/CardElevenUniqueFourCertificate/Support/Unique4P4MirrorValuation/P4MirrorOuterOccurrenceBridge/BridgeChunk32.lean:1299:73: Using `native_decide` is not allowed in mathlib: because it trusts the entire Lean compiler (not just the Lean kernel), it could quite possibly be used to prove false.

Note: This linter can be disabled with `set_option linter.style.nativeDecide false`
warning: Erdos9796Proof/P97/ATail/CardElevenUniqueFourCertificate/Support/Unique4P4MirrorValuation/P4MirrorOuterOccurrenceBridge/BridgeChunk32.lean:1301:64: Using `native_decide` is not allowed in mathlib: because it trusts the entire Lean compiler (not just the Lean kernel), it could quite possibly be used to prove false.

Note: This linter can be disabled with `set_option linter.style.nativeDecide false`
⚠ [8984/9012] Replayed Erdos9796Proof.P97.ATail.CardElevenUniqueFourCertificate.Support.Unique4P4MirrorValuation.P4MirrorOuterOccurrenceBridge.BridgeChunk33
warning: Erdos9796Proof/P97/ATail/CardElevenUniqueFourCertificate/Support/Unique4P4MirrorValuation/P4MirrorOuterOccurrenceBridge/BridgeChunk33.lean:1299:73: Using `native_decide` is not allowed in mathlib: because it trusts the entire Lean compiler (not just the Lean kernel), it could quite possibly be used to prove false.

Note: This linter can be disabled with `set_option linter.style.nativeDecide false`
warning: Erdos9796Proof/P97/ATail/CardElevenUniqueFourCertificate/Support/Unique4P4MirrorValuation/P4MirrorOuterOccurrenceBridge/BridgeChunk33.lean:1301:64: Using `native_decide` is not allowed in mathlib: because it trusts the entire Lean compiler (not just the Lean kernel), it could quite possibly be used to prove false.

Note: This linter can be disabled with `set_option linter.style.nativeDecide false`
⚠ [8985/9012] Replayed Erdos9796Proof.P97.ATail.CardElevenUniqueFourCertificate.Support.Unique4P4MirrorValuation.P4MirrorOuterOccurrenceBridge.BridgeChunk34
warning: Erdos9796Proof/P97/ATail/CardElevenUniqueFourCertificate/Support/Unique4P4MirrorValuation/P4MirrorOuterOccurrenceBridge/BridgeChunk34.lean:1299:73: Using `native_decide` is not allowed in mathlib: because it trusts the entire Lean compiler (not just the Lean kernel), it could quite possibly be used to prove false.

Note: This linter can be disabled with `set_option linter.style.nativeDecide false`
warning: Erdos9796Proof/P97/ATail/CardElevenUniqueFourCertificate/Support/Unique4P4MirrorValuation/P4MirrorOuterOccurrenceBridge/BridgeChunk34.lean:1301:64: Using `native_decide` is not allowed in mathlib: because it trusts the entire Lean compiler (not just the Lean kernel), it could quite possibly be used to prove false.

Note: This linter can be disabled with `set_option linter.style.nativeDecide false`
⚠ [8986/9012] Replayed Erdos9796Proof.P97.ATail.CardElevenUniqueFourCertificate.Support.Unique4P4MirrorValuation.P4MirrorOuterOccurrenceBridge.BridgeChunk35
warning: Erdos9796Proof/P97/ATail/CardElevenUniqueFourCertificate/Support/Unique4P4MirrorValuation/P4MirrorOuterOccurrenceBridge/BridgeChunk35.lean:1299:73: Using `native_decide` is not allowed in mathlib: because it trusts the entire Lean compiler (not just the Lean kernel), it could quite possibly be used to prove false.

Note: This linter can be disabled with `set_option linter.style.nativeDecide false`
warning: Erdos9796Proof/P97/ATail/CardElevenUniqueFourCertificate/Support/Unique4P4MirrorValuation/P4MirrorOuterOccurrenceBridge/BridgeChunk35.lean:1301:64: Using `native_decide` is not allowed in mathlib: because it trusts the entire Lean compiler (not just the Lean kernel), it could quite possibly be used to prove false.

Note: This linter can be disabled with `set_option linter.style.nativeDecide false`
⚠ [8987/9012] Replayed Erdos9796Proof.P97.ATail.CardElevenUniqueFourCertificate.Support.Unique4P4MirrorValuation.P4MirrorOuterOccurrenceBridge.BridgeChunk36
warning: Erdos9796Proof/P97/ATail/CardElevenUniqueFourCertificate/Support/Unique4P4MirrorValuation/P4MirrorOuterOccurrenceBridge/BridgeChunk36.lean:1299:73: Using `native_decide` is not allowed in mathlib: because it trusts the entire Lean compiler (not just the Lean kernel), it could quite possibly be used to prove false.

Note: This linter can be disabled with `set_option linter.style.nativeDecide false`
warning: Erdos9796Proof/P97/ATail/CardElevenUniqueFourCertificate/Support/Unique4P4MirrorValuation/P4MirrorOuterOccurrenceBridge/BridgeChunk36.lean:1301:64: Using `native_decide` is not allowed in mathlib: because it trusts the entire Lean compiler (not just the Lean kernel), it could quite possibly be used to prove false.

Note: This linter can be disabled with `set_option linter.style.nativeDecide false`
⚠ [8988/9012] Replayed Erdos9796Proof.P97.ATail.CardElevenUniqueFourCertificate.Support.Unique4P4MirrorValuation.P4MirrorOuterOccurrenceBridge.BridgeChunk37
warning: Erdos9796Proof/P97/ATail/CardElevenUniqueFourCertificate/Support/Unique4P4MirrorValuation/P4MirrorOuterOccurrenceBridge/BridgeChunk37.lean:1299:73: Using `native_decide` is not allowed in mathlib: because it trusts the entire Lean compiler (not just the Lean kernel), it could quite possibly be used to prove false.

Note: This linter can be disabled with `set_option linter.style.nativeDecide false`
warning: Erdos9796Proof/P97/ATail/CardElevenUniqueFourCertificate/Support/Unique4P4MirrorValuation/P4MirrorOuterOccurrenceBridge/BridgeChunk37.lean:1301:64: Using `native_decide` is not allowed in mathlib: because it trusts the entire Lean compiler (not just the Lean kernel), it could quite possibly be used to prove false.

Note: This linter can be disabled with `set_option linter.style.nativeDecide false`
⚠ [8989/9012] Replayed Erdos9796Proof.P97.ATail.CardElevenUniqueFourCertificate.Support.Unique4P4MirrorValuation.P4MirrorOuterOccurrenceBridge.BridgeChunk38
warning: Erdos9796Proof/P97/ATail/CardElevenUniqueFourCertificate/Support/Unique4P4MirrorValuation/P4MirrorOuterOccurrenceBridge/BridgeChunk38.lean:1299:73: Using `native_decide` is not allowed in mathlib: because it trusts the entire Lean compiler (not just the Lean kernel), it could quite possibly be used to prove false.

Note: This linter can be disabled with `set_option linter.style.nativeDecide false`
warning: Erdos9796Proof/P97/ATail/CardElevenUniqueFourCertificate/Support/Unique4P4MirrorValuation/P4MirrorOuterOccurrenceBridge/BridgeChunk38.lean:1301:64: Using `native_decide` is not allowed in mathlib: because it trusts the entire Lean compiler (not just the Lean kernel), it could quite possibly be used to prove false.

Note: This linter can be disabled with `set_option linter.style.nativeDecide false`
⚠ [8990/9012] Replayed Erdos9796Proof.P97.ATail.CardElevenUniqueFourCertificate.Support.Unique4P4MirrorValuation.P4MirrorOuterOccurrenceBridge.BridgeChunk39
warning: Erdos9796Proof/P97/ATail/CardElevenUniqueFourCertificate/Support/Unique4P4MirrorValuation/P4MirrorOuterOccurrenceBridge/BridgeChunk39.lean:1299:73: Using `native_decide` is not allowed in mathlib: because it trusts the entire Lean compiler (not just the Lean kernel), it could quite possibly be used to prove false.

Note: This linter can be disabled with `set_option linter.style.nativeDecide false`
warning: Erdos9796Proof/P97/ATail/CardElevenUniqueFourCertificate/Support/Unique4P4MirrorValuation/P4MirrorOuterOccurrenceBridge/BridgeChunk39.lean:1301:64: Using `native_decide` is not allowed in mathlib: because it trusts the entire Lean compiler (not just the Lean kernel), it could quite possibly be used to prove false.

Note: This linter can be disabled with `set_option linter.style.nativeDecide false`
⚠ [8991/9012] Replayed Erdos9796Proof.P97.ATail.CardElevenUniqueFourCertificate.Support.Unique4P4MirrorValuation.P4MirrorOuterOccurrenceBridge.BridgeChunk40
warning: Erdos9796Proof/P97/ATail/CardElevenUniqueFourCertificate/Support/Unique4P4MirrorValuation/P4MirrorOuterOccurrenceBridge/BridgeChunk40.lean:1299:73: Using `native_decide` is not allowed in mathlib: because it trusts the entire Lean compiler (not just the Lean kernel), it could quite possibly be used to prove false.

Note: This linter can be disabled with `set_option linter.style.nativeDecide false`
warning: Erdos9796Proof/P97/ATail/CardElevenUniqueFourCertificate/Support/Unique4P4MirrorValuation/P4MirrorOuterOccurrenceBridge/BridgeChunk40.lean:1301:64: Using `native_decide` is not allowed in mathlib: because it trusts the entire Lean compiler (not just the Lean kernel), it could quite possibly be used to prove false.

Note: This linter can be disabled with `set_option linter.style.nativeDecide false`
⚠ [8992/9012] Replayed Erdos9796Proof.P97.ATail.CardElevenUniqueFourCertificate.Support.Unique4P4MirrorValuation.P4MirrorOuterOccurrenceBridge.BridgeChunk41
warning: Erdos9796Proof/P97/ATail/CardElevenUniqueFourCertificate/Support/Unique4P4MirrorValuation/P4MirrorOuterOccurrenceBridge/BridgeChunk41.lean:1299:73: Using `native_decide` is not allowed in mathlib: because it trusts the entire Lean compiler (not just the Lean kernel), it could quite possibly be used to prove false.

Note: This linter can be disabled with `set_option linter.style.nativeDecide false`
warning: Erdos9796Proof/P97/ATail/CardElevenUniqueFourCertificate/Support/Unique4P4MirrorValuation/P4MirrorOuterOccurrenceBridge/BridgeChunk41.lean:1301:64: Using `native_decide` is not allowed in mathlib: because it trusts the entire Lean compiler (not just the Lean kernel), it could quite possibly be used to prove false.

Note: This linter can be disabled with `set_option linter.style.nativeDecide false`
⚠ [8993/9012] Replayed Erdos9796Proof.P97.ATail.CardElevenUniqueFourCertificate.Support.Unique4P4MirrorValuation.P4MirrorOuterOccurrenceBridge.BridgeChunk42
warning: Erdos9796Proof/P97/ATail/CardElevenUniqueFourCertificate/Support/Unique4P4MirrorValuation/P4MirrorOuterOccurrenceBridge/BridgeChunk42.lean:609:73: Using `native_decide` is not allowed in mathlib: because it trusts the entire Lean compiler (not just the Lean kernel), it could quite possibly be used to prove false.

Note: This linter can be disabled with `set_option linter.style.nativeDecide false`
warning: Erdos9796Proof/P97/ATail/CardElevenUniqueFourCertificate/Support/Unique4P4MirrorValuation/P4MirrorOuterOccurrenceBridge/BridgeChunk42.lean:611:64: Using `native_decide` is not allowed in mathlib: because it trusts the entire Lean compiler (not just the Lean kernel), it could quite possibly be used to prove false.

Note: This linter can be disabled with `set_option linter.style.nativeDecide false`
⚠ [8996/9012] Replayed Erdos9796Proof.P97.ATail.CardElevenUniqueFourCertificate.Support.Unique4P4MirrorValuation.MirrorOuterFamilySatisfaction
warning: Erdos9796Proof/P97/ATail/CardElevenUniqueFourCertificate/Support/Unique4P4MirrorValuation/MirrorOuterFamilySatisfaction.lean:176:2: Using `native_decide` is not allowed in mathlib: because it trusts the entire Lean compiler (not just the Lean kernel), it could quite possibly be used to prove false.

Note: This linter can be disabled with `set_option linter.style.nativeDecide false`
warning: Erdos9796Proof/P97/ATail/CardElevenUniqueFourCertificate/Support/Unique4P4MirrorValuation/MirrorOuterFamilySatisfaction.lean:183:4: Using `native_decide` is not allowed in mathlib: because it trusts the entire Lean compiler (not just the Lean kernel), it could quite possibly be used to prove false.

Note: This linter can be disabled with `set_option linter.style.nativeDecide false`
⚠ [8997/9012] Replayed Erdos9796Proof.P97.ATail.CardElevenUniqueFourCertificate.Support.Unique4P4CriticalSupportOccurrenceBridge.Residual55Data
warning: Erdos9796Proof/P97/ATail/CardElevenUniqueFourCertificate/Support/Unique4P4CriticalSupportOccurrenceBridge/Residual55Data.lean:71:82: Using `native_decide` is not allowed in mathlib: because it trusts the entire Lean compiler (not just the Lean kernel), it could quite possibly be used to prove false.

Note: This linter can be disabled with `set_option linter.style.nativeDecide false`
warning: Erdos9796Proof/P97/ATail/CardElevenUniqueFourCertificate/Support/Unique4P4CriticalSupportOccurrenceBridge/Residual55Data.lean:72:71: Using `native_decide` is not allowed in mathlib: because it trusts the entire Lean compiler (not just the Lean kernel), it could quite possibly be used to prove false.

Note: This linter can be disabled with `set_option linter.style.nativeDecide false`
⚠ [8999/9012] Replayed Erdos9796Proof.P97.ATail.CardElevenUniqueFourCertificate.Support.Unique4P4DirectValuation.DirectResidual55Satisfaction
warning: Erdos9796Proof/P97/ATail/CardElevenUniqueFourCertificate/Support/Unique4P4DirectValuation/DirectResidual55Satisfaction.lean:71:2: Using `native_decide` is not allowed in mathlib: because it trusts the entire Lean compiler (not just the Lean kernel), it could quite possibly be used to prove false.

Note: This linter can be disabled with `set_option linter.style.nativeDecide false`
⚠ [9000/9012] Replayed Erdos9796Proof.P97.ATail.CardElevenUniqueFourCertificate.Support.Unique4ExactTwoSourceBridge.IndexedSource.MirrorCapFamilies
warning: Erdos9796Proof/P97/ATail/CardElevenUniqueFourCertificate/Support/Unique4ExactTwoSourceBridge/IndexedSource/MirrorCapFamilies.lean:303:4: The `show` tactic should only be used to indicate intermediate goal states for readability.
However, this tactic invocation changed the goal. Please use `change` instead for these purposes.

Note: This linter can be disabled with `set_option linter.style.show false`
warning: Erdos9796Proof/P97/ATail/CardElevenUniqueFourCertificate/Support/Unique4ExactTwoSourceBridge/IndexedSource/MirrorCapFamilies.lean:310:4: The `show` tactic should only be used to indicate intermediate goal states for readability.
However, this tactic invocation changed the goal. Please use `change` instead for these purposes.

Note: This linter can be disabled with `set_option linter.style.show false`
warning: Erdos9796Proof/P97/ATail/CardElevenUniqueFourCertificate/Support/Unique4ExactTwoSourceBridge/IndexedSource/MirrorCapFamilies.lean:317:4: The `show` tactic should only be used to indicate intermediate goal states for readability.
However, this tactic invocation changed the goal. Please use `change` instead for these purposes.

Note: This linter can be disabled with `set_option linter.style.show false`
warning: Erdos9796Proof/P97/ATail/CardElevenUniqueFourCertificate/Support/Unique4ExactTwoSourceBridge/IndexedSource/MirrorCapFamilies.lean:335:4: The `show` tactic should only be used to indicate intermediate goal states for readability.
However, this tactic invocation changed the goal. Please use `change` instead for these purposes.

Note: This linter can be disabled with `set_option linter.style.show false`
warning: Erdos9796Proof/P97/ATail/CardElevenUniqueFourCertificate/Support/Unique4ExactTwoSourceBridge/IndexedSource/MirrorCapFamilies.lean:346:4: The `show` tactic should only be used to indicate intermediate goal states for readability.
However, this tactic invocation changed the goal. Please use `change` instead for these purposes.

Note: This linter can be disabled with `set_option linter.style.show false`
warning: Erdos9796Proof/P97/ATail/CardElevenUniqueFourCertificate/Support/Unique4ExactTwoSourceBridge/IndexedSource/MirrorCapFamilies.lean:357:4: The `show` tactic should only be used to indicate intermediate goal states for readability.
However, this tactic invocation changed the goal. Please use `change` instead for these purposes.

Note: This linter can be disabled with `set_option linter.style.show false`
info: Erdos9796Proof/P97/ATail/CardElevenUniqueFourCertificate/Support/Unique4ExactTwoSourceBridge/IndexedSource/MirrorCapFamilies.lean:630:0: 'Problem97.P5IndexedSourceScratch.exactTwoStrictHitsAtLeastTwoSat_mirror' depends on axioms: [propext,
 Classical.choice,
 Quot.sound]
info: Erdos9796Proof/P97/ATail/CardElevenUniqueFourCertificate/Support/Unique4ExactTwoSourceBridge/IndexedSource/MirrorCapFamilies.lean:632:0: 'Problem97.P5IndexedSourceScratch.selectedRowEndpointOwnCapAtMostOneSat_mirror' depends on axioms: [propext,
 Classical.choice,
 Quot.sound]
info: Erdos9796Proof/P97/ATail/CardElevenUniqueFourCertificate/Support/Unique4ExactTwoSourceBridge/IndexedSource/MirrorCapFamilies.lean:634:0: 'Problem97.P5IndexedSourceScratch.selectedRowOwnCapAtMostTwoSat_mirror' depends on axioms: [propext,
 Classical.choice,
 Quot.sound]
⚠ [9002/9012] Replayed Erdos9796Proof.P97.ATail.CardElevenUniqueFourCertificate.Support.Unique4P4MirrorValuation.MirrorResidual55Satisfaction
warning: Erdos9796Proof/P97/ATail/CardElevenUniqueFourCertificate/Support/Unique4P4MirrorValuation/MirrorResidual55Satisfaction.lean:36:0: Please, add a comment explaining the need for modifying the maxHeartbeat limit, as in
set_option maxHeartbeats 1000000 in
-- reason for change
...

Note: This linter can be disabled with `set_option linter.style.maxHeartbeats false`
⚠ [9003/9012] Replayed Erdos9796Proof.P97.ATail.CardElevenUniqueFourCertificate.Support.Unique4P4MirrorValuation.MirrorRightCap21Satisfaction
warning: Erdos9796Proof/P97/ATail/CardElevenUniqueFourCertificate/Support/Unique4P4MirrorValuation/MirrorRightCap21Satisfaction.lean:188:6: 'simp [rightCapOccurrenceWF, rightCapShapeWF] at hentryWF' is a flexible tactic modifying 'hentryWF'. Try 'simp?' and use the suggested 'simp only [...]'. Alternatively, use `suffices` to explicitly state the simplified form.

Note: This linter can be disabled with `set_option linter.flexible false`
info: Erdos9796Proof/P97/ATail/CardElevenUniqueFourCertificate/Support/Unique4P4MirrorValuation/MirrorRightCap21Satisfaction.lean:189:6: 'rw [hentryWF.1]' uses 'hentryWF'!
warning: Erdos9796Proof/P97/ATail/CardElevenUniqueFourCertificate/Support/Unique4P4MirrorValuation/MirrorRightCap21Satisfaction.lean:188:6: 'simp [rightCapOccurrenceWF, rightCapShapeWF] at hentryWF' is a flexible tactic modifying 'hentryWF'. Try 'simp?' and use the suggested 'simp only [...]'. Alternatively, use `suffices` to explicitly state the simplified form.

Note: This linter can be disabled with `set_option linter.flexible false`
info: Erdos9796Proof/P97/ATail/CardElevenUniqueFourCertificate/Support/Unique4P4MirrorValuation/MirrorRightCap21Satisfaction.lean:190:6: 'exact
  mirrorShortEndpointSat P hshort hv center left right hentryWF.2.1 hentryWF.2.2.1 hentryWF.2.2.2.1 hentryWF.2.2.2.2.1
    hentryWF.2.2.2.2.2.1 hentryWF.2.2.2.2.2.2' uses 'hentryWF'!
warning: Erdos9796Proof/P97/ATail/CardElevenUniqueFourCertificate/Support/Unique4P4MirrorValuation/MirrorRightCap21Satisfaction.lean:194:6: 'simp [rightCapOccurrenceWF, rightCapShapeWF] at hentryWF' is a flexible tactic modifying 'hentryWF'. Try 'simp?' and use the suggested 'simp only [...]'. Alternatively, use `suffices` to explicitly state the simplified form.

Note: This linter can be disabled with `set_option linter.flexible false`
info: Erdos9796Proof/P97/ATail/CardElevenUniqueFourCertificate/Support/Unique4P4MirrorValuation/MirrorRightCap21Satisfaction.lean:195:6: 'rw [hentryWF.1]' uses 'hentryWF'!
warning: Erdos9796Proof/P97/ATail/CardElevenUniqueFourCertificate/Support/Unique4P4MirrorValuation/MirrorRightCap21Satisfaction.lean:194:6: 'simp [rightCapOccurrenceWF, rightCapShapeWF] at hentryWF' is a flexible tactic modifying 'hentryWF'. Try 'simp?' and use the suggested 'simp only [...]'. Alternatively, use `suffices` to explicitly state the simplified form.

Note: This linter can be disabled with `set_option linter.flexible false`
info: Erdos9796Proof/P97/ATail/CardElevenUniqueFourCertificate/Support/Unique4P4MirrorValuation/MirrorRightCap21Satisfaction.lean:196:6: 'exact
  mirrorRightEndpointSat P hendpoint hv center left right hentryWF.2.1 hentryWF.2.2.1 hentryWF.2.2.2.1
    hentryWF.2.2.2.2.1 hentryWF.2.2.2.2.2.1 hentryWF.2.2.2.2.2.2' uses 'hentryWF'!
warning: Erdos9796Proof/P97/ATail/CardElevenUniqueFourCertificate/Support/Unique4P4MirrorValuation/MirrorRightCap21Satisfaction.lean:200:6: 'simp [rightCapOccurrenceWF, rightCapShapeWF] at hentryWF' is a flexible tactic modifying 'hentryWF'. Try 'simp?' and use the suggested 'simp only [...]'. Alternatively, use `suffices` to explicitly state the simplified form.

Note: This linter can be disabled with `set_option linter.flexible false`
info: Erdos9796Proof/P97/ATail/CardElevenUniqueFourCertificate/Support/Unique4P4MirrorValuation/MirrorRightCap21Satisfaction.lean:201:6: 'rw [hentryWF.1]' uses 'hentryWF'!
warning: Erdos9796Proof/P97/ATail/CardElevenUniqueFourCertificate/Support/Unique4P4MirrorValuation/MirrorRightCap21Satisfaction.lean:200:6: 'simp [rightCapOccurrenceWF, rightCapShapeWF] at hentryWF' is a flexible tactic modifying 'hentryWF'. Try 'simp?' and use the suggested 'simp only [...]'. Alternatively, use `suffices` to explicitly state the simplified form.

Note: This linter can be disabled with `set_option linter.flexible false`
info: Erdos9796Proof/P97/ATail/CardElevenUniqueFourCertificate/Support/Unique4P4MirrorValuation/MirrorRightCap21Satisfaction.lean:202:6: 'exact
  mirrorRightOwnCapSat P hownCap hv center first second third hentryWF.2.1 hentryWF.2.2.1 hentryWF.2.2.2.1
    hentryWF.2.2.2.2.1 hentryWF.2.2.2.2.2.1 hentryWF.2.2.2.2.2.2.1 hentryWF.2.2.2.2.2.2.2.1 hentryWF.2.2.2.2.2.2.2.2.1
    hentryWF.2.2.2.2.2.2.2.2.2.1 hentryWF.2.2.2.2.2.2.2.2.2.2' uses 'hentryWF'!
⚠ [9006/9012] Replayed Erdos9796Proof.P97.ATail.CardElevenUniqueFourCertificate.Support.Unique4P4MirrorValuation.MirrorStrictUnitSatisfaction
warning: Erdos9796Proof/P97/ATail/CardElevenUniqueFourCertificate/Support/Unique4P4MirrorValuation/MirrorStrictUnitSatisfaction.lean:132:0: Please, add a comment explaining the need for modifying the maxHeartbeat limit, as in
set_option maxHeartbeats 1000000 in
-- reason for change
...

Note: This linter can be disabled with `set_option linter.style.maxHeartbeats false`
warning: Erdos9796Proof/P97/ATail/CardElevenUniqueFourCertificate/Support/Unique4P4MirrorValuation/MirrorStrictUnitSatisfaction.lean:141:0: Please, add a comment explaining the need for modifying the maxHeartbeat limit, as in
set_option maxHeartbeats 1000000 in
-- reason for change
...

Note: This linter can be disabled with `set_option linter.style.maxHeartbeats false`
warning: Erdos9796Proof/P97/ATail/CardElevenUniqueFourCertificate/Support/Unique4P4MirrorValuation/MirrorStrictUnitSatisfaction.lean:150:0: Please, add a comment explaining the need for modifying the maxHeartbeat limit, as in
set_option maxHeartbeats 1000000 in
-- reason for change
...

Note: This linter can be disabled with `set_option linter.style.maxHeartbeats false`
warning: Erdos9796Proof/P97/ATail/CardElevenUniqueFourCertificate/Support/Unique4P4MirrorValuation/MirrorStrictUnitSatisfaction.lean:159:0: Please, add a comment explaining the need for modifying the maxHeartbeat limit, as in
set_option maxHeartbeats 1000000 in
-- reason for change
...

Note: This linter can be disabled with `set_option linter.style.maxHeartbeats false`
warning: Erdos9796Proof/P97/ATail/CardElevenUniqueFourCertificate/Support/Unique4P4MirrorValuation/MirrorStrictUnitSatisfaction.lean:168:0: Please, add a comment explaining the need for modifying the maxHeartbeat limit, as in
set_option maxHeartbeats 1000000 in
-- reason for change
...

Note: This linter can be disabled with `set_option linter.style.maxHeartbeats false`
warning: Erdos9796Proof/P97/ATail/CardElevenUniqueFourCertificate/Support/Unique4P4MirrorValuation/MirrorStrictUnitSatisfaction.lean:188:0: Please, add a comment explaining the need for modifying the maxHeartbeat limit, as in
set_option maxHeartbeats 1000000 in
-- reason for change
...

Note: This linter can be disabled with `set_option linter.style.maxHeartbeats false`
⚠ [9007/9012] Replayed Erdos9796Proof.P97.ATail.CardElevenUniqueFourCertificate.Generated.Unique4P4SourceBridge.P4DirectRowArcFinite.P4DirectOuterArcFiniteDataChunk000
warning: Erdos9796Proof/P97/ATail/CardElevenUniqueFourCertificate/Generated/Unique4P4SourceBridge/P4DirectRowArcFinite/P4DirectOuterArcFiniteDataChunk000.lean:276:2: Using `native_decide` is not allowed in mathlib: because it trusts the entire Lean compiler (not just the Lean kernel), it could quite possibly be used to prove false.

Note: This linter can be disabled with `set_option linter.style.nativeDecide false`
⚠ [9008/9012] Replayed Erdos9796Proof.P97.ATail.CardElevenUniqueFourCertificate.Generated.Unique4P4SourceBridge.P4DirectRowArcFinite.P4DirectOuterArcFiniteDataChunk001
warning: Erdos9796Proof/P97/ATail/CardElevenUniqueFourCertificate/Generated/Unique4P4SourceBridge/P4DirectRowArcFinite/P4DirectOuterArcFiniteDataChunk001.lean:276:2: Using `native_decide` is not allowed in mathlib: because it trusts the entire Lean compiler (not just the Lean kernel), it could quite possibly be used to prove false.

Note: This linter can be disabled with `set_option linter.style.nativeDecide false`
⚠ [9009/9012] Replayed Erdos9796Proof.P97.ATail.CardElevenUniqueFourCertificate.Generated.Unique4P4SourceBridge.P4DirectRowArcFinite.P4DirectOuterArcFiniteDataChunk002
warning: Erdos9796Proof/P97/ATail/CardElevenUniqueFourCertificate/Generated/Unique4P4SourceBridge/P4DirectRowArcFinite/P4DirectOuterArcFiniteDataChunk002.lean:276:2: Using `native_decide` is not allowed in mathlib: because it trusts the entire Lean compiler (not just the Lean kernel), it could quite possibly be used to prove false.

Note: This linter can be disabled with `set_option linter.style.nativeDecide false`
⚠ [9010/9012] Replayed Erdos9796Proof.P97.ATail.CardElevenUniqueFourCertificate.Generated.Unique4P4SourceBridge.P4DirectRowArcFinite.P4DirectOuterArcFiniteDataChunk003
warning: Erdos9796Proof/P97/ATail/CardElevenUniqueFourCertificate/Generated/Unique4P4SourceBridge/P4DirectRowArcFinite/P4DirectOuterArcFiniteDataChunk003.lean:276:2: Using `native_decide` is not allowed in mathlib: because it trusts the entire Lean compiler (not just the Lean kernel), it could quite possibly be used to prove false.

Note: This linter can be disabled with `set_option linter.style.nativeDecide false`
⚠ [9011/9012] Replayed Erdos9796Proof.P97.ATail.CardElevenUniqueFourCertificate.Generated.Unique4P4SourceBridge.P4DirectRowArcFinite.P4DirectOuterArcFiniteDataChunk004
warning: Erdos9796Proof/P97/ATail/CardElevenUniqueFourCertificate/Generated/Unique4P4SourceBridge/P4DirectRowArcFinite/P4DirectOuterArcFiniteDataChunk004.lean:276:2: Using `native_decide` is not allowed in mathlib: because it trusts the entire Lean compiler (not just the Lean kernel), it could quite possibly be used to prove false.

Note: This linter can be disabled with `set_option linter.style.nativeDecide false`
⚠ [9012/9312] Replayed Erdos9796Proof.P97.ATail.CardElevenUniqueFourCertificate.Generated.Unique4P4SourceBridge.P4DirectRowArcFinite.P4DirectOuterArcFiniteDataChunk005
warning: Erdos9796Proof/P97/ATail/CardElevenUniqueFourCertificate/Generated/Unique4P4SourceBridge/P4DirectRowArcFinite/P4DirectOuterArcFiniteDataChunk005.lean:276:2: Using `native_decide` is not allowed in mathlib: because it trusts the entire Lean compiler (not just the Lean kernel), it could quite possibly be used to prove false.

Note: This linter can be disabled with `set_option linter.style.nativeDecide false`
⚠ [9013/9312] Replayed Erdos9796Proof.P97.ATail.CardElevenUniqueFourCertificate.Generated.Unique4P4SourceBridge.P4DirectRowArcFinite.P4DirectOuterArcFiniteDataChunk006
warning: Erdos9796Proof/P97/ATail/CardElevenUniqueFourCertificate/Generated/Unique4P4SourceBridge/P4DirectRowArcFinite/P4DirectOuterArcFiniteDataChunk006.lean:276:2: Using `native_decide` is not allowed in mathlib: because it trusts the entire Lean compiler (not just the Lean kernel), it could quite possibly be used to prove false.

Note: This linter can be disabled with `set_option linter.style.nativeDecide false`
⚠ [9014/9312] Replayed Erdos9796Proof.P97.ATail.CardElevenUniqueFourCertificate.Generated.Unique4P4SourceBridge.P4DirectRowArcFinite.P4DirectOuterArcFiniteDataChunk007
warning: Erdos9796Proof/P97/ATail/CardElevenUniqueFourCertificate/Generated/Unique4P4SourceBridge/P4DirectRowArcFinite/P4DirectOuterArcFiniteDataChunk007.lean:276:2: Using `native_decide` is not allowed in mathlib: because it trusts the entire Lean compiler (not just the Lean kernel), it could quite possibly be used to prove false.

Note: This linter can be disabled with `set_option linter.style.nativeDecide false`
⚠ [9015/9312] Replayed Erdos9796Proof.P97.ATail.CardElevenUniqueFourCertificate.Generated.Unique4P4SourceBridge.P4DirectRowArcFinite.P4DirectOuterArcFiniteDataChunk008
warning: Erdos9796Proof/P97/ATail/CardElevenUniqueFourCertificate/Generated/Unique4P4SourceBridge/P4DirectRowArcFinite/P4DirectOuterArcFiniteDataChunk008.lean:276:2: Using `native_decide` is not allowed in mathlib: because it trusts the entire Lean compiler (not just the Lean kernel), it could quite possibly be used to prove false.

Note: This linter can be disabled with `set_option linter.style.nativeDecide false`
⚠ [9016/9312] Replayed Erdos9796Proof.P97.ATail.CardElevenUniqueFourCertificate.Generated.Unique4P4SourceBridge.P4DirectRowArcFinite.P4DirectOuterArcFiniteDataChunk009
warning: Erdos9796Proof/P97/ATail/CardElevenUniqueFourCertificate/Generated/Unique4P4SourceBridge/P4DirectRowArcFinite/P4DirectOuterArcFiniteDataChunk009.lean:276:2: Using `native_decide` is not allowed in mathlib: because it trusts the entire Lean compiler (not just the Lean kernel), it could quite possibly be used to prove false.

Note: This linter can be disabled with `set_option linter.style.nativeDecide false`
⚠ [9017/9312] Replayed Erdos9796Proof.P97.ATail.CardElevenUniqueFourCertificate.Generated.Unique4P4SourceBridge.P4DirectRowArcFinite.P4DirectOuterArcFiniteDataChunk010
warning: Erdos9796Proof/P97/ATail/CardElevenUniqueFourCertificate/Generated/Unique4P4SourceBridge/P4DirectRowArcFinite/P4DirectOuterArcFiniteDataChunk010.lean:276:2: Using `native_decide` is not allowed in mathlib: because it trusts the entire Lean compiler (not just the Lean kernel), it could quite possibly be used to prove false.

Note: This linter can be disabled with `set_option linter.style.nativeDecide false`
⚠ [9018/9312] Replayed Erdos9796Proof.P97.ATail.CardElevenUniqueFourCertificate.Generated.Unique4P4SourceBridge.P4DirectRowArcFinite.P4DirectOuterArcFiniteDataChunk011
warning: Erdos9796Proof/P97/ATail/CardElevenUniqueFourCertificate/Generated/Unique4P4SourceBridge/P4DirectRowArcFinite/P4DirectOuterArcFiniteDataChunk011.lean:276:2: Using `native_decide` is not allowed in mathlib: because it trusts the entire Lean compiler (not just the Lean kernel), it could quite possibly be used to prove false.

Note: This linter can be disabled with `set_option linter.style.nativeDecide false`
⚠ [9019/9312] Replayed Erdos9796Proof.P97.ATail.CardElevenUniqueFourCertificate.Generated.Unique4P4SourceBridge.P4DirectRowArcFinite.P4DirectOuterArcFiniteDataChunk012
warning: Erdos9796Proof/P97/ATail/CardElevenUniqueFourCertificate/Generated/Unique4P4SourceBridge/P4DirectRowArcFinite/P4DirectOuterArcFiniteDataChunk012.lean:276:2: Using `native_decide` is not allowed in mathlib: because it trusts the entire Lean compiler (not just the Lean kernel), it could quite possibly be used to prove false.

Note: This linter can be disabled with `set_option linter.style.nativeDecide false`
⚠ [9020/9312] Replayed Erdos9796Proof.P97.ATail.CardElevenUniqueFourCertificate.Generated.Unique4P4SourceBridge.P4DirectRowArcFinite.P4DirectOuterArcFiniteDataChunk013
warning: Erdos9796Proof/P97/ATail/CardElevenUniqueFourCertificate/Generated/Unique4P4SourceBridge/P4DirectRowArcFinite/P4DirectOuterArcFiniteDataChunk013.lean:276:2: Using `native_decide` is not allowed in mathlib: because it trusts the entire Lean compiler (not just the Lean kernel), it could quite possibly be used to prove false.

Note: This linter can be disabled with `set_option linter.style.nativeDecide false`
⚠ [9021/9312] Replayed Erdos9796Proof.P97.ATail.CardElevenUniqueFourCertificate.Generated.Unique4P4SourceBridge.P4DirectRowArcFinite.P4DirectOuterArcFiniteDataChunk014
warning: Erdos9796Proof/P97/ATail/CardElevenUniqueFourCertificate/Generated/Unique4P4SourceBridge/P4DirectRowArcFinite/P4DirectOuterArcFiniteDataChunk014.lean:276:2: Using `native_decide` is not allowed in mathlib: because it trusts the entire Lean compiler (not just the Lean kernel), it could quite possibly be used to prove false.

Note: This linter can be disabled with `set_option linter.style.nativeDecide false`
⚠ [9022/9312] Replayed Erdos9796Proof.P97.ATail.CardElevenUniqueFourCertificate.Generated.Unique4P4SourceBridge.P4DirectRowArcFinite.P4DirectOuterArcFiniteDataChunk015
warning: Erdos9796Proof/P97/ATail/CardElevenUniqueFourCertificate/Generated/Unique4P4SourceBridge/P4DirectRowArcFinite/P4DirectOuterArcFiniteDataChunk015.lean:276:2: Using `native_decide` is not allowed in mathlib: because it trusts the entire Lean compiler (not just the Lean kernel), it could quite possibly be used to prove false.

Note: This linter can be disabled with `set_option linter.style.nativeDecide false`
⚠ [9023/9312] Replayed Erdos9796Proof.P97.ATail.CardElevenUniqueFourCertificate.Generated.Unique4P4SourceBridge.P4DirectRowArcFinite.P4DirectOuterArcFiniteDataChunk016
warning: Erdos9796Proof/P97/ATail/CardElevenUniqueFourCertificate/Generated/Unique4P4SourceBridge/P4DirectRowArcFinite/P4DirectOuterArcFiniteDataChunk016.lean:276:2: Using `native_decide` is not allowed in mathlib: because it trusts the entire Lean compiler (not just the Lean kernel), it could quite possibly be used to prove false.

Note: This linter can be disabled with `set_option linter.style.nativeDecide false`
⚠ [9024/9312] Replayed Erdos9796Proof.P97.ATail.CardElevenUniqueFourCertificate.Generated.Unique4P4SourceBridge.P4DirectRowArcFinite.P4DirectOuterArcFiniteDataChunk017
warning: Erdos9796Proof/P97/ATail/CardElevenUniqueFourCertificate/Generated/Unique4P4SourceBridge/P4DirectRowArcFinite/P4DirectOuterArcFiniteDataChunk017.lean:276:2: Using `native_decide` is not allowed in mathlib: because it trusts the entire Lean compiler (not just the Lean kernel), it could quite possibly be used to prove false.

Note: This linter can be disabled with `set_option linter.style.nativeDecide false`
⚠ [9025/9312] Replayed Erdos9796Proof.P97.ATail.CardElevenUniqueFourCertificate.Generated.Unique4P4SourceBridge.P4DirectRowArcFinite.P4DirectOuterArcFiniteDataChunk018
warning: Erdos9796Proof/P97/ATail/CardElevenUniqueFourCertificate/Generated/Unique4P4SourceBridge/P4DirectRowArcFinite/P4DirectOuterArcFiniteDataChunk018.lean:276:2: Using `native_decide` is not allowed in mathlib: because it trusts the entire Lean compiler (not just the Lean kernel), it could quite possibly be used to prove false.

Note: This linter can be disabled with `set_option linter.style.nativeDecide false`
⚠ [9026/9312] Replayed Erdos9796Proof.P97.ATail.CardElevenUniqueFourCertificate.Generated.Unique4P4SourceBridge.P4DirectRowArcFinite.P4DirectOuterArcFiniteDataChunk019
warning: Erdos9796Proof/P97/ATail/CardElevenUniqueFourCertificate/Generated/Unique4P4SourceBridge/P4DirectRowArcFinite/P4DirectOuterArcFiniteDataChunk019.lean:276:2: Using `native_decide` is not allowed in mathlib: because it trusts the entire Lean compiler (not just the Lean kernel), it could quite possibly be used to prove false.

Note: This linter can be disabled with `set_option linter.style.nativeDecide false`
⚠ [9027/9312] Replayed Erdos9796Proof.P97.ATail.CardElevenUniqueFourCertificate.Generated.Unique4P4SourceBridge.P4DirectRowArcFinite.P4DirectOuterArcFiniteDataChunk020
warning: Erdos9796Proof/P97/ATail/CardElevenUniqueFourCertificate/Generated/Unique4P4SourceBridge/P4DirectRowArcFinite/P4DirectOuterArcFiniteDataChunk020.lean:276:2: Using `native_decide` is not allowed in mathlib: because it trusts the entire Lean compiler (not just the Lean kernel), it could quite possibly be used to prove false.

Note: This linter can be disabled with `set_option linter.style.nativeDecide false`
⚠ [9028/9312] Replayed Erdos9796Proof.P97.ATail.CardElevenUniqueFourCertificate.Generated.Unique4P4SourceBridge.P4DirectRowArcFinite.P4DirectOuterArcFiniteDataChunk021
warning: Erdos9796Proof/P97/ATail/CardElevenUniqueFourCertificate/Generated/Unique4P4SourceBridge/P4DirectRowArcFinite/P4DirectOuterArcFiniteDataChunk021.lean:276:2: Using `native_decide` is not allowed in mathlib: because it trusts the entire Lean compiler (not just the Lean kernel), it could quite possibly be used to prove false.

Note: This linter can be disabled with `set_option linter.style.nativeDecide false`
⚠ [9029/9312] Replayed Erdos9796Proof.P97.ATail.CardElevenUniqueFourCertificate.Generated.Unique4P4SourceBridge.P4DirectRowArcFinite.P4DirectOuterArcFiniteDataChunk022
warning: Erdos9796Proof/P97/ATail/CardElevenUniqueFourCertificate/Generated/Unique4P4SourceBridge/P4DirectRowArcFinite/P4DirectOuterArcFiniteDataChunk022.lean:276:2: Using `native_decide` is not allowed in mathlib: because it trusts the entire Lean compiler (not just the Lean kernel), it could quite possibly be used to prove false.

Note: This linter can be disabled with `set_option linter.style.nativeDecide false`
⚠ [9030/9312] Replayed Erdos9796Proof.P97.ATail.CardElevenUniqueFourCertificate.Generated.Unique4P4SourceBridge.P4DirectRowArcFinite.P4DirectOuterArcFiniteDataChunk023
warning: Erdos9796Proof/P97/ATail/CardElevenUniqueFourCertificate/Generated/Unique4P4SourceBridge/P4DirectRowArcFinite/P4DirectOuterArcFiniteDataChunk023.lean:276:2: Using `native_decide` is not allowed in mathlib: because it trusts the entire Lean compiler (not just the Lean kernel), it could quite possibly be used to prove false.

Note: This linter can be disabled with `set_option linter.style.nativeDecide false`
⚠ [9031/9312] Replayed Erdos9796Proof.P97.ATail.CardElevenUniqueFourCertificate.Generated.Unique4P4SourceBridge.P4DirectRowArcFinite.P4DirectOuterArcFiniteDataChunk024
warning: Erdos9796Proof/P97/ATail/CardElevenUniqueFourCertificate/Generated/Unique4P4SourceBridge/P4DirectRowArcFinite/P4DirectOuterArcFiniteDataChunk024.lean:234:2: Using `native_decide` is not allowed in mathlib: because it trusts the entire Lean compiler (not just the Lean kernel), it could quite possibly be used to prove false.

Note: This linter can be disabled with `set_option linter.style.nativeDecide false`
ℹ [9032/9312] Replayed Erdos9796Proof.P97.ATail.CardElevenUniqueFourCertificate.Generated.Unique4P4SourceBridge.P4DirectRowArcFinite.P4DirectOuterArcFiniteData
info: Erdos9796Proof/P97/ATail/CardElevenUniqueFourCertificate/Generated/Unique4P4SourceBridge/P4DirectRowArcFinite/P4DirectOuterArcFiniteData.lean:163:0: 'Problem97.P4DirectOuterArcAdapterScratch.directRowArcFiniteOccurrences_batch_valid' depends on axioms: [propext,
 Classical.choice,
 Lean.ofReduceBool,
 Lean.trustCompiler,
 Quot.sound]
info: Erdos9796Proof/P97/ATail/CardElevenUniqueFourCertificate/Generated/Unique4P4SourceBridge/P4DirectRowArcFinite/P4DirectOuterArcFiniteData.lean:164:0: 'Problem97.P4DirectOuterArcAdapterScratch.directRowArcFiniteData_batch_valid' depends on axioms: [propext,
 Classical.choice,
 Lean.ofReduceBool,
 Lean.trustCompiler,
 Quot.sound]
⚠ [9033/9312] Replayed Erdos9796Proof.P97.ATail.CardElevenUniqueFourCertificate.Support.Unique4P4DirectValuation.RowArcFiniteOccurrenceBridge
warning: Erdos9796Proof/P97/ATail/CardElevenUniqueFourCertificate/Support/Unique4P4DirectValuation/RowArcFiniteOccurrenceBridge.lean:90:2: Using `native_decide` is not allowed in mathlib: because it trusts the entire Lean compiler (not just the Lean kernel), it could quite possibly be used to prove false.

Note: This linter can be disabled with `set_option linter.style.nativeDecide false`
⚠ [9034/9312] Replayed Erdos9796Proof.P97.ATail.CardElevenUniqueFourCertificate.Support.Unique4P4DirectValuation.DirectOuterThreeFamilySatisfaction
warning: Erdos9796Proof/P97/ATail/CardElevenUniqueFourCertificate/Support/Unique4P4DirectValuation/DirectOuterThreeFamilySatisfaction.lean:69:2: The following tactic starts with 2 goals and ends with 3 goals, 1 of which is not operated on.
  rcases hfirstTwo with hmembership | hrowArc
Please focus on the current goal, for instance using `·` (typed as "\.").

Note: This linter can be disabled with `set_option linter.style.multiGoal false`
ℹ [9958/9971] Replayed Erdos9796Proof.P97.ATail.CardElevenUniqueFourCertificate.Support.Unique4P4CertificateClosure.P4CertificateSemantics
info: Erdos9796Proof/P97/ATail/CardElevenUniqueFourCertificate/Support/Unique4P4CertificateClosure/P4CertificateSemantics.lean:128:0: 'Problem97.P4ExactTwoCertificateClosureScratch.false_of_checkpoint0_signedClauses_sat' depends on axioms: [propext,
 Classical.choice,
 Lean.ofReduceBool,
 Lean.trustCompiler,
 Quot.sound]
ℹ [9959/9971] Replayed Erdos9796Proof.P97.ATail.CardElevenUniqueFourCertificate.Support.Unique4P4CertificateClosure.P4CompactFormulaLedger
info: Erdos9796Proof/P97/ATail/CardElevenUniqueFourCertificate/Support/Unique4P4CertificateClosure/P4CompactFormulaLedger.lean:481:0: 'Problem97.P4ExactTwoCertificateClosureScratch.compactFormulaLedger_eq_checkpoint0' depends on axioms: [propext,
 Classical.choice,
 Lean.ofReduceBool,
 Lean.trustCompiler,
 Quot.sound]
info: Erdos9796Proof/P97/ATail/CardElevenUniqueFourCertificate/Support/Unique4P4CertificateClosure/P4CompactFormulaLedger.lean:482:0: 'Problem97.P4ExactTwoCertificateClosureScratch.checkpoint0_signedClauses_eq_p4CompactLedger' depends on axioms: [propext,
 Classical.choice,
 Lean.ofReduceBool,
 Lean.trustCompiler,
 Quot.sound]
ℹ [9960/9971] Replayed Erdos9796Proof.P97.ATail.CardElevenUniqueFourCertificate.Support.Unique4P4CertificateClosure.P4CertificateLedgerClosure
info: Erdos9796Proof/P97/ATail/CardElevenUniqueFourCertificate/Support/Unique4P4CertificateClosure/P4CertificateLedgerClosure.lean:34:0: 'Problem97.P4ExactTwoCertificateClosureScratch.false_of_p4CompactLedger_sat' depends on axioms: [propext,
 Classical.choice,
 Lean.ofReduceBool,
 Lean.trustCompiler,
 Quot.sound]
⚠ [9961/9971] Replayed Erdos9796Proof.P97.ATail.CardElevenUniqueFourCertificate.Support.Unique4P4DirectValuation.P4FullLedgerSatisfaction
warning: Erdos9796Proof/P97/ATail/CardElevenUniqueFourCertificate/Support/Unique4P4DirectValuation/P4FullLedgerSatisfaction.lean:132:2: Using `native_decide` is not allowed in mathlib: because it trusts the entire Lean compiler (not just the Lean kernel), it could quite possibly be used to prove false.

Note: This linter can be disabled with `set_option linter.style.nativeDecide false`
warning: Erdos9796Proof/P97/ATail/CardElevenUniqueFourCertificate/Support/Unique4P4DirectValuation/P4FullLedgerSatisfaction.lean:141:2: Using `native_decide` is not allowed in mathlib: because it trusts the entire Lean compiler (not just the Lean kernel), it could quite possibly be used to prove false.

Note: This linter can be disabled with `set_option linter.style.nativeDecide false`
warning: Erdos9796Proof/P97/ATail/CardElevenUniqueFourCertificate/Support/Unique4P4DirectValuation/P4FullLedgerSatisfaction.lean:148:2: Using `native_decide` is not allowed in mathlib: because it trusts the entire Lean compiler (not just the Lean kernel), it could quite possibly be used to prove false.

Note: This linter can be disabled with `set_option linter.style.nativeDecide false`
warning: Erdos9796Proof/P97/ATail/CardElevenUniqueFourCertificate/Support/Unique4P4DirectValuation/P4FullLedgerSatisfaction.lean:199:2: Using `native_decide` is not allowed in mathlib: because it trusts the entire Lean compiler (not just the Lean kernel), it could quite possibly be used to prove false.

Note: This linter can be disabled with `set_option linter.style.nativeDecide false`
⚠ [9963/10317] Replayed Erdos9796Proof.P97.ATail.CardElevenUniqueFourCertificate.Support.Unique4P4MirrorValuation.MirrorLedgerAssembly
warning: Erdos9796Proof/P97/ATail/CardElevenUniqueFourCertificate/Support/Unique4P4MirrorValuation/MirrorLedgerAssembly.lean:51:2: Using `native_decide` is not allowed in mathlib: because it trusts the entire Lean compiler (not just the Lean kernel), it could quite possibly be used to prove false.

Note: This linter can be disabled with `set_option linter.style.nativeDecide false`
ℹ [10705/10847] Replayed Erdos9796Proof.P97.ATail.CardElevenUniqueFourCertificate.Support.Unique4ExactTwoSourceBridge.OccurrenceBridge.BridgeFamilies
info: Erdos9796Proof/P97/ATail/CardElevenUniqueFourCertificate/Support/Unique4ExactTwoSourceBridge/OccurrenceBridge/BridgeFamilies.lean:454:0: 'Problem97.P5OccurrenceBridgeScratch.shape_sat' depends on axioms: [propext, Classical.choice, Quot.sound]
info: Erdos9796Proof/P97/ATail/CardElevenUniqueFourCertificate/Support/Unique4ExactTwoSourceBridge/OccurrenceBridge/BridgeFamilies.lean:455:0: 'Problem97.P5OccurrenceBridgeScratch.entryList_sat' depends on axioms: [propext, Classical.choice, Quot.sound]
⚠ [10747/10847] Replayed Erdos9796Proof.P97.ATail.CardElevenUniqueFourCertificate.Support.Unique4ExactTwoSourceBridge.IndexedSource.DirectCapFamilies
warning: Erdos9796Proof/P97/ATail/CardElevenUniqueFourCertificate/Support/Unique4ExactTwoSourceBridge/IndexedSource/DirectCapFamilies.lean:300:4: The `show` tactic should only be used to indicate intermediate goal states for readability.
However, this tactic invocation changed the goal. Please use `change` instead for these purposes.

Note: This linter can be disabled with `set_option linter.style.show false`
warning: Erdos9796Proof/P97/ATail/CardElevenUniqueFourCertificate/Support/Unique4ExactTwoSourceBridge/IndexedSource/DirectCapFamilies.lean:304:4: The `show` tactic should only be used to indicate intermediate goal states for readability.
However, this tactic invocation changed the goal. Please use `change` instead for these purposes.

Note: This linter can be disabled with `set_option linter.style.show false`
warning: Erdos9796Proof/P97/ATail/CardElevenUniqueFourCertificate/Support/Unique4ExactTwoSourceBridge/IndexedSource/DirectCapFamilies.lean:308:4: The `show` tactic should only be used to indicate intermediate goal states for readability.
However, this tactic invocation changed the goal. Please use `change` instead for these purposes.

Note: This linter can be disabled with `set_option linter.style.show false`
warning: Erdos9796Proof/P97/ATail/CardElevenUniqueFourCertificate/Support/Unique4ExactTwoSourceBridge/IndexedSource/DirectCapFamilies.lean:322:4: The `show` tactic should only be used to indicate intermediate goal states for readability.
However, this tactic invocation changed the goal. Please use `change` instead for these purposes.

Note: This linter can be disabled with `set_option linter.style.show false`
warning: Erdos9796Proof/P97/ATail/CardElevenUniqueFourCertificate/Support/Unique4ExactTwoSourceBridge/IndexedSource/DirectCapFamilies.lean:331:4: The `show` tactic should only be used to indicate intermediate goal states for readability.
However, this tactic invocation changed the goal. Please use `change` instead for these purposes.

Note: This linter can be disabled with `set_option linter.style.show false`
warning: Erdos9796Proof/P97/ATail/CardElevenUniqueFourCertificate/Support/Unique4ExactTwoSourceBridge/IndexedSource/DirectCapFamilies.lean:340:4: The `show` tactic should only be used to indicate intermediate goal states for readability.
However, this tactic invocation changed the goal. Please use `change` instead for these purposes.

Note: This linter can be disabled with `set_option linter.style.show false`
info: Erdos9796Proof/P97/ATail/CardElevenUniqueFourCertificate/Support/Unique4ExactTwoSourceBridge/IndexedSource/DirectCapFamilies.lean:573:0: 'Problem97.P5IndexedSourceScratch.exactTwoStrictHitsAtLeastTwoSat_direct' depends on axioms: [propext,
 Classical.choice,
 Quot.sound]
info: Erdos9796Proof/P97/ATail/CardElevenUniqueFourCertificate/Support/Unique4ExactTwoSourceBridge/IndexedSource/DirectCapFamilies.lean:575:0: 'Problem97.P5IndexedSourceScratch.selectedRowEndpointOwnCapAtMostOneSat_direct' depends on axioms: [propext,
 Classical.choice,
 Quot.sound]
info: Erdos9796Proof/P97/ATail/CardElevenUniqueFourCertificate/Support/Unique4ExactTwoSourceBridge/IndexedSource/DirectCapFamilies.lean:577:0: 'Problem97.P5IndexedSourceScratch.selectedRowOwnCapAtMostTwoSat_direct' depends on axioms: [propext,
 Classical.choice,
 Quot.sound]
ℹ [10748/10847] Replayed Erdos9796Proof.P97.ATail.CardElevenUniqueFourCertificate.Support.Unique4ExactTwoSourceBridge.IndexedSource.DirectSatisfaction
info: Erdos9796Proof/P97/ATail/CardElevenUniqueFourCertificate/Support/Unique4ExactTwoSourceBridge/IndexedSource/DirectSatisfaction.lean:74:0: 'Problem97.P5IndexedSourceScratch.directSatisfaction' depends on axioms: [propext, Classical.choice, Quot.sound]
ℹ [10749/10847] Replayed Erdos9796Proof.P97.ATail.CardElevenUniqueFourCertificate.Support.Unique4ExactTwoSourceBridge.IndexedSource.MirrorSatisfaction
info: Erdos9796Proof/P97/ATail/CardElevenUniqueFourCertificate/Support/Unique4ExactTwoSourceBridge/IndexedSource/MirrorSatisfaction.lean:97:0: 'Problem97.P5IndexedSourceScratch.mirrorSatisfaction' depends on axioms: [propext, Classical.choice, Quot.sound]
info: Erdos9796Proof/P97/ATail/CardElevenUniqueFourCertificate/Support/Unique4ExactTwoSourceBridge/IndexedSource/MirrorSatisfaction.lean:98:0: 'Problem97.P5IndexedSourceScratch.exists_satisfying_p5_packet' depends on axioms: [propext,
 Classical.choice,
 Quot.sound]
ℹ [10750/10847] Replayed Erdos9796Proof.P97.ATail.CardElevenUniqueFourCertificate.Support.Unique4ExactTwoSourceBridge.OccurrenceBridge.BridgeMain
info: Erdos9796Proof/P97/ATail/CardElevenUniqueFourCertificate/Support/Unique4ExactTwoSourceBridge/OccurrenceBridge/BridgeMain.lean:187:0: 'Problem97.P5OccurrenceBridgeScratch.bridgeClauses_length' depends on axioms: [propext]
info: Erdos9796Proof/P97/ATail/CardElevenUniqueFourCertificate/Support/Unique4ExactTwoSourceBridge/OccurrenceBridge/BridgeMain.lean:188:0: 'Problem97.P5OccurrenceBridgeScratch.bridge_clauses_sat' depends on axioms: [propext, Classical.choice, Quot.sound]
info: Erdos9796Proof/P97/ATail/CardElevenUniqueFourCertificate/Support/Unique4ExactTwoSourceBridge/OccurrenceBridge/BridgeMain.lean:189:0: 'Problem97.P5OccurrenceBridgeScratch.bridge_clauses_bool_sat' depends on axioms: [propext, Classical.choice, Quot.sound]
info: Erdos9796Proof/P97/ATail/CardElevenUniqueFourCertificate/Support/Unique4ExactTwoSourceBridge/OccurrenceBridge/BridgeMain.lean:190:0: 'Problem97.P5OccurrenceBridgeScratch.exists_bridge_satisfying_packet' depends on axioms: [propext,
 Classical.choice,
 Quot.sound]
⚠ [10751/10847] Replayed Erdos9796Proof.P97.ATail.CardElevenUniqueFourCertificate.Support.Unique4ExactTwoLratIngress.P5ExactTwoClosure
warning: Erdos9796Proof/P97/ATail/CardElevenUniqueFourCertificate/Support/Unique4ExactTwoLratIngress/P5ExactTwoClosure.lean:56:4: Using `native_decide` is not allowed in mathlib: because it trusts the entire Lean compiler (not just the Lean kernel), it could quite possibly be used to prove false.

Note: This linter can be disabled with `set_option linter.style.nativeDecide false`
info: Erdos9796Proof/P97/ATail/CardElevenUniqueFourCertificate/Support/Unique4ExactTwoLratIngress/P5ExactTwoClosure.lean:146:0: 'Problem97.P5ExactTwoCertificateClosureScratch.checkpoint0_clauses_eq_bridgeClauses' depends on axioms: [propext,
 Classical.choice,
 Lean.ofReduceBool,
 Lean.trustCompiler,
 Quot.sound]
info: Erdos9796Proof/P97/ATail/CardElevenUniqueFourCertificate/Support/Unique4ExactTwoLratIngress/P5ExactTwoClosure.lean:148:0: 'Problem97.P5ExactTwoCertificateClosureScratch.false_of_bridgeClauses_sat' depends on axioms: [propext,
 Classical.choice,
 Lean.ofReduceBool,
 Lean.trustCompiler,
 Quot.sound]
info: Erdos9796Proof/P97/ATail/CardElevenUniqueFourCertificate/Support/Unique4ExactTwoLratIngress/P5ExactTwoClosure.lean:150:0: 'Problem97.P5ExactTwoCertificateClosureScratch.false_of_p5ExactTwo' depends on axioms: [propext,
 Classical.choice,
 Lean.ofReduceBool,
 Lean.trustCompiler,
 Quot.sound]
⚠ [10753/10847] Replayed Erdos9796Proof.P97.ATail.CardElevenUniqueFourCertificate.Support.Unique4AlignedP5Occurrence.AlignedP5MetricSound
warning: Erdos9796Proof/P97/ATail/CardElevenUniqueFourCertificate/Support/Unique4AlignedP5Occurrence/AlignedP5MetricSound.lean:226:4: 'simp [firstLabel, secondLabel] at hval' is a flexible tactic modifying 'hval'. Try 'simp?' and use the suggested 'simp only [...]'. Alternatively, use `suffices` to explicitly state the simplified form.

Note: This linter can be disabled with `set_option linter.flexible false`
info: Erdos9796Proof/P97/ATail/CardElevenUniqueFourCertificate/Support/Unique4AlignedP5Occurrence/AlignedP5MetricSound.lean:227:4: 'exact (Nat.ne_of_lt (by simpa using hsecond.1.1.1.1.1)) hval' uses 'hval'!
warning: Erdos9796Proof/P97/ATail/CardElevenUniqueFourCertificate/Support/Unique4AlignedP5Occurrence/AlignedP5MetricSound.lean:231:4: 'simp [secondLabel, leftLabel] at hval' is a flexible tactic modifying 'hval'. Try 'simp?' and use the suggested 'simp only [...]'. Alternatively, use `suffices` to explicitly state the simplified form.

Note: This linter can be disabled with `set_option linter.flexible false`
info: Erdos9796Proof/P97/ATail/CardElevenUniqueFourCertificate/Support/Unique4AlignedP5Occurrence/AlignedP5MetricSound.lean:234:4: 'exact hne hval' uses 'hval'!
warning: Erdos9796Proof/P97/ATail/CardElevenUniqueFourCertificate/Support/Unique4AlignedP5Occurrence/AlignedP5MetricSound.lean:238:4: 'simp [secondLabel, rightLabel] at hval' is a flexible tactic modifying 'hval'. Try 'simp?' and use the suggested 'simp only [...]'. Alternatively, use `suffices` to explicitly state the simplified form.

Note: This linter can be disabled with `set_option linter.flexible false`
info: Erdos9796Proof/P97/ATail/CardElevenUniqueFourCertificate/Support/Unique4AlignedP5Occurrence/AlignedP5MetricSound.lean:241:4: 'exact hne hval' uses 'hval'!
⚠ [10755/10847] Replayed Erdos9796Proof.P97.ATail.CardElevenUniqueFourCertificate.Support.Unique4AlignedP5Occurrence.AlignedP5NativeLeaf1
warning: Erdos9796Proof/P97/ATail/CardElevenUniqueFourCertificate/Support/Unique4AlignedP5Occurrence/AlignedP5NativeLeaf1.lean:5:0: Please, add a comment explaining the need for modifying the maxHeartbeat limit, as in
set_option maxHeartbeats 0 in
-- reason for change
...

Note: This linter can be disabled with `set_option linter.style.maxHeartbeats false`
⚠ [10756/10847] Replayed Erdos9796Proof.P97.ATail.CardElevenUniqueFourCertificate.Support.Unique4AlignedP5Occurrence.AlignedP5NativeLeaf2
warning: Erdos9796Proof/P97/ATail/CardElevenUniqueFourCertificate/Support/Unique4AlignedP5Occurrence/AlignedP5NativeLeaf2.lean:5:0: Please, add a comment explaining the need for modifying the maxHeartbeat limit, as in
set_option maxHeartbeats 0 in
-- reason for change
...

Note: This linter can be disabled with `set_option linter.style.maxHeartbeats false`
⚠ [10757/10847] Replayed Erdos9796Proof.P97.ATail.CardElevenUniqueFourCertificate.Support.Unique4AlignedP5Occurrence.AlignedP5NativeLeaf3
warning: Erdos9796Proof/P97/ATail/CardElevenUniqueFourCertificate/Support/Unique4AlignedP5Occurrence/AlignedP5NativeLeaf3.lean:5:0: Please, add a comment explaining the need for modifying the maxHeartbeat limit, as in
set_option maxHeartbeats 0 in
-- reason for change
...

Note: This linter can be disabled with `set_option linter.style.maxHeartbeats false`
⚠ [10758/10847] Replayed Erdos9796Proof.P97.ATail.CardElevenUniqueFourCertificate.Support.Unique4AlignedP5Occurrence.AlignedP5NativeLeaf4
warning: Erdos9796Proof/P97/ATail/CardElevenUniqueFourCertificate/Support/Unique4AlignedP5Occurrence/AlignedP5NativeLeaf4.lean:5:0: Please, add a comment explaining the need for modifying the maxHeartbeat limit, as in
set_option maxHeartbeats 0 in
-- reason for change
...

Note: This linter can be disabled with `set_option linter.style.maxHeartbeats false`
⚠ [10759/10847] Replayed Erdos9796Proof.P97.ATail.CardElevenUniqueFourCertificate.Support.Unique4AlignedP5Occurrence.AlignedP5NativeLeaf8
warning: Erdos9796Proof/P97/ATail/CardElevenUniqueFourCertificate/Support/Unique4AlignedP5Occurrence/AlignedP5NativeLeaf8.lean:5:0: Please, add a comment explaining the need for modifying the maxHeartbeat limit, as in
set_option maxHeartbeats 0 in
-- reason for change
...

Note: This linter can be disabled with `set_option linter.style.maxHeartbeats false`
⚠ [10760/10847] Replayed Erdos9796Proof.P97.ATail.CardElevenUniqueFourCertificate.Support.Unique4AlignedP5Occurrence.AlignedP5NativeLeaf9
warning: Erdos9796Proof/P97/ATail/CardElevenUniqueFourCertificate/Support/Unique4AlignedP5Occurrence/AlignedP5NativeLeaf9.lean:5:0: Please, add a comment explaining the need for modifying the maxHeartbeat limit, as in
set_option maxHeartbeats 0 in
-- reason for change
...

Note: This linter can be disabled with `set_option linter.style.maxHeartbeats false`
⚠ [10761/10847] Replayed Erdos9796Proof.P97.ATail.CardElevenUniqueFourCertificate.Support.Unique4AlignedP5Occurrence.AlignedP5NativeLeaf10
warning: Erdos9796Proof/P97/ATail/CardElevenUniqueFourCertificate/Support/Unique4AlignedP5Occurrence/AlignedP5NativeLeaf10.lean:5:0: Please, add a comment explaining the need for modifying the maxHeartbeat limit, as in
set_option maxHeartbeats 0 in
-- reason for change
...

Note: This linter can be disabled with `set_option linter.style.maxHeartbeats false`
⚠ [10764/10847] Replayed Erdos9796Proof.P97.ATail.CardElevenUniqueFourCertificate.Support.Unique4AlignedP5Occurrence.AlignedP5SourceTrace
warning: Erdos9796Proof/P97/ATail/CardElevenUniqueFourCertificate/Support/Unique4AlignedP5Occurrence/AlignedP5SourceTrace.lean:165:0: Please, add a comment explaining the need for modifying the maxHeartbeat limit, as in
set_option maxHeartbeats 1000000 in
-- reason for change
...

Note: This linter can be disabled with `set_option linter.style.maxHeartbeats false`
warning: Erdos9796Proof/P97/ATail/CardElevenUniqueFourCertificate/Support/Unique4AlignedP5Occurrence/AlignedP5SourceTrace.lean:173:0: Please, add a comment explaining the need for modifying the maxHeartbeat limit, as in
set_option maxHeartbeats 1000000 in
-- reason for change
...

Note: This linter can be disabled with `set_option linter.style.maxHeartbeats false`
warning: Erdos9796Proof/P97/ATail/CardElevenUniqueFourCertificate/Support/Unique4AlignedP5Occurrence/AlignedP5SourceTrace.lean:181:0: Please, add a comment explaining the need for modifying the maxHeartbeat limit, as in
set_option maxHeartbeats 1000000 in
-- reason for change
...

Note: This linter can be disabled with `set_option linter.style.maxHeartbeats false`
warning: Erdos9796Proof/P97/ATail/CardElevenUniqueFourCertificate/Support/Unique4AlignedP5Occurrence/AlignedP5SourceTrace.lean:189:0: Please, add a comment explaining the need for modifying the maxHeartbeat limit, as in
set_option maxHeartbeats 1000000 in
-- reason for change
...

Note: This linter can be disabled with `set_option linter.style.maxHeartbeats false`
warning: Erdos9796Proof/P97/ATail/CardElevenUniqueFourCertificate/Support/Unique4AlignedP5Occurrence/AlignedP5SourceTrace.lean:197:0: Please, add a comment explaining the need for modifying the maxHeartbeat limit, as in
set_option maxHeartbeats 1000000 in
-- reason for change
...

Note: This linter can be disabled with `set_option linter.style.maxHeartbeats false`
warning: Erdos9796Proof/P97/ATail/CardElevenUniqueFourCertificate/Support/Unique4AlignedP5Occurrence/AlignedP5SourceTrace.lean:602:0: Please, add a comment explaining the need for modifying the maxHeartbeat limit, as in
set_option maxHeartbeats 0 in
-- reason for change
...

Note: This linter can be disabled with `set_option linter.style.maxHeartbeats false`
⚠ [10767/10847] Replayed Erdos9796Proof.P97.ATail.CardElevenUniqueFourCertificate.Support.Unique4AlignedP5Occurrence.AlignedP5MirrorNativeLeaf1
warning: Erdos9796Proof/P97/ATail/CardElevenUniqueFourCertificate/Support/Unique4AlignedP5Occurrence/AlignedP5MirrorNativeLeaf1.lean:5:0: Please, add a comment explaining the need for modifying the maxHeartbeat limit, as in
set_option maxHeartbeats 0 in
-- reason for change
...

Note: This linter can be disabled with `set_option linter.style.maxHeartbeats false`
⚠ [10768/10847] Replayed Erdos9796Proof.P97.ATail.CardElevenUniqueFourCertificate.Support.Unique4AlignedP5Occurrence.AlignedP5MirrorNativeLeaf2
warning: Erdos9796Proof/P97/ATail/CardElevenUniqueFourCertificate/Support/Unique4AlignedP5Occurrence/AlignedP5MirrorNativeLeaf2.lean:5:0: Please, add a comment explaining the need for modifying the maxHeartbeat limit, as in
set_option maxHeartbeats 0 in
-- reason for change
...

Note: This linter can be disabled with `set_option linter.style.maxHeartbeats false`
⚠ [10769/10847] Replayed Erdos9796Proof.P97.ATail.CardElevenUniqueFourCertificate.Support.Unique4AlignedP5Occurrence.AlignedP5MirrorNativeLeaf3
warning: Erdos9796Proof/P97/ATail/CardElevenUniqueFourCertificate/Support/Unique4AlignedP5Occurrence/AlignedP5MirrorNativeLeaf3.lean:5:0: Please, add a comment explaining the need for modifying the maxHeartbeat limit, as in
set_option maxHeartbeats 0 in
-- reason for change
...

Note: This linter can be disabled with `set_option linter.style.maxHeartbeats false`
⚠ [10770/10847] Replayed Erdos9796Proof.P97.ATail.CardElevenUniqueFourCertificate.Support.Unique4AlignedP5Occurrence.AlignedP5MirrorNativeLeaf7
warning: Erdos9796Proof/P97/ATail/CardElevenUniqueFourCertificate/Support/Unique4AlignedP5Occurrence/AlignedP5MirrorNativeLeaf7.lean:5:0: Please, add a comment explaining the need for modifying the maxHeartbeat limit, as in
set_option maxHeartbeats 0 in
-- reason for change
...

Note: This linter can be disabled with `set_option linter.style.maxHeartbeats false`
⚠ [10771/10847] Replayed Erdos9796Proof.P97.ATail.CardElevenUniqueFourCertificate.Support.Unique4AlignedP5Occurrence.AlignedP5MirrorNativeLeaf8
warning: Erdos9796Proof/P97/ATail/CardElevenUniqueFourCertificate/Support/Unique4AlignedP5Occurrence/AlignedP5MirrorNativeLeaf8.lean:5:0: Please, add a comment explaining the need for modifying the maxHeartbeat limit, as in
set_option maxHeartbeats 0 in
-- reason for change
...

Note: This linter can be disabled with `set_option linter.style.maxHeartbeats false`
⚠ [10772/10847] Replayed Erdos9796Proof.P97.ATail.CardElevenUniqueFourCertificate.Support.Unique4AlignedP5Occurrence.AlignedP5MirrorNativeLeaf9
warning: Erdos9796Proof/P97/ATail/CardElevenUniqueFourCertificate/Support/Unique4AlignedP5Occurrence/AlignedP5MirrorNativeLeaf9.lean:5:0: Please, add a comment explaining the need for modifying the maxHeartbeat limit, as in
set_option maxHeartbeats 0 in
-- reason for change
...

Note: This linter can be disabled with `set_option linter.style.maxHeartbeats false`
⚠ [10773/10847] Replayed Erdos9796Proof.P97.ATail.CardElevenUniqueFourCertificate.Support.Unique4AlignedP5Occurrence.AlignedP5MirrorNativeLeaf10
warning: Erdos9796Proof/P97/ATail/CardElevenUniqueFourCertificate/Support/Unique4AlignedP5Occurrence/AlignedP5MirrorNativeLeaf10.lean:5:0: Please, add a comment explaining the need for modifying the maxHeartbeat limit, as in
set_option maxHeartbeats 0 in
-- reason for change
...

Note: This linter can be disabled with `set_option linter.style.maxHeartbeats false`
⚠ [10776/10847] Replayed Erdos9796Proof.P97.ATail.CardElevenUniqueFourCertificate.Support.Unique4AlignedP5Occurrence.AlignedP5MirrorSourceTrace
warning: Erdos9796Proof/P97/ATail/CardElevenUniqueFourCertificate/Support/Unique4AlignedP5Occurrence/AlignedP5MirrorSourceTrace.lean:187:0: Please, add a comment explaining the need for modifying the maxHeartbeat limit, as in
set_option maxHeartbeats 1000000 in
-- reason for change
...

Note: This linter can be disabled with `set_option linter.style.maxHeartbeats false`
warning: Erdos9796Proof/P97/ATail/CardElevenUniqueFourCertificate/Support/Unique4AlignedP5Occurrence/AlignedP5MirrorSourceTrace.lean:195:0: Please, add a comment explaining the need for modifying the maxHeartbeat limit, as in
set_option maxHeartbeats 1000000 in
-- reason for change
...

Note: This linter can be disabled with `set_option linter.style.maxHeartbeats false`
warning: Erdos9796Proof/P97/ATail/CardElevenUniqueFourCertificate/Support/Unique4AlignedP5Occurrence/AlignedP5MirrorSourceTrace.lean:203:0: Please, add a comment explaining the need for modifying the maxHeartbeat limit, as in
set_option maxHeartbeats 1000000 in
-- reason for change
...

Note: This linter can be disabled with `set_option linter.style.maxHeartbeats false`
warning: Erdos9796Proof/P97/ATail/CardElevenUniqueFourCertificate/Support/Unique4AlignedP5Occurrence/AlignedP5MirrorSourceTrace.lean:211:0: Please, add a comment explaining the need for modifying the maxHeartbeat limit, as in
set_option maxHeartbeats 1000000 in
-- reason for change
...

Note: This linter can be disabled with `set_option linter.style.maxHeartbeats false`
warning: Erdos9796Proof/P97/ATail/CardElevenUniqueFourCertificate/Support/Unique4AlignedP5Occurrence/AlignedP5MirrorSourceTrace.lean:219:0: Please, add a comment explaining the need for modifying the maxHeartbeat limit, as in
set_option maxHeartbeats 1000000 in
-- reason for change
...

Note: This linter can be disabled with `set_option linter.style.maxHeartbeats false`
warning: Erdos9796Proof/P97/ATail/CardElevenUniqueFourCertificate/Support/Unique4AlignedP5Occurrence/AlignedP5MirrorSourceTrace.lean:628:0: Please, add a comment explaining the need for modifying the maxHeartbeat limit, as in
set_option maxHeartbeats 0 in
-- reason for change
...

Note: This linter can be disabled with `set_option linter.style.maxHeartbeats false`
⚠ [10786/10847] Replayed Erdos9796Proof.P97.ATail.OrderedCapPairTightness
warning: Erdos9796Proof/P97/ATail/OrderedCapPairTightness.lean:24:0: `pairFamily_tight_of_pairwiseDisjoint_subset` has the hypothesis:
  • [DecidableEq ι] (#5)
which is not used in the remainder of the type.

Consider removing this hypothesis and using `classical` in the proof instead. For terms, consider using `open scoped Classical in` at the term level (not the command level).

Note: This linter can be disabled with `set_option linter.unusedDecidableInType false`
warning: Erdos9796Proof/P97/ATail/OrderedCapPairTightness.lean:71:0: `pairFamily_owner_existsUnique_of_tight` has the hypotheses:
  • [DecidableEq α] (#3)
  • [DecidableEq ι] (#5)
which are not used in the remainder of the type.

Consider removing these hypotheses and using `classical` in the proof instead. For terms, consider using `open scoped Classical in` at the term level (not the command level).

Note: This linter can be disabled with `set_option linter.unusedDecidableInType false`
warning: Erdos9796Proof/P97/ATail/OrderedCapPairTightness.lean:101:0: `card_eq_two_of_powersetCard_card_eq_one` has the hypothesis:
  • [DecidableEq α] (#2)
which is not used in the remainder of the type.

Consider removing this hypothesis and using `classical` in the proof instead. For terms, consider using `open scoped Classical in` at the term level (not the command level).

Note: This linter can be disabled with `set_option linter.unusedDecidableInType false`
warning: Erdos9796Proof/P97/ATail/OrderedCapPairTightness.lean:114:0: `card_eq_three_of_powersetCard_card_eq_three` has the hypothesis:
  • [DecidableEq α] (#2)
which is not used in the remainder of the type.

Consider removing this hypothesis and using `classical` in the proof instead. For terms, consider using `open scoped Classical in` at the term level (not the command level).

Note: This linter can be disabled with `set_option linter.unusedDecidableInType false`
⚠ [10788/10847] Replayed Erdos9796Proof.P97.ATail.ExactFourRobustCapExpansion
warning: Erdos9796Proof/P97/ATail/ExactFourRobustCapExpansion.lean:977:4: try 'simp' instead of 'simpa'

Note: This linter can be disabled with `set_option linter.unnecessarySimpa false`
⚠ [10790/10847] Replayed Erdos9796Proof.P97.ATail.FivePointEuclideanObstruction
warning: Erdos9796Proof/P97/ATail/FivePointEuclideanObstruction.lean:124:0: Please, add a comment explaining the need for modifying the maxHeartbeat limit, as in
set_option maxHeartbeats 800000 in
-- reason for change
...

Note: This linter can be disabled with `set_option linter.style.maxHeartbeats false`
info: Erdos9796Proof/P97/ATail/FivePointEuclideanObstruction.lean:683:0: 'Problem97.FivePointEuclideanObstruction.false_of_three_rows_of_four_orientations' depends on axioms: [propext,
 Classical.choice,
 Quot.sound]
info: Erdos9796Proof/P97/ATail/FivePointEuclideanObstruction.lean:684:0: 'Problem97.FivePointEuclideanObstruction.false_of_five_ccw_three_row_equalities' depends on axioms: [propext,
 Classical.choice,
 Quot.sound]
info: Erdos9796Proof/P97/ATail/FivePointEuclideanObstruction.lean:685:0: 'Problem97.FivePointEuclideanObstruction.false_of_five_ccw_two_selected_rows' depends on axioms: [propext,
 Classical.choice,
 Quot.sound]
info: Erdos9796Proof/P97/ATail/FivePointEuclideanObstruction.lean:686:0: 'Problem97.FivePointEuclideanObstruction.false_of_five_ccw_two_selected_rows_cyclicShift' depends on axioms: [propext,
 Classical.choice,
 Quot.sound]
info: Erdos9796Proof/P97/ATail/FivePointEuclideanObstruction.lean:687:0: 'Problem97.FivePointEuclideanObstruction.false_of_second_three_rows_of_four_orientations' depends on axioms: [propext,
 Classical.choice,
 Quot.sound]
info: Erdos9796Proof/P97/ATail/FivePointEuclideanObstruction.lean:688:0: 'Problem97.FivePointEuclideanObstruction.false_of_second_three_rows_of_four_orientations_pos' depends on axioms: [propext,
 Classical.choice,
 Quot.sound]
info: Erdos9796Proof/P97/ATail/FivePointEuclideanObstruction.lean:689:0: 'Problem97.FivePointEuclideanObstruction.false_of_five_ccw_second_three_row_equalities' depends on axioms: [propext,
 Classical.choice,
 Quot.sound]
info: Erdos9796Proof/P97/ATail/FivePointEuclideanObstruction.lean:690:0: 'Problem97.FivePointEuclideanObstruction.false_of_five_ccw_second_two_selected_rows' depends on axioms: [propext,
 Classical.choice,
 Quot.sound]
info: Erdos9796Proof/P97/ATail/FivePointEuclideanObstruction.lean:691:0: 'Problem97.FivePointEuclideanObstruction.false_of_five_ccw_second_two_selected_rows_cyclicShift' depends on axioms: [propext,
 Classical.choice,
 Quot.sound]
info: Erdos9796Proof/P97/ATail/FivePointEuclideanObstruction.lean:692:0: 'Problem97.FivePointEuclideanObstruction.false_of_five_ccw_reversed_second_two_selected_rows' depends on axioms: [propext,
 Classical.choice,
 Quot.sound]
info: Erdos9796Proof/P97/ATail/FivePointEuclideanObstruction.lean:693:0: 'Problem97.FivePointEuclideanObstruction.false_of_five_ccw_reversed_second_two_selected_rows_cyclicShift' depends on axioms: [propext,
 Classical.choice,
 Quot.sound]
ℹ [10793/10847] Replayed Erdos9796Proof.P97.ATail.RetainedMatchingCommonDeletionNormalization
info: Erdos9796Proof/P97/ATail/RetainedMatchingCommonDeletionNormalization.lean:184:0: 'Problem97.ATailRetainedMatchingCommonDeletionNormalization.exists_fresh_secondCap_commonDeletion_of_reverseHit' depends on axioms: [propext,
 Classical.choice,
 Quot.sound]
info: Erdos9796Proof/P97/ATail/RetainedMatchingCommonDeletionNormalization.lean:185:0: 'Problem97.ATailRetainedMatchingCommonDeletionNormalization.exists_commonDeletionPacket_of_largeCapConsumerOutcome' depends on axioms: [propext,
 Classical.choice,
 Quot.sound]
info: Erdos9796Proof/P97/ATail/RetainedMatchingCommonDeletionNormalization.lean:186:0: 'Problem97.ATailRetainedMatchingCommonDeletionNormalization.exists_commonDeletionPacket_of_matchingReduction' depends on axioms: [propext,
 Classical.choice,
 Quot.sound]
ℹ [10795/10847] Replayed Erdos9796Proof.P97.ATail.RetainedMatchingEndpointContinuation
info: Erdos9796Proof/P97/ATail/RetainedMatchingEndpointContinuation.lean:304:0: 'Problem97.ATailRetainedMatchingEndpointContinuation.nonempty_endpointFreshFirstApexRowSource' depends on axioms: [propext,
 Classical.choice,
 Quot.sound]
info: Erdos9796Proof/P97/ATail/RetainedMatchingEndpointContinuation.lean:305:0: 'Problem97.ATailRetainedMatchingEndpointContinuation.nonempty_endpointFreshCrossOrCommonDeletion' depends on axioms: [propext,
 Classical.choice,
 Quot.sound]
info: Erdos9796Proof/P97/ATail/RetainedMatchingEndpointContinuation.lean:306:0: 'Problem97.ATailRetainedMatchingEndpointContinuation.endpoint_next_not_mem_middle_shell' depends on axioms: [propext,
 Classical.choice,
 Quot.sound]
info: Erdos9796Proof/P97/ATail/RetainedMatchingEndpointContinuation.lean:307:0: 'Problem97.ATailRetainedMatchingEndpointContinuation.nonempty_threeDistinctEndpointCrossOrCycle' depends on axioms: [propext,
 Classical.choice,
 Quot.sound]
ℹ [10798/10847] Replayed Erdos9796Proof.P97.ATail.LocalizedCollisionMutualOmissionCycle
info: Erdos9796Proof/P97/ATail/LocalizedCollisionMutualOmissionCycle.lean:275:0: 'Problem97.ATailLocalizedCollisionMutualOmissionCycle.LocalizedCollisionMutualOmissionCycle' depends on axioms: [propext,
 Classical.choice,
 Quot.sound]
info: Erdos9796Proof/P97/ATail/LocalizedCollisionMutualOmissionCycle.lean:276:0: 'Problem97.ATailLocalizedCollisionMutualOmissionCycle.nonempty_localizedCollisionMutualOmissionCycle' depends on axioms: [propext,
 Classical.choice,
 Quot.sound]
ℹ [10801/10847] Replayed Erdos9796Proof.P97.ATail.KalmansonRadiusOrderReversal
info: Erdos9796Proof/P97/ATail/KalmansonRadiusOrderReversal.lean:132:0: 'Problem97.KalmansonRadiusOrderReversal.false_of_seven_ccw_radius_order_reversal_equalities' depends on axioms: [propext,
 Classical.choice,
 Quot.sound]
info: Erdos9796Proof/P97/ATail/KalmansonRadiusOrderReversal.lean:133:0: 'Problem97.KalmansonRadiusOrderReversal.false_of_three_selected_rows_seven_ccw_radius_order_reversal' depends on axioms: [propext,
 Classical.choice,
 Quot.sound]
info: Erdos9796Proof/P97/ATail/KalmansonRadiusOrderReversal.lean:134:0: 'Problem97.KalmansonRadiusOrderReversal.false_of_four_selected_rows_seven_ccw_radius_order_reversal' depends on axioms: [propext,
 Classical.choice,
 Quot.sound]
ℹ [10804/10847] Replayed Erdos9796Proof.P97.ATail.SixPointEuclideanObstruction
info: Erdos9796Proof/P97/ATail/SixPointEuclideanObstruction.lean:881:0: '_private.Erdos9796Proof.P97.ATail.SixPointEuclideanObstruction.0.Problem97.SixPointEuclideanObstruction.normalized_six_point_incompatible' depends on axioms: [propext,
 Classical.choice,
 Quot.sound]
info: Erdos9796Proof/P97/ATail/SixPointEuclideanObstruction.lean:882:0: '_private.Erdos9796Proof.P97.ATail.SixPointEuclideanObstruction.0.Problem97.SixPointEuclideanObstruction.normalized_mirror_interleaving_incompatible' depends on axioms: [propext,
 Classical.choice,
 Quot.sound]
info: Erdos9796Proof/P97/ATail/SixPointEuclideanObstruction.lean:883:0: 'Problem97.SixPointEuclideanObstruction.mirror_interleaving_metric_orientation_incompatibility' depends on axioms: [propext,
 Classical.choice,
 Quot.sound]
info: Erdos9796Proof/P97/ATail/SixPointEuclideanObstruction.lean:884:0: 'Problem97.SixPointEuclideanObstruction.mirror_interleaving_metric_orientation_incompatibility_of_neg' depends on axioms: [propext,
 Classical.choice,
 Quot.sound]
info: Erdos9796Proof/P97/ATail/SixPointEuclideanObstruction.lean:885:0: 'Problem97.SixPointEuclideanObstruction.false_of_six_ccw_mirror_interleaving_row_equalities' depends on axioms: [propext,
 Classical.choice,
 Quot.sound]
info: Erdos9796Proof/P97/ATail/SixPointEuclideanObstruction.lean:886:0: 'Problem97.SixPointEuclideanObstruction.metric_orientation_incompatibility' depends on axioms: [propext,
 Classical.choice,
 Quot.sound]
info: Erdos9796Proof/P97/ATail/SixPointEuclideanObstruction.lean:887:0: 'Problem97.SixPointEuclideanObstruction.metric_orientation_incompatibility_of_neg' depends on axioms: [propext,
 Classical.choice,
 Quot.sound]
info: Erdos9796Proof/P97/ATail/SixPointEuclideanObstruction.lean:888:0: 'Problem97.SixPointEuclideanObstruction.false_of_six_ccw_row_equalities' depends on axioms: [propext,
 Classical.choice,
 Quot.sound]
info: Erdos9796Proof/P97/ATail/SixPointEuclideanObstruction.lean:889:0: 'Problem97.SixPointEuclideanObstruction.false_of_six_ccw_three_selected_rows' depends on axioms: [propext,
 Classical.choice,
 Quot.sound]
ℹ [10805/10847] Replayed Erdos9796Proof.P97.ATail.SixPointSparseEuclideanObstruction
info: Erdos9796Proof/P97/ATail/SixPointSparseEuclideanObstruction.lean:617:0: '_private.Erdos9796Proof.P97.ATail.SixPointSparseEuclideanObstruction.0.Problem97.SixPointSparseEuclideanObstruction.normalized_sparse_six_point_incompatible' depends on axioms: [propext,
 Classical.choice,
 Quot.sound]
info: Erdos9796Proof/P97/ATail/SixPointSparseEuclideanObstruction.lean:618:0: 'Problem97.SixPointSparseEuclideanObstruction.metric_orientation_incompatibility' depends on axioms: [propext,
 Classical.choice,
 Quot.sound]
info: Erdos9796Proof/P97/ATail/SixPointSparseEuclideanObstruction.lean:619:0: 'Problem97.SixPointSparseEuclideanObstruction.metric_orientation_incompatibility_of_neg' depends on axioms: [propext,
 Classical.choice,
 Quot.sound]
info: Erdos9796Proof/P97/ATail/SixPointSparseEuclideanObstruction.lean:620:0: 'Problem97.SixPointSparseEuclideanObstruction.false_of_six_ccw_row_equalities' depends on axioms: [propext,
 Classical.choice,
 Quot.sound]
info: Erdos9796Proof/P97/ATail/SixPointSparseEuclideanObstruction.lean:621:0: 'Problem97.SixPointSparseEuclideanObstruction.false_of_six_ccw_two_selected_rows' depends on axioms: [propext,
 Classical.choice,
 Quot.sound]
⚠ [10811/10847] Replayed Erdos9796Proof.P97.N9Endpoint.N4e
warning: Erdos9796Proof/P97/N9Endpoint/N4e.lean:235:12: Try `simp at hone` instead of `simpa using hone`

Note: This linter can be disabled with `set_option linter.unnecessarySimpa false`
warning: Erdos9796Proof/P97/N9Endpoint/N4e.lean:312:12: Try `simp at hone` instead of `simpa using hone`

Note: This linter can be disabled with `set_option linter.unnecessarySimpa false`
warning: Erdos9796Proof/P97/N9Endpoint/N4e.lean:387:12: Try `simp at hone` instead of `simpa using hone`

Note: This linter can be disabled with `set_option linter.unnecessarySimpa false`
warning: Erdos9796Proof/P97/N9Endpoint/N4e.lean:503:21: try 'simp' instead of 'simpa'

Note: This linter can be disabled with `set_option linter.unnecessarySimpa false`
warning: Erdos9796Proof/P97/N9Endpoint/N4e.lean:506:21: try 'simp' instead of 'simpa'

Note: This linter can be disabled with `set_option linter.unnecessarySimpa false`
warning: Erdos9796Proof/P97/N9Endpoint/N4e.lean:494:7: unused variable `h`

Note: This linter can be disabled with `set_option linter.unusedVariables false`
warning: Erdos9796Proof/P97/N9Endpoint/N4e.lean:496:9: unused variable `h`

Note: This linter can be disabled with `set_option linter.unusedVariables false`
warning: Erdos9796Proof/P97/N9Endpoint/N4e.lean:523:21: try 'simp' instead of 'simpa'

Note: This linter can be disabled with `set_option linter.unnecessarySimpa false`
warning: Erdos9796Proof/P97/N9Endpoint/N4e.lean:526:21: try 'simp' instead of 'simpa'

Note: This linter can be disabled with `set_option linter.unnecessarySimpa false`
warning: Erdos9796Proof/P97/N9Endpoint/N4e.lean:514:7: unused variable `h`

Note: This linter can be disabled with `set_option linter.unusedVariables false`
warning: Erdos9796Proof/P97/N9Endpoint/N4e.lean:516:9: unused variable `h`

Note: This linter can be disabled with `set_option linter.unusedVariables false`
warning: Erdos9796Proof/P97/N9Endpoint/N4e.lean:555:23: try 'simp' instead of 'simpa'

Note: This linter can be disabled with `set_option linter.unnecessarySimpa false`
warning: Erdos9796Proof/P97/N9Endpoint/N4e.lean:555:52: try 'simp' instead of 'simpa'

Note: This linter can be disabled with `set_option linter.unnecessarySimpa false`
warning: Erdos9796Proof/P97/N9Endpoint/N4e.lean:558:31: try 'simp' instead of 'simpa'

Note: This linter can be disabled with `set_option linter.unnecessarySimpa false`
warning: Erdos9796Proof/P97/N9Endpoint/N4e.lean:558:60: try 'simp' instead of 'simpa'

Note: This linter can be disabled with `set_option linter.unnecessarySimpa false`
warning: Erdos9796Proof/P97/N9Endpoint/N4e.lean:563:12: try 'simp' instead of 'simpa'

Note: This linter can be disabled with `set_option linter.unnecessarySimpa false`
warning: Erdos9796Proof/P97/N9Endpoint/N4e.lean:563:41: try 'simp' instead of 'simpa'

Note: This linter can be disabled with `set_option linter.unnecessarySimpa false`
warning: Erdos9796Proof/P97/N9Endpoint/N4e.lean:567:12: try 'simp' instead of 'simpa'

Note: This linter can be disabled with `set_option linter.unnecessarySimpa false`
warning: Erdos9796Proof/P97/N9Endpoint/N4e.lean:567:41: try 'simp' instead of 'simpa'

Note: This linter can be disabled with `set_option linter.unnecessarySimpa false`
warning: Erdos9796Proof/P97/N9Endpoint/N4e.lean:534:8: unused variable `h2`

Note: This linter can be disabled with `set_option linter.unusedVariables false`
warning: Erdos9796Proof/P97/N9Endpoint/N4e.lean:534:35: unused variable `h3`

Note: This linter can be disabled with `set_option linter.unusedVariables false`
warning: Erdos9796Proof/P97/N9Endpoint/N4e.lean:537:8: unused variable `h2`

Note: This linter can be disabled with `set_option linter.unusedVariables false`
warning: Erdos9796Proof/P97/N9Endpoint/N4e.lean:537:35: unused variable `h3`

Note: This linter can be disabled with `set_option linter.unusedVariables false`
warning: Erdos9796Proof/P97/N9Endpoint/N4e.lean:540:8: unused variable `h2`

Note: This linter can be disabled with `set_option linter.unusedVariables false`
warning: Erdos9796Proof/P97/N9Endpoint/N4e.lean:540:35: unused variable `h3`

Note: This linter can be disabled with `set_option linter.unusedVariables false`
warning: Erdos9796Proof/P97/N9Endpoint/N4e.lean:543:8: unused variable `h2`

Note: This linter can be disabled with `set_option linter.unusedVariables false`
warning: Erdos9796Proof/P97/N9Endpoint/N4e.lean:543:35: unused variable `h3`

Note: This linter can be disabled with `set_option linter.unusedVariables false`
warning: Erdos9796Proof/P97/N9Endpoint/N4e.lean:635:12: Try `simp at hone` instead of `simpa using hone`

Note: This linter can be disabled with `set_option linter.unnecessarySimpa false`
warning: Erdos9796Proof/P97/N9Endpoint/N4e.lean:778:12: Try `simp at hone` instead of `simpa using hone`

Note: This linter can be disabled with `set_option linter.unnecessarySimpa false`
warning: Erdos9796Proof/P97/N9Endpoint/N4e.lean:1008:6: Try `simp at this` instead of `simpa using this`

Note: This linter can be disabled with `set_option linter.unnecessarySimpa false`
warning: Erdos9796Proof/P97/N9Endpoint/N4e.lean:1012:6: Try `simp at this` instead of `simpa using this`

Note: This linter can be disabled with `set_option linter.unnecessarySimpa false`
warning: Erdos9796Proof/P97/N9Endpoint/N4e.lean:1016:6: Try `simp at this` instead of `simpa using this`

Note: This linter can be disabled with `set_option linter.unnecessarySimpa false`
warning: Erdos9796Proof/P97/N9Endpoint/N4e.lean:1020:6: Try `simp at this` instead of `simpa using this`

Note: This linter can be disabled with `set_option linter.unnecessarySimpa false`
warning: Erdos9796Proof/P97/N9Endpoint/N4e.lean:1037:8: Try `simp at this` instead of `simpa using this`

Note: This linter can be disabled with `set_option linter.unnecessarySimpa false`
warning: Erdos9796Proof/P97/N9Endpoint/N4e.lean:1073:6: Try `simp at this` instead of `simpa using this`

Note: This linter can be disabled with `set_option linter.unnecessarySimpa false`
warning: Erdos9796Proof/P97/N9Endpoint/N4e.lean:1077:6: Try `simp at this` instead of `simpa using this`

Note: This linter can be disabled with `set_option linter.unnecessarySimpa false`
warning: Erdos9796Proof/P97/N9Endpoint/N4e.lean:1081:6: Try `simp at this` instead of `simpa using this`

Note: This linter can be disabled with `set_option linter.unnecessarySimpa false`
warning: Erdos9796Proof/P97/N9Endpoint/N4e.lean:1085:6: Try `simp at this` instead of `simpa using this`

Note: This linter can be disabled with `set_option linter.unnecessarySimpa false`
warning: Erdos9796Proof/P97/N9Endpoint/N4e.lean:1102:8: Try `simp at this` instead of `simpa using this`

Note: This linter can be disabled with `set_option linter.unnecessarySimpa false`
warning: Erdos9796Proof/P97/N9Endpoint/N4e.lean:1176:46: Try `simp at this` instead of `simpa using this`

Note: This linter can be disabled with `set_option linter.unnecessarySimpa false`
warning: Erdos9796Proof/P97/N9Endpoint/N4e.lean:1199:75: Try `simp at this` instead of `simpa using this`

Note: This linter can be disabled with `set_option linter.unnecessarySimpa false`
warning: Erdos9796Proof/P97/N9Endpoint/N4e.lean:1201:74: Try `simp at this` instead of `simpa using this`

Note: This linter can be disabled with `set_option linter.unnecessarySimpa false`
warning: Erdos9796Proof/P97/N9Endpoint/N4e.lean:1203:75: Try `simp at this` instead of `simpa using this`

Note: This linter can be disabled with `set_option linter.unnecessarySimpa false`
warning: Erdos9796Proof/P97/N9Endpoint/N4e.lean:1205:74: Try `simp at this` instead of `simpa using this`

Note: This linter can be disabled with `set_option linter.unnecessarySimpa false`
warning: Erdos9796Proof/P97/N9Endpoint/N4e.lean:1245:75: Try `simp at this` instead of `simpa using this`

Note: This linter can be disabled with `set_option linter.unnecessarySimpa false`
warning: Erdos9796Proof/P97/N9Endpoint/N4e.lean:1247:74: Try `simp at this` instead of `simpa using this`

Note: This linter can be disabled with `set_option linter.unnecessarySimpa false`
warning: Erdos9796Proof/P97/N9Endpoint/N4e.lean:1249:75: Try `simp at this` instead of `simpa using this`

Note: This linter can be disabled with `set_option linter.unnecessarySimpa false`
warning: Erdos9796Proof/P97/N9Endpoint/N4e.lean:1251:74: Try `simp at this` instead of `simpa using this`

Note: This linter can be disabled with `set_option linter.unnecessarySimpa false`
warning: Erdos9796Proof/P97/N9Endpoint/N4e.lean:1431:19: unused variable `tau`

Note: This linter can be disabled with `set_option linter.unusedVariables false`
warning: Erdos9796Proof/P97/N9Endpoint/N4e.lean:1444:19: unused variable `tau`

Note: This linter can be disabled with `set_option linter.unusedVariables false`
warning: Erdos9796Proof/P97/N9Endpoint/N4e.lean:1485:0: This file has more than one module docstring (`/-! ... -/`). Only the first one is treated as module documentation; convert additional ones to regular comments (`/- ... -/`).

Note: This linter can be disabled with `set_option linter.style.moduleDocstring false`
warning: Erdos9796Proof/P97/N9Endpoint/N4e.lean:1674:0: This file has more than one module docstring (`/-! ... -/`). Only the first one is treated as module documentation; convert additional ones to regular comments (`/- ... -/`).

Note: This linter can be disabled with `set_option linter.style.moduleDocstring false`
warning: Erdos9796Proof/P97/N9Endpoint/N4e.lean:1697:5: unused variable `hpd`

Note: This linter can be disabled with `set_option linter.unusedVariables false`
warning: Erdos9796Proof/P97/N9Endpoint/N4e.lean:1698:5: unused variable `hsd`

Note: This linter can be disabled with `set_option linter.unusedVariables false`
warning: Erdos9796Proof/P97/N9Endpoint/N4e.lean:1761:0: Please, add a comment explaining the need for modifying the maxHeartbeat limit, as in
set_option maxHeartbeats 400000 in
-- reason for change
...

Note: This linter can be disabled with `set_option linter.style.maxHeartbeats false`
warning: Erdos9796Proof/P97/N9Endpoint/N4e.lean:1848:18: unused variable `hr1`

Note: This linter can be disabled with `set_option linter.unusedVariables false`
warning: Erdos9796Proof/P97/N9Endpoint/N4e.lean:1840:0: Please, add a comment explaining the need for modifying the maxHeartbeat limit, as in
set_option maxHeartbeats 400000 in
-- reason for change
...

Note: This linter can be disabled with `set_option linter.style.maxHeartbeats false`
warning: Erdos9796Proof/P97/N9Endpoint/N4e.lean:1895:0: Please, add a comment explaining the need for modifying the maxHeartbeat limit, as in
set_option maxHeartbeats 400000 in
-- reason for change
...

Note: This linter can be disabled with `set_option linter.style.maxHeartbeats false`
warning: Erdos9796Proof/P97/N9Endpoint/N4e.lean:2138:6: try 'simp' instead of 'simpa'

Note: This linter can be disabled with `set_option linter.unnecessarySimpa false`
warning: Erdos9796Proof/P97/N9Endpoint/N4e.lean:2140:4: 'simp [Problem97.CGN.vec2, EuclideanSpace.single_apply]' is a flexible tactic modifying '⊢'. Try 'simp?' and use the suggested 'simp only [...]'. Alternatively, use `suffices` to explicitly state the simplified form.

Note: This linter can be disabled with `set_option linter.flexible false`
info: Erdos9796Proof/P97/N9Endpoint/N4e.lean:2140:4: Try this:
  [apply] simp only [Fin.isValue, one_div]
info: Erdos9796Proof/P97/N9Endpoint/N4e.lean:2141:4: 'rw [Real.sin_two_mul, Real.cos_two_mul]' uses '⊢'!
warning: Erdos9796Proof/P97/N9Endpoint/N4e.lean:2178:4: 'simp [Problem97.CGN.vec2, EuclideanSpace.single_apply]' is a flexible tactic modifying '⊢'. Try 'simp?' and use the suggested 'simp only [...]'. Alternatively, use `suffices` to explicitly state the simplified form.

Note: This linter can be disabled with `set_option linter.flexible false`
info: Erdos9796Proof/P97/N9Endpoint/N4e.lean:2178:4: Try this:
  [apply] simp only [Fin.isValue]
info: Erdos9796Proof/P97/N9Endpoint/N4e.lean:2179:4: 'rw [Real.sin_two_mul]' uses '⊢'!
warning: Erdos9796Proof/P97/N9Endpoint/N4e.lean:2224:27: Try `simp at hx` instead of `simpa using hx`

Note: This linter can be disabled with `set_option linter.unnecessarySimpa false`
warning: Erdos9796Proof/P97/N9Endpoint/N4e.lean:2227:4: try 'simp' instead of 'simpa'

Note: This linter can be disabled with `set_option linter.unnecessarySimpa false`
warning: Erdos9796Proof/P97/N9Endpoint/N4e.lean:2396:4: unused variable `h2`

Note: This linter can be disabled with `set_option linter.unusedVariables false`
warning: Erdos9796Proof/P97/N9Endpoint/N4e.lean:2525:6: try 'simp' instead of 'simpa'

Note: This linter can be disabled with `set_option linter.unnecessarySimpa false`
warning: Erdos9796Proof/P97/N9Endpoint/N4e.lean:2529:6: try 'simp' instead of 'simpa'

Note: This linter can be disabled with `set_option linter.unnecessarySimpa false`
warning: Erdos9796Proof/P97/N9Endpoint/N4e.lean:2544:10: try 'simp' instead of 'simpa'

Note: This linter can be disabled with `set_option linter.unnecessarySimpa false`
warning: Erdos9796Proof/P97/N9Endpoint/N4e.lean:2551:6: try 'simp' instead of 'simpa'

Note: This linter can be disabled with `set_option linter.unnecessarySimpa false`
warning: Erdos9796Proof/P97/N9Endpoint/N4e.lean:2676:8: try 'simp' instead of 'simpa'

Note: This linter can be disabled with `set_option linter.unnecessarySimpa false`
warning: Erdos9796Proof/P97/N9Endpoint/N4e.lean:2679:8: try 'simp' instead of 'simpa'

Note: This linter can be disabled with `set_option linter.unnecessarySimpa false`
warning: Erdos9796Proof/P97/N9Endpoint/N4e.lean:2449:0: Please, add a comment explaining the need for modifying the maxHeartbeat limit, as in
set_option maxHeartbeats 2000000 in
-- reason for change
...

Note: This linter can be disabled with `set_option linter.style.maxHeartbeats false`
warning: Erdos9796Proof/P97/N9Endpoint/N4e.lean:2990:4: try 'simp' instead of 'simpa'

Note: This linter can be disabled with `set_option linter.unnecessarySimpa false`
warning: Erdos9796Proof/P97/N9Endpoint/N4e.lean:2992:4: try 'simp' instead of 'simpa'

Note: This linter can be disabled with `set_option linter.unnecessarySimpa false`
warning: Erdos9796Proof/P97/N9Endpoint/N4e.lean:3011:4: try 'simp' instead of 'simpa'

Note: This linter can be disabled with `set_option linter.unnecessarySimpa false`
warning: Erdos9796Proof/P97/N9Endpoint/N4e.lean:3056:8: try 'simp' instead of 'simpa'

Note: This linter can be disabled with `set_option linter.unnecessarySimpa false`
warning: Erdos9796Proof/P97/N9Endpoint/N4e.lean:3060:4: try 'simp' instead of 'simpa'

Note: This linter can be disabled with `set_option linter.unnecessarySimpa false`
warning: Erdos9796Proof/P97/N9Endpoint/N4e.lean:2881:0: Please, add a comment explaining the need for modifying the maxHeartbeat limit, as in
set_option maxHeartbeats 4000000 in
-- reason for change
...

Note: This linter can be disabled with `set_option linter.style.maxHeartbeats false`
warning: Erdos9796Proof/P97/N9Endpoint/N4e.lean:3239:8: Used `tac1 <;> tac2` where `(tac1; tac2)` would suffice

Note: This linter can be disabled with `set_option linter.unnecessarySeqFocus false`
warning: Erdos9796Proof/P97/N9Endpoint/N4e.lean:3253:78: This simp argument is unused:
  Pi.add_apply

Hint: Omit it from the simp argument list.
  simp [halfShift, F, c, Problem97.CGN.vec2, EuclideanSpace.single_apply,̵ ̵P̵i̵.̵a̵d̵d̵_̵a̵p̵p̵l̵y̵]

Note: This linter can be disabled with `set_option linter.unusedSimpArgs false`
warning: Erdos9796Proof/P97/N9Endpoint/N4e.lean:3252:10: Used `tac1 <;> tac2` where `(tac1; tac2)` would suffice

Note: This linter can be disabled with `set_option linter.unnecessarySeqFocus false`
warning: Erdos9796Proof/P97/N9Endpoint/N4e.lean:3262:12: Used `tac1 <;> tac2` where `(tac1; tac2)` would suffice

Note: This linter can be disabled with `set_option linter.unnecessarySeqFocus false`
warning: Erdos9796Proof/P97/N9Endpoint/N4e.lean:3306:8: Used `tac1 <;> tac2` where `(tac1; tac2)` would suffice

Note: This linter can be disabled with `set_option linter.unnecessarySeqFocus false`
warning: Erdos9796Proof/P97/N9Endpoint/N4e.lean:3356:4: try 'simp' instead of 'simpa'

Note: This linter can be disabled with `set_option linter.unnecessarySimpa false`
warning: Erdos9796Proof/P97/N9Endpoint/N4e.lean:3319:14: Used `tac1 <;> tac2` where `(tac1; tac2)` would suffice

Note: This linter can be disabled with `set_option linter.unnecessarySeqFocus false`
warning: Erdos9796Proof/P97/N9Endpoint/N4e.lean:3324:14: Used `tac1 <;> tac2` where `(tac1; tac2)` would suffice

Note: This linter can be disabled with `set_option linter.unnecessarySeqFocus false`
warning: Erdos9796Proof/P97/N9Endpoint/N4e.lean:3329:10: Used `tac1 <;> tac2` where `(tac1; tac2)` would suffice

Note: This linter can be disabled with `set_option linter.unnecessarySeqFocus false`
warning: Erdos9796Proof/P97/N9Endpoint/N4e.lean:3402:10: try 'simp' instead of 'simpa'

Note: This linter can be disabled with `set_option linter.unnecessarySimpa false`
warning: Erdos9796Proof/P97/N9Endpoint/N4e.lean:3406:10: try 'simp' instead of 'simpa'

Note: This linter can be disabled with `set_option linter.unnecessarySimpa false`
warning: Erdos9796Proof/P97/N9Endpoint/N4e.lean:3411:8: try 'simp' instead of 'simpa'

Note: This linter can be disabled with `set_option linter.unnecessarySimpa false`
warning: Erdos9796Proof/P97/N9Endpoint/N4e.lean:3414:8: try 'simp' instead of 'simpa'

Note: This linter can be disabled with `set_option linter.unnecessarySimpa false`
warning: Erdos9796Proof/P97/N9Endpoint/N4e.lean:3375:12: unused variable `tau0`

Note: This linter can be disabled with `set_option linter.unusedVariables false`
warning: Erdos9796Proof/P97/N9Endpoint/N4e.lean:3404:14: this tactic is never executed

Note: This linter can be disabled with `set_option linter.unreachableTactic false`
warning: Erdos9796Proof/P97/N9Endpoint/N4e.lean:3408:14: this tactic is never executed

Note: This linter can be disabled with `set_option linter.unreachableTactic false`
warning: Erdos9796Proof/P97/N9Endpoint/N4e.lean:3466:10: Used `tac1 <;> tac2` where `(tac1; tac2)` would suffice

Note: This linter can be disabled with `set_option linter.unnecessarySeqFocus false`
warning: Erdos9796Proof/P97/N9Endpoint/N4e.lean:3484:10: Used `tac1 <;> tac2` where `(tac1; tac2)` would suffice

Note: This linter can be disabled with `set_option linter.unnecessarySeqFocus false`
warning: Erdos9796Proof/P97/N9Endpoint/N4e.lean:3449:12: 'simp [A2] at hxA' is a flexible tactic modifying 'hxA'. Try 'simp?' and use the suggested 'simp only [...]'. Alternatively, use `suffices` to explicitly state the simplified form.

Note: This linter can be disabled with `set_option linter.flexible false`
info: Erdos9796Proof/P97/N9Endpoint/N4e.lean:3450:12: 'rcases hxA with rfl | rfl' uses 'hxA'!
warning: Erdos9796Proof/P97/N9Endpoint/N4e.lean:3404:14: 'simpa [div_eq_mul_inv, mul_comm, mul_left_comm, mul_assoc] using
  (dist_midpoint_left (𝕜 := ℝ) q1 q2)' tactic does nothing

Note: This linter can be disabled with `set_option linter.unusedTactic false`
warning: Erdos9796Proof/P97/N9Endpoint/N4e.lean:3408:14: 'simpa [div_eq_mul_inv, mul_comm, mul_left_comm, mul_assoc] using
  (dist_midpoint_right (𝕜 := ℝ) q1 q2)' tactic does nothing

Note: This linter can be disabled with `set_option linter.unusedTactic false`
warning: Erdos9796Proof/P97/N9Endpoint/N4e.lean:3523:89: This simp argument is unused:
  q3

Hint: Omit it from the simp argument list.
  simp [a,̵ ̵q̵3̵]

Note: This linter can be disabled with `set_option linter.unusedSimpArgs false`
warning: Erdos9796Proof/P97/N9Endpoint/N4e.lean:3676:64: try 'simp' instead of 'simpa'

Note: This linter can be disabled with `set_option linter.unnecessarySimpa false`
warning: Erdos9796Proof/P97/N9Endpoint/N4e.lean:3713:65: try 'simp' instead of 'simpa'

Note: This linter can be disabled with `set_option linter.unnecessarySimpa false`
warning: Erdos9796Proof/P97/N9Endpoint/N4e.lean:3788:64: try 'simp' instead of 'simpa'

Note: This linter can be disabled with `set_option linter.unnecessarySimpa false`
warning: Erdos9796Proof/P97/N9Endpoint/N4e.lean:3823:65: try 'simp' instead of 'simpa'

Note: This linter can be disabled with `set_option linter.unnecessarySimpa false`
warning: Erdos9796Proof/P97/N9Endpoint/N4e.lean:3743:14: unused variable `h`

Note: This linter can be disabled with `set_option linter.unusedVariables false`
warning: Erdos9796Proof/P97/N9Endpoint/N4e.lean:3866:16: Used `tac1 <;> tac2` where `(tac1; tac2)` would suffice

Note: This linter can be disabled with `set_option linter.unnecessarySeqFocus false`
warning: Erdos9796Proof/P97/N9Endpoint/N4e.lean:3883:16: Used `tac1 <;> tac2` where `(tac1; tac2)` would suffice

Note: This linter can be disabled with `set_option linter.unnecessarySeqFocus false`
warning: Erdos9796Proof/P97/N9Endpoint/N4e.lean:3921:8: Used `tac1 <;> tac2` where `(tac1; tac2)` would suffice

Note: This linter can be disabled with `set_option linter.unnecessarySeqFocus false`
warning: Erdos9796Proof/P97/N9Endpoint/N4e.lean:4057:8: Used `tac1 <;> tac2` where `(tac1; tac2)` would suffice

Note: This linter can be disabled with `set_option linter.unnecessarySeqFocus false`
warning: Erdos9796Proof/P97/N9Endpoint/N4e.lean:4183:92: This simp argument is unused:
  q3

Hint: Omit it from the simp argument list.
  simp [a,̵ ̵q̵3̵]

Note: This linter can be disabled with `set_option linter.unusedSimpArgs false`
warning: Erdos9796Proof/P97/N9Endpoint/N4e.lean:4223:12: Used `tac1 <;> tac2` where `(tac1; tac2)` would suffice

Note: This linter can be disabled with `set_option linter.unnecessarySeqFocus false`
warning: Erdos9796Proof/P97/N9Endpoint/N4e.lean:4228:12: Used `tac1 <;> tac2` where `(tac1; tac2)` would suffice

Note: This linter can be disabled with `set_option linter.unnecessarySeqFocus false`
warning: Erdos9796Proof/P97/N9Endpoint/N4e.lean:4233:12: Used `tac1 <;> tac2` where `(tac1; tac2)` would suffice

Note: This linter can be disabled with `set_option linter.unnecessarySeqFocus false`
warning: Erdos9796Proof/P97/N9Endpoint/N4e.lean:4255:14: Used `tac1 <;> tac2` where `(tac1; tac2)` would suffice

Note: This linter can be disabled with `set_option linter.unnecessarySeqFocus false`
warning: Erdos9796Proof/P97/N9Endpoint/N4e.lean:4302:16: Used `tac1 <;> tac2` where `(tac1; tac2)` would suffice

Note: This linter can be disabled with `set_option linter.unnecessarySeqFocus false`
warning: Erdos9796Proof/P97/N9Endpoint/N4e.lean:4324:12: Used `tac1 <;> tac2` where `(tac1; tac2)` would suffice

Note: This linter can be disabled with `set_option linter.unnecessarySeqFocus false`
warning: Erdos9796Proof/P97/N9Endpoint/N4e.lean:4329:12: Used `tac1 <;> tac2` where `(tac1; tac2)` would suffice

Note: This linter can be disabled with `set_option linter.unnecessarySeqFocus false`
warning: Erdos9796Proof/P97/N9Endpoint/N4e.lean:4068:0: Please, add a comment explaining the need for modifying the maxHeartbeat limit, as in
set_option maxHeartbeats 8000000 in
-- reason for change
...

Note: This linter can be disabled with `set_option linter.style.maxHeartbeats false`
warning: Erdos9796Proof/P97/N9Endpoint/N4e.lean:4412:4: unused variable `h2`

Note: This linter can be disabled with `set_option linter.unusedVariables false`
warning: Erdos9796Proof/P97/N9Endpoint/N4e.lean:4517:65: try 'simp' instead of 'simpa'

Note: This linter can be disabled with `set_option linter.unnecessarySimpa false`
warning: Erdos9796Proof/P97/N9Endpoint/N4e.lean:4531:68: try 'simp' instead of 'simpa'

Note: This linter can be disabled with `set_option linter.unnecessarySimpa false`
warning: Erdos9796Proof/P97/N9Endpoint/N4e.lean:4558:67: try 'simp' instead of 'simpa'

Note: This linter can be disabled with `set_option linter.unnecessarySimpa false`
warning: Erdos9796Proof/P97/N9Endpoint/N4e.lean:4636:64: try 'simp' instead of 'simpa'

Note: This linter can be disabled with `set_option linter.unnecessarySimpa false`
warning: Erdos9796Proof/P97/N9Endpoint/N4e.lean:4671:65: try 'simp' instead of 'simpa'

Note: This linter can be disabled with `set_option linter.unnecessarySimpa false`
warning: Erdos9796Proof/P97/N9Endpoint/N4e.lean:4775:65: try 'simp' instead of 'simpa'

Note: This linter can be disabled with `set_option linter.unnecessarySimpa false`
warning: Erdos9796Proof/P97/N9Endpoint/N4e.lean:4789:68: try 'simp' instead of 'simpa'

Note: This linter can be disabled with `set_option linter.unnecessarySimpa false`
warning: Erdos9796Proof/P97/N9Endpoint/N4e.lean:4816:67: try 'simp' instead of 'simpa'

Note: This linter can be disabled with `set_option linter.unnecessarySimpa false`
warning: Erdos9796Proof/P97/N9Endpoint/N4e.lean:4896:63: try 'simp' instead of 'simpa'

Note: This linter can be disabled with `set_option linter.unnecessarySimpa false`
warning: Erdos9796Proof/P97/N9Endpoint/N4e.lean:4924:64: try 'simp' instead of 'simpa'

Note: This linter can be disabled with `set_option linter.unnecessarySimpa false`
warning: Erdos9796Proof/P97/N9Endpoint/N4e.lean:5018:12: Used `tac1 <;> tac2` where `(tac1; tac2)` would suffice

Note: This linter can be disabled with `set_option linter.unnecessarySeqFocus false`
warning: Erdos9796Proof/P97/N9Endpoint/N4e.lean:5022:12: Used `tac1 <;> tac2` where `(tac1; tac2)` would suffice

Note: This linter can be disabled with `set_option linter.unnecessarySeqFocus false`
warning: Erdos9796Proof/P97/N9Endpoint/N4e.lean:5151:12: Used `tac1 <;> tac2` where `(tac1; tac2)` would suffice

Note: This linter can be disabled with `set_option linter.unnecessarySeqFocus false`
warning: Erdos9796Proof/P97/N9Endpoint/N4e.lean:5155:12: Used `tac1 <;> tac2` where `(tac1; tac2)` would suffice

Note: This linter can be disabled with `set_option linter.unnecessarySeqFocus false`
warning: Erdos9796Proof/P97/N9Endpoint/N4e.lean:5387:48: This simp argument is unused:
  EuclideanSpace.single_apply

Hint: Omit it from the simp argument list.
  simp only [halfShift, Problem97.CGN.vec2,̵ ̵E̵u̵c̵l̵i̵d̵e̵a̵n̵S̵p̵a̵c̵e̵.̵s̵i̵n̵g̵l̵e̵_̵a̵p̵p̵l̵y̵]

Note: This linter can be disabled with `set_option linter.unusedSimpArgs false`
warning: Erdos9796Proof/P97/N9Endpoint/N4e.lean:5458:48: This simp argument is unused:
  EuclideanSpace.single_apply

Hint: Omit it from the simp argument list.
  simp only [halfShift, Problem97.CGN.vec2,̵ ̵E̵u̵c̵l̵i̵d̵e̵a̵n̵S̵p̵a̵c̵e̵.̵s̵i̵n̵g̵l̵e̵_̵a̵p̵p̵l̵y̵]

Note: This linter can be disabled with `set_option linter.unusedSimpArgs false`
warning: Erdos9796Proof/P97/N9Endpoint/N4e.lean:5659:44: This simp argument is unused:
  EuclideanSpace.single_apply

Hint: Omit it from the simp argument list.
  simp only [flipY, Problem97.CGN.vec2,̵ ̵E̵u̵c̵l̵i̵d̵e̵a̵n̵S̵p̵a̵c̵e̵.̵s̵i̵n̵g̵l̵e̵_̵a̵p̵p̵l̵y̵]

Note: This linter can be disabled with `set_option linter.unusedSimpArgs false`
warning: Erdos9796Proof/P97/N9Endpoint/N4e.lean:5378:12: Used `tac1 <;> tac2` where `(tac1; tac2)` would suffice

Note: This linter can be disabled with `set_option linter.unnecessarySeqFocus false`
warning: Erdos9796Proof/P97/N9Endpoint/N4e.lean:5382:12: Used `tac1 <;> tac2` where `(tac1; tac2)` would suffice

Note: This linter can be disabled with `set_option linter.unnecessarySeqFocus false`
warning: Erdos9796Proof/P97/N9Endpoint/N4e.lean:5517:16: Used `tac1 <;> tac2` where `(tac1; tac2)` would suffice

Note: This linter can be disabled with `set_option linter.unnecessarySeqFocus false`
warning: Erdos9796Proof/P97/N9Endpoint/N4e.lean:5546:16: Used `tac1 <;> tac2` where `(tac1; tac2)` would suffice

Note: This linter can be disabled with `set_option linter.unnecessarySeqFocus false`
warning: Erdos9796Proof/P97/N9Endpoint/N4e.lean:5639:12: Used `tac1 <;> tac2` where `(tac1; tac2)` would suffice

Note: This linter can be disabled with `set_option linter.unnecessarySeqFocus false`
warning: Erdos9796Proof/P97/N9Endpoint/N4e.lean:5651:12: Used `tac1 <;> tac2` where `(tac1; tac2)` would suffice

Note: This linter can be disabled with `set_option linter.unnecessarySeqFocus false`
warning: Erdos9796Proof/P97/N9Endpoint/N4e.lean:5655:12: Used `tac1 <;> tac2` where `(tac1; tac2)` would suffice

Note: This linter can be disabled with `set_option linter.unnecessarySeqFocus false`
warning: Erdos9796Proof/P97/N9Endpoint/N4e.lean:5716:17: unused variable `hr`

Note: This linter can be disabled with `set_option linter.unusedVariables false`
warning: Erdos9796Proof/P97/N9Endpoint/N4e.lean:5717:37: unused variable `hsinθ`

Note: This linter can be disabled with `set_option linter.unusedVariables false`
warning: Erdos9796Proof/P97/N9Endpoint/N4e.lean:5812:12: Used `tac1 <;> tac2` where `(tac1; tac2)` would suffice

Note: This linter can be disabled with `set_option linter.unnecessarySeqFocus false`
warning: Erdos9796Proof/P97/N9Endpoint/N4e.lean:6014:48: This simp argument is unused:
  EuclideanSpace.single_apply

Hint: Omit it from the simp argument list.
  simp only [halfShift, Problem97.CGN.vec2,̵ ̵E̵u̵c̵l̵i̵d̵e̵a̵n̵S̵p̵a̵c̵e̵.̵s̵i̵n̵g̵l̵e̵_̵a̵p̵p̵l̵y̵]

Note: This linter can be disabled with `set_option linter.unusedSimpArgs false`
warning: Erdos9796Proof/P97/N9Endpoint/N4e.lean:6086:48: This simp argument is unused:
  EuclideanSpace.single_apply

Hint: Omit it from the simp argument list.
  simp only [halfShift, Problem97.CGN.vec2,̵ ̵E̵u̵c̵l̵i̵d̵e̵a̵n̵S̵p̵a̵c̵e̵.̵s̵i̵n̵g̵l̵e̵_̵a̵p̵p̵l̵y̵]

Note: This linter can be disabled with `set_option linter.unusedSimpArgs false`
warning: Erdos9796Proof/P97/N9Endpoint/N4e.lean:6118:48: This simp argument is unused:
  EuclideanSpace.single_apply

Hint: Omit it from the simp argument list.
  simp only [halfShift, Problem97.CGN.vec2,̵ ̵E̵u̵c̵l̵i̵d̵e̵a̵n̵S̵p̵a̵c̵e̵.̵s̵i̵n̵g̵l̵e̵_̵a̵p̵p̵l̵y̵]

Note: This linter can be disabled with `set_option linter.unusedSimpArgs false`
warning: Erdos9796Proof/P97/N9Endpoint/N4e.lean:6296:44: This simp argument is unused:
  EuclideanSpace.single_apply

Hint: Omit it from the simp argument list.
  simp only [flipY, Problem97.CGN.vec2,̵ ̵E̵u̵c̵l̵i̵d̵e̵a̵n̵S̵p̵a̵c̵e̵.̵s̵i̵n̵g̵l̵e̵_̵a̵p̵p̵l̵y̵]

Note: This linter can be disabled with `set_option linter.unusedSimpArgs false`
warning: Erdos9796Proof/P97/N9Endpoint/N4e.lean:6005:12: Used `tac1 <;> tac2` where `(tac1; tac2)` would suffice

Note: This linter can be disabled with `set_option linter.unnecessarySeqFocus false`
warning: Erdos9796Proof/P97/N9Endpoint/N4e.lean:6009:12: Used `tac1 <;> tac2` where `(tac1; tac2)` would suffice

Note: This linter can be disabled with `set_option linter.unnecessarySeqFocus false`
warning: Erdos9796Proof/P97/N9Endpoint/N4e.lean:6178:14: Used `tac1 <;> tac2` where `(tac1; tac2)` would suffice

Note: This linter can be disabled with `set_option linter.unnecessarySeqFocus false`
warning: Erdos9796Proof/P97/N9Endpoint/N4e.lean:6288:12: Used `tac1 <;> tac2` where `(tac1; tac2)` would suffice

Note: This linter can be disabled with `set_option linter.unnecessarySeqFocus false`
warning: Erdos9796Proof/P97/N9Endpoint/N4e.lean:6292:12: Used `tac1 <;> tac2` where `(tac1; tac2)` would suffice

Note: This linter can be disabled with `set_option linter.unnecessarySeqFocus false`
warning: Erdos9796Proof/P97/N9Endpoint/N4e.lean:6615:5: unused variable `r`

Note: This linter can be disabled with `set_option linter.unusedVariables false`
warning: Erdos9796Proof/P97/N9Endpoint/N4e.lean:6701:0: Please, add a comment explaining the need for modifying the maxHeartbeat limit, as in
set_option maxHeartbeats 800000 in
-- reason for change
...

Note: This linter can be disabled with `set_option linter.style.maxHeartbeats false`
warning: Erdos9796Proof/P97/N9Endpoint/N4e.lean:6713:0: Please, add a comment explaining the need for modifying the maxHeartbeat limit, as in
set_option maxHeartbeats 800000 in
-- reason for change
...

Note: This linter can be disabled with `set_option linter.style.maxHeartbeats false`
warning: Erdos9796Proof/P97/N9Endpoint/N4e.lean:6725:0: Please, add a comment explaining the need for modifying the maxHeartbeat limit, as in
set_option maxHeartbeats 800000 in
-- reason for change
...

Note: This linter can be disabled with `set_option linter.style.maxHeartbeats false`
warning: Erdos9796Proof/P97/N9Endpoint/N4e.lean:6870:48: This simp argument is unused:
  EuclideanSpace.single_apply

Hint: Omit it from the simp argument list.
  simp only [halfShift, Problem97.CGN.vec2,̵ ̵E̵u̵c̵l̵i̵d̵e̵a̵n̵S̵p̵a̵c̵e̵.̵s̵i̵n̵g̵l̵e̵_̵a̵p̵p̵l̵y̵]

Note: This linter can be disabled with `set_option linter.unusedSimpArgs false`
warning: Erdos9796Proof/P97/N9Endpoint/N4e.lean:6956:48: This simp argument is unused:
  EuclideanSpace.single_apply

Hint: Omit it from the simp argument list.
  simp only [halfShift, Problem97.CGN.vec2,̵ ̵E̵u̵c̵l̵i̵d̵e̵a̵n̵S̵p̵a̵c̵e̵.̵s̵i̵n̵g̵l̵e̵_̵a̵p̵p̵l̵y̵]

Note: This linter can be disabled with `set_option linter.unusedSimpArgs false`
warning: Erdos9796Proof/P97/N9Endpoint/N4e.lean:6990:48: This simp argument is unused:
  EuclideanSpace.single_apply

Hint: Omit it from the simp argument list.
  simp only [halfShift, Problem97.CGN.vec2,̵ ̵E̵u̵c̵l̵i̵d̵e̵a̵n̵S̵p̵a̵c̵e̵.̵s̵i̵n̵g̵l̵e̵_̵a̵p̵p̵l̵y̵]

Note: This linter can be disabled with `set_option linter.unusedSimpArgs false`
warning: Erdos9796Proof/P97/N9Endpoint/N4e.lean:7257:44: This simp argument is unused:
  EuclideanSpace.single_apply

Hint: Omit it from the simp argument list.
  simp only [flipY, Problem97.CGN.vec2,̵ ̵E̵u̵c̵l̵i̵d̵e̵a̵n̵S̵p̵a̵c̵e̵.̵s̵i̵n̵g̵l̵e̵_̵a̵p̵p̵l̵y̵]

Note: This linter can be disabled with `set_option linter.unusedSimpArgs false`
warning: Erdos9796Proof/P97/N9Endpoint/N4e.lean:6862:12: Used `tac1 <;> tac2` where `(tac1; tac2)` would suffice

Note: This linter can be disabled with `set_option linter.unnecessarySeqFocus false`
warning: Erdos9796Proof/P97/N9Endpoint/N4e.lean:6866:12: Used `tac1 <;> tac2` where `(tac1; tac2)` would suffice

Note: This linter can be disabled with `set_option linter.unnecessarySeqFocus false`
warning: Erdos9796Proof/P97/N9Endpoint/N4e.lean:7088:14: Used `tac1 <;> tac2` where `(tac1; tac2)` would suffice

Note: This linter can be disabled with `set_option linter.unnecessarySeqFocus false`
warning: Erdos9796Proof/P97/N9Endpoint/N4e.lean:7249:12: Used `tac1 <;> tac2` where `(tac1; tac2)` would suffice

Note: This linter can be disabled with `set_option linter.unnecessarySeqFocus false`
warning: Erdos9796Proof/P97/N9Endpoint/N4e.lean:7253:12: Used `tac1 <;> tac2` where `(tac1; tac2)` would suffice

Note: This linter can be disabled with `set_option linter.unnecessarySeqFocus false`
warning: Erdos9796Proof/P97/N9Endpoint/N4e.lean:7148:6: The `show` tactic should only be used to indicate intermediate goal states for readability.
However, this tactic invocation changed the goal. Please use `change` instead for these purposes.

Note: This linter can be disabled with `set_option linter.style.show false`
warning: Erdos9796Proof/P97/N9Endpoint/N4e.lean:7277:5: unused variable `hsmall`

Note: This linter can be disabled with `set_option linter.unusedVariables false`
warning: Erdos9796Proof/P97/N9Endpoint/N4e.lean:7279:5: unused variable `hAEgt`

Note: This linter can be disabled with `set_option linter.unusedVariables false`
warning: Erdos9796Proof/P97/N9Endpoint/N4e.lean:7343:48: This simp argument is unused:
  EuclideanSpace.single_apply

Hint: Omit it from the simp argument list.
  simp only [halfShift, Problem97.CGN.vec2,̵ ̵E̵u̵c̵l̵i̵d̵e̵a̵n̵S̵p̵a̵c̵e̵.̵s̵i̵n̵g̵l̵e̵_̵a̵p̵p̵l̵y̵]

Note: This linter can be disabled with `set_option linter.unusedSimpArgs false`
warning: Erdos9796Proof/P97/N9Endpoint/N4e.lean:7429:48: This simp argument is unused:
  EuclideanSpace.single_apply

Hint: Omit it from the simp argument list.
  simp only [halfShift, Problem97.CGN.vec2,̵ ̵E̵u̵c̵l̵i̵d̵e̵a̵n̵S̵p̵a̵c̵e̵.̵s̵i̵n̵g̵l̵e̵_̵a̵p̵p̵l̵y̵]

Note: This linter can be disabled with `set_option linter.unusedSimpArgs false`
warning: Erdos9796Proof/P97/N9Endpoint/N4e.lean:7463:48: This simp argument is unused:
  EuclideanSpace.single_apply

Hint: Omit it from the simp argument list.
  simp only [halfShift, Problem97.CGN.vec2,̵ ̵E̵u̵c̵l̵i̵d̵e̵a̵n̵S̵p̵a̵c̵e̵.̵s̵i̵n̵g̵l̵e̵_̵a̵p̵p̵l̵y̵]

Note: This linter can be disabled with `set_option linter.unusedSimpArgs false`
warning: Erdos9796Proof/P97/N9Endpoint/N4e.lean:7745:44: This simp argument is unused:
  EuclideanSpace.single_apply

Hint: Omit it from the simp argument list.
  simp only [flipY, Problem97.CGN.vec2,̵ ̵E̵u̵c̵l̵i̵d̵e̵a̵n̵S̵p̵a̵c̵e̵.̵s̵i̵n̵g̵l̵e̵_̵a̵p̵p̵l̵y̵]

Note: This linter can be disabled with `set_option linter.unusedSimpArgs false`
warning: Erdos9796Proof/P97/N9Endpoint/N4e.lean:7335:12: Used `tac1 <;> tac2` where `(tac1; tac2)` would suffice

Note: This linter can be disabled with `set_option linter.unnecessarySeqFocus false`
warning: Erdos9796Proof/P97/N9Endpoint/N4e.lean:7339:12: Used `tac1 <;> tac2` where `(tac1; tac2)` would suffice

Note: This linter can be disabled with `set_option linter.unnecessarySeqFocus false`
warning: Erdos9796Proof/P97/N9Endpoint/N4e.lean:7608:14: Used `tac1 <;> tac2` where `(tac1; tac2)` would suffice

Note: This linter can be disabled with `set_option linter.unnecessarySeqFocus false`
warning: Erdos9796Proof/P97/N9Endpoint/N4e.lean:7737:12: Used `tac1 <;> tac2` where `(tac1; tac2)` would suffice

Note: This linter can be disabled with `set_option linter.unnecessarySeqFocus false`
warning: Erdos9796Proof/P97/N9Endpoint/N4e.lean:7741:12: Used `tac1 <;> tac2` where `(tac1; tac2)` would suffice

Note: This linter can be disabled with `set_option linter.unnecessarySeqFocus false`
warning: Erdos9796Proof/P97/N9Endpoint/N4e.lean:7264:0: Please, add a comment explaining the need for modifying the maxHeartbeat limit, as in
set_option maxHeartbeats 8000000 in
-- reason for change
...

Note: This linter can be disabled with `set_option linter.style.maxHeartbeats false`
warning: Erdos9796Proof/P97/N9Endpoint/N4e.lean:7643:6: The `show` tactic should only be used to indicate intermediate goal states for readability.
However, this tactic invocation changed the goal. Please use `change` instead for these purposes.

Note: This linter can be disabled with `set_option linter.style.show false`
warning: Erdos9796Proof/P97/N9Endpoint/N4e.lean:7884:6: try 'simp' instead of 'simpa'

Note: This linter can be disabled with `set_option linter.unnecessarySimpa false`
warning: Erdos9796Proof/P97/N9Endpoint/N4e.lean:7889:6: try 'simp' instead of 'simpa'

Note: This linter can be disabled with `set_option linter.unnecessarySimpa false`
warning: Erdos9796Proof/P97/N9Endpoint/N4e.lean:7893:10: try 'simp' instead of 'simpa'

Note: This linter can be disabled with `set_option linter.unnecessarySimpa false`
warning: Erdos9796Proof/P97/N9Endpoint/N4e.lean:7900:6: try 'simp' instead of 'simpa'

Note: This linter can be disabled with `set_option linter.unnecessarySimpa false`
warning: Erdos9796Proof/P97/N9Endpoint/N4e.lean:8036:8: try 'simp' instead of 'simpa'

Note: This linter can be disabled with `set_option linter.unnecessarySimpa false`
warning: Erdos9796Proof/P97/N9Endpoint/N4e.lean:8039:8: try 'simp' instead of 'simpa'

Note: This linter can be disabled with `set_option linter.unnecessarySimpa false`
warning: Erdos9796Proof/P97/N9Endpoint/N4e.lean:8059:43: try 'simp' instead of 'simpa'

Note: This linter can be disabled with `set_option linter.unnecessarySimpa false`
warning: Erdos9796Proof/P97/N9Endpoint/N4e.lean:8060:45: try 'simp' instead of 'simpa'

Note: This linter can be disabled with `set_option linter.unnecessarySimpa false`
warning: Erdos9796Proof/P97/N9Endpoint/N4e.lean:8137:43: try 'simp' instead of 'simpa'

Note: This linter can be disabled with `set_option linter.unnecessarySimpa false`
warning: Erdos9796Proof/P97/N9Endpoint/N4e.lean:8138:45: try 'simp' instead of 'simpa'

Note: This linter can be disabled with `set_option linter.unnecessarySimpa false`
warning: Erdos9796Proof/P97/N9Endpoint/N4e.lean:7809:0: Please, add a comment explaining the need for modifying the maxHeartbeat limit, as in
set_option maxHeartbeats 2000000 in
-- reason for change
...

Note: This linter can be disabled with `set_option linter.style.maxHeartbeats false`
warning: Erdos9796Proof/P97/N9Endpoint/N4e.lean:8296:65: This simp argument is unused:
  S.triangle.v13_ne

Hint: Omit it from the simp argument list.
  simp [ha2_ne_b2, ha2_ne_v1, hb2_ne_v1, ha2_ne_v3, hb2_ne_v3, S̵.̵t̵r̵i̵a̵n̵g̵l̵e̵.̵v̵1̵3̵_̵n̵e̵,̵S.triangle.v13_ne.symm]

Note: This linter can be disabled with `set_option linter.unusedSimpArgs false`
warning: Erdos9796Proof/P97/N9Endpoint/N4e.lean:8288:4: 'simp at hx' is a flexible tactic modifying 'hx'. Try 'simp?' and use the suggested 'simp only [...]'. Alternatively, use `suffices` to explicitly state the simplified form.

Note: This linter can be disabled with `set_option linter.flexible false`
info: Erdos9796Proof/P97/N9Endpoint/N4e.lean:8289:4: 'rcases hx with rfl | rfl | rfl | rfl' uses 'hx'!
warning: Erdos9796Proof/P97/N9Endpoint/N4e.lean:8288:4: 'simp at hx' is a flexible tactic modifying 'hx'. Try 'simp?' and use the suggested 'simp only [...]'. Alternatively, use `suffices` to explicitly state the simplified form.

Note: This linter can be disabled with `set_option linter.flexible false`
info: Erdos9796Proof/P97/N9Endpoint/N4e.lean:8290:6: 'exact ha2T' uses 'hx'!
warning: Erdos9796Proof/P97/N9Endpoint/N4e.lean:8288:4: 'simp at hx' is a flexible tactic modifying 'hx'. Try 'simp?' and use the suggested 'simp only [...]'. Alternatively, use `suffices` to explicitly state the simplified form.

Note: This linter can be disabled with `set_option linter.flexible false`
info: Erdos9796Proof/P97/N9Endpoint/N4e.lean:8291:6: 'exact hb2T' uses 'hx'!
warning: Erdos9796Proof/P97/N9Endpoint/N4e.lean:8288:4: 'simp at hx' is a flexible tactic modifying 'hx'. Try 'simp?' and use the suggested 'simp only [...]'. Alternatively, use `suffices` to explicitly state the simplified form.

Note: This linter can be disabled with `set_option linter.flexible false`
info: Erdos9796Proof/P97/N9Endpoint/N4e.lean:8292:6: 'exact hv3T' uses 'hx'!
warning: Erdos9796Proof/P97/N9Endpoint/N4e.lean:8288:4: 'simp at hx' is a flexible tactic modifying 'hx'. Try 'simp?' and use the suggested 'simp only [...]'. Alternatively, use `suffices` to explicitly state the simplified form.

Note: This linter can be disabled with `set_option linter.flexible false`
info: Erdos9796Proof/P97/N9Endpoint/N4e.lean:8293:6: 'exact hv1T' uses 'hx'!
warning: Erdos9796Proof/P97/N9Endpoint/N4e.lean:8345:2: try 'simp' instead of 'simpa'

Note: This linter can be disabled with `set_option linter.unnecessarySimpa false`
warning: Erdos9796Proof/P97/N9Endpoint/N4e.lean:8370:4: try 'simp' instead of 'simpa'

Note: This linter can be disabled with `set_option linter.unnecessarySimpa false`
warning: Erdos9796Proof/P97/N9Endpoint/N4e.lean:8389:4: try 'simp' instead of 'simpa'

Note: This linter can be disabled with `set_option linter.unnecessarySimpa false`
warning: Erdos9796Proof/P97/N9Endpoint/N4e.lean:8392:4: try 'simp' instead of 'simpa'

Note: This linter can be disabled with `set_option linter.unnecessarySimpa false`
warning: Erdos9796Proof/P97/N9Endpoint/N4e.lean:8466:12: Try `simp at hone` instead of `simpa using hone`

Note: This linter can be disabled with `set_option linter.unnecessarySimpa false`
warning: Erdos9796Proof/P97/N9Endpoint/N4e.lean:8613:12: Try `simp at hone` instead of `simpa using hone`

Note: This linter can be disabled with `set_option linter.unnecessarySimpa false`
warning: Erdos9796Proof/P97/N9Endpoint/N4e.lean:8758:12: Try `simp at hone` instead of `simpa using hone`

Note: This linter can be disabled with `set_option linter.unnecessarySimpa false`
warning: Erdos9796Proof/P97/N9Endpoint/N4e.lean:8924:5: unused variable `classify`

Note: This linter can be disabled with `set_option linter.unusedVariables false`
warning: Erdos9796Proof/P97/N9Endpoint/N4e.lean:8925:13: unused variable `hr`

Note: This linter can be disabled with `set_option linter.unusedVariables false`
warning: Erdos9796Proof/P97/N9Endpoint/N4e.lean:8925:26: unused variable `hcard`

Note: This linter can be disabled with `set_option linter.unusedVariables false`
warning: Erdos9796Proof/P97/N9Endpoint/N4e.lean:8926:7: unused variable `hesc`

Note: This linter can be disabled with `set_option linter.unusedVariables false`
warning: Erdos9796Proof/P97/N9Endpoint/N4e.lean:8931:5: unused variable `classify`

Note: This linter can be disabled with `set_option linter.unusedVariables false`
warning: Erdos9796Proof/P97/N9Endpoint/N4e.lean:8932:13: unused variable `hr`

Note: This linter can be disabled with `set_option linter.unusedVariables false`
warning: Erdos9796Proof/P97/N9Endpoint/N4e.lean:8932:26: unused variable `hcard`

Note: This linter can be disabled with `set_option linter.unusedVariables false`
warning: Erdos9796Proof/P97/N9Endpoint/N4e.lean:8933:7: unused variable `hesc`

Note: This linter can be disabled with `set_option linter.unusedVariables false`
warning: Erdos9796Proof/P97/N9Endpoint/N4e.lean:8938:5: unused variable `classify`

Note: This linter can be disabled with `set_option linter.unusedVariables false`
warning: Erdos9796Proof/P97/N9Endpoint/N4e.lean:8939:13: unused variable `hr`

Note: This linter can be disabled with `set_option linter.unusedVariables false`
warning: Erdos9796Proof/P97/N9Endpoint/N4e.lean:8939:26: unused variable `hcard`

Note: This linter can be disabled with `set_option linter.unusedVariables false`
warning: Erdos9796Proof/P97/N9Endpoint/N4e.lean:8940:7: unused variable `hesc`

Note: This linter can be disabled with `set_option linter.unusedVariables false`
warning: Erdos9796Proof/P97/N9Endpoint/N4e.lean:8945:13: unused variable `hr`

Note: This linter can be disabled with `set_option linter.unusedVariables false`
warning: Erdos9796Proof/P97/N9Endpoint/N4e.lean:8945:26: unused variable `hcard`

Note: This linter can be disabled with `set_option linter.unusedVariables false`
warning: Erdos9796Proof/P97/N9Endpoint/N4e.lean:8946:7: unused variable `hesc`

Note: This linter can be disabled with `set_option linter.unusedVariables false`
warning: Erdos9796Proof/P97/N9Endpoint/N4e.lean:8955:13: unused variable `hr`

Note: This linter can be disabled with `set_option linter.unusedVariables false`
warning: Erdos9796Proof/P97/N9Endpoint/N4e.lean:8955:26: unused variable `hcard`

Note: This linter can be disabled with `set_option linter.unusedVariables false`
warning: Erdos9796Proof/P97/N9Endpoint/N4e.lean:8956:7: unused variable `hesc`

Note: This linter can be disabled with `set_option linter.unusedVariables false`
warning: Erdos9796Proof/P97/N9Endpoint/N4e.lean:8965:13: unused variable `hr`

Note: This linter can be disabled with `set_option linter.unusedVariables false`
warning: Erdos9796Proof/P97/N9Endpoint/N4e.lean:8965:26: unused variable `hcard`

Note: This linter can be disabled with `set_option linter.unusedVariables false`
warning: Erdos9796Proof/P97/N9Endpoint/N4e.lean:8966:7: unused variable `hesc`

Note: This linter can be disabled with `set_option linter.unusedVariables false`
warning: Erdos9796Proof/P97/N9Endpoint/N4e.lean:8975:13: unused variable `hr`

Note: This linter can be disabled with `set_option linter.unusedVariables false`
warning: Erdos9796Proof/P97/N9Endpoint/N4e.lean:8975:26: unused variable `hcard`

Note: This linter can be disabled with `set_option linter.unusedVariables false`
warning: Erdos9796Proof/P97/N9Endpoint/N4e.lean:8976:7: unused variable `hesc`

Note: This linter can be disabled with `set_option linter.unusedVariables false`
warning: Erdos9796Proof/P97/N9Endpoint/N4e.lean:8985:13: unused variable `hr`

Note: This linter can be disabled with `set_option linter.unusedVariables false`
warning: Erdos9796Proof/P97/N9Endpoint/N4e.lean:8985:26: unused variable `hcard`

Note: This linter can be disabled with `set_option linter.unusedVariables false`
warning: Erdos9796Proof/P97/N9Endpoint/N4e.lean:8986:7: unused variable `hesc`

Note: This linter can be disabled with `set_option linter.unusedVariables false`
warning: Erdos9796Proof/P97/N9Endpoint/N4e.lean:8995:13: unused variable `hr`

Note: This linter can be disabled with `set_option linter.unusedVariables false`
warning: Erdos9796Proof/P97/N9Endpoint/N4e.lean:8995:26: unused variable `hcard`

Note: This linter can be disabled with `set_option linter.unusedVariables false`
warning: Erdos9796Proof/P97/N9Endpoint/N4e.lean:8996:7: unused variable `hesc`

Note: This linter can be disabled with `set_option linter.unusedVariables false`
warning: Erdos9796Proof/P97/N9Endpoint/N4e.lean:9005:13: unused variable `hr`

Note: This linter can be disabled with `set_option linter.unusedVariables false`
warning: Erdos9796Proof/P97/N9Endpoint/N4e.lean:9005:26: unused variable `hcard`

Note: This linter can be disabled with `set_option linter.unusedVariables false`
warning: Erdos9796Proof/P97/N9Endpoint/N4e.lean:9006:7: unused variable `hesc`

Note: This linter can be disabled with `set_option linter.unusedVariables false`
warning: Erdos9796Proof/P97/N9Endpoint/N4e.lean:9015:13: unused variable `hr`

Note: This linter can be disabled with `set_option linter.unusedVariables false`
warning: Erdos9796Proof/P97/N9Endpoint/N4e.lean:9015:26: unused variable `hcard`

Note: This linter can be disabled with `set_option linter.unusedVariables false`
warning: Erdos9796Proof/P97/N9Endpoint/N4e.lean:9016:7: unused variable `hesc`

Note: This linter can be disabled with `set_option linter.unusedVariables false`
warning: Erdos9796Proof/P97/N9Endpoint/N4e.lean:9025:13: unused variable `hr`

Note: This linter can be disabled with `set_option linter.unusedVariables false`
warning: Erdos9796Proof/P97/N9Endpoint/N4e.lean:9025:26: unused variable `hcard`

Note: This linter can be disabled with `set_option linter.unusedVariables false`
warning: Erdos9796Proof/P97/N9Endpoint/N4e.lean:9026:7: unused variable `hesc`

Note: This linter can be disabled with `set_option linter.unusedVariables false`
warning: Erdos9796Proof/P97/N9Endpoint/N4e.lean:9097:0: This file has more than one module docstring (`/-! ... -/`). Only the first one is treated as module documentation; convert additional ones to regular comments (`/- ... -/`).

Note: This linter can be disabled with `set_option linter.style.moduleDocstring false`
⚠ [10813/10847] Replayed Erdos9796Proof.P97.N4d.FormAEndpointPairKill
warning: Erdos9796Proof/P97/N4d/FormAEndpointPairKill.lean:269:10: try 'simp' instead of 'simpa'

Note: This linter can be disabled with `set_option linter.unnecessarySimpa false`
warning: Erdos9796Proof/P97/N4d/FormAEndpointPairKill.lean:279:4: try 'simp' instead of 'simpa'

Note: This linter can be disabled with `set_option linter.unnecessarySimpa false`
warning: Erdos9796Proof/P97/N4d/FormAEndpointPairKill.lean:281:4: try 'simp' instead of 'simpa'

Note: This linter can be disabled with `set_option linter.unnecessarySimpa false`
warning: Erdos9796Proof/P97/N4d/FormAEndpointPairKill.lean:283:4: try 'simp' instead of 'simpa'

Note: This linter can be disabled with `set_option linter.unnecessarySimpa false`
warning: Erdos9796Proof/P97/N4d/FormAEndpointPairKill.lean:605:4: try 'simp' instead of 'simpa'

Note: This linter can be disabled with `set_option linter.unnecessarySimpa false`
warning: Erdos9796Proof/P97/N4d/FormAEndpointPairKill.lean:607:4: try 'simp' instead of 'simpa'

Note: This linter can be disabled with `set_option linter.unnecessarySimpa false`
warning: Erdos9796Proof/P97/N4d/FormAEndpointPairKill.lean:624:4: try 'simp' instead of 'simpa'

Note: This linter can be disabled with `set_option linter.unnecessarySimpa false`
warning: Erdos9796Proof/P97/N4d/FormAEndpointPairKill.lean:667:8: try 'simp' instead of 'simpa'

Note: This linter can be disabled with `set_option linter.unnecessarySimpa false`
warning: Erdos9796Proof/P97/N4d/FormAEndpointPairKill.lean:671:4: try 'simp' instead of 'simpa'

Note: This linter can be disabled with `set_option linter.unnecessarySimpa false`
warning: Erdos9796Proof/P97/N4d/FormAEndpointPairKill.lean:508:0: Please, add a comment explaining the need for modifying the maxHeartbeat limit, as in
set_option maxHeartbeats 4000000 in
-- reason for change
...

Note: This linter can be disabled with `set_option linter.style.maxHeartbeats false`
warning: Erdos9796Proof/P97/N4d/FormAEndpointPairKill.lean:1103:5: unused variable `hv2v3`

Note: This linter can be disabled with `set_option linter.unusedVariables false`
warning: Erdos9796Proof/P97/N4d/FormAEndpointPairKill.lean:1104:5: unused variable `hv2x`

Note: This linter can be disabled with `set_option linter.unusedVariables false`
warning: Erdos9796Proof/P97/N4d/FormAEndpointPairKill.lean:1575:4: try 'simp' instead of 'simpa'

Note: This linter can be disabled with `set_option linter.unnecessarySimpa false`
warning: Erdos9796Proof/P97/N4d/FormAEndpointPairKill.lean:1592:4: try 'simp' instead of 'simpa'

Note: This linter can be disabled with `set_option linter.unnecessarySimpa false`
warning: Erdos9796Proof/P97/N4d/FormAEndpointPairKill.lean:1611:8: try 'simp' instead of 'simpa'

Note: This linter can be disabled with `set_option linter.unnecessarySimpa false`
warning: Erdos9796Proof/P97/N4d/FormAEndpointPairKill.lean:1615:4: try 'simp' instead of 'simpa'

Note: This linter can be disabled with `set_option linter.unnecessarySimpa false`
warning: Erdos9796Proof/P97/N4d/FormAEndpointPairKill.lean:1549:5: unused variable `ht`

Note: This linter can be disabled with `set_option linter.unusedVariables false`
warning: Erdos9796Proof/P97/N4d/FormAEndpointPairKill.lean:1504:0: Please, add a comment explaining the need for modifying the maxHeartbeat limit, as in
set_option maxHeartbeats 4000000 in
-- reason for change
...

Note: This linter can be disabled with `set_option linter.style.maxHeartbeats false`
warning: Erdos9796Proof/P97/N4d/FormAEndpointPairKill.lean:1800:0: Please, add a comment explaining the need for modifying the maxHeartbeat limit, as in
set_option maxHeartbeats 1600000 in
-- reason for change
...

Note: This linter can be disabled with `set_option linter.style.maxHeartbeats false`
warning: Erdos9796Proof/P97/N4d/FormAEndpointPairKill.lean:2128:0: Please, add a comment explaining the need for modifying the maxHeartbeat limit, as in
set_option maxHeartbeats 1600000 in
-- reason for change
...

Note: This linter can be disabled with `set_option linter.style.maxHeartbeats false`
warning: Erdos9796Proof/P97/N4d/FormAEndpointPairKill.lean:2279:0: Please, add a comment explaining the need for modifying the maxHeartbeat limit, as in
set_option maxHeartbeats 2000000 in
-- reason for change
...

Note: This linter can be disabled with `set_option linter.style.maxHeartbeats false`
warning: Erdos9796Proof/P97/N4d/FormAEndpointPairKill.lean:2311:0: Please, add a comment explaining the need for modifying the maxHeartbeat limit, as in
set_option maxHeartbeats 2000000 in
-- reason for change
...

Note: This linter can be disabled with `set_option linter.style.maxHeartbeats false`
warning: Erdos9796Proof/P97/N4d/FormAEndpointPairKill.lean:2387:18: unused variable `hr`

Note: This linter can be disabled with `set_option linter.unusedVariables false`
warning: Erdos9796Proof/P97/N4d/FormAEndpointPairKill.lean:2393:39: unused variable `hx_ne_v1`

Note: This linter can be disabled with `set_option linter.unusedVariables false`
warning: Erdos9796Proof/P97/N4d/FormAEndpointPairKill.lean:2376:0: Please, add a comment explaining the need for modifying the maxHeartbeat limit, as in
set_option maxHeartbeats 4000000 in
-- reason for change
...

Note: This linter can be disabled with `set_option linter.style.maxHeartbeats false`
warning: Erdos9796Proof/P97/N4d/FormAEndpointPairKill.lean:2618:49: unused variable `Z`

Note: This linter can be disabled with `set_option linter.unusedVariables false`
warning: Erdos9796Proof/P97/N4d/FormAEndpointPairKill.lean:2621:23: unused variable `hyI3`

Note: This linter can be disabled with `set_option linter.unusedVariables false`
warning: Erdos9796Proof/P97/N4d/FormAEndpointPairKill.lean:2626:39: unused variable `hv1y`

Note: This linter can be disabled with `set_option linter.unusedVariables false`
warning: Erdos9796Proof/P97/N4d/FormAEndpointPairKill.lean:2627:39: unused variable `hv3y`

Note: This linter can be disabled with `set_option linter.unusedVariables false`
warning: Erdos9796Proof/P97/N4d/FormAEndpointPairKill.lean:2568:0: Please, add a comment explaining the need for modifying the maxHeartbeat limit, as in
set_option maxHeartbeats 4000000 in
-- reason for change
...

Note: This linter can be disabled with `set_option linter.style.maxHeartbeats false`
warning: Erdos9796Proof/P97/N4d/FormAEndpointPairKill.lean:3232:0: Please, add a comment explaining the need for modifying the maxHeartbeat limit, as in
set_option maxHeartbeats 1600000 in
-- reason for change
...

Note: This linter can be disabled with `set_option linter.style.maxHeartbeats false`
warning: Erdos9796Proof/P97/N4d/FormAEndpointPairKill.lean:3305:0: Please, add a comment explaining the need for modifying the maxHeartbeat limit, as in
set_option maxHeartbeats 1600000 in
-- reason for change
...

Note: This linter can be disabled with `set_option linter.style.maxHeartbeats false`
warning: Erdos9796Proof/P97/N4d/FormAEndpointPairKill.lean:3472:18: unused variable `hr`

Note: This linter can be disabled with `set_option linter.unusedVariables false`
warning: Erdos9796Proof/P97/N4d/FormAEndpointPairKill.lean:3432:0: Please, add a comment explaining the need for modifying the maxHeartbeat limit, as in
set_option maxHeartbeats 1600000 in
-- reason for change
...

Note: This linter can be disabled with `set_option linter.style.maxHeartbeats false`
warning: Erdos9796Proof/P97/N4d/FormAEndpointPairKill.lean:3558:0: Please, add a comment explaining the need for modifying the maxHeartbeat limit, as in
set_option maxHeartbeats 1600000 in
-- reason for change
...

Note: This linter can be disabled with `set_option linter.style.maxHeartbeats false`
warning: Erdos9796Proof/P97/N4d/FormAEndpointPairKill.lean:3704:23: unused variable `hyI3`

Note: This linter can be disabled with `set_option linter.unusedVariables false`
warning: Erdos9796Proof/P97/N4d/FormAEndpointPairKill.lean:3709:39: unused variable `hv1y`

Note: This linter can be disabled with `set_option linter.unusedVariables false`
warning: Erdos9796Proof/P97/N4d/FormAEndpointPairKill.lean:3710:39: unused variable `hv3y`

Note: This linter can be disabled with `set_option linter.unusedVariables false`
warning: Erdos9796Proof/P97/N4d/FormAEndpointPairKill.lean:3660:0: Please, add a comment explaining the need for modifying the maxHeartbeat limit, as in
set_option maxHeartbeats 4000000 in
-- reason for change
...

Note: This linter can be disabled with `set_option linter.style.maxHeartbeats false`
warning: Erdos9796Proof/P97/N4d/FormAEndpointPairKill.lean:4071:10: Try `simp at hone` instead of `simpa using hone`

Note: This linter can be disabled with `set_option linter.unnecessarySimpa false`
warning: Erdos9796Proof/P97/N4d/FormAEndpointPairKill.lean:4074:10: Try `simp at hone` instead of `simpa using hone`

Note: This linter can be disabled with `set_option linter.unnecessarySimpa false`
⚠ [10814/10847] Replayed Erdos9796Proof.P97.N4d.ExcludesFormAv1
warning: Erdos9796Proof/P97/N4d/ExcludesFormAv1.lean:269:10: try 'simp' instead of 'simpa'

Note: This linter can be disabled with `set_option linter.unnecessarySimpa false`
warning: Erdos9796Proof/P97/N4d/ExcludesFormAv1.lean:279:4: try 'simp' instead of 'simpa'

Note: This linter can be disabled with `set_option linter.unnecessarySimpa false`
warning: Erdos9796Proof/P97/N4d/ExcludesFormAv1.lean:281:4: try 'simp' instead of 'simpa'

Note: This linter can be disabled with `set_option linter.unnecessarySimpa false`
warning: Erdos9796Proof/P97/N4d/ExcludesFormAv1.lean:283:4: try 'simp' instead of 'simpa'

Note: This linter can be disabled with `set_option linter.unnecessarySimpa false`
warning: Erdos9796Proof/P97/N4d/ExcludesFormAv1.lean:544:12: Try `simp at hone` instead of `simpa using hone`

Note: This linter can be disabled with `set_option linter.unnecessarySimpa false`
warning: Erdos9796Proof/P97/N4d/ExcludesFormAv1.lean:547:12: Try `simp at hone` instead of `simpa using hone`

Note: This linter can be disabled with `set_option linter.unnecessarySimpa false`
warning: Erdos9796Proof/P97/N4d/ExcludesFormAv1.lean:615:12: Try `simp at hone` instead of `simpa using hone`

Note: This linter can be disabled with `set_option linter.unnecessarySimpa false`
warning: Erdos9796Proof/P97/N4d/ExcludesFormAv1.lean:618:12: Try `simp at hone` instead of `simpa using hone`

Note: This linter can be disabled with `set_option linter.unnecessarySimpa false`
⚠ [10819/10847] Replayed Erdos9796Proof.P97.A1B2FrameNormalization
warning: Erdos9796Proof/P97/A1B2FrameNormalization.lean:48:0: This file has more than one module docstring (`/-! ... -/`). Only the first one is treated as module documentation; convert additional ones to regular comments (`/- ... -/`).

Note: This linter can be disabled with `set_option linter.style.moduleDocstring false`
warning: Erdos9796Proof/P97/A1B2FrameNormalization.lean:106:8: Used `tac1 <;> tac2` where `(tac1; tac2)` would suffice

Note: This linter can be disabled with `set_option linter.unnecessarySeqFocus false`
warning: Erdos9796Proof/P97/A1B2FrameNormalization.lean:120:78: This simp argument is unused:
  Pi.add_apply

Hint: Omit it from the simp argument list.
  simp [halfShift, F, c, Problem97.CGN.vec2, EuclideanSpace.single_apply,̵ ̵P̵i̵.̵a̵d̵d̵_̵a̵p̵p̵l̵y̵]

Note: This linter can be disabled with `set_option linter.unusedSimpArgs false`
warning: Erdos9796Proof/P97/A1B2FrameNormalization.lean:119:10: Used `tac1 <;> tac2` where `(tac1; tac2)` would suffice

Note: This linter can be disabled with `set_option linter.unnecessarySeqFocus false`
warning: Erdos9796Proof/P97/A1B2FrameNormalization.lean:129:12: Used `tac1 <;> tac2` where `(tac1; tac2)` would suffice

Note: This linter can be disabled with `set_option linter.unnecessarySeqFocus false`
warning: Erdos9796Proof/P97/A1B2FrameNormalization.lean:173:8: Used `tac1 <;> tac2` where `(tac1; tac2)` would suffice

Note: This linter can be disabled with `set_option linter.unnecessarySeqFocus false`
warning: Erdos9796Proof/P97/A1B2FrameNormalization.lean:223:4: try 'simp' instead of 'simpa'

Note: This linter can be disabled with `set_option linter.unnecessarySimpa false`
warning: Erdos9796Proof/P97/A1B2FrameNormalization.lean:186:14: Used `tac1 <;> tac2` where `(tac1; tac2)` would suffice

Note: This linter can be disabled with `set_option linter.unnecessarySeqFocus false`
warning: Erdos9796Proof/P97/A1B2FrameNormalization.lean:191:14: Used `tac1 <;> tac2` where `(tac1; tac2)` would suffice

Note: This linter can be disabled with `set_option linter.unnecessarySeqFocus false`
warning: Erdos9796Proof/P97/A1B2FrameNormalization.lean:196:10: Used `tac1 <;> tac2` where `(tac1; tac2)` would suffice

Note: This linter can be disabled with `set_option linter.unnecessarySeqFocus false`
warning: Erdos9796Proof/P97/A1B2FrameNormalization.lean:269:10: try 'simp' instead of 'simpa'

Note: This linter can be disabled with `set_option linter.unnecessarySimpa false`
warning: Erdos9796Proof/P97/A1B2FrameNormalization.lean:273:10: try 'simp' instead of 'simpa'

Note: This linter can be disabled with `set_option linter.unnecessarySimpa false`
warning: Erdos9796Proof/P97/A1B2FrameNormalization.lean:278:8: try 'simp' instead of 'simpa'

Note: This linter can be disabled with `set_option linter.unnecessarySimpa false`
warning: Erdos9796Proof/P97/A1B2FrameNormalization.lean:282:8: try 'simp' instead of 'simpa'

Note: This linter can be disabled with `set_option linter.unnecessarySimpa false`
warning: Erdos9796Proof/P97/A1B2FrameNormalization.lean:242:12: unused variable `tau0`

Note: This linter can be disabled with `set_option linter.unusedVariables false`
warning: Erdos9796Proof/P97/A1B2FrameNormalization.lean:271:14: this tactic is never executed

Note: This linter can be disabled with `set_option linter.unreachableTactic false`
warning: Erdos9796Proof/P97/A1B2FrameNormalization.lean:275:14: this tactic is never executed

Note: This linter can be disabled with `set_option linter.unreachableTactic false`
warning: Erdos9796Proof/P97/A1B2FrameNormalization.lean:338:10: Used `tac1 <;> tac2` where `(tac1; tac2)` would suffice

Note: This linter can be disabled with `set_option linter.unnecessarySeqFocus false`
warning: Erdos9796Proof/P97/A1B2FrameNormalization.lean:356:10: Used `tac1 <;> tac2` where `(tac1; tac2)` would suffice

Note: This linter can be disabled with `set_option linter.unnecessarySeqFocus false`
warning: Erdos9796Proof/P97/A1B2FrameNormalization.lean:321:12: 'simp [A2] at hxA' is a flexible tactic modifying 'hxA'. Try 'simp?' and use the suggested 'simp only [...]'. Alternatively, use `suffices` to explicitly state the simplified form.

Note: This linter can be disabled with `set_option linter.flexible false`
info: Erdos9796Proof/P97/A1B2FrameNormalization.lean:322:12: 'rcases hxA with rfl | rfl' uses 'hxA'!
warning: Erdos9796Proof/P97/A1B2FrameNormalization.lean:271:14: 'simpa [div_eq_mul_inv, mul_comm, mul_left_comm, mul_assoc] using
  (dist_midpoint_left (𝕜 := ℝ) q1 q2)' tactic does nothing

Note: This linter can be disabled with `set_option linter.unusedTactic false`
warning: Erdos9796Proof/P97/A1B2FrameNormalization.lean:275:14: 'simpa [div_eq_mul_inv, mul_comm, mul_left_comm, mul_assoc] using
  (dist_midpoint_right (𝕜 := ℝ) q1 q2)' tactic does nothing

Note: This linter can be disabled with `set_option linter.unusedTactic false`
warning: Erdos9796Proof/P97/A1B2FrameNormalization.lean:374:0: This file has more than one module docstring (`/-! ... -/`). Only the first one is treated as module documentation; convert additional ones to regular comments (`/- ... -/`).

Note: This linter can be disabled with `set_option linter.style.moduleDocstring false`
warning: Erdos9796Proof/P97/A1B2FrameNormalization.lean:400:0: This file has more than one module docstring (`/-! ... -/`). Only the first one is treated as module documentation; convert additional ones to regular comments (`/- ... -/`).

Note: This linter can be disabled with `set_option linter.style.moduleDocstring false`
warning: Erdos9796Proof/P97/A1B2FrameNormalization.lean:410:19: unused variable `tau`

Note: This linter can be disabled with `set_option linter.unusedVariables false`
warning: Erdos9796Proof/P97/A1B2FrameNormalization.lean:549:76: this tactic is never executed

Note: This linter can be disabled with `set_option linter.unreachableTactic false`
warning: Erdos9796Proof/P97/A1B2FrameNormalization.lean:552:76: this tactic is never executed

Note: This linter can be disabled with `set_option linter.unreachableTactic false`
warning: Erdos9796Proof/P97/A1B2FrameNormalization.lean:548:10: Used `tac1 <;> tac2` where `(tac1; tac2)` would suffice

Note: This linter can be disabled with `set_option linter.unnecessarySeqFocus false`
warning: Erdos9796Proof/P97/A1B2FrameNormalization.lean:551:10: Used `tac1 <;> tac2` where `(tac1; tac2)` would suffice

Note: This linter can be disabled with `set_option linter.unnecessarySeqFocus false`
warning: Erdos9796Proof/P97/A1B2FrameNormalization.lean:567:12: Used `tac1 <;> tac2` where `(tac1; tac2)` would suffice

Note: This linter can be disabled with `set_option linter.unnecessarySeqFocus false`
warning: Erdos9796Proof/P97/A1B2FrameNormalization.lean:570:12: Used `tac1 <;> tac2` where `(tac1; tac2)` would suffice

Note: This linter can be disabled with `set_option linter.unnecessarySeqFocus false`
warning: Erdos9796Proof/P97/A1B2FrameNormalization.lean:549:76: 'norm_num' tactic does nothing

Note: This linter can be disabled with `set_option linter.unusedTactic false`
warning: Erdos9796Proof/P97/A1B2FrameNormalization.lean:552:76: 'norm_num' tactic does nothing

Note: This linter can be disabled with `set_option linter.unusedTactic false`
warning: Erdos9796Proof/P97/A1B2FrameNormalization.lean:557:4: The `show` tactic should only be used to indicate intermediate goal states for readability.
However, this tactic invocation changed the goal. Please use `change` instead for these purposes.

Note: This linter can be disabled with `set_option linter.style.show false`
warning: Erdos9796Proof/P97/A1B2FrameNormalization.lean:560:4: The `show` tactic should only be used to indicate intermediate goal states for readability.
However, this tactic invocation changed the goal. Please use `change` instead for these purposes.

Note: This linter can be disabled with `set_option linter.style.show false`
warning: Erdos9796Proof/P97/A1B2FrameNormalization.lean:579:6: The `show` tactic should only be used to indicate intermediate goal states for readability.
However, this tactic invocation changed the goal. Please use `change` instead for these purposes.

Note: This linter can be disabled with `set_option linter.style.show false`
warning: Erdos9796Proof/P97/A1B2FrameNormalization.lean:582:6: The `show` tactic should only be used to indicate intermediate goal states for readability.
However, this tactic invocation changed the goal. Please use `change` instead for these purposes.

Note: This linter can be disabled with `set_option linter.style.show false`
warning: Erdos9796Proof/P97/A1B2FrameNormalization.lean:587:6: The `show` tactic should only be used to indicate intermediate goal states for readability.
However, this tactic invocation changed the goal. Please use `change` instead for these purposes.

Note: This linter can be disabled with `set_option linter.style.show false`
warning: Erdos9796Proof/P97/A1B2FrameNormalization.lean:605:0: This file has more than one module docstring (`/-! ... -/`). Only the first one is treated as module documentation; convert additional ones to regular comments (`/- ... -/`).

Note: This linter can be disabled with `set_option linter.style.moduleDocstring false`
warning: Erdos9796Proof/P97/A1B2FrameNormalization.lean:607:0: Please, add a comment explaining the need for modifying the maxHeartbeat limit, as in
set_option maxHeartbeats 800000 in
-- reason for change
...

Note: This linter can be disabled with `set_option linter.style.maxHeartbeats false`
warning: Erdos9796Proof/P97/A1B2FrameNormalization.lean:645:0: Please, add a comment explaining the need for modifying the maxHeartbeat limit, as in
set_option maxHeartbeats 800000 in
-- reason for change
...

Note: This linter can be disabled with `set_option linter.style.maxHeartbeats false`
⚠ [10820/10847] Replayed Erdos9796Proof.P97.N4d.FaithfulFrame
warning: Erdos9796Proof/P97/N4d/FaithfulFrame.lean:101:8: Used `tac1 <;> tac2` where `(tac1; tac2)` would suffice

Note: This linter can be disabled with `set_option linter.unnecessarySeqFocus false`
warning: Erdos9796Proof/P97/N4d/FaithfulFrame.lean:115:78: This simp argument is unused:
  Pi.add_apply

Hint: Omit it from the simp argument list.
  simp [halfShift, F, c, Problem97.CGN.vec2, EuclideanSpace.single_apply,̵ ̵P̵i̵.̵a̵d̵d̵_̵a̵p̵p̵l̵y̵]

Note: This linter can be disabled with `set_option linter.unusedSimpArgs false`
warning: Erdos9796Proof/P97/N4d/FaithfulFrame.lean:114:10: Used `tac1 <;> tac2` where `(tac1; tac2)` would suffice

Note: This linter can be disabled with `set_option linter.unnecessarySeqFocus false`
warning: Erdos9796Proof/P97/N4d/FaithfulFrame.lean:124:12: Used `tac1 <;> tac2` where `(tac1; tac2)` would suffice

Note: This linter can be disabled with `set_option linter.unnecessarySeqFocus false`
warning: Erdos9796Proof/P97/N4d/FaithfulFrame.lean:168:8: Used `tac1 <;> tac2` where `(tac1; tac2)` would suffice

Note: This linter can be disabled with `set_option linter.unnecessarySeqFocus false`
warning: Erdos9796Proof/P97/N4d/FaithfulFrame.lean:218:4: try 'simp' instead of 'simpa'

Note: This linter can be disabled with `set_option linter.unnecessarySimpa false`
warning: Erdos9796Proof/P97/N4d/FaithfulFrame.lean:181:14: Used `tac1 <;> tac2` where `(tac1; tac2)` would suffice

Note: This linter can be disabled with `set_option linter.unnecessarySeqFocus false`
warning: Erdos9796Proof/P97/N4d/FaithfulFrame.lean:186:14: Used `tac1 <;> tac2` where `(tac1; tac2)` would suffice

Note: This linter can be disabled with `set_option linter.unnecessarySeqFocus false`
warning: Erdos9796Proof/P97/N4d/FaithfulFrame.lean:191:10: Used `tac1 <;> tac2` where `(tac1; tac2)` would suffice

Note: This linter can be disabled with `set_option linter.unnecessarySeqFocus false`
warning: Erdos9796Proof/P97/N4d/FaithfulFrame.lean:264:10: try 'simp' instead of 'simpa'

Note: This linter can be disabled with `set_option linter.unnecessarySimpa false`
warning: Erdos9796Proof/P97/N4d/FaithfulFrame.lean:268:10: try 'simp' instead of 'simpa'

Note: This linter can be disabled with `set_option linter.unnecessarySimpa false`
warning: Erdos9796Proof/P97/N4d/FaithfulFrame.lean:273:8: try 'simp' instead of 'simpa'

Note: This linter can be disabled with `set_option linter.unnecessarySimpa false`
warning: Erdos9796Proof/P97/N4d/FaithfulFrame.lean:277:8: try 'simp' instead of 'simpa'

Note: This linter can be disabled with `set_option linter.unnecessarySimpa false`
warning: Erdos9796Proof/P97/N4d/FaithfulFrame.lean:237:12: unused variable `tau0`

Note: This linter can be disabled with `set_option linter.unusedVariables false`
warning: Erdos9796Proof/P97/N4d/FaithfulFrame.lean:266:14: this tactic is never executed

Note: This linter can be disabled with `set_option linter.unreachableTactic false`
warning: Erdos9796Proof/P97/N4d/FaithfulFrame.lean:270:14: this tactic is never executed

Note: This linter can be disabled with `set_option linter.unreachableTactic false`
warning: Erdos9796Proof/P97/N4d/FaithfulFrame.lean:333:10: Used `tac1 <;> tac2` where `(tac1; tac2)` would suffice

Note: This linter can be disabled with `set_option linter.unnecessarySeqFocus false`
warning: Erdos9796Proof/P97/N4d/FaithfulFrame.lean:351:10: Used `tac1 <;> tac2` where `(tac1; tac2)` would suffice

Note: This linter can be disabled with `set_option linter.unnecessarySeqFocus false`
warning: Erdos9796Proof/P97/N4d/FaithfulFrame.lean:316:12: 'simp [A2] at hxA' is a flexible tactic modifying 'hxA'. Try 'simp?' and use the suggested 'simp only [...]'. Alternatively, use `suffices` to explicitly state the simplified form.

Note: This linter can be disabled with `set_option linter.flexible false`
info: Erdos9796Proof/P97/N4d/FaithfulFrame.lean:317:12: 'rcases hxA with rfl | rfl' uses 'hxA'!
warning: Erdos9796Proof/P97/N4d/FaithfulFrame.lean:266:14: 'simpa [div_eq_mul_inv, mul_comm, mul_left_comm, mul_assoc] using
  (dist_midpoint_left (𝕜 := ℝ) q1 q2)' tactic does nothing

Note: This linter can be disabled with `set_option linter.unusedTactic false`
warning: Erdos9796Proof/P97/N4d/FaithfulFrame.lean:270:14: 'simpa [div_eq_mul_inv, mul_comm, mul_left_comm, mul_assoc] using
  (dist_midpoint_right (𝕜 := ℝ) q1 q2)' tactic does nothing

Note: This linter can be disabled with `set_option linter.unusedTactic false`
warning: Erdos9796Proof/P97/N4d/FaithfulFrame.lean:466:21: unused variable `tau`

Note: This linter can be disabled with `set_option linter.unusedVariables false`
warning: Erdos9796Proof/P97/N4d/FaithfulFrame.lean:475:76: this tactic is never executed

Note: This linter can be disabled with `set_option linter.unreachableTactic false`
warning: Erdos9796Proof/P97/N4d/FaithfulFrame.lean:478:76: this tactic is never executed

Note: This linter can be disabled with `set_option linter.unreachableTactic false`
warning: Erdos9796Proof/P97/N4d/FaithfulFrame.lean:474:10: Used `tac1 <;> tac2` where `(tac1; tac2)` would suffice

Note: This linter can be disabled with `set_option linter.unnecessarySeqFocus false`
warning: Erdos9796Proof/P97/N4d/FaithfulFrame.lean:477:10: Used `tac1 <;> tac2` where `(tac1; tac2)` would suffice

Note: This linter can be disabled with `set_option linter.unnecessarySeqFocus false`
warning: Erdos9796Proof/P97/N4d/FaithfulFrame.lean:520:12: Used `tac1 <;> tac2` where `(tac1; tac2)` would suffice

Note: This linter can be disabled with `set_option linter.unnecessarySeqFocus false`
warning: Erdos9796Proof/P97/N4d/FaithfulFrame.lean:523:12: Used `tac1 <;> tac2` where `(tac1; tac2)` would suffice

Note: This linter can be disabled with `set_option linter.unnecessarySeqFocus false`
warning: Erdos9796Proof/P97/N4d/FaithfulFrame.lean:475:76: 'norm_num' tactic does nothing

Note: This linter can be disabled with `set_option linter.unusedTactic false`
warning: Erdos9796Proof/P97/N4d/FaithfulFrame.lean:478:76: 'norm_num' tactic does nothing

Note: This linter can be disabled with `set_option linter.unusedTactic false`
⚠ [10824/10847] Replayed Erdos9796Proof.P97.N4d.QeqEb2PinClash
warning: Erdos9796Proof/P97/N4d/QeqEb2PinClash.lean:488:0: Please, add a comment explaining the need for modifying the maxHeartbeat limit, as in
set_option maxHeartbeats 1000000 in
-- reason for change
...

Note: This linter can be disabled with `set_option linter.style.maxHeartbeats false`
⚠ [10825/10847] Replayed Erdos9796Proof.P97.N4d.ExcludesFormBv1
warning: Erdos9796Proof/P97/N4d/ExcludesFormBv1.lean:177:64: try 'simp' instead of 'simpa'

Note: This linter can be disabled with `set_option linter.unnecessarySimpa false`
warning: Erdos9796Proof/P97/N4d/ExcludesFormBv1.lean:763:32: try 'simp' instead of 'simpa'

Note: This linter can be disabled with `set_option linter.unnecessarySimpa false`
warning: Erdos9796Proof/P97/N4d/ExcludesFormBv1.lean:769:32: try 'simp' instead of 'simpa'

Note: This linter can be disabled with `set_option linter.unnecessarySimpa false`
warning: Erdos9796Proof/P97/N4d/ExcludesFormBv1.lean:795:32: try 'simp' instead of 'simpa'

Note: This linter can be disabled with `set_option linter.unnecessarySimpa false`
warning: Erdos9796Proof/P97/N4d/ExcludesFormBv1.lean:801:32: try 'simp' instead of 'simpa'

Note: This linter can be disabled with `set_option linter.unnecessarySimpa false`
⚠ [10826/10847] Replayed Erdos9796Proof.P97.N4d.FormCPEqCProducer
warning: Erdos9796Proof/P97/N4d/FormCPEqCProducer.lean:250:63: try 'simp' instead of 'simpa'

Note: This linter can be disabled with `set_option linter.unnecessarySimpa false`
warning: Erdos9796Proof/P97/N4d/FormCPEqCProducer.lean:276:64: try 'simp' instead of 'simpa'

Note: This linter can be disabled with `set_option linter.unnecessarySimpa false`
warning: Erdos9796Proof/P97/N4d/FormCPEqCProducer.lean:365:8: Used `tac1 <;> tac2` where `(tac1; tac2)` would suffice

Note: This linter can be disabled with `set_option linter.unnecessarySeqFocus false`
warning: Erdos9796Proof/P97/N4d/FormCPEqCProducer.lean:379:78: This simp argument is unused:
  Pi.add_apply

Hint: Omit it from the simp argument list.
  simp [halfShift, F, c, Problem97.CGN.vec2, EuclideanSpace.single_apply,̵ ̵P̵i̵.̵a̵d̵d̵_̵a̵p̵p̵l̵y̵]

Note: This linter can be disabled with `set_option linter.unusedSimpArgs false`
warning: Erdos9796Proof/P97/N4d/FormCPEqCProducer.lean:378:10: Used `tac1 <;> tac2` where `(tac1; tac2)` would suffice

Note: This linter can be disabled with `set_option linter.unnecessarySeqFocus false`
warning: Erdos9796Proof/P97/N4d/FormCPEqCProducer.lean:388:12: Used `tac1 <;> tac2` where `(tac1; tac2)` would suffice

Note: This linter can be disabled with `set_option linter.unnecessarySeqFocus false`
warning: Erdos9796Proof/P97/N4d/FormCPEqCProducer.lean:432:8: Used `tac1 <;> tac2` where `(tac1; tac2)` would suffice

Note: This linter can be disabled with `set_option linter.unnecessarySeqFocus false`
warning: Erdos9796Proof/P97/N4d/FormCPEqCProducer.lean:482:4: try 'simp' instead of 'simpa'

Note: This linter can be disabled with `set_option linter.unnecessarySimpa false`
warning: Erdos9796Proof/P97/N4d/FormCPEqCProducer.lean:445:14: Used `tac1 <;> tac2` where `(tac1; tac2)` would suffice

Note: This linter can be disabled with `set_option linter.unnecessarySeqFocus false`
warning: Erdos9796Proof/P97/N4d/FormCPEqCProducer.lean:450:14: Used `tac1 <;> tac2` where `(tac1; tac2)` would suffice

Note: This linter can be disabled with `set_option linter.unnecessarySeqFocus false`
warning: Erdos9796Proof/P97/N4d/FormCPEqCProducer.lean:455:10: Used `tac1 <;> tac2` where `(tac1; tac2)` would suffice

Note: This linter can be disabled with `set_option linter.unnecessarySeqFocus false`
warning: Erdos9796Proof/P97/N4d/FormCPEqCProducer.lean:528:10: try 'simp' instead of 'simpa'

Note: This linter can be disabled with `set_option linter.unnecessarySimpa false`
warning: Erdos9796Proof/P97/N4d/FormCPEqCProducer.lean:532:10: try 'simp' instead of 'simpa'

Note: This linter can be disabled with `set_option linter.unnecessarySimpa false`
warning: Erdos9796Proof/P97/N4d/FormCPEqCProducer.lean:537:8: try 'simp' instead of 'simpa'

Note: This linter can be disabled with `set_option linter.unnecessarySimpa false`
warning: Erdos9796Proof/P97/N4d/FormCPEqCProducer.lean:540:8: try 'simp' instead of 'simpa'

Note: This linter can be disabled with `set_option linter.unnecessarySimpa false`
warning: Erdos9796Proof/P97/N4d/FormCPEqCProducer.lean:501:12: unused variable `tau0`

Note: This linter can be disabled with `set_option linter.unusedVariables false`
warning: Erdos9796Proof/P97/N4d/FormCPEqCProducer.lean:530:14: this tactic is never executed

Note: This linter can be disabled with `set_option linter.unreachableTactic false`
warning: Erdos9796Proof/P97/N4d/FormCPEqCProducer.lean:534:14: this tactic is never executed

Note: This linter can be disabled with `set_option linter.unreachableTactic false`
warning: Erdos9796Proof/P97/N4d/FormCPEqCProducer.lean:592:10: Used `tac1 <;> tac2` where `(tac1; tac2)` would suffice

Note: This linter can be disabled with `set_option linter.unnecessarySeqFocus false`
warning: Erdos9796Proof/P97/N4d/FormCPEqCProducer.lean:610:10: Used `tac1 <;> tac2` where `(tac1; tac2)` would suffice

Note: This linter can be disabled with `set_option linter.unnecessarySeqFocus false`
warning: Erdos9796Proof/P97/N4d/FormCPEqCProducer.lean:575:12: 'simp [A2] at hxA' is a flexible tactic modifying 'hxA'. Try 'simp?' and use the suggested 'simp only [...]'. Alternatively, use `suffices` to explicitly state the simplified form.

Note: This linter can be disabled with `set_option linter.flexible false`
info: Erdos9796Proof/P97/N4d/FormCPEqCProducer.lean:576:12: 'rcases hxA with rfl | rfl' uses 'hxA'!
warning: Erdos9796Proof/P97/N4d/FormCPEqCProducer.lean:530:14: 'simpa [div_eq_mul_inv, mul_comm, mul_left_comm, mul_assoc] using
  (dist_midpoint_left (𝕜 := ℝ) q1 q2)' tactic does nothing

Note: This linter can be disabled with `set_option linter.unusedTactic false`
warning: Erdos9796Proof/P97/N4d/FormCPEqCProducer.lean:534:14: 'simpa [div_eq_mul_inv, mul_comm, mul_left_comm, mul_assoc] using
  (dist_midpoint_right (𝕜 := ℝ) q1 q2)' tactic does nothing

Note: This linter can be disabled with `set_option linter.unusedTactic false`
warning: Erdos9796Proof/P97/N4d/FormCPEqCProducer.lean:769:48: This simp argument is unused:
  EuclideanSpace.single_apply

Hint: Omit it from the simp argument list.
  simp only [halfShift, Problem97.CGN.vec2,̵ ̵E̵u̵c̵l̵i̵d̵e̵a̵n̵S̵p̵a̵c̵e̵.̵s̵i̵n̵g̵l̵e̵_̵a̵p̵p̵l̵y̵]

Note: This linter can be disabled with `set_option linter.unusedSimpArgs false`
warning: Erdos9796Proof/P97/N4d/FormCPEqCProducer.lean:846:48: This simp argument is unused:
  EuclideanSpace.single_apply

Hint: Omit it from the simp argument list.
  simp only [halfShift, Problem97.CGN.vec2,̵ ̵E̵u̵c̵l̵i̵d̵e̵a̵n̵S̵p̵a̵c̵e̵.̵s̵i̵n̵g̵l̵e̵_̵a̵p̵p̵l̵y̵]

Note: This linter can be disabled with `set_option linter.unusedSimpArgs false`
warning: Erdos9796Proof/P97/N4d/FormCPEqCProducer.lean:1021:44: This simp argument is unused:
  EuclideanSpace.single_apply

Hint: Omit it from the simp argument list.
  simp only [flipY, Problem97.CGN.vec2,̵ ̵E̵u̵c̵l̵i̵d̵e̵a̵n̵S̵p̵a̵c̵e̵.̵s̵i̵n̵g̵l̵e̵_̵a̵p̵p̵l̵y̵]

Note: This linter can be disabled with `set_option linter.unusedSimpArgs false`
warning: Erdos9796Proof/P97/N4d/FormCPEqCProducer.lean:761:12: Used `tac1 <;> tac2` where `(tac1; tac2)` would suffice

Note: This linter can be disabled with `set_option linter.unnecessarySeqFocus false`
warning: Erdos9796Proof/P97/N4d/FormCPEqCProducer.lean:765:12: Used `tac1 <;> tac2` where `(tac1; tac2)` would suffice

Note: This linter can be disabled with `set_option linter.unnecessarySeqFocus false`
warning: Erdos9796Proof/P97/N4d/FormCPEqCProducer.lean:898:16: Used `tac1 <;> tac2` where `(tac1; tac2)` would suffice

Note: This linter can be disabled with `set_option linter.unnecessarySeqFocus false`
warning: Erdos9796Proof/P97/N4d/FormCPEqCProducer.lean:926:16: Used `tac1 <;> tac2` where `(tac1; tac2)` would suffice

Note: This linter can be disabled with `set_option linter.unnecessarySeqFocus false`
warning: Erdos9796Proof/P97/N4d/FormCPEqCProducer.lean:1003:12: Used `tac1 <;> tac2` where `(tac1; tac2)` would suffice

Note: This linter can be disabled with `set_option linter.unnecessarySeqFocus false`
warning: Erdos9796Proof/P97/N4d/FormCPEqCProducer.lean:1013:12: Used `tac1 <;> tac2` where `(tac1; tac2)` would suffice

Note: This linter can be disabled with `set_option linter.unnecessarySeqFocus false`
warning: Erdos9796Proof/P97/N4d/FormCPEqCProducer.lean:1017:12: Used `tac1 <;> tac2` where `(tac1; tac2)` would suffice

Note: This linter can be disabled with `set_option linter.unnecessarySeqFocus false`
⚠ [10828/10847] Replayed Erdos9796Proof.P97.N4d.FormCcB1UpperArc
warning: Erdos9796Proof/P97/N4d/FormCcB1UpperArc.lean:264:10: try 'simp' instead of 'simpa'

Note: This linter can be disabled with `set_option linter.unnecessarySimpa false`
warning: Erdos9796Proof/P97/N4d/FormCcB1UpperArc.lean:274:4: try 'simp' instead of 'simpa'

Note: This linter can be disabled with `set_option linter.unnecessarySimpa false`
warning: Erdos9796Proof/P97/N4d/FormCcB1UpperArc.lean:276:4: try 'simp' instead of 'simpa'

Note: This linter can be disabled with `set_option linter.unnecessarySimpa false`
warning: Erdos9796Proof/P97/N4d/FormCcB1UpperArc.lean:278:4: try 'simp' instead of 'simpa'

Note: This linter can be disabled with `set_option linter.unnecessarySimpa false`
warning: Erdos9796Proof/P97/N4d/FormCcB1UpperArc.lean:621:4: try 'simp' instead of 'simpa'

Note: This linter can be disabled with `set_option linter.unnecessarySimpa false`
warning: Erdos9796Proof/P97/N4d/FormCcB1UpperArc.lean:623:4: try 'simp' instead of 'simpa'

Note: This linter can be disabled with `set_option linter.unnecessarySimpa false`
warning: Erdos9796Proof/P97/N4d/FormCcB1UpperArc.lean:642:4: try 'simp' instead of 'simpa'

Note: This linter can be disabled with `set_option linter.unnecessarySimpa false`
warning: Erdos9796Proof/P97/N4d/FormCcB1UpperArc.lean:687:8: try 'simp' instead of 'simpa'

Note: This linter can be disabled with `set_option linter.unnecessarySimpa false`
warning: Erdos9796Proof/P97/N4d/FormCcB1UpperArc.lean:691:4: try 'simp' instead of 'simpa'

Note: This linter can be disabled with `set_option linter.unnecessarySimpa false`
warning: Erdos9796Proof/P97/N4d/FormCcB1UpperArc.lean:504:0: Please, add a comment explaining the need for modifying the maxHeartbeat limit, as in
set_option maxHeartbeats 4000000 in
-- reason for change
...

Note: This linter can be disabled with `set_option linter.style.maxHeartbeats false`
warning: Erdos9796Proof/P97/N4d/FormCcB1UpperArc.lean:869:8: Used `tac1 <;> tac2` where `(tac1; tac2)` would suffice

Note: This linter can be disabled with `set_option linter.unnecessarySeqFocus false`
warning: Erdos9796Proof/P97/N4d/FormCcB1UpperArc.lean:883:78: This simp argument is unused:
  Pi.add_apply

Hint: Omit it from the simp argument list.
  simp [halfShift, F, c, Problem97.CGN.vec2, EuclideanSpace.single_apply,̵ ̵P̵i̵.̵a̵d̵d̵_̵a̵p̵p̵l̵y̵]

Note: This linter can be disabled with `set_option linter.unusedSimpArgs false`
warning: Erdos9796Proof/P97/N4d/FormCcB1UpperArc.lean:882:10: Used `tac1 <;> tac2` where `(tac1; tac2)` would suffice

Note: This linter can be disabled with `set_option linter.unnecessarySeqFocus false`
warning: Erdos9796Proof/P97/N4d/FormCcB1UpperArc.lean:892:12: Used `tac1 <;> tac2` where `(tac1; tac2)` would suffice

Note: This linter can be disabled with `set_option linter.unnecessarySeqFocus false`
warning: Erdos9796Proof/P97/N4d/FormCcB1UpperArc.lean:936:8: Used `tac1 <;> tac2` where `(tac1; tac2)` would suffice

Note: This linter can be disabled with `set_option linter.unnecessarySeqFocus false`
warning: Erdos9796Proof/P97/N4d/FormCcB1UpperArc.lean:986:4: try 'simp' instead of 'simpa'

Note: This linter can be disabled with `set_option linter.unnecessarySimpa false`
warning: Erdos9796Proof/P97/N4d/FormCcB1UpperArc.lean:949:14: Used `tac1 <;> tac2` where `(tac1; tac2)` would suffice

Note: This linter can be disabled with `set_option linter.unnecessarySeqFocus false`
warning: Erdos9796Proof/P97/N4d/FormCcB1UpperArc.lean:954:14: Used `tac1 <;> tac2` where `(tac1; tac2)` would suffice

Note: This linter can be disabled with `set_option linter.unnecessarySeqFocus false`
warning: Erdos9796Proof/P97/N4d/FormCcB1UpperArc.lean:959:10: Used `tac1 <;> tac2` where `(tac1; tac2)` would suffice

Note: This linter can be disabled with `set_option linter.unnecessarySeqFocus false`
warning: Erdos9796Proof/P97/N4d/FormCcB1UpperArc.lean:1032:10: try 'simp' instead of 'simpa'

Note: This linter can be disabled with `set_option linter.unnecessarySimpa false`
warning: Erdos9796Proof/P97/N4d/FormCcB1UpperArc.lean:1036:10: try 'simp' instead of 'simpa'

Note: This linter can be disabled with `set_option linter.unnecessarySimpa false`
warning: Erdos9796Proof/P97/N4d/FormCcB1UpperArc.lean:1041:8: try 'simp' instead of 'simpa'

Note: This linter can be disabled with `set_option linter.unnecessarySimpa false`
warning: Erdos9796Proof/P97/N4d/FormCcB1UpperArc.lean:1045:8: try 'simp' instead of 'simpa'

Note: This linter can be disabled with `set_option linter.unnecessarySimpa false`
warning: Erdos9796Proof/P97/N4d/FormCcB1UpperArc.lean:1005:12: unused variable `tau0`

Note: This linter can be disabled with `set_option linter.unusedVariables false`
warning: Erdos9796Proof/P97/N4d/FormCcB1UpperArc.lean:1034:14: this tactic is never executed

Note: This linter can be disabled with `set_option linter.unreachableTactic false`
warning: Erdos9796Proof/P97/N4d/FormCcB1UpperArc.lean:1038:14: this tactic is never executed

Note: This linter can be disabled with `set_option linter.unreachableTactic false`
warning: Erdos9796Proof/P97/N4d/FormCcB1UpperArc.lean:1101:10: Used `tac1 <;> tac2` where `(tac1; tac2)` would suffice

Note: This linter can be disabled with `set_option linter.unnecessarySeqFocus false`
warning: Erdos9796Proof/P97/N4d/FormCcB1UpperArc.lean:1119:10: Used `tac1 <;> tac2` where `(tac1; tac2)` would suffice

Note: This linter can be disabled with `set_option linter.unnecessarySeqFocus false`
warning: Erdos9796Proof/P97/N4d/FormCcB1UpperArc.lean:1084:12: 'simp [A2] at hxA' is a flexible tactic modifying 'hxA'. Try 'simp?' and use the suggested 'simp only [...]'. Alternatively, use `suffices` to explicitly state the simplified form.

Note: This linter can be disabled with `set_option linter.flexible false`
info: Erdos9796Proof/P97/N4d/FormCcB1UpperArc.lean:1085:12: 'rcases hxA with rfl | rfl' uses 'hxA'!
warning: Erdos9796Proof/P97/N4d/FormCcB1UpperArc.lean:1034:14: 'simpa [div_eq_mul_inv, mul_comm, mul_left_comm, mul_assoc] using
  (dist_midpoint_left (𝕜 := ℝ) q1 q2)' tactic does nothing

Note: This linter can be disabled with `set_option linter.unusedTactic false`
warning: Erdos9796Proof/P97/N4d/FormCcB1UpperArc.lean:1038:14: 'simpa [div_eq_mul_inv, mul_comm, mul_left_comm, mul_assoc] using
  (dist_midpoint_right (𝕜 := ℝ) q1 q2)' tactic does nothing

Note: This linter can be disabled with `set_option linter.unusedTactic false`
warning: Erdos9796Proof/P97/N4d/FormCcB1UpperArc.lean:1234:21: unused variable `tau`

Note: This linter can be disabled with `set_option linter.unusedVariables false`
warning: Erdos9796Proof/P97/N4d/FormCcB1UpperArc.lean:1243:76: this tactic is never executed

Note: This linter can be disabled with `set_option linter.unreachableTactic false`
warning: Erdos9796Proof/P97/N4d/FormCcB1UpperArc.lean:1246:76: this tactic is never executed

Note: This linter can be disabled with `set_option linter.unreachableTactic false`
warning: Erdos9796Proof/P97/N4d/FormCcB1UpperArc.lean:1242:10: Used `tac1 <;> tac2` where `(tac1; tac2)` would suffice

Note: This linter can be disabled with `set_option linter.unnecessarySeqFocus false`
warning: Erdos9796Proof/P97/N4d/FormCcB1UpperArc.lean:1245:10: Used `tac1 <;> tac2` where `(tac1; tac2)` would suffice

Note: This linter can be disabled with `set_option linter.unnecessarySeqFocus false`
warning: Erdos9796Proof/P97/N4d/FormCcB1UpperArc.lean:1288:12: Used `tac1 <;> tac2` where `(tac1; tac2)` would suffice

Note: This linter can be disabled with `set_option linter.unnecessarySeqFocus false`
warning: Erdos9796Proof/P97/N4d/FormCcB1UpperArc.lean:1291:12: Used `tac1 <;> tac2` where `(tac1; tac2)` would suffice

Note: This linter can be disabled with `set_option linter.unnecessarySeqFocus false`
warning: Erdos9796Proof/P97/N4d/FormCcB1UpperArc.lean:1243:76: 'norm_num' tactic does nothing

Note: This linter can be disabled with `set_option linter.unusedTactic false`
warning: Erdos9796Proof/P97/N4d/FormCcB1UpperArc.lean:1246:76: 'norm_num' tactic does nothing

Note: This linter can be disabled with `set_option linter.unusedTactic false`
warning: Erdos9796Proof/P97/N4d/FormCcB1UpperArc.lean:3001:16: Try `simp at hone` instead of `simpa using hone`

Note: This linter can be disabled with `set_option linter.unnecessarySimpa false`
⚠ [10829/10847] Replayed Erdos9796Proof.P97.N4d.FormCcA3QeqC
warning: Erdos9796Proof/P97/N4d/FormCcA3QeqC.lean:136:63: try 'simp' instead of 'simpa'

Note: This linter can be disabled with `set_option linter.unnecessarySimpa false`
warning: Erdos9796Proof/P97/N4d/FormCcA3QeqC.lean:162:64: try 'simp' instead of 'simpa'

Note: This linter can be disabled with `set_option linter.unnecessarySimpa false`
warning: Erdos9796Proof/P97/N4d/FormCcA3QeqC.lean:384:4: try 'simp' instead of 'simpa'

Note: This linter can be disabled with `set_option linter.unnecessarySimpa false`
warning: Erdos9796Proof/P97/N4d/FormCcA3QeqC.lean:386:4: try 'simp' instead of 'simpa'

Note: This linter can be disabled with `set_option linter.unnecessarySimpa false`
warning: Erdos9796Proof/P97/N4d/FormCcA3QeqC.lean:405:4: try 'simp' instead of 'simpa'

Note: This linter can be disabled with `set_option linter.unnecessarySimpa false`
warning: Erdos9796Proof/P97/N4d/FormCcA3QeqC.lean:450:8: try 'simp' instead of 'simpa'

Note: This linter can be disabled with `set_option linter.unnecessarySimpa false`
warning: Erdos9796Proof/P97/N4d/FormCcA3QeqC.lean:454:4: try 'simp' instead of 'simpa'

Note: This linter can be disabled with `set_option linter.unnecessarySimpa false`
warning: Erdos9796Proof/P97/N4d/FormCcA3QeqC.lean:267:0: Please, add a comment explaining the need for modifying the maxHeartbeat limit, as in
set_option maxHeartbeats 4000000 in
-- reason for change
...

Note: This linter can be disabled with `set_option linter.style.maxHeartbeats false`
warning: Erdos9796Proof/P97/N4d/FormCcA3QeqC.lean:637:8: Used `tac1 <;> tac2` where `(tac1; tac2)` would suffice

Note: This linter can be disabled with `set_option linter.unnecessarySeqFocus false`
warning: Erdos9796Proof/P97/N4d/FormCcA3QeqC.lean:651:78: This simp argument is unused:
  Pi.add_apply

Hint: Omit it from the simp argument list.
  simp [halfShift, F, c, Problem97.CGN.vec2, EuclideanSpace.single_apply,̵ ̵P̵i̵.̵a̵d̵d̵_̵a̵p̵p̵l̵y̵]

Note: This linter can be disabled with `set_option linter.unusedSimpArgs false`
warning: Erdos9796Proof/P97/N4d/FormCcA3QeqC.lean:650:10: Used `tac1 <;> tac2` where `(tac1; tac2)` would suffice

Note: This linter can be disabled with `set_option linter.unnecessarySeqFocus false`
warning: Erdos9796Proof/P97/N4d/FormCcA3QeqC.lean:660:12: Used `tac1 <;> tac2` where `(tac1; tac2)` would suffice

Note: This linter can be disabled with `set_option linter.unnecessarySeqFocus false`
warning: Erdos9796Proof/P97/N4d/FormCcA3QeqC.lean:704:8: Used `tac1 <;> tac2` where `(tac1; tac2)` would suffice

Note: This linter can be disabled with `set_option linter.unnecessarySeqFocus false`
warning: Erdos9796Proof/P97/N4d/FormCcA3QeqC.lean:754:4: try 'simp' instead of 'simpa'

Note: This linter can be disabled with `set_option linter.unnecessarySimpa false`
warning: Erdos9796Proof/P97/N4d/FormCcA3QeqC.lean:717:14: Used `tac1 <;> tac2` where `(tac1; tac2)` would suffice

Note: This linter can be disabled with `set_option linter.unnecessarySeqFocus false`
warning: Erdos9796Proof/P97/N4d/FormCcA3QeqC.lean:722:14: Used `tac1 <;> tac2` where `(tac1; tac2)` would suffice

Note: This linter can be disabled with `set_option linter.unnecessarySeqFocus false`
warning: Erdos9796Proof/P97/N4d/FormCcA3QeqC.lean:727:10: Used `tac1 <;> tac2` where `(tac1; tac2)` would suffice

Note: This linter can be disabled with `set_option linter.unnecessarySeqFocus false`
warning: Erdos9796Proof/P97/N4d/FormCcA3QeqC.lean:800:10: try 'simp' instead of 'simpa'

Note: This linter can be disabled with `set_option linter.unnecessarySimpa false`
warning: Erdos9796Proof/P97/N4d/FormCcA3QeqC.lean:804:10: try 'simp' instead of 'simpa'

Note: This linter can be disabled with `set_option linter.unnecessarySimpa false`
warning: Erdos9796Proof/P97/N4d/FormCcA3QeqC.lean:809:8: try 'simp' instead of 'simpa'

Note: This linter can be disabled with `set_option linter.unnecessarySimpa false`
warning: Erdos9796Proof/P97/N4d/FormCcA3QeqC.lean:812:8: try 'simp' instead of 'simpa'

Note: This linter can be disabled with `set_option linter.unnecessarySimpa false`
warning: Erdos9796Proof/P97/N4d/FormCcA3QeqC.lean:773:12: unused variable `tau0`

Note: This linter can be disabled with `set_option linter.unusedVariables false`
warning: Erdos9796Proof/P97/N4d/FormCcA3QeqC.lean:802:14: this tactic is never executed

Note: This linter can be disabled with `set_option linter.unreachableTactic false`
warning: Erdos9796Proof/P97/N4d/FormCcA3QeqC.lean:806:14: this tactic is never executed

Note: This linter can be disabled with `set_option linter.unreachableTactic false`
warning: Erdos9796Proof/P97/N4d/FormCcA3QeqC.lean:864:10: Used `tac1 <;> tac2` where `(tac1; tac2)` would suffice

Note: This linter can be disabled with `set_option linter.unnecessarySeqFocus false`
warning: Erdos9796Proof/P97/N4d/FormCcA3QeqC.lean:882:10: Used `tac1 <;> tac2` where `(tac1; tac2)` would suffice

Note: This linter can be disabled with `set_option linter.unnecessarySeqFocus false`
warning: Erdos9796Proof/P97/N4d/FormCcA3QeqC.lean:847:12: 'simp [A2] at hxA' is a flexible tactic modifying 'hxA'. Try 'simp?' and use the suggested 'simp only [...]'. Alternatively, use `suffices` to explicitly state the simplified form.

Note: This linter can be disabled with `set_option linter.flexible false`
info: Erdos9796Proof/P97/N4d/FormCcA3QeqC.lean:848:12: 'rcases hxA with rfl | rfl' uses 'hxA'!
warning: Erdos9796Proof/P97/N4d/FormCcA3QeqC.lean:802:14: 'simpa [div_eq_mul_inv, mul_comm, mul_left_comm, mul_assoc] using
  (dist_midpoint_left (𝕜 := ℝ) q1 q2)' tactic does nothing

Note: This linter can be disabled with `set_option linter.unusedTactic false`
warning: Erdos9796Proof/P97/N4d/FormCcA3QeqC.lean:806:14: 'simpa [div_eq_mul_inv, mul_comm, mul_left_comm, mul_assoc] using
  (dist_midpoint_right (𝕜 := ℝ) q1 q2)' tactic does nothing

Note: This linter can be disabled with `set_option linter.unusedTactic false`
warning: Erdos9796Proof/P97/N4d/FormCcA3QeqC.lean:901:17: unused variable `hr`

Note: This linter can be disabled with `set_option linter.unusedVariables false`
warning: Erdos9796Proof/P97/N4d/FormCcA3QeqC.lean:902:37: unused variable `hsinθ`

Note: This linter can be disabled with `set_option linter.unusedVariables false`
warning: Erdos9796Proof/P97/N4d/FormCcA3QeqC.lean:997:12: Used `tac1 <;> tac2` where `(tac1; tac2)` would suffice

Note: This linter can be disabled with `set_option linter.unnecessarySeqFocus false`
warning: Erdos9796Proof/P97/N4d/FormCcA3QeqC.lean:1200:48: This simp argument is unused:
  EuclideanSpace.single_apply

Hint: Omit it from the simp argument list.
  simp only [halfShift, Problem97.CGN.vec2,̵ ̵E̵u̵c̵l̵i̵d̵e̵a̵n̵S̵p̵a̵c̵e̵.̵s̵i̵n̵g̵l̵e̵_̵a̵p̵p̵l̵y̵]

Note: This linter can be disabled with `set_option linter.unusedSimpArgs false`
warning: Erdos9796Proof/P97/N4d/FormCcA3QeqC.lean:1282:48: This simp argument is unused:
  EuclideanSpace.single_apply

Hint: Omit it from the simp argument list.
  simp only [halfShift, Problem97.CGN.vec2,̵ ̵E̵u̵c̵l̵i̵d̵e̵a̵n̵S̵p̵a̵c̵e̵.̵s̵i̵n̵g̵l̵e̵_̵a̵p̵p̵l̵y̵]

Note: This linter can be disabled with `set_option linter.unusedSimpArgs false`
warning: Erdos9796Proof/P97/N4d/FormCcA3QeqC.lean:1314:48: This simp argument is unused:
  EuclideanSpace.single_apply

Hint: Omit it from the simp argument list.
  simp only [halfShift, Problem97.CGN.vec2,̵ ̵E̵u̵c̵l̵i̵d̵e̵a̵n̵S̵p̵a̵c̵e̵.̵s̵i̵n̵g̵l̵e̵_̵a̵p̵p̵l̵y̵]

Note: This linter can be disabled with `set_option linter.unusedSimpArgs false`
warning: Erdos9796Proof/P97/N4d/FormCcA3QeqC.lean:1492:44: This simp argument is unused:
  EuclideanSpace.single_apply

Hint: Omit it from the simp argument list.
  simp only [flipY, Problem97.CGN.vec2,̵ ̵E̵u̵c̵l̵i̵d̵e̵a̵n̵S̵p̵a̵c̵e̵.̵s̵i̵n̵g̵l̵e̵_̵a̵p̵p̵l̵y̵]

Note: This linter can be disabled with `set_option linter.unusedSimpArgs false`
warning: Erdos9796Proof/P97/N4d/FormCcA3QeqC.lean:1191:12: Used `tac1 <;> tac2` where `(tac1; tac2)` would suffice

Note: This linter can be disabled with `set_option linter.unnecessarySeqFocus false`
warning: Erdos9796Proof/P97/N4d/FormCcA3QeqC.lean:1195:12: Used `tac1 <;> tac2` where `(tac1; tac2)` would suffice

Note: This linter can be disabled with `set_option linter.unnecessarySeqFocus false`
warning: Erdos9796Proof/P97/N4d/FormCcA3QeqC.lean:1374:14: Used `tac1 <;> tac2` where `(tac1; tac2)` would suffice

Note: This linter can be disabled with `set_option linter.unnecessarySeqFocus false`
warning: Erdos9796Proof/P97/N4d/FormCcA3QeqC.lean:1484:12: Used `tac1 <;> tac2` where `(tac1; tac2)` would suffice

Note: This linter can be disabled with `set_option linter.unnecessarySeqFocus false`
warning: Erdos9796Proof/P97/N4d/FormCcA3QeqC.lean:1488:12: Used `tac1 <;> tac2` where `(tac1; tac2)` would suffice

Note: This linter can be disabled with `set_option linter.unnecessarySeqFocus false`
warning: Erdos9796Proof/P97/N4d/FormCcA3QeqC.lean:1537:14: unused variable `hp`

Note: This linter can be disabled with `set_option linter.unusedVariables false`
warning: Erdos9796Proof/P97/N4d/FormCcA3QeqC.lean:1538:5: unused variable `hpC1`

Note: This linter can be disabled with `set_option linter.unusedVariables false`
⚠ [10830/10847] Replayed Erdos9796Proof.P97.N4d.FormCQeqEb3PinClash
warning: Erdos9796Proof/P97/N4d/FormCQeqEb3PinClash.lean:104:8: Used `tac1 <;> tac2` where `(tac1; tac2)` would suffice

Note: This linter can be disabled with `set_option linter.unnecessarySeqFocus false`
warning: Erdos9796Proof/P97/N4d/FormCQeqEb3PinClash.lean:118:78: This simp argument is unused:
  Pi.add_apply

Hint: Omit it from the simp argument list.
  simp [halfShift, F, c, Problem97.CGN.vec2, EuclideanSpace.single_apply,̵ ̵P̵i̵.̵a̵d̵d̵_̵a̵p̵p̵l̵y̵]

Note: This linter can be disabled with `set_option linter.unusedSimpArgs false`
warning: Erdos9796Proof/P97/N4d/FormCQeqEb3PinClash.lean:117:10: Used `tac1 <;> tac2` where `(tac1; tac2)` would suffice

Note: This linter can be disabled with `set_option linter.unnecessarySeqFocus false`
warning: Erdos9796Proof/P97/N4d/FormCQeqEb3PinClash.lean:127:12: Used `tac1 <;> tac2` where `(tac1; tac2)` would suffice

Note: This linter can be disabled with `set_option linter.unnecessarySeqFocus false`
warning: Erdos9796Proof/P97/N4d/FormCQeqEb3PinClash.lean:171:8: Used `tac1 <;> tac2` where `(tac1; tac2)` would suffice

Note: This linter can be disabled with `set_option linter.unnecessarySeqFocus false`
warning: Erdos9796Proof/P97/N4d/FormCQeqEb3PinClash.lean:221:4: try 'simp' instead of 'simpa'

Note: This linter can be disabled with `set_option linter.unnecessarySimpa false`
warning: Erdos9796Proof/P97/N4d/FormCQeqEb3PinClash.lean:184:14: Used `tac1 <;> tac2` where `(tac1; tac2)` would suffice

Note: This linter can be disabled with `set_option linter.unnecessarySeqFocus false`
warning: Erdos9796Proof/P97/N4d/FormCQeqEb3PinClash.lean:189:14: Used `tac1 <;> tac2` where `(tac1; tac2)` would suffice

Note: This linter can be disabled with `set_option linter.unnecessarySeqFocus false`
warning: Erdos9796Proof/P97/N4d/FormCQeqEb3PinClash.lean:194:10: Used `tac1 <;> tac2` where `(tac1; tac2)` would suffice

Note: This linter can be disabled with `set_option linter.unnecessarySeqFocus false`
warning: Erdos9796Proof/P97/N4d/FormCQeqEb3PinClash.lean:268:10: try 'simp' instead of 'simpa'

Note: This linter can be disabled with `set_option linter.unnecessarySimpa false`
warning: Erdos9796Proof/P97/N4d/FormCQeqEb3PinClash.lean:272:10: try 'simp' instead of 'simpa'

Note: This linter can be disabled with `set_option linter.unnecessarySimpa false`
warning: Erdos9796Proof/P97/N4d/FormCQeqEb3PinClash.lean:277:8: try 'simp' instead of 'simpa'

Note: This linter can be disabled with `set_option linter.unnecessarySimpa false`
warning: Erdos9796Proof/P97/N4d/FormCQeqEb3PinClash.lean:281:8: try 'simp' instead of 'simpa'

Note: This linter can be disabled with `set_option linter.unnecessarySimpa false`
warning: Erdos9796Proof/P97/N4d/FormCQeqEb3PinClash.lean:240:12: unused variable `tau0`

Note: This linter can be disabled with `set_option linter.unusedVariables false`
warning: Erdos9796Proof/P97/N4d/FormCQeqEb3PinClash.lean:270:14: this tactic is never executed

Note: This linter can be disabled with `set_option linter.unreachableTactic false`
warning: Erdos9796Proof/P97/N4d/FormCQeqEb3PinClash.lean:274:14: this tactic is never executed

Note: This linter can be disabled with `set_option linter.unreachableTactic false`
warning: Erdos9796Proof/P97/N4d/FormCQeqEb3PinClash.lean:337:10: Used `tac1 <;> tac2` where `(tac1; tac2)` would suffice

Note: This linter can be disabled with `set_option linter.unnecessarySeqFocus false`
warning: Erdos9796Proof/P97/N4d/FormCQeqEb3PinClash.lean:355:10: Used `tac1 <;> tac2` where `(tac1; tac2)` would suffice

Note: This linter can be disabled with `set_option linter.unnecessarySeqFocus false`
warning: Erdos9796Proof/P97/N4d/FormCQeqEb3PinClash.lean:320:12: 'simp [A2] at hxA' is a flexible tactic modifying 'hxA'. Try 'simp?' and use the suggested 'simp only [...]'. Alternatively, use `suffices` to explicitly state the simplified form.

Note: This linter can be disabled with `set_option linter.flexible false`
info: Erdos9796Proof/P97/N4d/FormCQeqEb3PinClash.lean:321:12: 'rcases hxA with rfl | rfl' uses 'hxA'!
warning: Erdos9796Proof/P97/N4d/FormCQeqEb3PinClash.lean:270:14: 'simpa [div_eq_mul_inv, mul_comm, mul_left_comm, mul_assoc] using
  (dist_midpoint_left (𝕜 := ℝ) q1 q2)' tactic does nothing

Note: This linter can be disabled with `set_option linter.unusedTactic false`
warning: Erdos9796Proof/P97/N4d/FormCQeqEb3PinClash.lean:274:14: 'simpa [div_eq_mul_inv, mul_comm, mul_left_comm, mul_assoc] using
  (dist_midpoint_right (𝕜 := ℝ) q1 q2)' tactic does nothing

Note: This linter can be disabled with `set_option linter.unusedTactic false`
warning: Erdos9796Proof/P97/N4d/FormCQeqEb3PinClash.lean:577:63: try 'simp' instead of 'simpa'

Note: This linter can be disabled with `set_option linter.unnecessarySimpa false`
warning: Erdos9796Proof/P97/N4d/FormCQeqEb3PinClash.lean:603:64: try 'simp' instead of 'simpa'

Note: This linter can be disabled with `set_option linter.unnecessarySimpa false`
warning: Erdos9796Proof/P97/N4d/FormCQeqEb3PinClash.lean:635:21: unused variable `tau`

Note: This linter can be disabled with `set_option linter.unusedVariables false`
warning: Erdos9796Proof/P97/N4d/FormCQeqEb3PinClash.lean:644:76: this tactic is never executed

Note: This linter can be disabled with `set_option linter.unreachableTactic false`
warning: Erdos9796Proof/P97/N4d/FormCQeqEb3PinClash.lean:647:76: this tactic is never executed

Note: This linter can be disabled with `set_option linter.unreachableTactic false`
warning: Erdos9796Proof/P97/N4d/FormCQeqEb3PinClash.lean:643:10: Used `tac1 <;> tac2` where `(tac1; tac2)` would suffice

Note: This linter can be disabled with `set_option linter.unnecessarySeqFocus false`
warning: Erdos9796Proof/P97/N4d/FormCQeqEb3PinClash.lean:646:10: Used `tac1 <;> tac2` where `(tac1; tac2)` would suffice

Note: This linter can be disabled with `set_option linter.unnecessarySeqFocus false`
warning: Erdos9796Proof/P97/N4d/FormCQeqEb3PinClash.lean:686:12: Used `tac1 <;> tac2` where `(tac1; tac2)` would suffice

Note: This linter can be disabled with `set_option linter.unnecessarySeqFocus false`
warning: Erdos9796Proof/P97/N4d/FormCQeqEb3PinClash.lean:689:12: Used `tac1 <;> tac2` where `(tac1; tac2)` would suffice

Note: This linter can be disabled with `set_option linter.unnecessarySeqFocus false`
warning: Erdos9796Proof/P97/N4d/FormCQeqEb3PinClash.lean:644:76: 'norm_num' tactic does nothing

Note: This linter can be disabled with `set_option linter.unusedTactic false`
warning: Erdos9796Proof/P97/N4d/FormCQeqEb3PinClash.lean:647:76: 'norm_num' tactic does nothing

Note: This linter can be disabled with `set_option linter.unusedTactic false`
warning: Erdos9796Proof/P97/N4d/FormCQeqEb3PinClash.lean:708:0: Please, add a comment explaining the need for modifying the maxHeartbeat limit, as in
set_option maxHeartbeats 4000000 in
-- reason for change
...

Note: This linter can be disabled with `set_option linter.style.maxHeartbeats false`
warning: Erdos9796Proof/P97/N4d/FormCQeqEb3PinClash.lean:900:0: Please, add a comment explaining the need for modifying the maxHeartbeat limit, as in
set_option maxHeartbeats 2000000 in
-- reason for change
...

Note: This linter can be disabled with `set_option linter.style.maxHeartbeats false`
warning: Erdos9796Proof/P97/N4d/FormCQeqEb3PinClash.lean:1065:5: unused variable `hb3C3`

Note: This linter can be disabled with `set_option linter.unusedVariables false`
⚠ [10831/10847] Replayed Erdos9796Proof.P97.N4d.ExcludesFormCv1
warning: Erdos9796Proof/P97/N4d/ExcludesFormCv1.lean:279:64: try 'simp' instead of 'simpa'

Note: This linter can be disabled with `set_option linter.unnecessarySimpa false`
warning: Erdos9796Proof/P97/N4d/ExcludesFormCv1.lean:396:6: Try `simp at this` instead of `simpa using this`

Note: This linter can be disabled with `set_option linter.unnecessarySimpa false`
warning: Erdos9796Proof/P97/N4d/ExcludesFormCv1.lean:400:6: Try `simp at this` instead of `simpa using this`

Note: This linter can be disabled with `set_option linter.unnecessarySimpa false`
warning: Erdos9796Proof/P97/N4d/ExcludesFormCv1.lean:404:6: Try `simp at this` instead of `simpa using this`

Note: This linter can be disabled with `set_option linter.unnecessarySimpa false`
warning: Erdos9796Proof/P97/N4d/ExcludesFormCv1.lean:408:6: Try `simp at this` instead of `simpa using this`

Note: This linter can be disabled with `set_option linter.unnecessarySimpa false`
warning: Erdos9796Proof/P97/N4d/ExcludesFormCv1.lean:425:8: Try `simp at this` instead of `simpa using this`

Note: This linter can be disabled with `set_option linter.unnecessarySimpa false`
warning: Erdos9796Proof/P97/N4d/ExcludesFormCv1.lean:471:6: Try `simp at this` instead of `simpa using this`

Note: This linter can be disabled with `set_option linter.unnecessarySimpa false`
warning: Erdos9796Proof/P97/N4d/ExcludesFormCv1.lean:475:6: Try `simp at this` instead of `simpa using this`

Note: This linter can be disabled with `set_option linter.unnecessarySimpa false`
warning: Erdos9796Proof/P97/N4d/ExcludesFormCv1.lean:479:6: Try `simp at this` instead of `simpa using this`

Note: This linter can be disabled with `set_option linter.unnecessarySimpa false`
warning: Erdos9796Proof/P97/N4d/ExcludesFormCv1.lean:483:6: Try `simp at this` instead of `simpa using this`

Note: This linter can be disabled with `set_option linter.unnecessarySimpa false`
warning: Erdos9796Proof/P97/N4d/ExcludesFormCv1.lean:500:8: Try `simp at this` instead of `simpa using this`

Note: This linter can be disabled with `set_option linter.unnecessarySimpa false`
warning: Erdos9796Proof/P97/N4d/ExcludesFormCv1.lean:443:20: This simp argument is unused:
  Fin.val_rev

Hint: Omit it from the simp argument list.
  simp [i1, i2,̵ ̵F̵i̵n̵.̵v̵a̵l̵_̵r̵e̵v̵]

Note: This linter can be disabled with `set_option linter.unusedSimpArgs false`
warning: Erdos9796Proof/P97/N4d/ExcludesFormCv1.lean:446:20: This simp argument is unused:
  Fin.val_rev

Hint: Omit it from the simp argument list.
  simp [i1, i2,̵ ̵F̵i̵n̵.̵v̵a̵l̵_̵r̵e̵v̵]

Note: This linter can be disabled with `set_option linter.unusedSimpArgs false`
warning: Erdos9796Proof/P97/N4d/ExcludesFormCv1.lean:449:20: This simp argument is unused:
  Fin.val_rev

Hint: Omit it from the simp argument list.
  simp [i0, i3,̵ ̵F̵i̵n̵.̵v̵a̵l̵_̵r̵e̵v̵]

Note: This linter can be disabled with `set_option linter.unusedSimpArgs false`
warning: Erdos9796Proof/P97/N4d/ExcludesFormCv1.lean:798:32: try 'simp' instead of 'simpa'

Note: This linter can be disabled with `set_option linter.unnecessarySimpa false`
warning: Erdos9796Proof/P97/N4d/ExcludesFormCv1.lean:801:32: try 'simp' instead of 'simpa'

Note: This linter can be disabled with `set_option linter.unnecessarySimpa false`
warning: Erdos9796Proof/P97/N4d/ExcludesFormCv1.lean:822:32: try 'simp' instead of 'simpa'

Note: This linter can be disabled with `set_option linter.unnecessarySimpa false`
warning: Erdos9796Proof/P97/N4d/ExcludesFormCv1.lean:825:32: try 'simp' instead of 'simpa'

Note: This linter can be disabled with `set_option linter.unnecessarySimpa false`
⚠ [10834/10847] Replayed Erdos9796Proof.P97.N8.N8kDistribution
warning: Erdos9796Proof/P97/N8/N8kDistribution.lean:831:5: unused variable `haA`

Note: This linter can be disabled with `set_option linter.unusedVariables false`
warning: Erdos9796Proof/P97/N8/N8kDistribution.lean:873:21: unused variable `hac`

Note: This linter can be disabled with `set_option linter.unusedVariables false`
warning: Erdos9796Proof/P97/N8/N8kDistribution.lean:874:35: unused variable `hcA`

Note: This linter can be disabled with `set_option linter.unusedVariables false`
warning: Erdos9796Proof/P97/N8/N8kDistribution.lean:876:20: unused variable `hxc`

Note: This linter can be disabled with `set_option linter.unusedVariables false`
warning: Erdos9796Proof/P97/N8/N8kDistribution.lean:915:43: unused variable `hr_pos`

Note: This linter can be disabled with `set_option linter.unusedVariables false`
warning: Erdos9796Proof/P97/N8/N8kDistribution.lean:1368:59: This simp argument is unused:
  ite_false

Hint: Omit it from the simp argument list.
  simp only [ho_C1, ho_C2, ite_true,̵ ̵i̵t̵e̵_̵f̵a̵l̵s̵e̵] at hone

Note: This linter can be disabled with `set_option linter.unusedSimpArgs false`
warning: Erdos9796Proof/P97/N8/N8kDistribution.lean:1471:59: This simp argument is unused:
  ite_false

Hint: Omit it from the simp argument list.
  simp only [ho_C2, ho_C3, ite_true,̵ ̵i̵t̵e̵_̵f̵a̵l̵s̵e̵] at hone

Note: This linter can be disabled with `set_option linter.unusedSimpArgs false`
warning: Erdos9796Proof/P97/N8/N8kDistribution.lean:1572:59: This simp argument is unused:
  ite_false

Hint: Omit it from the simp argument list.
  simp only [ho_C1, ho_C3, ite_true,̵ ̵i̵t̵e̵_̵f̵a̵l̵s̵e̵] at hone

Note: This linter can be disabled with `set_option linter.unusedSimpArgs false`
warning: Erdos9796Proof/P97/N8/N8kDistribution.lean:1691:59: This simp argument is unused:
  ite_false

Hint: Omit it from the simp argument list.
  simp only [ho_C1, ho_C3, ite_true,̵ ̵i̵t̵e̵_̵f̵a̵l̵s̵e̵] at hone

Note: This linter can be disabled with `set_option linter.unusedSimpArgs false`
warning: Erdos9796Proof/P97/N8/N8kDistribution.lean:1800:59: This simp argument is unused:
  ite_false

Hint: Omit it from the simp argument list.
  simp only [ho_C1, ho_C2, ite_true,̵ ̵i̵t̵e̵_̵f̵a̵l̵s̵e̵] at hone

Note: This linter can be disabled with `set_option linter.unusedSimpArgs false`
warning: Erdos9796Proof/P97/N8/N8kDistribution.lean:1910:59: This simp argument is unused:
  ite_false

Hint: Omit it from the simp argument list.
  simp only [ho_C2, ho_C3, ite_true,̵ ̵i̵t̵e̵_̵f̵a̵l̵s̵e̵] at hone

Note: This linter can be disabled with `set_option linter.unusedSimpArgs false`
warning: Erdos9796Proof/P97/N8/N8kDistribution.lean:1094:0: Please, add a comment explaining the need for modifying the maxHeartbeat limit, as in
set_option maxHeartbeats 1600000 in
-- reason for change
...

Note: This linter can be disabled with `set_option linter.style.maxHeartbeats false`
⚠ [10841/10847] Replayed Erdos9796Proof.P97.ATail.FrontierLiveClosure.JointDeletion.ExactFiveSplit
warning: Erdos9796Proof/P97/ATail/FrontierLiveClosure/JointDeletion/ExactFiveSplit.lean:145:19: try 'simp' instead of 'simpa'

Note: This linter can be disabled with `set_option linter.unnecessarySimpa false`
warning: Erdos9796Proof/P97/ATail/FrontierLiveClosure/JointDeletion/ExactFiveSplit.lean:310:4: try 'simp' instead of 'simpa'

Note: This linter can be disabled with `set_option linter.unnecessarySimpa false`
ℹ [10848/10862] Replayed Erdos9796Proof.P97.ATail.RetainedMatchingSourceReturnRadiusSplit
info: Erdos9796Proof/P97/ATail/RetainedMatchingSourceReturnRadiusSplit.lean:687:0: 'Problem97.ATailRetainedMatchingSourceReturnRadiusSplit.nonempty_sourceReturnRadiusOutcome' depends on axioms: [propext,
 Classical.choice,
 Quot.sound]
info: Erdos9796Proof/P97/ATail/RetainedMatchingSourceReturnRadiusSplit.lean:688:0: 'Problem97.ATailRetainedMatchingSourceReturnRadiusSplit.RetainedSourceReturnJointDeletion.nonempty_u5Ingress' depends on axioms: [propext,
 Classical.choice,
 Quot.sound]
info: Erdos9796Proof/P97/ATail/RetainedMatchingSourceReturnRadiusSplit.lean:689:0: 'Problem97.ATailRetainedMatchingSourceReturnRadiusSplit.RetainedSourceReturnExactFourPartition.nonempty_u5Ingress' depends on axioms: [propext,
 Classical.choice,
 Quot.sound]
info: Erdos9796Proof/P97/ATail/RetainedMatchingSourceReturnRadiusSplit.lean:690:0: 'Problem97.ATailRetainedMatchingSourceReturnRadiusSplit.nonempty_sourceReturnU5Outcome' depends on axioms: [propext,
 Classical.choice,
 Quot.sound]
ℹ [10849/10862] Replayed Erdos9796Proof.P97.ATail.PairedCommonDeletionNormalForm
info: Erdos9796Proof/P97/ATail/PairedCommonDeletionNormalForm.lean:758:0: 'Problem97.ATailPairedCommonDeletionNormalForm.nonempty_pairedCommonDeletionOutcome' depends on axioms: [propext,
 Classical.choice,
 Quot.sound]
info: Erdos9796Proof/P97/ATail/PairedCommonDeletionNormalForm.lean:759:0: 'Problem97.ATailPairedCommonDeletionNormalForm.PairedTwoRadiusGrid.keptRetainedPair_sep' depends on axioms: [propext,
 Classical.choice,
 Quot.sound]
info: Erdos9796Proof/P97/ATail/PairedCommonDeletionNormalForm.lean:760:0: 'Problem97.ATailPairedCommonDeletionNormalForm.PairedTwoRadiusGrid.deletedOtherPair_sep' depends on axioms: [propext,
 Classical.choice,
 Quot.sound]
⚠ [10853/10862] Replayed Erdos9796Proof.P97.ATail.FrontierLiveClosure.SharedFrontierHelpers
warning: Erdos9796Proof/P97/ATail/FrontierLiveClosure/SharedFrontierHelpers.lean:574:9: unused variable `ht`

Note: This linter can be disabled with `set_option linter.unusedVariables false`
warning: Erdos9796Proof/P97/ATail/FrontierLiveClosure/SharedFrontierHelpers.lean:714:0: This file has more than one module docstring (`/-! ... -/`). Only the first one is treated as module documentation; convert additional ones to regular comments (`/- ... -/`).

Note: This linter can be disabled with `set_option linter.style.moduleDocstring false`
⚠ [10855/10862] Replayed Erdos9796Proof.P97.ATail.FrontierLiveClosure.GenericRowNogoodCertificate
warning: Erdos9796Proof/P97/ATail/FrontierLiveClosure/GenericRowNogoodCertificate.lean:177:0: `rowsMatch_of_positiveRowsMatch_of_card_eq_four` has the hypothesis:
  • [DecidableEq α] (#2)
which is not used in the remainder of the type.

Consider removing this hypothesis and using `classical` in the proof instead. For terms, consider using `open scoped Classical in` at the term level (not the command level).

Note: This linter can be disabled with `set_option linter.unusedDecidableInType false`
⚠ [10862/10862] Replayed Erdos9796Proof.P97.ATail.FrontierLiveClosure.B1CardSixRawOrderIngress
warning: Erdos9796Proof/P97/ATail/FrontierLiveClosure/B1CardSixRawOrderIngress.lean:264:2: try 'simp' instead of 'simpa'

Note: This linter can be disabled with `set_option linter.unnecessarySimpa false`
Build completed successfully (10862 jobs).
