lake-build: building — don't just wait on it. Update docstrings/module docs/blueprint entries for what you just wrote, stage the next edit or commit message, or line up the next module while this runs.
⚠ [8004/8176] Replayed Erdos9796Proof.P97.Cap.Partition
warning: Erdos9796Proof/P97/Cap/Partition.lean:15:0: This line exceeds the 100 character limit, please shorten it!

Note: This linter can be disabled with `set_option linter.style.longLine false`
⚠ [8006/8176] Replayed Erdos9796Proof.P97.Dumitrescu.L9
warning: Erdos9796Proof/P97/Dumitrescu/L9.lean:53:20: unused variable `h₁`

Note: This linter can be disabled with `set_option linter.unusedVariables false`
warning: Erdos9796Proof/P97/Dumitrescu/L9.lean:53:34: unused variable `h₂`

Note: This linter can be disabled with `set_option linter.unusedVariables false`
warning: Erdos9796Proof/P97/Dumitrescu/L9.lean:53:48: unused variable `h₃`

Note: This linter can be disabled with `set_option linter.unusedVariables false`
⚠ [8019/8176] Replayed Erdos9796Proof.P97.Cap.Structure
warning: Erdos9796Proof/P97/Cap/Structure.lean:282:0: This file has more than one module docstring (`/-! ... -/`). Only the first one is treated as module documentation; convert additional ones to regular comments (`/- ... -/`).

Note: This linter can be disabled with `set_option linter.style.moduleDocstring false`
⚠ [8037/8176] Replayed Erdos9796Proof.P97.CGN.CGN
warning: Erdos9796Proof/P97/CGN/CGN.lean:300:4: 'simp [edgeAt] at hx' is a flexible tactic modifying 'hx'. Try 'simp?' and use the suggested 'simp only [...]'. Alternatively, use `suffices` to explicitly state the simplified form.

Note: This linter can be disabled with `set_option linter.flexible false`
info: Erdos9796Proof/P97/CGN/CGN.lean:301:4: 'rcases hx with rfl | rfl' uses 'hx'!
warning: Erdos9796Proof/P97/CGN/CGN.lean:300:4: 'simp [edgeAt] at hx' is a flexible tactic modifying 'hx'. Try 'simp?' and use the suggested 'simp only [...]'. Alternatively, use `suffices` to explicitly state the simplified form.

Note: This linter can be disabled with `set_option linter.flexible false`
info: Erdos9796Proof/P97/CGN/CGN.lean:302:6: 'exact hmem r' uses 'hx'!
warning: Erdos9796Proof/P97/CGN/CGN.lean:300:4: 'simp [edgeAt] at hx' is a flexible tactic modifying 'hx'. Try 'simp?' and use the suggested 'simp only [...]'. Alternatively, use `suffices` to explicitly state the simplified form.

Note: This linter can be disabled with `set_option linter.flexible false`
info: Erdos9796Proof/P97/CGN/CGN.lean:303:6: 'exact hmem s' uses 'hx'!
warning: Erdos9796Proof/P97/CGN/CGN.lean:336:33: Try `simp at hp_lt` instead of `simpa using hp_lt`

Note: This linter can be disabled with `set_option linter.unnecessarySimpa false`
warning: Erdos9796Proof/P97/CGN/CGN.lean:344:33: Try `simp at hp_lt` instead of `simpa using hp_lt`

Note: This linter can be disabled with `set_option linter.unnecessarySimpa false`
warning: Erdos9796Proof/P97/CGN/CGN.lean:324:2: 'simp [edgeAt] at hp1mem hp2mem' is a flexible tactic modifying 'hp1mem'. Try 'simp?' and use the suggested 'simp only [...]'. Alternatively, use `suffices` to explicitly state the simplified form.

Note: This linter can be disabled with `set_option linter.flexible false`
info: Erdos9796Proof/P97/CGN/CGN.lean:325:2: 'have hp1idx : p.1 = q.1 ∨ p.1 = q.2 := by
  rcases hp1mem with hp1mem | hp1mem
  · exact Or.inl (L.injective hp1mem)
  · exact Or.inr (L.injective hp1mem)' uses 'hp1mem'!
warning: Erdos9796Proof/P97/CGN/CGN.lean:324:2: 'simp [edgeAt] at hp1mem hp2mem' is a flexible tactic modifying 'hp2mem'. Try 'simp?' and use the suggested 'simp only [...]'. Alternatively, use `suffices` to explicitly state the simplified form.

Note: This linter can be disabled with `set_option linter.flexible false`
info: Erdos9796Proof/P97/CGN/CGN.lean:329:2: 'have hp2idx : p.2 = q.1 ∨ p.2 = q.2 := by
  rcases hp2mem with hp2mem | hp2mem
  · exact Or.inl (L.injective hp2mem)
  · exact Or.inr (L.injective hp2mem)' uses 'hp2mem'!
⚠ [8041/8176] Replayed Erdos9796Proof.P97.ConvexCyclicOrder.Construct
warning: Erdos9796Proof/P97/ConvexCyclicOrder/Construct.lean:1296:4: try 'simp' instead of 'simpa'

Note: This linter can be disabled with `set_option linter.unnecessarySimpa false`
⚠ [8043/8176] Replayed Erdos9796Proof.P97.CGN.CGN4g
warning: Erdos9796Proof/P97/CGN/CGN4g.lean:585:4: try 'simp' instead of 'simpa'

Note: This linter can be disabled with `set_option linter.unnecessarySimpa false`
warning: Erdos9796Proof/P97/CGN/CGN4g.lean:593:4: try 'simp' instead of 'simpa'

Note: This linter can be disabled with `set_option linter.unnecessarySimpa false`
warning: Erdos9796Proof/P97/CGN/CGN4g.lean:610:4: try 'simp' instead of 'simpa'

Note: This linter can be disabled with `set_option linter.unnecessarySimpa false`
warning: Erdos9796Proof/P97/CGN/CGN4g.lean:616:8: try 'simp' instead of 'simpa'

Note: This linter can be disabled with `set_option linter.unnecessarySimpa false`
warning: Erdos9796Proof/P97/CGN/CGN4g.lean:623:4: try 'simp' instead of 'simpa'

Note: This linter can be disabled with `set_option linter.unnecessarySimpa false`
warning: Erdos9796Proof/P97/CGN/CGN4g.lean:752:8: try 'simp' instead of 'simpa'

Note: This linter can be disabled with `set_option linter.unnecessarySimpa false`
warning: Erdos9796Proof/P97/CGN/CGN4g.lean:1334:12: try 'simp' instead of 'simpa'

Note: This linter can be disabled with `set_option linter.unnecessarySimpa false`
warning: Erdos9796Proof/P97/CGN/CGN4g.lean:1345:4: try 'simp' instead of 'simpa'

Note: This linter can be disabled with `set_option linter.unnecessarySimpa false`
warning: Erdos9796Proof/P97/CGN/CGN4g.lean:1376:20: try 'simp' instead of 'simpa'

Note: This linter can be disabled with `set_option linter.unnecessarySimpa false`
warning: Erdos9796Proof/P97/CGN/CGN4g.lean:1376:52: try 'simp' instead of 'simpa'

Note: This linter can be disabled with `set_option linter.unnecessarySimpa false`
warning: Erdos9796Proof/P97/CGN/CGN4g.lean:1471:23: try 'simp' instead of 'simpa'

Note: This linter can be disabled with `set_option linter.unnecessarySimpa false`
warning: Erdos9796Proof/P97/CGN/CGN4g.lean:1479:23: try 'simp' instead of 'simpa'

Note: This linter can be disabled with `set_option linter.unnecessarySimpa false`
warning: Erdos9796Proof/P97/CGN/CGN4g.lean:1518:20: try 'simp' instead of 'simpa'

Note: This linter can be disabled with `set_option linter.unnecessarySimpa false`
warning: Erdos9796Proof/P97/CGN/CGN4g.lean:1518:52: try 'simp' instead of 'simpa'

Note: This linter can be disabled with `set_option linter.unnecessarySimpa false`
warning: Erdos9796Proof/P97/CGN/CGN4g.lean:1613:23: try 'simp' instead of 'simpa'

Note: This linter can be disabled with `set_option linter.unnecessarySimpa false`
warning: Erdos9796Proof/P97/CGN/CGN4g.lean:1621:23: try 'simp' instead of 'simpa'

Note: This linter can be disabled with `set_option linter.unnecessarySimpa false`
warning: Erdos9796Proof/P97/CGN/CGN4g.lean:1650:8: unused variable `Hside`

Note: This linter can be disabled with `set_option linter.unusedVariables false`
warning: Erdos9796Proof/P97/CGN/CGN4g.lean:1651:8: unused variable `Hord`

Note: This linter can be disabled with `set_option linter.unusedVariables false`
warning: Erdos9796Proof/P97/CGN/CGN4g.lean:1696:8: unused variable `Hside`

Note: This linter can be disabled with `set_option linter.unusedVariables false`
warning: Erdos9796Proof/P97/CGN/CGN4g.lean:1697:8: unused variable `Hord`

Note: This linter can be disabled with `set_option linter.unusedVariables false`
⚠ [8045/8176] Replayed Erdos9796Proof.P97.CGN.CGN6
warning: Erdos9796Proof/P97/CGN/CGN6.lean:205:20: unused variable `hn`

Note: This linter can be disabled with `set_option linter.unusedVariables false`
warning: Erdos9796Proof/P97/CGN/CGN6.lean:216:5: unused variable `he`

Note: This linter can be disabled with `set_option linter.unusedVariables false`
warning: Erdos9796Proof/P97/CGN/CGN6.lean:229:2: try 'simp' instead of 'simpa'

Note: This linter can be disabled with `set_option linter.unnecessarySimpa false`
warning: Erdos9796Proof/P97/CGN/CGN6.lean:236:64: This simp argument is unused:
  inner_add_right

Hint: Omit it from the simp argument list.
  simp [chordFrame, inner_add_left,̵ ̵i̵n̵n̵e̵r̵_̵a̵d̵d̵_̵r̵i̵g̵h̵t̵]

Note: This linter can be disabled with `set_option linter.unusedSimpArgs false`
warning: Erdos9796Proof/P97/CGN/CGN6.lean:240:65: This simp argument is unused:
  inner_smul_right

Hint: Omit it from the simp argument list.
  simp [chordFrame, inner_smul_left,̵ ̵i̵n̵n̵e̵r̵_̵s̵m̵u̵l̵_̵r̵i̵g̵h̵t̵]

Note: This linter can be disabled with `set_option linter.unusedSimpArgs false`
warning: Erdos9796Proof/P97/CGN/CGN6.lean:236:10: Used `tac1 <;> tac2` where `(tac1; tac2)` would suffice

Note: This linter can be disabled with `set_option linter.unnecessarySeqFocus false`
warning: Erdos9796Proof/P97/CGN/CGN6.lean:240:10: Used `tac1 <;> tac2` where `(tac1; tac2)` would suffice

Note: This linter can be disabled with `set_option linter.unnecessarySeqFocus false`
warning: Erdos9796Proof/P97/CGN/CGN6.lean:252:4: try 'simp' instead of 'simpa'

Note: This linter can be disabled with `set_option linter.unnecessarySimpa false`
warning: Erdos9796Proof/P97/CGN/CGN6.lean:254:4: try 'simp' instead of 'simpa'

Note: This linter can be disabled with `set_option linter.unnecessarySimpa false`
warning: Erdos9796Proof/P97/CGN/CGN6.lean:256:4: try 'simp' instead of 'simpa'

Note: This linter can be disabled with `set_option linter.unnecessarySimpa false`
warning: Erdos9796Proof/P97/CGN/CGN6.lean:272:6: try 'simp' instead of 'simpa'

Note: This linter can be disabled with `set_option linter.unnecessarySimpa false`
warning: Erdos9796Proof/P97/CGN/CGN6.lean:285:4: try 'simp' instead of 'simpa'

Note: This linter can be disabled with `set_option linter.unnecessarySimpa false`
warning: Erdos9796Proof/P97/CGN/CGN6.lean:289:4: try 'simp' instead of 'simpa'

Note: This linter can be disabled with `set_option linter.unnecessarySimpa false`
warning: Erdos9796Proof/P97/CGN/CGN6.lean:343:8: Used `tac1 <;> tac2` where `(tac1; tac2)` would suffice

Note: This linter can be disabled with `set_option linter.unnecessarySeqFocus false`
warning: Erdos9796Proof/P97/CGN/CGN6.lean:410:4: try 'simp' instead of 'simpa'

Note: This linter can be disabled with `set_option linter.unnecessarySimpa false`
warning: Erdos9796Proof/P97/CGN/CGN6.lean:412:4: try 'simp' instead of 'simpa'

Note: This linter can be disabled with `set_option linter.unnecessarySimpa false`
warning: Erdos9796Proof/P97/CGN/CGN6.lean:421:6: try 'simp' instead of 'simpa'

Note: This linter can be disabled with `set_option linter.unnecessarySimpa false`
warning: Erdos9796Proof/P97/CGN/CGN6.lean:491:8: try 'simp' instead of 'simpa'

Note: This linter can be disabled with `set_option linter.unnecessarySimpa false`
warning: Erdos9796Proof/P97/CGN/CGN6.lean:556:8: try 'simp' instead of 'simpa'

Note: This linter can be disabled with `set_option linter.unnecessarySimpa false`
warning: Erdos9796Proof/P97/CGN/CGN6.lean:558:33: try 'simp' instead of 'simpa'

Note: This linter can be disabled with `set_option linter.unnecessarySimpa false`
warning: Erdos9796Proof/P97/CGN/CGN6.lean:561:4: try 'simp' instead of 'simpa'

Note: This linter can be disabled with `set_option linter.unnecessarySimpa false`
warning: Erdos9796Proof/P97/CGN/CGN6.lean:596:8: try 'simp' instead of 'simpa'

Note: This linter can be disabled with `set_option linter.unnecessarySimpa false`
warning: Erdos9796Proof/P97/CGN/CGN6.lean:376:40: unused variable `tau`

Note: This linter can be disabled with `set_option linter.unusedVariables false`
warning: Erdos9796Proof/P97/CGN/CGN6.lean:513:40: This simp argument is unused:
  map_sub

Hint: Omit it from the simp argument list.
  simp [T, sub_eq_add_neg, map_add, m̵ap̵_̵s̵u̵b̵,̵ ̵a̵dd_comm, add_left_comm, add_assoc]

Note: This linter can be disabled with `set_option linter.unusedSimpArgs false`
warning: Erdos9796Proof/P97/CGN/CGN6.lean:513:59: This simp argument is unused:
  add_left_comm

Hint: Omit it from the simp argument list.
  simp [T, sub_eq_add_neg, map_add, map_sub, add_comm, a̵d̵d̵_̵l̵e̵f̵t̵_̵c̵o̵m̵m̵,̵ ̵add_assoc]

Note: This linter can be disabled with `set_option linter.unusedSimpArgs false`
warning: Erdos9796Proof/P97/CGN/CGN6.lean:513:74: This simp argument is unused:
  add_assoc

Hint: Omit it from the simp argument list.
  simp [T, sub_eq_add_neg, map_add, map_sub, add_comm, add_left_comm,̵ ̵a̵d̵d̵_̵a̵s̵s̵o̵c̵]

Note: This linter can be disabled with `set_option linter.unusedSimpArgs false`
warning: Erdos9796Proof/P97/CGN/CGN6.lean:603:78: This simp argument is unused:
  EuclideanSpace.ofLp_single

Hint: Omit it from the simp argument list.
  simp [T, F, chordLinear, chordFrame, vec2, EuclideanSpace.single_apply,̵ ̵E̵u̵c̵l̵i̵d̵e̵a̵n̵S̵p̵a̵c̵e̵.̵o̵f̵L̵p̵_̵s̵i̵n̵g̵l̵e̵]

Note: This linter can be disabled with `set_option linter.unusedSimpArgs false`
warning: Erdos9796Proof/P97/CGN/CGN6.lean:657:43: This simp argument is unused:
  real_inner_self_eq_norm_sq

Hint: Omit it from the simp argument list.
  simp [e, u, real_inner_smul_right, r̵e̵a̵l̵_̵i̵n̵n̵e̵r̵_̵s̵e̵l̵f̵_̵e̵q̵_̵n̵o̵r̵m̵_̵s̵q̵,̵ ̵hu_norm.ne']

Note: This linter can be disabled with `set_option linter.unusedSimpArgs false`
warning: Erdos9796Proof/P97/CGN/CGN6.lean:464:12: Used `tac1 <;> tac2` where `(tac1; tac2)` would suffice

Note: This linter can be disabled with `set_option linter.unnecessarySeqFocus false`
warning: Erdos9796Proof/P97/CGN/CGN6.lean:467:12: Used `tac1 <;> tac2` where `(tac1; tac2)` would suffice

Note: This linter can be disabled with `set_option linter.unnecessarySeqFocus false`
warning: Erdos9796Proof/P97/CGN/CGN6.lean:602:10: Used `tac1 <;> tac2` where `(tac1; tac2)` would suffice

Note: This linter can be disabled with `set_option linter.unnecessarySeqFocus false`
warning: Erdos9796Proof/P97/CGN/CGN6.lean:756:16: Used `tac1 <;> tac2` where `(tac1; tac2)` would suffice

Note: This linter can be disabled with `set_option linter.unnecessarySeqFocus false`
warning: Erdos9796Proof/P97/CGN/CGN6.lean:366:0: Please, add a comment explaining the need for modifying the maxHeartbeat limit, as in
set_option maxHeartbeats 600000 in
-- reason for change
...

Note: This linter can be disabled with `set_option linter.style.maxHeartbeats false`
warning: Erdos9796Proof/P97/CGN/CGN6.lean:461:0: This line exceeds the 100 character limit, please shorten it!

Note: This linter can be disabled with `set_option linter.style.longLine false`
warning: Erdos9796Proof/P97/CGN/CGN6.lean:603:0: This line exceeds the 100 character limit, please shorten it!

Note: This linter can be disabled with `set_option linter.style.longLine false`
warning: Erdos9796Proof/P97/CGN/CGN6.lean:775:0: This line exceeds the 100 character limit, please shorten it!

Note: This linter can be disabled with `set_option linter.style.longLine false`
warning: Erdos9796Proof/P97/CGN/CGN6.lean:847:0: This line exceeds the 100 character limit, please shorten it!

Note: This linter can be disabled with `set_option linter.style.longLine false`
warning: Erdos9796Proof/P97/CGN/CGN6.lean:1120:6: 'simp [xCoord, ht0, ht1]' is a flexible tactic modifying '⊢'. Try 'simp?' and use the suggested 'simp only [...]'. Alternatively, use `suffices` to explicitly state the simplified form.

Note: This linter can be disabled with `set_option linter.flexible false`
info: Erdos9796Proof/P97/CGN/CGN6.lean:1121:6: 'exact L.x_strict (by simp [finIndex])' uses '⊢'!
warning: Erdos9796Proof/P97/CGN/CGN6.lean:1138:10: 'simp [xCoord, ht0, ht1]' is a flexible tactic modifying '⊢'. Try 'simp?' and use the suggested 'simp only [...]'. Alternatively, use `suffices` to explicitly state the simplified form.

Note: This linter can be disabled with `set_option linter.flexible false`
info: Erdos9796Proof/P97/CGN/CGN6.lean:1141:10: 'exact L.x_strict hlt_fin' uses '⊢'!
warning: Erdos9796Proof/P97/CGN/CGN6.lean:1382:6: try 'simp' instead of 'simpa'

Note: This linter can be disabled with `set_option linter.unnecessarySimpa false`
warning: Erdos9796Proof/P97/CGN/CGN6.lean:1409:8: try 'simp' instead of 'simpa'

Note: This linter can be disabled with `set_option linter.unnecessarySimpa false`
warning: Erdos9796Proof/P97/CGN/CGN6.lean:1415:29: Used `tac1 <;> tac2` where `(tac1; tac2)` would suffice

Note: This linter can be disabled with `set_option linter.unnecessarySeqFocus false`
warning: Erdos9796Proof/P97/CGN/CGN6.lean:1435:29: Used `tac1 <;> tac2` where `(tac1; tac2)` would suffice

Note: This linter can be disabled with `set_option linter.unnecessarySeqFocus false`
warning: Erdos9796Proof/P97/CGN/CGN6.lean:1491:47: Used `tac1 <;> tac2` where `(tac1; tac2)` would suffice

Note: This linter can be disabled with `set_option linter.unnecessarySeqFocus false`
warning: Erdos9796Proof/P97/CGN/CGN6.lean:1263:6: 'simp [xCoord, ht0, ht1]' is a flexible tactic modifying '⊢'. Try 'simp?' and use the suggested 'simp only [...]'. Alternatively, use `suffices` to explicitly state the simplified form.

Note: This linter can be disabled with `set_option linter.flexible false`
info: Erdos9796Proof/P97/CGN/CGN6.lean:1264:6: 'exact L.x_strict (by simp [finIndex])' uses '⊢'!
warning: Erdos9796Proof/P97/CGN/CGN6.lean:1300:10: 'simp [xCoord, ht0, ht1]' is a flexible tactic modifying '⊢'. Try 'simp?' and use the suggested 'simp only [...]'. Alternatively, use `suffices` to explicitly state the simplified form.

Note: This linter can be disabled with `set_option linter.flexible false`
info: Erdos9796Proof/P97/CGN/CGN6.lean:1303:10: 'exact L.x_strict hlt_fin' uses '⊢'!
warning: Erdos9796Proof/P97/CGN/CGN6.lean:1524:6: try 'simp' instead of 'simpa'

Note: This linter can be disabled with `set_option linter.unnecessarySimpa false`
warning: Erdos9796Proof/P97/CGN/CGN6.lean:1581:6: try 'simp' instead of 'simpa'

Note: This linter can be disabled with `set_option linter.unnecessarySimpa false`
warning: Erdos9796Proof/P97/CGN/CGN6.lean:1586:8: try 'simp' instead of 'simpa'

Note: This linter can be disabled with `set_option linter.unnecessarySimpa false`
warning: Erdos9796Proof/P97/CGN/CGN6.lean:1771:4: try 'simp' instead of 'simpa'

Note: This linter can be disabled with `set_option linter.unnecessarySimpa false`
warning: Erdos9796Proof/P97/CGN/CGN6.lean:2053:5: unused variable `Model`

Note: This linter can be disabled with `set_option linter.unusedVariables false`
⚠ [8052/8176] Replayed Erdos9796Proof.P97.U2EquilateralMECFromM44
warning: Erdos9796Proof/P97/U2EquilateralMECFromM44.lean:9:0: This file has no module docstring (`/-! ... -/`). Add one after the imports to document the file.

Note: This linter can be disabled with `set_option linter.style.moduleDocstring false`
⚠ [8056/8176] Replayed Erdos9796Proof.P97.NoDiameterUnderK4
warning: Erdos9796Proof/P97/NoDiameterUnderK4.lean:319:29: 'simp' is a flexible tactic modifying '⊢'. Try 'simp?' and use the suggested 'simp only [...]'. Alternatively, use `suffices` to explicitly state the simplified form.

Note: This linter can be disabled with `set_option linter.flexible false`
info: Erdos9796Proof/P97/NoDiameterUnderK4.lean:319:29: Try this:
  [apply] simp only [Nat.succ_eq_add_one, Nat.reduceAdd, Fin.zero_eta, Fin.isValue, Matrix.cons_val_zero]
info: Erdos9796Proof/P97/NoDiameterUnderK4.lean:319:38: 'assumption' uses '⊢'!
warning: Erdos9796Proof/P97/NoDiameterUnderK4.lean:319:29: 'simp' is a flexible tactic modifying '⊢'. Try 'simp?' and use the suggested 'simp only [...]'. Alternatively, use `suffices` to explicitly state the simplified form.

Note: This linter can be disabled with `set_option linter.flexible false`
info: Erdos9796Proof/P97/NoDiameterUnderK4.lean:319:29: Try this:
  [apply] simp only [Nat.succ_eq_add_one, Nat.reduceAdd, Fin.mk_one, Fin.isValue, Matrix.cons_val_one,
    Matrix.cons_val_zero]
info: Erdos9796Proof/P97/NoDiameterUnderK4.lean:319:38: 'assumption' uses '⊢'!
warning: Erdos9796Proof/P97/NoDiameterUnderK4.lean:319:29: 'simp' is a flexible tactic modifying '⊢'. Try 'simp?' and use the suggested 'simp only [...]'. Alternatively, use `suffices` to explicitly state the simplified form.

Note: This linter can be disabled with `set_option linter.flexible false`
info: Erdos9796Proof/P97/NoDiameterUnderK4.lean:319:29: Try this:
  [apply] simp only [Nat.succ_eq_add_one, Nat.reduceAdd, Fin.reduceFinMk, Matrix.cons_val]
info: Erdos9796Proof/P97/NoDiameterUnderK4.lean:319:38: 'assumption' uses '⊢'!
warning: Erdos9796Proof/P97/NoDiameterUnderK4.lean:325:4: 'simp [Fin.sum_univ_three]' is a flexible tactic modifying '⊢'. Try 'simp?' and use the suggested 'simp only [...]'. Alternatively, use `suffices` to explicitly state the simplified form.

Note: This linter can be disabled with `set_option linter.flexible false`
info: Erdos9796Proof/P97/NoDiameterUnderK4.lean:325:4: Try this:
  [apply] simp only [Nat.succ_eq_add_one, Nat.reduceAdd]
info: Erdos9796Proof/P97/NoDiameterUnderK4.lean:326:4: 'exact hq' uses '⊢'!
warning: Erdos9796Proof/P97/NoDiameterUnderK4.lean:333:0: Please, add a comment explaining the need for modifying the maxHeartbeat limit, as in
set_option maxHeartbeats 600000 in
-- reason for change
...

Note: This linter can be disabled with `set_option linter.style.maxHeartbeats false`
warning: Erdos9796Proof/P97/NoDiameterUnderK4.lean:576:0: Please, add a comment explaining the need for modifying the maxHeartbeat limit, as in
set_option maxHeartbeats 400000 in
-- reason for change
...

Note: This linter can be disabled with `set_option linter.style.maxHeartbeats false`
warning: Erdos9796Proof/P97/NoDiameterUnderK4.lean:886:8: 'simp' is a flexible tactic modifying '⊢'. Try 'simp?' and use the suggested 'simp only [...]'. Alternatively, use `suffices` to explicitly state the simplified form.

Note: This linter can be disabled with `set_option linter.flexible false`
info: Erdos9796Proof/P97/NoDiameterUnderK4.lean:886:8: Try this:
  [apply] simp only [mem_singleton]
info: Erdos9796Proof/P97/NoDiameterUnderK4.lean:886:14: 'exact hq_b.symm' uses '⊢'!
warning: Erdos9796Proof/P97/NoDiameterUnderK4.lean:887:8: 'simp' is a flexible tactic modifying '⊢'. Try 'simp?' and use the suggested 'simp only [...]'. Alternatively, use `suffices` to explicitly state the simplified form.

Note: This linter can be disabled with `set_option linter.flexible false`
info: Erdos9796Proof/P97/NoDiameterUnderK4.lean:887:8: Try this:
  [apply] simp only [mem_insert, mem_singleton, not_or]
info: Erdos9796Proof/P97/NoDiameterUnderK4.lean:888:10: 'exact hab_ne' uses '⊢'!
warning: Erdos9796Proof/P97/NoDiameterUnderK4.lean:887:8: 'simp' is a flexible tactic modifying '⊢'. Try 'simp?' and use the suggested 'simp only [...]'. Alternatively, use `suffices` to explicitly state the simplified form.

Note: This linter can be disabled with `set_option linter.flexible false`
info: Erdos9796Proof/P97/NoDiameterUnderK4.lean:887:8: Try this:
  [apply] simp only [mem_insert, mem_singleton, not_or]
info: Erdos9796Proof/P97/NoDiameterUnderK4.lean:889:10: 'exact hq_a.symm' uses '⊢'!
⚠ [8057/8176] Replayed Erdos9796Proof.P97.CGN.CGN7
warning: Erdos9796Proof/P97/CGN/CGN7.lean:209:10: try 'simp' instead of 'simpa'

Note: This linter can be disabled with `set_option linter.unnecessarySimpa false`
warning: Erdos9796Proof/P97/CGN/CGN7.lean:211:10: try 'simp' instead of 'simpa'

Note: This linter can be disabled with `set_option linter.unnecessarySimpa false`
warning: Erdos9796Proof/P97/CGN/CGN7.lean:76:5: unused variable `Hord`

Note: This linter can be disabled with `set_option linter.unusedVariables false`
warning: Erdos9796Proof/P97/CGN/CGN7.lean:77:5: unused variable `hconv`

Note: This linter can be disabled with `set_option linter.unusedVariables false`
warning: Erdos9796Proof/P97/CGN/CGN7.lean:78:5: unused variable `hmem`

Note: This linter can be disabled with `set_option linter.unusedVariables false`
warning: Erdos9796Proof/P97/CGN/CGN7.lean:119:32: This simp argument is unused:
  ih

Hint: Omit it from the simp argument list.
  simp [Finset.sigma, ha, i̵h̵,̵ ̵Finset.card_disjUnion]

Note: This linter can be disabled with `set_option linter.unusedSimpArgs false`
warning: Erdos9796Proof/P97/CGN/CGN7.lean:119:36: This simp argument is unused:
  Finset.card_disjUnion

Hint: Omit it from the simp argument list.
  simp [Finset.sigma, ha, ih,̵ ̵F̵i̵n̵s̵e̵t̵.̵c̵a̵r̵d̵_̵d̵i̵s̵j̵U̵n̵i̵o̵n̵]

Note: This linter can be disabled with `set_option linter.unusedSimpArgs false`
⚠ [8058/8176] Replayed Erdos9796Proof.P97.ArcPartitionCount
warning: Erdos9796Proof/P97/ArcPartitionCount.lean:67:12: please avoid 'open (scoped) Classical' statements: this can hide theorem statements which would be better stated with explicit decidability statements.
Instead, use `open Classical in` for definitions or instances, the `classical` tactic for proofs.
For theorem statements, either add missing decidability assumptions or use `open Classical in`.

Note: This linter can be disabled with `set_option linter.style.openClassical false`
warning: Erdos9796Proof/P97/ArcPartitionCount.lean:605:8: 'simp [Fin.sum_univ_three]
        -- a • V1 + b • V2 + (1 - a - b) • V3 = v.
        -- From h_decomp: v - V3 = a • (V1 - V3) + b • (V2 - V3).
        -- So v = a • V1 + b • V2 + (1 - a - b) • V3.' is a flexible tactic modifying '⊢'. Try 'simp?' and use the suggested 'simp only [...]'. Alternatively, use `suffices` to explicitly state the simplified form.

Note: This linter can be disabled with `set_option linter.flexible false`
info: Erdos9796Proof/P97/ArcPartitionCount.lean:618:8: 'rw [h_decomp']' uses '⊢'!
⚠ [8061/8176] Replayed Erdos9796Proof.P97.Dumitrescu.L10
warning: Erdos9796Proof/P97/Dumitrescu/L10.lean:85:0: This file has more than one module docstring (`/-! ... -/`). Only the first one is treated as module documentation; convert additional ones to regular comments (`/- ... -/`).

Note: This linter can be disabled with `set_option linter.style.moduleDocstring false`
⚠ [8062/8176] Replayed Erdos9796Proof.P97.CGN.CGN8
warning: Erdos9796Proof/P97/CGN/CGN8.lean:277:12: try 'simp' instead of 'simpa'

Note: This linter can be disabled with `set_option linter.unnecessarySimpa false`
warning: Erdos9796Proof/P97/CGN/CGN8.lean:280:12: try 'simp' instead of 'simpa'

Note: This linter can be disabled with `set_option linter.unnecessarySimpa false`
warning: Erdos9796Proof/P97/CGN/CGN8.lean:175:34: This simp argument is unused:
  ih

Hint: Omit it from the simp argument list.
  simp [Finset.sigma, ha, i̵h̵,̵ ̵Finset.card_disjUnion]

Note: This linter can be disabled with `set_option linter.unusedSimpArgs false`
warning: Erdos9796Proof/P97/CGN/CGN8.lean:175:38: This simp argument is unused:
  Finset.card_disjUnion

Hint: Omit it from the simp argument list.
  simp [Finset.sigma, ha, ih,̵ ̵F̵i̵n̵s̵e̵t̵.̵c̵a̵r̵d̵_̵d̵i̵s̵j̵U̵n̵i̵o̵n̵]

Note: This linter can be disabled with `set_option linter.unusedSimpArgs false`
warning: Erdos9796Proof/P97/CGN/CGN8.lean:485:34: This simp argument is unused:
  nsmul_eq_mul

Hint: Omit it from the simp argument list.
  simp [Finset.sum_const, n̵s̵m̵u̵l̵_̵e̵q̵_̵m̵u̵l̵,̵ ̵Nat.mul_comm]

Note: This linter can be disabled with `set_option linter.unusedSimpArgs false`
warning: Erdos9796Proof/P97/CGN/CGN8.lean:551:6: 'simp at hx' is a flexible tactic modifying 'hx'. Try 'simp?' and use the suggested 'simp only [...]'. Alternatively, use `suffices` to explicitly state the simplified form.

Note: This linter can be disabled with `set_option linter.flexible false`
info: Erdos9796Proof/P97/CGN/CGN8.lean:552:6: 'rcases hx with rfl | rfl' uses 'hx'!
warning: Erdos9796Proof/P97/CGN/CGN8.lean:551:6: 'simp at hx' is a flexible tactic modifying 'hx'. Try 'simp?' and use the suggested 'simp only [...]'. Alternatively, use `suffices` to explicitly state the simplified form.

Note: This linter can be disabled with `set_option linter.flexible false`
info: Erdos9796Proof/P97/CGN/CGN8.lean:553:8: 'exact CP.v2_mem_C1' uses 'hx'!
warning: Erdos9796Proof/P97/CGN/CGN8.lean:551:6: 'simp at hx' is a flexible tactic modifying 'hx'. Try 'simp?' and use the suggested 'simp only [...]'. Alternatively, use `suffices` to explicitly state the simplified form.

Note: This linter can be disabled with `set_option linter.flexible false`
info: Erdos9796Proof/P97/CGN/CGN8.lean:554:8: 'exact CP.v3_mem_C1' uses 'hx'!
warning: Erdos9796Proof/P97/CGN/CGN8.lean:562:6: 'simp at hx' is a flexible tactic modifying 'hx'. Try 'simp?' and use the suggested 'simp only [...]'. Alternatively, use `suffices` to explicitly state the simplified form.

Note: This linter can be disabled with `set_option linter.flexible false`
info: Erdos9796Proof/P97/CGN/CGN8.lean:563:6: 'rcases hx with rfl | rfl' uses 'hx'!
warning: Erdos9796Proof/P97/CGN/CGN8.lean:562:6: 'simp at hx' is a flexible tactic modifying 'hx'. Try 'simp?' and use the suggested 'simp only [...]'. Alternatively, use `suffices` to explicitly state the simplified form.

Note: This linter can be disabled with `set_option linter.flexible false`
info: Erdos9796Proof/P97/CGN/CGN8.lean:564:8: 'exact CP.v3_mem_C2' uses 'hx'!
warning: Erdos9796Proof/P97/CGN/CGN8.lean:562:6: 'simp at hx' is a flexible tactic modifying 'hx'. Try 'simp?' and use the suggested 'simp only [...]'. Alternatively, use `suffices` to explicitly state the simplified form.

Note: This linter can be disabled with `set_option linter.flexible false`
info: Erdos9796Proof/P97/CGN/CGN8.lean:565:8: 'exact CP.v1_mem_C2' uses 'hx'!
warning: Erdos9796Proof/P97/CGN/CGN8.lean:573:6: 'simp at hx' is a flexible tactic modifying 'hx'. Try 'simp?' and use the suggested 'simp only [...]'. Alternatively, use `suffices` to explicitly state the simplified form.

Note: This linter can be disabled with `set_option linter.flexible false`
info: Erdos9796Proof/P97/CGN/CGN8.lean:574:6: 'rcases hx with rfl | rfl' uses 'hx'!
warning: Erdos9796Proof/P97/CGN/CGN8.lean:573:6: 'simp at hx' is a flexible tactic modifying 'hx'. Try 'simp?' and use the suggested 'simp only [...]'. Alternatively, use `suffices` to explicitly state the simplified form.

Note: This linter can be disabled with `set_option linter.flexible false`
info: Erdos9796Proof/P97/CGN/CGN8.lean:575:8: 'exact CP.v1_mem_C3' uses 'hx'!
warning: Erdos9796Proof/P97/CGN/CGN8.lean:573:6: 'simp at hx' is a flexible tactic modifying 'hx'. Try 'simp?' and use the suggested 'simp only [...]'. Alternatively, use `suffices` to explicitly state the simplified form.

Note: This linter can be disabled with `set_option linter.flexible false`
info: Erdos9796Proof/P97/CGN/CGN8.lean:576:8: 'exact CP.v2_mem_C3' uses 'hx'!
warning: Erdos9796Proof/P97/CGN/CGN8.lean:214:0: This line exceeds the 100 character limit, please shorten it!

Note: This linter can be disabled with `set_option linter.style.longLine false`
⚠ [8064/8176] Replayed Erdos9796Proof.P97.N9Endpoint.Shell
warning: Erdos9796Proof/P97/N9Endpoint/Shell.lean:214:12: Try `simp at hone` instead of `simpa using hone`

Note: This linter can be disabled with `set_option linter.unnecessarySimpa false`
warning: Erdos9796Proof/P97/N9Endpoint/Shell.lean:293:12: Try `simp at hone` instead of `simpa using hone`

Note: This linter can be disabled with `set_option linter.unnecessarySimpa false`
warning: Erdos9796Proof/P97/N9Endpoint/Shell.lean:372:12: Try `simp at hone` instead of `simpa using hone`

Note: This linter can be disabled with `set_option linter.unnecessarySimpa false`
warning: Erdos9796Proof/P97/N9Endpoint/Shell.lean:410:6: 'simp at hx' is a flexible tactic modifying 'hx'. Try 'simp?' and use the suggested 'simp only [...]'. Alternatively, use `suffices` to explicitly state the simplified form.

Note: This linter can be disabled with `set_option linter.flexible false`
info: Erdos9796Proof/P97/N9Endpoint/Shell.lean:411:6: 'rcases hx with rfl | rfl' uses 'hx'!
warning: Erdos9796Proof/P97/N9Endpoint/Shell.lean:410:6: 'simp at hx' is a flexible tactic modifying 'hx'. Try 'simp?' and use the suggested 'simp only [...]'. Alternatively, use `suffices` to explicitly state the simplified form.

Note: This linter can be disabled with `set_option linter.flexible false`
info: Erdos9796Proof/P97/N9Endpoint/Shell.lean:412:8: 'exact S.CP.v2_mem_C1' uses 'hx'!
warning: Erdos9796Proof/P97/N9Endpoint/Shell.lean:410:6: 'simp at hx' is a flexible tactic modifying 'hx'. Try 'simp?' and use the suggested 'simp only [...]'. Alternatively, use `suffices` to explicitly state the simplified form.

Note: This linter can be disabled with `set_option linter.flexible false`
info: Erdos9796Proof/P97/N9Endpoint/Shell.lean:413:8: 'exact S.CP.v3_mem_C1' uses 'hx'!
warning: Erdos9796Proof/P97/N9Endpoint/Shell.lean:439:6: 'simp at hx' is a flexible tactic modifying 'hx'. Try 'simp?' and use the suggested 'simp only [...]'. Alternatively, use `suffices` to explicitly state the simplified form.

Note: This linter can be disabled with `set_option linter.flexible false`
info: Erdos9796Proof/P97/N9Endpoint/Shell.lean:440:6: 'rcases hx with rfl | rfl' uses 'hx'!
warning: Erdos9796Proof/P97/N9Endpoint/Shell.lean:439:6: 'simp at hx' is a flexible tactic modifying 'hx'. Try 'simp?' and use the suggested 'simp only [...]'. Alternatively, use `suffices` to explicitly state the simplified form.

Note: This linter can be disabled with `set_option linter.flexible false`
info: Erdos9796Proof/P97/N9Endpoint/Shell.lean:441:8: 'exact S.CP.v3_mem_C2' uses 'hx'!
warning: Erdos9796Proof/P97/N9Endpoint/Shell.lean:439:6: 'simp at hx' is a flexible tactic modifying 'hx'. Try 'simp?' and use the suggested 'simp only [...]'. Alternatively, use `suffices` to explicitly state the simplified form.

Note: This linter can be disabled with `set_option linter.flexible false`
info: Erdos9796Proof/P97/N9Endpoint/Shell.lean:442:8: 'exact S.CP.v1_mem_C2' uses 'hx'!
warning: Erdos9796Proof/P97/N9Endpoint/Shell.lean:475:6: 'simp at hx' is a flexible tactic modifying 'hx'. Try 'simp?' and use the suggested 'simp only [...]'. Alternatively, use `suffices` to explicitly state the simplified form.

Note: This linter can be disabled with `set_option linter.flexible false`
info: Erdos9796Proof/P97/N9Endpoint/Shell.lean:476:6: 'rcases hx with rfl | rfl' uses 'hx'!
warning: Erdos9796Proof/P97/N9Endpoint/Shell.lean:475:6: 'simp at hx' is a flexible tactic modifying 'hx'. Try 'simp?' and use the suggested 'simp only [...]'. Alternatively, use `suffices` to explicitly state the simplified form.

Note: This linter can be disabled with `set_option linter.flexible false`
info: Erdos9796Proof/P97/N9Endpoint/Shell.lean:477:8: 'exact S.CP.v1_mem_C3' uses 'hx'!
warning: Erdos9796Proof/P97/N9Endpoint/Shell.lean:475:6: 'simp at hx' is a flexible tactic modifying 'hx'. Try 'simp?' and use the suggested 'simp only [...]'. Alternatively, use `suffices` to explicitly state the simplified form.

Note: This linter can be disabled with `set_option linter.flexible false`
info: Erdos9796Proof/P97/N9Endpoint/Shell.lean:478:8: 'exact S.CP.v2_mem_C3' uses 'hx'!
⚠ [8067/8176] Replayed Erdos9796Proof.P97.U2.OneHitMonotone
warning: Erdos9796Proof/P97/U2/OneHitMonotone.lean:107:71: missing space in the source

This part of the code
  'π/3) :'
should be written as
  'π / 3)'


Note: This linter can be disabled with `set_option linter.style.whitespace false`
warning: Erdos9796Proof/P97/U2/OneHitMonotone.lean:148:66: missing space in the source

This part of the code
  'π/3) :'
should be written as
  'π / 3)'


Note: This linter can be disabled with `set_option linter.style.whitespace false`
warning: Erdos9796Proof/P97/U2/OneHitMonotone.lean:162:64: missing space in the source

This part of the code
  'π/3)
 '
should be written as
  'π / 3)'


Note: This linter can be disabled with `set_option linter.style.whitespace false`
warning: Erdos9796Proof/P97/U2/OneHitMonotone.lean:164:34: missing space in the source

This part of the code
  '(0:ℝ) (π/3))'
should be written as
  '(0 : ℝ)'


Note: This linter can be disabled with `set_option linter.style.whitespace false`
warning: Erdos9796Proof/P97/U2/OneHitMonotone.lean:164:40: missing space in the source

This part of the code
  '(π/3))
'
should be written as
  '(π / 3))'


Note: This linter can be disabled with `set_option linter.style.whitespace false`
warning: Erdos9796Proof/P97/U2/OneHitMonotone.lean:172:0: This file has more than one module docstring (`/-! ... -/`). Only the first one is treated as module documentation; convert additional ones to regular comments (`/- ... -/`).

Note: This linter can be disabled with `set_option linter.style.moduleDocstring false`
warning: Erdos9796Proof/P97/U2/OneHitMonotone.lean:212:71: missing space in the source

This part of the code
  'π/3) :'
should be written as
  'π / 3)'


Note: This linter can be disabled with `set_option linter.style.whitespace false`
warning: Erdos9796Proof/P97/U2/OneHitMonotone.lean:273:66: missing space in the source

This part of the code
  'π/3) :'
should be written as
  'π / 3)'


Note: This linter can be disabled with `set_option linter.style.whitespace false`
warning: Erdos9796Proof/P97/U2/OneHitMonotone.lean:290:67: missing space in the source

This part of the code
  'π/3)
 '
should be written as
  'π / 3)'


Note: This linter can be disabled with `set_option linter.style.whitespace false`
warning: Erdos9796Proof/P97/U2/OneHitMonotone.lean:292:34: missing space in the source

This part of the code
  '(0:ℝ) (π/3))'
should be written as
  '(0 : ℝ)'


Note: This linter can be disabled with `set_option linter.style.whitespace false`
warning: Erdos9796Proof/P97/U2/OneHitMonotone.lean:292:40: missing space in the source

This part of the code
  '(π/3))
'
should be written as
  '(π / 3))'


Note: This linter can be disabled with `set_option linter.style.whitespace false`
⚠ [8068/8176] Replayed Erdos9796Proof.P97.U2.OneHitRealization
warning: Erdos9796Proof/P97/U2/OneHitRealization.lean:58:0: This file has more than one module docstring (`/-! ... -/`). Only the first one is treated as module documentation; convert additional ones to regular comments (`/- ... -/`).

Note: This linter can be disabled with `set_option linter.style.moduleDocstring false`
warning: Erdos9796Proof/P97/U2/OneHitRealization.lean:115:38: missing space in the source

This part of the code
  'π/3)
 '
should be written as
  'π / 3)'


Note: This linter can be disabled with `set_option linter.style.whitespace false`
warning: Erdos9796Proof/P97/U2/OneHitRealization.lean:116:50: missing space in the source

This part of the code
  '(0:ℝ) (π/3))'
should be written as
  '(0 : ℝ)'


Note: This linter can be disabled with `set_option linter.style.whitespace false`
warning: Erdos9796Proof/P97/U2/OneHitRealization.lean:116:56: missing space in the source

This part of the code
  '(π/3)) (hγmono'
should be written as
  '(π / 3))'


Note: This linter can be disabled with `set_option linter.style.whitespace false`
warning: Erdos9796Proof/P97/U2/OneHitRealization.lean:127:38: missing space in the source

This part of the code
  'π/3)
 '
should be written as
  'π / 3)'


Note: This linter can be disabled with `set_option linter.style.whitespace false`
warning: Erdos9796Proof/P97/U2/OneHitRealization.lean:128:50: missing space in the source

This part of the code
  '(0:ℝ) (π/3))'
should be written as
  '(0 : ℝ)'


Note: This linter can be disabled with `set_option linter.style.whitespace false`
warning: Erdos9796Proof/P97/U2/OneHitRealization.lean:128:56: missing space in the source

This part of the code
  '(π/3)) (hδanti'
should be written as
  '(π / 3))'


Note: This linter can be disabled with `set_option linter.style.whitespace false`
⚠ [8073/8176] Replayed Erdos9796Proof.P97.N8.N8CapCoordNorm
warning: Erdos9796Proof/P97/N8/N8CapCoordNorm.lean:633:22: 'simp [Fin.sum_univ_three] at hg'' is a flexible tactic modifying 'hg''. Try 'simp?' and use the suggested 'simp only [...]'. Alternatively, use `suffices` to explicitly state the simplified form.

Note: This linter can be disabled with `set_option linter.flexible false`
info: Erdos9796Proof/P97/N8/N8CapCoordNorm.lean:633:22: Try this:
  [apply] simp only [Fin.isValue] at hg'
info: Erdos9796Proof/P97/N8/N8CapCoordNorm.lean:634:6: 'convert hg' using 2' uses 'hg''!
warning: Erdos9796Proof/P97/N8/N8CapCoordNorm.lean:893:4: The `show` tactic should only be used to indicate intermediate goal states for readability.
However, this tactic invocation changed the goal. Please use `change` instead for these purposes.

Note: This linter can be disabled with `set_option linter.style.show false`
warning: Erdos9796Proof/P97/N8/N8CapCoordNorm.lean:911:4: The `show` tactic should only be used to indicate intermediate goal states for readability.
However, this tactic invocation changed the goal. Please use `change` instead for these purposes.

Note: This linter can be disabled with `set_option linter.style.show false`
warning: Erdos9796Proof/P97/N8/N8CapCoordNorm.lean:930:4: The `show` tactic should only be used to indicate intermediate goal states for readability.
However, this tactic invocation changed the goal. Please use `change` instead for these purposes.

Note: This linter can be disabled with `set_option linter.style.show false`
warning: Erdos9796Proof/P97/N8/N8CapCoordNorm.lean:1020:0: This line exceeds the 100 character limit, please shorten it!

Note: This linter can be disabled with `set_option linter.style.longLine false`
warning: Erdos9796Proof/P97/N8/N8CapCoordNorm.lean:975:4: The `show` tactic should only be used to indicate intermediate goal states for readability.
However, this tactic invocation changed the goal. Please use `change` instead for these purposes.

Note: This linter can be disabled with `set_option linter.style.show false`
warning: Erdos9796Proof/P97/N8/N8CapCoordNorm.lean:996:4: The `show` tactic should only be used to indicate intermediate goal states for readability.
However, this tactic invocation changed the goal. Please use `change` instead for these purposes.

Note: This linter can be disabled with `set_option linter.style.show false`
warning: Erdos9796Proof/P97/N8/N8CapCoordNorm.lean:1018:4: The `show` tactic should only be used to indicate intermediate goal states for readability.
However, this tactic invocation changed the goal. Please use `change` instead for these purposes.

Note: This linter can be disabled with `set_option linter.style.show false`
⚠ [8094/8176] Replayed Erdos9796Proof.P97.U5ModeADeletion
warning: Erdos9796Proof/P97/U5ModeADeletion.lean:11:0: This file has no module docstring (`/-! ... -/`). Add one after the imports to document the file.

Note: This linter can be disabled with `set_option linter.style.moduleDocstring false`
⚠ [8108/8176] Replayed Erdos9796Proof.P97.CapSelectedRowCounting
warning: Erdos9796Proof/P97/CapSelectedRowCounting.lean:707:42: This simp argument is unused:
  hfirstLast

Hint: Omit it from the simp argument list.
  simp [weight, Finset.sum_add_distrib, h̵f̵i̵r̵s̵t̵L̵a̵s̵t̵,̵ ̵Nat.add_assoc, Nat.add_comm, Nat.add_left_comm]

Note: This linter can be disabled with `set_option linter.unusedSimpArgs false`
warning: Erdos9796Proof/P97/CapSelectedRowCounting.lean:708:6: This simp argument is unused:
  Nat.add_comm

Hint: Omit it from the simp argument list.
  simp [weight, Finset.sum_add_distrib, hfirstLast, Nat.add_assoc, N̵a̵t̵.̵a̵d̵d̵_̵c̵o̵m̵m̵,̵ ̵Nat.add_left_comm]

Note: This linter can be disabled with `set_option linter.unusedSimpArgs false`
warning: Erdos9796Proof/P97/CapSelectedRowCounting.lean:708:20: This simp argument is unused:
  Nat.add_left_comm

Hint: Omit it from the simp argument list.
  simp [weight, Finset.sum_add_distrib, hfirstLast, Nat.add_assoc, N̵a̵t̵.̵a̵d̵d̵_̵c̵o̵m̵m̵,̵ ̵N̵a̵t̵.̵a̵d̵d̵_̵l̵e̵f̵t̵_̵c̵o̵m̵m̵]̵N̲a̲t̲.̲a̲d̲d̲_̲c̲o̲m̲m̲]̲

Note: This linter can be disabled with `set_option linter.unusedSimpArgs false`
warning: Erdos9796Proof/P97/CapSelectedRowCounting.lean:832:8: unused variable `Hside`

Note: This linter can be disabled with `set_option linter.unusedVariables false`
warning: Erdos9796Proof/P97/CapSelectedRowCounting.lean:833:8: unused variable `Hord`

Note: This linter can be disabled with `set_option linter.unusedVariables false`
warning: Erdos9796Proof/P97/CapSelectedRowCounting.lean:884:8: unused variable `Hside`

Note: This linter can be disabled with `set_option linter.unusedVariables false`
warning: Erdos9796Proof/P97/CapSelectedRowCounting.lean:885:8: unused variable `Hord`

Note: This linter can be disabled with `set_option linter.unusedVariables false`
ℹ [8112/8176] Replayed Erdos9796Proof.P97.ATail.FirstApexCriticalFiberRow
info: Erdos9796Proof/P97/ATail/FirstApexCriticalFiberRow.lean:246:0: 'Problem97.ATailFirstApexCriticalFiberRow.criticalShell_inter_frontierRadiusClass_card_le_two' depends on axioms: [propext,
 Classical.choice,
 Quot.sound]
ℹ [8113/8176] Replayed Erdos9796Proof.P97.ATail.CapCrossingKalmanson
info: Erdos9796Proof/P97/ATail/CapCrossingKalmanson.lean:456:0: 'Problem97.CapCrossingKalmansonBridge.exists_mem_openSegment_diagonals_of_ccw' depends on axioms: [propext,
 Classical.choice,
 Quot.sound]
info: Erdos9796Proof/P97/ATail/CapCrossingKalmanson.lean:457:0: 'Problem97.CapCrossingKalmansonBridge.dist_add_dist_lt_diagonal_sum_of_openSegment_diagonals' depends on axioms: [propext,
 Classical.choice,
 Quot.sound]
info: Erdos9796Proof/P97/ATail/CapCrossingKalmanson.lean:458:0: 'Problem97.CapCrossingKalmansonBridge.complementary_dist_add_dist_lt_diagonal_sum_of_openSegment_diagonals' depends on axioms: [propext,
 Classical.choice,
 Quot.sound]
info: Erdos9796Proof/P97/ATail/CapCrossingKalmanson.lean:459:0: 'Problem97.CapCrossingKalmansonBridge.dist_add_dist_lt_diagonal_sum_of_ccw' depends on axioms: [propext,
 Classical.choice,
 Quot.sound]
info: Erdos9796Proof/P97/ATail/CapCrossingKalmanson.lean:460:0: 'Problem97.CapCrossingKalmansonBridge.complementary_dist_add_dist_lt_diagonal_sum_of_ccw' depends on axioms: [propext,
 Classical.choice,
 Quot.sound]
info: Erdos9796Proof/P97/ATail/CapCrossingKalmanson.lean:461:0: 'Problem97.CapCrossingKalmansonBridge.dist_lt_of_ccw_of_dist_diagonal_eq_side' depends on axioms: [propext,
 Classical.choice,
 Quot.sound]
info: Erdos9796Proof/P97/ATail/CapCrossingKalmanson.lean:462:0: 'Problem97.CapCrossingKalmansonBridge.dist_first_side_lt_second_diagonal_of_ccw_of_dist_diagonal_eq_last_side' depends on axioms: [propext,
 Classical.choice,
 Quot.sound]
info: Erdos9796Proof/P97/ATail/CapCrossingKalmanson.lean:463:0: 'Problem97.CapCrossingKalmansonBridge.false_of_five_ccw_three_shell_equalities' depends on axioms: [propext,
 Classical.choice,
 Quot.sound]
info: Erdos9796Proof/P97/ATail/CapCrossingKalmanson.lean:464:0: 'Problem97.CapCrossingKalmansonBridge.false_of_selected_rows_in_five_ccw_order' depends on axioms: [propext,
 Classical.choice,
 Quot.sound]
info: Erdos9796Proof/P97/ATail/CapCrossingKalmanson.lean:465:0: 'Problem97.CapCrossingKalmansonBridge.false_of_two_selected_rows_shared_late_pair' depends on axioms: [propext,
 Classical.choice,
 Quot.sound]
⚠ [8116/8176] Replayed Erdos9796Proof.P97.N4d.SmallSReductions
warning: Erdos9796Proof/P97/N4d/SmallSReductions.lean:699:14: missing space in the source

This part of the code
  '(bx-1)^2'
should be written as
  '(bx - 1)'


Note: This linter can be disabled with `set_option linter.style.whitespace false`
warning: Erdos9796Proof/P97/N4d/SmallSReductions.lean:699:17: missing space in the source

This part of the code
  '(bx-1)^2 + bw^2'
should be written as
  '1) ^ 2'


Note: This linter can be disabled with `set_option linter.style.whitespace false`
warning: Erdos9796Proof/P97/N4d/SmallSReductions.lean:699:24: missing space in the source

This part of the code
  'bw^2 = (X-1)^2+Y^2)'
should be written as
  'bw ^ 2'


Note: This linter can be disabled with `set_option linter.style.whitespace false`
warning: Erdos9796Proof/P97/N4d/SmallSReductions.lean:699:31: missing space in the source

This part of the code
  '(X-1)^2+Y^2)'
should be written as
  '(X - 1)'


Note: This linter can be disabled with `set_option linter.style.whitespace false`
warning: Erdos9796Proof/P97/N4d/SmallSReductions.lean:699:34: missing space in the source

This part of the code
  '(X-1)^2+Y^2)
 '
should be written as
  '1) ^ 2'


Note: This linter can be disabled with `set_option linter.style.whitespace false`
warning: Erdos9796Proof/P97/N4d/SmallSReductions.lean:700:14: missing space in the source

This part of the code
  '(bx-X)^2'
should be written as
  '(bx - X)'


Note: This linter can be disabled with `set_option linter.style.whitespace false`
warning: Erdos9796Proof/P97/N4d/SmallSReductions.lean:700:17: missing space in the source

This part of the code
  '(bx-X)^2 + (bw-Y)^2'
should be written as
  'X) ^ 2'


Note: This linter can be disabled with `set_option linter.style.whitespace false`
warning: Erdos9796Proof/P97/N4d/SmallSReductions.lean:700:25: missing space in the source

This part of the code
  '(bw-Y)^2'
should be written as
  '(bw - Y)'


Note: This linter can be disabled with `set_option linter.style.whitespace false`
warning: Erdos9796Proof/P97/N4d/SmallSReductions.lean:700:28: missing space in the source

This part of the code
  '(bw-Y)^2 = (X-1)^2+Y^2)'
should be written as
  'Y) ^ 2'


Note: This linter can be disabled with `set_option linter.style.whitespace false`
warning: Erdos9796Proof/P97/N4d/SmallSReductions.lean:700:35: missing space in the source

This part of the code
  '(X-1)^2+Y^2)'
should be written as
  '(X - 1)'


Note: This linter can be disabled with `set_option linter.style.whitespace false`
warning: Erdos9796Proof/P97/N4d/SmallSReductions.lean:700:38: missing space in the source

This part of the code
  '(X-1)^2+Y^2)
 '
should be written as
  '1) ^ 2'


Note: This linter can be disabled with `set_option linter.style.whitespace false`
warning: Erdos9796Proof/P97/N4d/SmallSReductions.lean:702:21: missing space in the source

This part of the code
  'X)/2 - Oy*(bw'
should be written as
  'X) / 2'


Note: This linter can be disabled with `set_option linter.style.whitespace false`
warning: Erdos9796Proof/P97/N4d/SmallSReductions.lean:702:28: missing space in the source

This part of the code
  'Oy*(bw -'
should be written as
  'Oy * (bw'


Note: This linter can be disabled with `set_option linter.style.whitespace false`
warning: Erdos9796Proof/P97/N4d/SmallSReductions.lean:703:18: missing space in the source

This part of the code
  '(X^2 - X'
should be written as
  '(X ^ 2'


Note: This linter can be disabled with `set_option linter.style.whitespace false`
warning: Erdos9796Proof/P97/N4d/SmallSReductions.lean:703:28: missing space in the source

This part of the code
  'Y^2)/(2*Y))'
should be written as
  'Y ^ 2)'


Note: This linter can be disabled with `set_option linter.style.whitespace false`
warning: Erdos9796Proof/P97/N4d/SmallSReductions.lean:703:31: missing space in the source

This part of the code
  'Y^2)/(2*Y))'
should be written as
  '2) / (2'


Note: This linter can be disabled with `set_option linter.style.whitespace false`
warning: Erdos9796Proof/P97/N4d/SmallSReductions.lean:703:34: missing space in the source

This part of the code
  'Y^2)/(2*Y))
'
should be written as
  '(2 * Y))'


Note: This linter can be disabled with `set_option linter.style.whitespace false`
warning: Erdos9796Proof/P97/N4d/SmallSReductions.lean:749:14: missing space in the source

This part of the code
  '(bx-1)^2'
should be written as
  '(bx - 1)'


Note: This linter can be disabled with `set_option linter.style.whitespace false`
warning: Erdos9796Proof/P97/N4d/SmallSReductions.lean:749:17: missing space in the source

This part of the code
  '(bx-1)^2 + bw^2'
should be written as
  '1) ^ 2'


Note: This linter can be disabled with `set_option linter.style.whitespace false`
warning: Erdos9796Proof/P97/N4d/SmallSReductions.lean:749:24: missing space in the source

This part of the code
  'bw^2 = (X-1)^2+Y^2)'
should be written as
  'bw ^ 2'


Note: This linter can be disabled with `set_option linter.style.whitespace false`
warning: Erdos9796Proof/P97/N4d/SmallSReductions.lean:749:31: missing space in the source

This part of the code
  '(X-1)^2+Y^2)'
should be written as
  '(X - 1)'


Note: This linter can be disabled with `set_option linter.style.whitespace false`
warning: Erdos9796Proof/P97/N4d/SmallSReductions.lean:749:34: missing space in the source

This part of the code
  '(X-1)^2+Y^2)
 '
should be written as
  '1) ^ 2'


Note: This linter can be disabled with `set_option linter.style.whitespace false`
warning: Erdos9796Proof/P97/N4d/SmallSReductions.lean:750:14: missing space in the source

This part of the code
  '(bx-X)^2'
should be written as
  '(bx - X)'


Note: This linter can be disabled with `set_option linter.style.whitespace false`
warning: Erdos9796Proof/P97/N4d/SmallSReductions.lean:750:17: missing space in the source

This part of the code
  '(bx-X)^2 + (bw-Y)^2'
should be written as
  'X) ^ 2'


Note: This linter can be disabled with `set_option linter.style.whitespace false`
warning: Erdos9796Proof/P97/N4d/SmallSReductions.lean:750:25: missing space in the source

This part of the code
  '(bw-Y)^2'
should be written as
  '(bw - Y)'


Note: This linter can be disabled with `set_option linter.style.whitespace false`
warning: Erdos9796Proof/P97/N4d/SmallSReductions.lean:750:28: missing space in the source

This part of the code
  '(bw-Y)^2 = (X-1)^2+Y^2)'
should be written as
  'Y) ^ 2'


Note: This linter can be disabled with `set_option linter.style.whitespace false`
warning: Erdos9796Proof/P97/N4d/SmallSReductions.lean:750:35: missing space in the source

This part of the code
  '(X-1)^2+Y^2)'
should be written as
  '(X - 1)'


Note: This linter can be disabled with `set_option linter.style.whitespace false`
warning: Erdos9796Proof/P97/N4d/SmallSReductions.lean:750:38: missing space in the source

This part of the code
  '(X-1)^2+Y^2)
 '
should be written as
  '1) ^ 2'


Note: This linter can be disabled with `set_option linter.style.whitespace false`
warning: Erdos9796Proof/P97/N4d/SmallSReductions.lean:752:19: missing space in the source

This part of the code
  'Y/2 + Real.sqrt'
should be written as
  'Y / 2'


Note: This linter can be disabled with `set_option linter.style.whitespace false`
warning: Erdos9796Proof/P97/N4d/SmallSReductions.lean:752:40: missing space in the source

This part of the code
  '(X-1)/2)'
should be written as
  '(X - 1)'


Note: This linter can be disabled with `set_option linter.style.whitespace false`
warning: Erdos9796Proof/P97/N4d/SmallSReductions.lean:752:43: missing space in the source

This part of the code
  '(X-1)/2) :'
should be written as
  '1) / 2)'


Note: This linter can be disabled with `set_option linter.style.whitespace false`
warning: Erdos9796Proof/P97/N4d/SmallSReductions.lean:956:20: missing space in the source

This part of the code
  'X/2 - Real.sqrt'
should be written as
  'X / 2'


Note: This linter can be disabled with `set_option linter.style.whitespace false`
warning: Erdos9796Proof/P97/N4d/SmallSReductions.lean:956:40: missing space in the source

This part of the code
  'Y/2 + 1/2)'
should be written as
  'Y / 2'


Note: This linter can be disabled with `set_option linter.style.whitespace false`
warning: Erdos9796Proof/P97/N4d/SmallSReductions.lean:956:46: missing space in the source

This part of the code
  '1/2)
 '
should be written as
  '1 / 2)'


Note: This linter can be disabled with `set_option linter.style.whitespace false`
warning: Erdos9796Proof/P97/N4d/SmallSReductions.lean:957:20: missing space in the source

This part of the code
  'Y/2 + Real.sqrt'
should be written as
  'Y / 2'


Note: This linter can be disabled with `set_option linter.style.whitespace false`
warning: Erdos9796Proof/P97/N4d/SmallSReductions.lean:957:41: missing space in the source

This part of the code
  '(X-1)/2)'
should be written as
  '(X - 1)'


Note: This linter can be disabled with `set_option linter.style.whitespace false`
warning: Erdos9796Proof/P97/N4d/SmallSReductions.lean:957:44: missing space in the source

This part of the code
  '(X-1)/2)
 '
should be written as
  '1) / 2)'


Note: This linter can be disabled with `set_option linter.style.whitespace false`
warning: Erdos9796Proof/P97/N4d/SmallSReductions.lean:1220:0: This line exceeds the 100 character limit, please shorten it!

Note: This linter can be disabled with `set_option linter.style.longLine false`
info: Erdos9796Proof/P97/N4d/SmallSReductions.lean:1400:8: Try this:
  [apply] ring_nf
  
  The `ring` tactic failed to close the goal. Use `ring_nf` to obtain a normal form.
    
  Note that `ring` works primarily in *commutative* rings. If you have a noncommutative ring, abelian group or module, consider using `noncomm_ring`, `abel` or `module` instead.
warning: Erdos9796Proof/P97/N4d/SmallSReductions.lean:1308:0: Please, add a comment explaining the need for modifying the maxHeartbeat limit, as in
set_option maxHeartbeats 4000000 in
-- reason for change
...

Note: This linter can be disabled with `set_option linter.style.maxHeartbeats false`
warning: Erdos9796Proof/P97/N4d/SmallSReductions.lean:1412:0: Please, add a comment explaining the need for modifying the maxHeartbeat limit, as in
set_option maxHeartbeats 1000000 in
-- reason for change
...

Note: This linter can be disabled with `set_option linter.style.maxHeartbeats false`
warning: Erdos9796Proof/P97/N4d/SmallSReductions.lean:1508:2: 'simp [familyBChordEqLowerAnglePoint, vec2, EuclideanSpace.single_apply]' is a flexible tactic modifying '⊢'. Try 'simp?' and use the suggested 'simp only [...]'. Alternatively, use `suffices` to explicitly state the simplified form.

Note: This linter can be disabled with `set_option linter.flexible false`
info: Erdos9796Proof/P97/N4d/SmallSReductions.lean:1508:2: Try this:
  [apply] simp only [Fin.isValue, gt_iff_lt]
info: Erdos9796Proof/P97/N4d/SmallSReductions.lean:1509:2: 'positivity' uses '⊢'!
warning: Erdos9796Proof/P97/N4d/SmallSReductions.lean:1538:4: 'simp [familyBChordEqLowerAnglePoint, vec2, EuclideanSpace.single_apply]' is a flexible tactic modifying '⊢'. Try 'simp?' and use the suggested 'simp only [...]'. Alternatively, use `suffices` to explicitly state the simplified form.

Note: This linter can be disabled with `set_option linter.flexible false`
info: Erdos9796Proof/P97/N4d/SmallSReductions.lean:1538:4: Try this:
  [apply] simp only [Fin.isValue]
info: Erdos9796Proof/P97/N4d/SmallSReductions.lean:1539:4: 'rw [show Real.sqrt (4 - s ^ 2) = R by exact hR.symm]' uses '⊢'!
warning: Erdos9796Proof/P97/N4d/SmallSReductions.lean:1538:4: 'simp [familyBChordEqLowerAnglePoint, vec2, EuclideanSpace.single_apply]' is a flexible tactic modifying '⊢'. Try 'simp?' and use the suggested 'simp only [...]'. Alternatively, use `suffices` to explicitly state the simplified form.

Note: This linter can be disabled with `set_option linter.flexible false`
info: Erdos9796Proof/P97/N4d/SmallSReductions.lean:1538:4: Try this:
  [apply] simp only [Fin.isValue]
info: Erdos9796Proof/P97/N4d/SmallSReductions.lean:1540:4: 'have hcalc :
  (1 + s * R / 4 - Real.sqrt 3 * s ^ 2 / 4 - 1) ^ 2 + (s * (s + Real.sqrt 3 * R) / 4) ^ 2 =
    s ^ 2 * R ^ 2 / 4 + s ^ 4 / 4 :=
  by
  ring_nf
  rw [familyBChordEq_sqrt3_sq]
  ring_nf' uses '⊢'!
warning: Erdos9796Proof/P97/N4d/SmallSReductions.lean:1538:4: 'simp [familyBChordEqLowerAnglePoint, vec2, EuclideanSpace.single_apply]' is a flexible tactic modifying '⊢'. Try 'simp?' and use the suggested 'simp only [...]'. Alternatively, use `suffices` to explicitly state the simplified form.

Note: This linter can be disabled with `set_option linter.flexible false`
info: Erdos9796Proof/P97/N4d/SmallSReductions.lean:1538:4: Try this:
  [apply] simp only [Fin.isValue]
info: Erdos9796Proof/P97/N4d/SmallSReductions.lean:1546:4: 'rw [hcalc, hR_sq]' uses '⊢'!
warning: Erdos9796Proof/P97/N4d/SmallSReductions.lean:1560:4: 'simp [familyBChordEqHigherAnglePoint, vec2, EuclideanSpace.single_apply]' is a flexible tactic modifying '⊢'. Try 'simp?' and use the suggested 'simp only [...]'. Alternatively, use `suffices` to explicitly state the simplified form.

Note: This linter can be disabled with `set_option linter.flexible false`
info: Erdos9796Proof/P97/N4d/SmallSReductions.lean:1560:4: Try this:
  [apply] simp only [Fin.isValue]
info: Erdos9796Proof/P97/N4d/SmallSReductions.lean:1561:4: 'rw [show Real.sqrt (4 - s ^ 2) = R by exact hR.symm]' uses '⊢'!
warning: Erdos9796Proof/P97/N4d/SmallSReductions.lean:1560:4: 'simp [familyBChordEqHigherAnglePoint, vec2, EuclideanSpace.single_apply]' is a flexible tactic modifying '⊢'. Try 'simp?' and use the suggested 'simp only [...]'. Alternatively, use `suffices` to explicitly state the simplified form.

Note: This linter can be disabled with `set_option linter.flexible false`
info: Erdos9796Proof/P97/N4d/SmallSReductions.lean:1560:4: Try this:
  [apply] simp only [Fin.isValue]
info: Erdos9796Proof/P97/N4d/SmallSReductions.lean:1562:4: 'have hcalc :
  (1 - s * R / 4 - Real.sqrt 3 * s ^ 2 / 4 - 1) ^ 2 + (s * (Real.sqrt 3 * R - s) / 4) ^ 2 =
    s ^ 2 * R ^ 2 / 4 + s ^ 4 / 4 :=
  by
  ring_nf
  rw [familyBChordEq_sqrt3_sq]
  ring_nf' uses '⊢'!
warning: Erdos9796Proof/P97/N4d/SmallSReductions.lean:1560:4: 'simp [familyBChordEqHigherAnglePoint, vec2, EuclideanSpace.single_apply]' is a flexible tactic modifying '⊢'. Try 'simp?' and use the suggested 'simp only [...]'. Alternatively, use `suffices` to explicitly state the simplified form.

Note: This linter can be disabled with `set_option linter.flexible false`
info: Erdos9796Proof/P97/N4d/SmallSReductions.lean:1560:4: Try this:
  [apply] simp only [Fin.isValue]
info: Erdos9796Proof/P97/N4d/SmallSReductions.lean:1568:4: 'rw [hcalc, hR_sq]' uses '⊢'!
warning: Erdos9796Proof/P97/N4d/SmallSReductions.lean:1662:0: This line exceeds the 100 character limit, please shorten it!

Note: This linter can be disabled with `set_option linter.style.longLine false`
ℹ [8119/8176] Replayed Erdos9796Proof.P97.Census554.FivePointCircleIsoscelesOrderCore
info: Erdos9796Proof/P97/Census554/FivePointCircleIsoscelesOrderCore.lean:167:0: 'Problem97.Census554.FivePointCircleIsoscelesOrderCore.metric_order_incompatibility' depends on axioms: [propext,
 Classical.choice,
 Quot.sound]
info: Erdos9796Proof/P97/Census554/FivePointCircleIsoscelesOrderCore.lean:168:0: 'Problem97.Census554.FivePointCircleIsoscelesOrderCore.false_of_core' depends on axioms: [propext,
 Classical.choice,
 Quot.sound]
info: Erdos9796Proof/P97/Census554/FivePointCircleIsoscelesOrderCore.lean:169:0: 'Problem97.Census554.FivePointCircleIsoscelesOrderCore.false_of_core_of_neg' depends on axioms: [propext,
 Classical.choice,
 Quot.sound]
ℹ [8120/8176] Replayed Erdos9796Proof.P97.Census554.FivePointCircleIsoscelesOrderBridge
info: Erdos9796Proof/P97/Census554/FivePointCircleIsoscelesOrderBridge.lean:64:0: 'Problem97.Census554.FivePointCircleIsoscelesOrderBridge.false_of_core_of_ccw' depends on axioms: [propext,
 Classical.choice,
 Quot.sound]
ℹ [8122/8176] Replayed Erdos9796Proof.P97.Census554.FiveRowCircleIntersectionOrderCore
info: Erdos9796Proof/P97/Census554/FiveRowCircleIntersectionOrderCore.lean:125:0: 'Problem97.Census554.FiveRowCircleIntersectionOrderCore.false_of_core' depends on axioms: [propext,
 Classical.choice,
 Quot.sound]
info: Erdos9796Proof/P97/Census554/FiveRowCircleIntersectionOrderCore.lean:126:0: 'Problem97.Census554.FiveRowCircleIntersectionOrderCore.false_of_core_of_neg' depends on axioms: [propext,
 Classical.choice,
 Quot.sound]
⚠ [8132/8176] Replayed Erdos9796Proof.P97.Census554.SevenPointSixCircleCollisionBCertificateStage01Part01
warning: Erdos9796Proof/P97/Census554/SevenPointSixCircleCollisionBCertificateStage01Part01.lean:18:0: Unscoped option maxHeartbeats is not allowed:
Please scope this to individual declarations, as in
```
set_option maxHeartbeats in
-- comment explaining why this is necessary
example : ... := ...
```

Note: This linter can be disabled with `set_option linter.style.setOption false`
warning: Erdos9796Proof/P97/Census554/SevenPointSixCircleCollisionBCertificateStage01Part01.lean:26:29: unused variable `x5x`

Note: This linter can be disabled with `set_option linter.unusedVariables false`
warning: Erdos9796Proof/P97/Census554/SevenPointSixCircleCollisionBCertificateStage01Part01.lean:27:15: missing space in the source

This part of the code
  '-x2x^2-x2y^2+1'
should be written as
  '-x2x ^ 2'


Note: This linter can be disabled with `set_option linter.style.whitespace false`
warning: Erdos9796Proof/P97/Census554/SevenPointSixCircleCollisionBCertificateStage01Part01.lean:27:21: missing space in the source

This part of the code
  '-x2x^2-x2y^2+1 = 0)'
should be written as
  'x2y ^ 2'


Note: This linter can be disabled with `set_option linter.style.whitespace false`
⚠ [8133/8176] Replayed Erdos9796Proof.P97.Census554.SevenPointSixCircleCollisionBCertificateStage01Part02
warning: Erdos9796Proof/P97/Census554/SevenPointSixCircleCollisionBCertificateStage01Part02.lean:18:0: Unscoped option maxHeartbeats is not allowed:
Please scope this to individual declarations, as in
```
set_option maxHeartbeats in
-- comment explaining why this is necessary
example : ... := ...
```

Note: This linter can be disabled with `set_option linter.style.setOption false`
warning: Erdos9796Proof/P97/Census554/SevenPointSixCircleCollisionBCertificateStage01Part02.lean:26:29: unused variable `x5x`

Note: This linter can be disabled with `set_option linter.unusedVariables false`
warning: Erdos9796Proof/P97/Census554/SevenPointSixCircleCollisionBCertificateStage01Part02.lean:27:15: missing space in the source

This part of the code
  '-x2x^2-x2y^2+1'
should be written as
  '-x2x ^ 2'


Note: This linter can be disabled with `set_option linter.style.whitespace false`
warning: Erdos9796Proof/P97/Census554/SevenPointSixCircleCollisionBCertificateStage01Part02.lean:27:21: missing space in the source

This part of the code
  '-x2x^2-x2y^2+1 = 0)'
should be written as
  'x2y ^ 2'


Note: This linter can be disabled with `set_option linter.style.whitespace false`
⚠ [8134/8176] Replayed Erdos9796Proof.P97.Census554.SevenPointSixCircleCollisionBCertificateStage01Part03
warning: Erdos9796Proof/P97/Census554/SevenPointSixCircleCollisionBCertificateStage01Part03.lean:18:0: Unscoped option maxHeartbeats is not allowed:
Please scope this to individual declarations, as in
```
set_option maxHeartbeats in
-- comment explaining why this is necessary
example : ... := ...
```

Note: This linter can be disabled with `set_option linter.style.setOption false`
warning: Erdos9796Proof/P97/Census554/SevenPointSixCircleCollisionBCertificateStage01Part03.lean:26:29: unused variable `x5x`

Note: This linter can be disabled with `set_option linter.unusedVariables false`
warning: Erdos9796Proof/P97/Census554/SevenPointSixCircleCollisionBCertificateStage01Part03.lean:27:15: missing space in the source

This part of the code
  '-x2x^2-x2y^2+1'
should be written as
  '-x2x ^ 2'


Note: This linter can be disabled with `set_option linter.style.whitespace false`
warning: Erdos9796Proof/P97/Census554/SevenPointSixCircleCollisionBCertificateStage01Part03.lean:27:21: missing space in the source

This part of the code
  '-x2x^2-x2y^2+1 = 0)'
should be written as
  'x2y ^ 2'


Note: This linter can be disabled with `set_option linter.style.whitespace false`
⚠ [8135/8176] Replayed Erdos9796Proof.P97.Census554.SevenPointSixCircleCollisionBCertificateStage01Part04
warning: Erdos9796Proof/P97/Census554/SevenPointSixCircleCollisionBCertificateStage01Part04.lean:18:0: Unscoped option maxHeartbeats is not allowed:
Please scope this to individual declarations, as in
```
set_option maxHeartbeats in
-- comment explaining why this is necessary
example : ... := ...
```

Note: This linter can be disabled with `set_option linter.style.setOption false`
warning: Erdos9796Proof/P97/Census554/SevenPointSixCircleCollisionBCertificateStage01Part04.lean:26:29: unused variable `x5x`

Note: This linter can be disabled with `set_option linter.unusedVariables false`
warning: Erdos9796Proof/P97/Census554/SevenPointSixCircleCollisionBCertificateStage01Part04.lean:27:15: missing space in the source

This part of the code
  '-x2x^2-x2y^2+1'
should be written as
  '-x2x ^ 2'


Note: This linter can be disabled with `set_option linter.style.whitespace false`
warning: Erdos9796Proof/P97/Census554/SevenPointSixCircleCollisionBCertificateStage01Part04.lean:27:21: missing space in the source

This part of the code
  '-x2x^2-x2y^2+1 = 0)'
should be written as
  'x2y ^ 2'


Note: This linter can be disabled with `set_option linter.style.whitespace false`
⚠ [8136/8176] Replayed Erdos9796Proof.P97.Census554.SevenPointSixCircleCollisionBCertificateStage01Part05
warning: Erdos9796Proof/P97/Census554/SevenPointSixCircleCollisionBCertificateStage01Part05.lean:18:0: Unscoped option maxHeartbeats is not allowed:
Please scope this to individual declarations, as in
```
set_option maxHeartbeats in
-- comment explaining why this is necessary
example : ... := ...
```

Note: This linter can be disabled with `set_option linter.style.setOption false`
warning: Erdos9796Proof/P97/Census554/SevenPointSixCircleCollisionBCertificateStage01Part05.lean:26:29: unused variable `x5x`

Note: This linter can be disabled with `set_option linter.unusedVariables false`
warning: Erdos9796Proof/P97/Census554/SevenPointSixCircleCollisionBCertificateStage01Part05.lean:27:15: missing space in the source

This part of the code
  '-x2x^2-x2y^2+1'
should be written as
  '-x2x ^ 2'


Note: This linter can be disabled with `set_option linter.style.whitespace false`
warning: Erdos9796Proof/P97/Census554/SevenPointSixCircleCollisionBCertificateStage01Part05.lean:27:21: missing space in the source

This part of the code
  '-x2x^2-x2y^2+1 = 0)'
should be written as
  'x2y ^ 2'


Note: This linter can be disabled with `set_option linter.style.whitespace false`
⚠ [8137/8176] Replayed Erdos9796Proof.P97.Census554.SevenPointSixCircleCollisionBCertificateStage01Part06
warning: Erdos9796Proof/P97/Census554/SevenPointSixCircleCollisionBCertificateStage01Part06.lean:18:0: Unscoped option maxHeartbeats is not allowed:
Please scope this to individual declarations, as in
```
set_option maxHeartbeats in
-- comment explaining why this is necessary
example : ... := ...
```

Note: This linter can be disabled with `set_option linter.style.setOption false`
warning: Erdos9796Proof/P97/Census554/SevenPointSixCircleCollisionBCertificateStage01Part06.lean:26:29: unused variable `x5x`

Note: This linter can be disabled with `set_option linter.unusedVariables false`
warning: Erdos9796Proof/P97/Census554/SevenPointSixCircleCollisionBCertificateStage01Part06.lean:27:15: missing space in the source

This part of the code
  '-x2x^2-x2y^2+1'
should be written as
  '-x2x ^ 2'


Note: This linter can be disabled with `set_option linter.style.whitespace false`
warning: Erdos9796Proof/P97/Census554/SevenPointSixCircleCollisionBCertificateStage01Part06.lean:27:21: missing space in the source

This part of the code
  '-x2x^2-x2y^2+1 = 0)'
should be written as
  'x2y ^ 2'


Note: This linter can be disabled with `set_option linter.style.whitespace false`
⚠ [8138/8176] Replayed Erdos9796Proof.P97.Census554.SevenPointSixCircleCollisionBCertificateStage01Part07
warning: Erdos9796Proof/P97/Census554/SevenPointSixCircleCollisionBCertificateStage01Part07.lean:18:0: Unscoped option maxHeartbeats is not allowed:
Please scope this to individual declarations, as in
```
set_option maxHeartbeats in
-- comment explaining why this is necessary
example : ... := ...
```

Note: This linter can be disabled with `set_option linter.style.setOption false`
warning: Erdos9796Proof/P97/Census554/SevenPointSixCircleCollisionBCertificateStage01Part07.lean:26:29: unused variable `x5x`

Note: This linter can be disabled with `set_option linter.unusedVariables false`
warning: Erdos9796Proof/P97/Census554/SevenPointSixCircleCollisionBCertificateStage01Part07.lean:27:15: missing space in the source

This part of the code
  '-x2x^2-x2y^2+1'
should be written as
  '-x2x ^ 2'


Note: This linter can be disabled with `set_option linter.style.whitespace false`
warning: Erdos9796Proof/P97/Census554/SevenPointSixCircleCollisionBCertificateStage01Part07.lean:27:21: missing space in the source

This part of the code
  '-x2x^2-x2y^2+1 = 0)'
should be written as
  'x2y ^ 2'


Note: This linter can be disabled with `set_option linter.style.whitespace false`
⚠ [8139/8176] Replayed Erdos9796Proof.P97.Census554.SevenPointSixCircleCollisionBCertificateStage01Part08
warning: Erdos9796Proof/P97/Census554/SevenPointSixCircleCollisionBCertificateStage01Part08.lean:18:0: Unscoped option maxHeartbeats is not allowed:
Please scope this to individual declarations, as in
```
set_option maxHeartbeats in
-- comment explaining why this is necessary
example : ... := ...
```

Note: This linter can be disabled with `set_option linter.style.setOption false`
warning: Erdos9796Proof/P97/Census554/SevenPointSixCircleCollisionBCertificateStage01Part08.lean:26:29: unused variable `x5x`

Note: This linter can be disabled with `set_option linter.unusedVariables false`
warning: Erdos9796Proof/P97/Census554/SevenPointSixCircleCollisionBCertificateStage01Part08.lean:27:15: missing space in the source

This part of the code
  '-x2x^2-x2y^2+1'
should be written as
  '-x2x ^ 2'


Note: This linter can be disabled with `set_option linter.style.whitespace false`
warning: Erdos9796Proof/P97/Census554/SevenPointSixCircleCollisionBCertificateStage01Part08.lean:27:21: missing space in the source

This part of the code
  '-x2x^2-x2y^2+1 = 0)'
should be written as
  'x2y ^ 2'


Note: This linter can be disabled with `set_option linter.style.whitespace false`
⚠ [8140/8176] Replayed Erdos9796Proof.P97.Census554.SevenPointSixCircleCollisionBCertificateStage01Part09
warning: Erdos9796Proof/P97/Census554/SevenPointSixCircleCollisionBCertificateStage01Part09.lean:18:0: Unscoped option maxHeartbeats is not allowed:
Please scope this to individual declarations, as in
```
set_option maxHeartbeats in
-- comment explaining why this is necessary
example : ... := ...
```

Note: This linter can be disabled with `set_option linter.style.setOption false`
warning: Erdos9796Proof/P97/Census554/SevenPointSixCircleCollisionBCertificateStage01Part09.lean:26:29: unused variable `x5x`

Note: This linter can be disabled with `set_option linter.unusedVariables false`
warning: Erdos9796Proof/P97/Census554/SevenPointSixCircleCollisionBCertificateStage01Part09.lean:27:15: missing space in the source

This part of the code
  '-x2x^2-x2y^2+1'
should be written as
  '-x2x ^ 2'


Note: This linter can be disabled with `set_option linter.style.whitespace false`
warning: Erdos9796Proof/P97/Census554/SevenPointSixCircleCollisionBCertificateStage01Part09.lean:27:21: missing space in the source

This part of the code
  '-x2x^2-x2y^2+1 = 0)'
should be written as
  'x2y ^ 2'


Note: This linter can be disabled with `set_option linter.style.whitespace false`
⚠ [8141/8176] Replayed Erdos9796Proof.P97.Census554.SevenPointSixCircleCollisionBCertificateStage01Part10
warning: Erdos9796Proof/P97/Census554/SevenPointSixCircleCollisionBCertificateStage01Part10.lean:18:0: Unscoped option maxHeartbeats is not allowed:
Please scope this to individual declarations, as in
```
set_option maxHeartbeats in
-- comment explaining why this is necessary
example : ... := ...
```

Note: This linter can be disabled with `set_option linter.style.setOption false`
warning: Erdos9796Proof/P97/Census554/SevenPointSixCircleCollisionBCertificateStage01Part10.lean:26:29: unused variable `x5x`

Note: This linter can be disabled with `set_option linter.unusedVariables false`
warning: Erdos9796Proof/P97/Census554/SevenPointSixCircleCollisionBCertificateStage01Part10.lean:27:15: missing space in the source

This part of the code
  '-x2x^2-x2y^2+1'
should be written as
  '-x2x ^ 2'


Note: This linter can be disabled with `set_option linter.style.whitespace false`
warning: Erdos9796Proof/P97/Census554/SevenPointSixCircleCollisionBCertificateStage01Part10.lean:27:21: missing space in the source

This part of the code
  '-x2x^2-x2y^2+1 = 0)'
should be written as
  'x2y ^ 2'


Note: This linter can be disabled with `set_option linter.style.whitespace false`
⚠ [8142/8176] Replayed Erdos9796Proof.P97.Census554.SevenPointSixCircleCollisionBCertificateStage01Part11
warning: Erdos9796Proof/P97/Census554/SevenPointSixCircleCollisionBCertificateStage01Part11.lean:18:0: Unscoped option maxHeartbeats is not allowed:
Please scope this to individual declarations, as in
```
set_option maxHeartbeats in
-- comment explaining why this is necessary
example : ... := ...
```

Note: This linter can be disabled with `set_option linter.style.setOption false`
warning: Erdos9796Proof/P97/Census554/SevenPointSixCircleCollisionBCertificateStage01Part11.lean:26:29: unused variable `x5x`

Note: This linter can be disabled with `set_option linter.unusedVariables false`
warning: Erdos9796Proof/P97/Census554/SevenPointSixCircleCollisionBCertificateStage01Part11.lean:27:15: missing space in the source

This part of the code
  '-x2x^2-x2y^2+1'
should be written as
  '-x2x ^ 2'


Note: This linter can be disabled with `set_option linter.style.whitespace false`
warning: Erdos9796Proof/P97/Census554/SevenPointSixCircleCollisionBCertificateStage01Part11.lean:27:21: missing space in the source

This part of the code
  '-x2x^2-x2y^2+1 = 0)'
should be written as
  'x2y ^ 2'


Note: This linter can be disabled with `set_option linter.style.whitespace false`
⚠ [8143/8176] Replayed Erdos9796Proof.P97.Census554.SevenPointSixCircleCollisionBCertificateStage01Part12
warning: Erdos9796Proof/P97/Census554/SevenPointSixCircleCollisionBCertificateStage01Part12.lean:18:0: Unscoped option maxHeartbeats is not allowed:
Please scope this to individual declarations, as in
```
set_option maxHeartbeats in
-- comment explaining why this is necessary
example : ... := ...
```

Note: This linter can be disabled with `set_option linter.style.setOption false`
warning: Erdos9796Proof/P97/Census554/SevenPointSixCircleCollisionBCertificateStage01Part12.lean:26:29: unused variable `x5x`

Note: This linter can be disabled with `set_option linter.unusedVariables false`
warning: Erdos9796Proof/P97/Census554/SevenPointSixCircleCollisionBCertificateStage01Part12.lean:27:15: missing space in the source

This part of the code
  '-x2x^2-x2y^2+1'
should be written as
  '-x2x ^ 2'


Note: This linter can be disabled with `set_option linter.style.whitespace false`
warning: Erdos9796Proof/P97/Census554/SevenPointSixCircleCollisionBCertificateStage01Part12.lean:27:21: missing space in the source

This part of the code
  '-x2x^2-x2y^2+1 = 0)'
should be written as
  'x2y ^ 2'


Note: This linter can be disabled with `set_option linter.style.whitespace false`
⚠ [8144/8176] Replayed Erdos9796Proof.P97.Census554.SevenPointSixCircleCollisionBCertificateStage01Part13
warning: Erdos9796Proof/P97/Census554/SevenPointSixCircleCollisionBCertificateStage01Part13.lean:18:0: Unscoped option maxHeartbeats is not allowed:
Please scope this to individual declarations, as in
```
set_option maxHeartbeats in
-- comment explaining why this is necessary
example : ... := ...
```

Note: This linter can be disabled with `set_option linter.style.setOption false`
warning: Erdos9796Proof/P97/Census554/SevenPointSixCircleCollisionBCertificateStage01Part13.lean:26:29: unused variable `x5x`

Note: This linter can be disabled with `set_option linter.unusedVariables false`
warning: Erdos9796Proof/P97/Census554/SevenPointSixCircleCollisionBCertificateStage01Part13.lean:27:15: missing space in the source

This part of the code
  '-x2x^2-x2y^2+1'
should be written as
  '-x2x ^ 2'


Note: This linter can be disabled with `set_option linter.style.whitespace false`
warning: Erdos9796Proof/P97/Census554/SevenPointSixCircleCollisionBCertificateStage01Part13.lean:27:21: missing space in the source

This part of the code
  '-x2x^2-x2y^2+1 = 0)'
should be written as
  'x2y ^ 2'


Note: This linter can be disabled with `set_option linter.style.whitespace false`
⚠ [8145/8176] Replayed Erdos9796Proof.P97.Census554.SevenPointSixCircleCollisionBCertificateStage01Part14
warning: Erdos9796Proof/P97/Census554/SevenPointSixCircleCollisionBCertificateStage01Part14.lean:18:0: Unscoped option maxHeartbeats is not allowed:
Please scope this to individual declarations, as in
```
set_option maxHeartbeats in
-- comment explaining why this is necessary
example : ... := ...
```

Note: This linter can be disabled with `set_option linter.style.setOption false`
warning: Erdos9796Proof/P97/Census554/SevenPointSixCircleCollisionBCertificateStage01Part14.lean:26:29: unused variable `x5x`

Note: This linter can be disabled with `set_option linter.unusedVariables false`
warning: Erdos9796Proof/P97/Census554/SevenPointSixCircleCollisionBCertificateStage01Part14.lean:27:15: missing space in the source

This part of the code
  '-x2x^2-x2y^2+1'
should be written as
  '-x2x ^ 2'


Note: This linter can be disabled with `set_option linter.style.whitespace false`
warning: Erdos9796Proof/P97/Census554/SevenPointSixCircleCollisionBCertificateStage01Part14.lean:27:21: missing space in the source

This part of the code
  '-x2x^2-x2y^2+1 = 0)'
should be written as
  'x2y ^ 2'


Note: This linter can be disabled with `set_option linter.style.whitespace false`
⚠ [8146/8176] Replayed Erdos9796Proof.P97.Census554.SevenPointSixCircleCollisionBCertificateStage01Part15
warning: Erdos9796Proof/P97/Census554/SevenPointSixCircleCollisionBCertificateStage01Part15.lean:18:0: Unscoped option maxHeartbeats is not allowed:
Please scope this to individual declarations, as in
```
set_option maxHeartbeats in
-- comment explaining why this is necessary
example : ... := ...
```

Note: This linter can be disabled with `set_option linter.style.setOption false`
warning: Erdos9796Proof/P97/Census554/SevenPointSixCircleCollisionBCertificateStage01Part15.lean:26:29: unused variable `x5x`

Note: This linter can be disabled with `set_option linter.unusedVariables false`
warning: Erdos9796Proof/P97/Census554/SevenPointSixCircleCollisionBCertificateStage01Part15.lean:27:15: missing space in the source

This part of the code
  '-x2x^2-x2y^2+1'
should be written as
  '-x2x ^ 2'


Note: This linter can be disabled with `set_option linter.style.whitespace false`
warning: Erdos9796Proof/P97/Census554/SevenPointSixCircleCollisionBCertificateStage01Part15.lean:27:21: missing space in the source

This part of the code
  '-x2x^2-x2y^2+1 = 0)'
should be written as
  'x2y ^ 2'


Note: This linter can be disabled with `set_option linter.style.whitespace false`
⚠ [8147/8176] Replayed Erdos9796Proof.P97.Census554.SevenPointSixCircleCollisionBCertificateStage01Part16
warning: Erdos9796Proof/P97/Census554/SevenPointSixCircleCollisionBCertificateStage01Part16.lean:18:0: Unscoped option maxHeartbeats is not allowed:
Please scope this to individual declarations, as in
```
set_option maxHeartbeats in
-- comment explaining why this is necessary
example : ... := ...
```

Note: This linter can be disabled with `set_option linter.style.setOption false`
warning: Erdos9796Proof/P97/Census554/SevenPointSixCircleCollisionBCertificateStage01Part16.lean:26:29: unused variable `x5x`

Note: This linter can be disabled with `set_option linter.unusedVariables false`
warning: Erdos9796Proof/P97/Census554/SevenPointSixCircleCollisionBCertificateStage01Part16.lean:27:15: missing space in the source

This part of the code
  '-x2x^2-x2y^2+1'
should be written as
  '-x2x ^ 2'


Note: This linter can be disabled with `set_option linter.style.whitespace false`
warning: Erdos9796Proof/P97/Census554/SevenPointSixCircleCollisionBCertificateStage01Part16.lean:27:21: missing space in the source

This part of the code
  '-x2x^2-x2y^2+1 = 0)'
should be written as
  'x2y ^ 2'


Note: This linter can be disabled with `set_option linter.style.whitespace false`
⚠ [8148/8176] Replayed Erdos9796Proof.P97.Census554.SevenPointSixCircleCollisionBCertificateStage02
warning: Erdos9796Proof/P97/Census554/SevenPointSixCircleCollisionBCertificateStage02.lean:18:0: Unscoped option maxHeartbeats is not allowed:
Please scope this to individual declarations, as in
```
set_option maxHeartbeats in
-- comment explaining why this is necessary
example : ... := ...
```

Note: This linter can be disabled with `set_option linter.style.setOption false`
warning: Erdos9796Proof/P97/Census554/SevenPointSixCircleCollisionBCertificateStage02.lean:26:29: unused variable `x5x`

Note: This linter can be disabled with `set_option linter.unusedVariables false`
warning: Erdos9796Proof/P97/Census554/SevenPointSixCircleCollisionBCertificateStage02.lean:27:15: missing space in the source

This part of the code
  '-x3x^2+2*x3x-x3y^2'
should be written as
  '-x3x ^ 2'


Note: This linter can be disabled with `set_option linter.style.whitespace false`
warning: Erdos9796Proof/P97/Census554/SevenPointSixCircleCollisionBCertificateStage02.lean:27:23: missing space in the source

This part of the code
  '-x3x^2+2*x3x-x3y^2'
should be written as
  'x3x - x3y'


Note: This linter can be disabled with `set_option linter.style.whitespace false`
warning: Erdos9796Proof/P97/Census554/SevenPointSixCircleCollisionBCertificateStage02.lean:27:27: missing space in the source

This part of the code
  '-x3x^2+2*x3x-x3y^2 = 0)'
should be written as
  'x3y ^ 2'


Note: This linter can be disabled with `set_option linter.style.whitespace false`
⚠ [8149/8176] Replayed Erdos9796Proof.P97.Census554.SevenPointSixCircleCollisionBCertificateStage03
warning: Erdos9796Proof/P97/Census554/SevenPointSixCircleCollisionBCertificateStage03.lean:18:0: Unscoped option maxHeartbeats is not allowed:
Please scope this to individual declarations, as in
```
set_option maxHeartbeats in
-- comment explaining why this is necessary
example : ... := ...
```

Note: This linter can be disabled with `set_option linter.style.setOption false`
warning: Erdos9796Proof/P97/Census554/SevenPointSixCircleCollisionBCertificateStage03.lean:26:29: unused variable `x5x`

Note: This linter can be disabled with `set_option linter.unusedVariables false`
warning: Erdos9796Proof/P97/Census554/SevenPointSixCircleCollisionBCertificateStage03.lean:27:15: missing space in the source

This part of the code
  '-x2x^2+2*x2x*x3x-x2y^2+2*x2y*x3y'
should be written as
  '-x2x ^ 2'


Note: This linter can be disabled with `set_option linter.style.whitespace false`
warning: Erdos9796Proof/P97/Census554/SevenPointSixCircleCollisionBCertificateStage03.lean:27:23: missing space in the source

This part of the code
  '-x2x^2+2*x2x*x3x-x2y^2+2*x2y*x3y'
should be written as
  'x2x * x3x'


Note: This linter can be disabled with `set_option linter.style.whitespace false`
warning: Erdos9796Proof/P97/Census554/SevenPointSixCircleCollisionBCertificateStage03.lean:27:27: missing space in the source

This part of the code
  '-x2x^2+2*x2x*x3x-x2y^2+2*x2y*x3y'
should be written as
  'x3x - x2y'


Note: This linter can be disabled with `set_option linter.style.whitespace false`
warning: Erdos9796Proof/P97/Census554/SevenPointSixCircleCollisionBCertificateStage03.lean:27:31: missing space in the source

This part of the code
  '-x2x^2+2*x2x*x3x-x2y^2+2*x2y*x3y'
should be written as
  'x2y ^ 2'


Note: This linter can be disabled with `set_option linter.style.whitespace false`
warning: Erdos9796Proof/P97/Census554/SevenPointSixCircleCollisionBCertificateStage03.lean:27:39: missing space in the source

This part of the code
  '-x2x^2+2*x2x*x3x-x2y^2+2*x2y*x3y ='
should be written as
  'x2y * x3y'


Note: This linter can be disabled with `set_option linter.style.whitespace false`
⚠ [8150/8176] Replayed Erdos9796Proof.P97.Census554.SevenPointSixCircleCollisionBCertificateStage04
warning: Erdos9796Proof/P97/Census554/SevenPointSixCircleCollisionBCertificateStage04.lean:18:0: Unscoped option maxHeartbeats is not allowed:
Please scope this to individual declarations, as in
```
set_option maxHeartbeats in
-- comment explaining why this is necessary
example : ... := ...
```

Note: This linter can be disabled with `set_option linter.style.setOption false`
warning: Erdos9796Proof/P97/Census554/SevenPointSixCircleCollisionBCertificateStage04.lean:26:29: unused variable `x5x`

Note: This linter can be disabled with `set_option linter.unusedVariables false`
warning: Erdos9796Proof/P97/Census554/SevenPointSixCircleCollisionBCertificateStage04.lean:27:12: missing space in the source

This part of the code
  '2*x3x*x6x+2*x3y*x6y-x6x^2-x6y^2'
should be written as
  '2 * x3x'


Note: This linter can be disabled with `set_option linter.style.whitespace false`
warning: Erdos9796Proof/P97/Census554/SevenPointSixCircleCollisionBCertificateStage04.lean:27:16: missing space in the source

This part of the code
  '2*x3x*x6x+2*x3y*x6y-x6x^2-x6y^2'
should be written as
  'x3x * x6x'


Note: This linter can be disabled with `set_option linter.style.whitespace false`
warning: Erdos9796Proof/P97/Census554/SevenPointSixCircleCollisionBCertificateStage04.lean:27:20: missing space in the source

This part of the code
  '2*x3x*x6x+2*x3y*x6y-x6x^2-x6y^2'
should be written as
  'x6x + 2'


Note: This linter can be disabled with `set_option linter.style.whitespace false`
warning: Erdos9796Proof/P97/Census554/SevenPointSixCircleCollisionBCertificateStage04.lean:27:26: missing space in the source

This part of the code
  '2*x3x*x6x+2*x3y*x6y-x6x^2-x6y^2'
should be written as
  'x3y * x6y'


Note: This linter can be disabled with `set_option linter.style.whitespace false`
warning: Erdos9796Proof/P97/Census554/SevenPointSixCircleCollisionBCertificateStage04.lean:27:30: missing space in the source

This part of the code
  '2*x3x*x6x+2*x3y*x6y-x6x^2-x6y^2'
should be written as
  'x6y - x6x'


Note: This linter can be disabled with `set_option linter.style.whitespace false`
warning: Erdos9796Proof/P97/Census554/SevenPointSixCircleCollisionBCertificateStage04.lean:27:34: missing space in the source

This part of the code
  '2*x3x*x6x+2*x3y*x6y-x6x^2-x6y^2'
should be written as
  'x6x ^ 2'


Note: This linter can be disabled with `set_option linter.style.whitespace false`
warning: Erdos9796Proof/P97/Census554/SevenPointSixCircleCollisionBCertificateStage04.lean:27:40: missing space in the source

This part of the code
  '2*x3x*x6x+2*x3y*x6y-x6x^2-x6y^2 = 0)'
should be written as
  'x6y ^ 2'


Note: This linter can be disabled with `set_option linter.style.whitespace false`
⚠ [8151/8176] Replayed Erdos9796Proof.P97.Census554.SevenPointSixCircleCollisionBCertificateStage05
warning: Erdos9796Proof/P97/Census554/SevenPointSixCircleCollisionBCertificateStage05.lean:18:0: Unscoped option maxHeartbeats is not allowed:
Please scope this to individual declarations, as in
```
set_option maxHeartbeats in
-- comment explaining why this is necessary
example : ... := ...
```

Note: This linter can be disabled with `set_option linter.style.setOption false`
warning: Erdos9796Proof/P97/Census554/SevenPointSixCircleCollisionBCertificateStage05.lean:26:29: unused variable `x5x`

Note: This linter can be disabled with `set_option linter.unusedVariables false`
warning: Erdos9796Proof/P97/Census554/SevenPointSixCircleCollisionBCertificateStage05.lean:27:15: missing space in the source

This part of the code
  '-x3x^2+2*x3x*x4x-x3y^2+2*x3y*x4y-2*x4x+1'
should be written as
  '-x3x ^ 2'


Note: This linter can be disabled with `set_option linter.style.whitespace false`
warning: Erdos9796Proof/P97/Census554/SevenPointSixCircleCollisionBCertificateStage05.lean:27:23: missing space in the source

This part of the code
  '-x3x^2+2*x3x*x4x-x3y^2+2*x3y*x4y-2*x4x+1'
should be written as
  'x3x * x4x'


Note: This linter can be disabled with `set_option linter.style.whitespace false`
warning: Erdos9796Proof/P97/Census554/SevenPointSixCircleCollisionBCertificateStage05.lean:27:27: missing space in the source

This part of the code
  '-x3x^2+2*x3x*x4x-x3y^2+2*x3y*x4y-2*x4x+1'
should be written as
  'x4x - x3y'


Note: This linter can be disabled with `set_option linter.style.whitespace false`
warning: Erdos9796Proof/P97/Census554/SevenPointSixCircleCollisionBCertificateStage05.lean:27:31: missing space in the source

This part of the code
  '-x3x^2+2*x3x*x4x-x3y^2+2*x3y*x4y-2*x4x+1'
should be written as
  'x3y ^ 2'


Note: This linter can be disabled with `set_option linter.style.whitespace false`
warning: Erdos9796Proof/P97/Census554/SevenPointSixCircleCollisionBCertificateStage05.lean:27:39: missing space in the source

This part of the code
  '-x3x^2+2*x3x*x4x-x3y^2+2*x3y*x4y-2*x4x+1'
should be written as
  'x3y * x4y'


Note: This linter can be disabled with `set_option linter.style.whitespace false`
warning: Erdos9796Proof/P97/Census554/SevenPointSixCircleCollisionBCertificateStage05.lean:27:43: missing space in the source

This part of the code
  '-x3x^2+2*x3x*x4x-x3y^2+2*x3y*x4y-2*x4x+1'
should be written as
  'x4y - 2'


Note: This linter can be disabled with `set_option linter.style.whitespace false`
warning: Erdos9796Proof/P97/Census554/SevenPointSixCircleCollisionBCertificateStage05.lean:27:49: missing space in the source

This part of the code
  '-x3x^2+2*x3x*x4x-x3y^2+2*x3y*x4y-2*x4x+1 = 0)'
should be written as
  'x4x + 1'


Note: This linter can be disabled with `set_option linter.style.whitespace false`
⚠ [8152/8176] Replayed Erdos9796Proof.P97.Census554.SevenPointSixCircleCollisionBCertificateStage06
warning: Erdos9796Proof/P97/Census554/SevenPointSixCircleCollisionBCertificateStage06.lean:18:0: Unscoped option maxHeartbeats is not allowed:
Please scope this to individual declarations, as in
```
set_option maxHeartbeats in
-- comment explaining why this is necessary
example : ... := ...
```

Note: This linter can be disabled with `set_option linter.style.setOption false`
warning: Erdos9796Proof/P97/Census554/SevenPointSixCircleCollisionBCertificateStage06.lean:27:12: missing space in the source

This part of the code
  '2*x4x*x5x-2*x4x+2*x4y*x5y-x5x^2-x5y^2+1'
should be written as
  '2 * x4x'


Note: This linter can be disabled with `set_option linter.style.whitespace false`
warning: Erdos9796Proof/P97/Census554/SevenPointSixCircleCollisionBCertificateStage06.lean:27:16: missing space in the source

This part of the code
  '2*x4x*x5x-2*x4x+2*x4y*x5y-x5x^2-x5y^2+1'
should be written as
  'x4x * x5x'


Note: This linter can be disabled with `set_option linter.style.whitespace false`
warning: Erdos9796Proof/P97/Census554/SevenPointSixCircleCollisionBCertificateStage06.lean:27:20: missing space in the source

This part of the code
  '2*x4x*x5x-2*x4x+2*x4y*x5y-x5x^2-x5y^2+1'
should be written as
  'x5x - 2'


Note: This linter can be disabled with `set_option linter.style.whitespace false`
warning: Erdos9796Proof/P97/Census554/SevenPointSixCircleCollisionBCertificateStage06.lean:27:26: missing space in the source

This part of the code
  '2*x4x*x5x-2*x4x+2*x4y*x5y-x5x^2-x5y^2+1'
should be written as
  'x4x + 2'


Note: This linter can be disabled with `set_option linter.style.whitespace false`
warning: Erdos9796Proof/P97/Census554/SevenPointSixCircleCollisionBCertificateStage06.lean:27:32: missing space in the source

This part of the code
  '2*x4x*x5x-2*x4x+2*x4y*x5y-x5x^2-x5y^2+1'
should be written as
  'x4y * x5y'


Note: This linter can be disabled with `set_option linter.style.whitespace false`
warning: Erdos9796Proof/P97/Census554/SevenPointSixCircleCollisionBCertificateStage06.lean:27:36: missing space in the source

This part of the code
  '2*x4x*x5x-2*x4x+2*x4y*x5y-x5x^2-x5y^2+1'
should be written as
  'x5y - x5x'


Note: This linter can be disabled with `set_option linter.style.whitespace false`
warning: Erdos9796Proof/P97/Census554/SevenPointSixCircleCollisionBCertificateStage06.lean:27:40: missing space in the source

This part of the code
  '2*x4x*x5x-2*x4x+2*x4y*x5y-x5x^2-x5y^2+1'
should be written as
  'x5x ^ 2'


Note: This linter can be disabled with `set_option linter.style.whitespace false`
warning: Erdos9796Proof/P97/Census554/SevenPointSixCircleCollisionBCertificateStage06.lean:27:46: missing space in the source

This part of the code
  '2*x4x*x5x-2*x4x+2*x4y*x5y-x5x^2-x5y^2+1 = 0)'
should be written as
  'x5y ^ 2'


Note: This linter can be disabled with `set_option linter.style.whitespace false`
⚠ [8153/8176] Replayed Erdos9796Proof.P97.Census554.SevenPointSixCircleCollisionBCertificateStage07
warning: Erdos9796Proof/P97/Census554/SevenPointSixCircleCollisionBCertificateStage07.lean:18:0: Unscoped option maxHeartbeats is not allowed:
Please scope this to individual declarations, as in
```
set_option maxHeartbeats in
-- comment explaining why this is necessary
example : ... := ...
```

Note: This linter can be disabled with `set_option linter.style.setOption false`
warning: Erdos9796Proof/P97/Census554/SevenPointSixCircleCollisionBCertificateStage07.lean:26:29: unused variable `x5x`

Note: This linter can be disabled with `set_option linter.unusedVariables false`
warning: Erdos9796Proof/P97/Census554/SevenPointSixCircleCollisionBCertificateStage07.lean:27:12: missing space in the source

This part of the code
  '2*x4x*x6x-2*x4x+2*x4y*x6y-x6x^2-x6y^2+1'
should be written as
  '2 * x4x'


Note: This linter can be disabled with `set_option linter.style.whitespace false`
warning: Erdos9796Proof/P97/Census554/SevenPointSixCircleCollisionBCertificateStage07.lean:27:16: missing space in the source

This part of the code
  '2*x4x*x6x-2*x4x+2*x4y*x6y-x6x^2-x6y^2+1'
should be written as
  'x4x * x6x'


Note: This linter can be disabled with `set_option linter.style.whitespace false`
warning: Erdos9796Proof/P97/Census554/SevenPointSixCircleCollisionBCertificateStage07.lean:27:20: missing space in the source

This part of the code
  '2*x4x*x6x-2*x4x+2*x4y*x6y-x6x^2-x6y^2+1'
should be written as
  'x6x - 2'


Note: This linter can be disabled with `set_option linter.style.whitespace false`
warning: Erdos9796Proof/P97/Census554/SevenPointSixCircleCollisionBCertificateStage07.lean:27:26: missing space in the source

This part of the code
  '2*x4x*x6x-2*x4x+2*x4y*x6y-x6x^2-x6y^2+1'
should be written as
  'x4x + 2'


Note: This linter can be disabled with `set_option linter.style.whitespace false`
warning: Erdos9796Proof/P97/Census554/SevenPointSixCircleCollisionBCertificateStage07.lean:27:32: missing space in the source

This part of the code
  '2*x4x*x6x-2*x4x+2*x4y*x6y-x6x^2-x6y^2+1'
should be written as
  'x4y * x6y'


Note: This linter can be disabled with `set_option linter.style.whitespace false`
warning: Erdos9796Proof/P97/Census554/SevenPointSixCircleCollisionBCertificateStage07.lean:27:36: missing space in the source

This part of the code
  '2*x4x*x6x-2*x4x+2*x4y*x6y-x6x^2-x6y^2+1'
should be written as
  'x6y - x6x'


Note: This linter can be disabled with `set_option linter.style.whitespace false`
warning: Erdos9796Proof/P97/Census554/SevenPointSixCircleCollisionBCertificateStage07.lean:27:40: missing space in the source

This part of the code
  '2*x4x*x6x-2*x4x+2*x4y*x6y-x6x^2-x6y^2+1'
should be written as
  'x6x ^ 2'


Note: This linter can be disabled with `set_option linter.style.whitespace false`
warning: Erdos9796Proof/P97/Census554/SevenPointSixCircleCollisionBCertificateStage07.lean:27:46: missing space in the source

This part of the code
  '2*x4x*x6x-2*x4x+2*x4y*x6y-x6x^2-x6y^2+1 = 0)'
should be written as
  'x6y ^ 2'


Note: This linter can be disabled with `set_option linter.style.whitespace false`
⚠ [8154/8176] Replayed Erdos9796Proof.P97.Census554.SevenPointSixCircleCollisionBCertificateStage08
warning: Erdos9796Proof/P97/Census554/SevenPointSixCircleCollisionBCertificateStage08.lean:18:0: Unscoped option maxHeartbeats is not allowed:
Please scope this to individual declarations, as in
```
set_option maxHeartbeats in
-- comment explaining why this is necessary
example : ... := ...
```

Note: This linter can be disabled with `set_option linter.style.setOption false`
warning: Erdos9796Proof/P97/Census554/SevenPointSixCircleCollisionBCertificateStage08.lean:27:12: missing space in the source

This part of the code
  '2*x5x-1'
should be written as
  '2 * x5x'


Note: This linter can be disabled with `set_option linter.style.whitespace false`
warning: Erdos9796Proof/P97/Census554/SevenPointSixCircleCollisionBCertificateStage08.lean:27:16: missing space in the source

This part of the code
  '2*x5x-1 = 0)'
should be written as
  'x5x - 1'


Note: This linter can be disabled with `set_option linter.style.whitespace false`
⚠ [8155/8176] Replayed Erdos9796Proof.P97.Census554.SevenPointSixCircleCollisionBCertificateStage09
warning: Erdos9796Proof/P97/Census554/SevenPointSixCircleCollisionBCertificateStage09.lean:18:0: Unscoped option maxHeartbeats is not allowed:
Please scope this to individual declarations, as in
```
set_option maxHeartbeats in
-- comment explaining why this is necessary
example : ... := ...
```

Note: This linter can be disabled with `set_option linter.style.setOption false`
warning: Erdos9796Proof/P97/Census554/SevenPointSixCircleCollisionBCertificateStage09.lean:27:15: missing space in the source

This part of the code
  '-x4x^2+2*x4x*x5x-x4y^2+2*x4y*x5y'
should be written as
  '-x4x ^ 2'


Note: This linter can be disabled with `set_option linter.style.whitespace false`
warning: Erdos9796Proof/P97/Census554/SevenPointSixCircleCollisionBCertificateStage09.lean:27:23: missing space in the source

This part of the code
  '-x4x^2+2*x4x*x5x-x4y^2+2*x4y*x5y'
should be written as
  'x4x * x5x'


Note: This linter can be disabled with `set_option linter.style.whitespace false`
warning: Erdos9796Proof/P97/Census554/SevenPointSixCircleCollisionBCertificateStage09.lean:27:27: missing space in the source

This part of the code
  '-x4x^2+2*x4x*x5x-x4y^2+2*x4y*x5y'
should be written as
  'x5x - x4y'


Note: This linter can be disabled with `set_option linter.style.whitespace false`
warning: Erdos9796Proof/P97/Census554/SevenPointSixCircleCollisionBCertificateStage09.lean:27:31: missing space in the source

This part of the code
  '-x4x^2+2*x4x*x5x-x4y^2+2*x4y*x5y'
should be written as
  'x4y ^ 2'


Note: This linter can be disabled with `set_option linter.style.whitespace false`
warning: Erdos9796Proof/P97/Census554/SevenPointSixCircleCollisionBCertificateStage09.lean:27:39: missing space in the source

This part of the code
  '-x4x^2+2*x4x*x5x-x4y^2+2*x4y*x5y ='
should be written as
  'x4y * x5y'


Note: This linter can be disabled with `set_option linter.style.whitespace false`
⚠ [8156/8176] Replayed Erdos9796Proof.P97.Census554.SevenPointSixCircleCollisionBCertificateStage10
warning: Erdos9796Proof/P97/Census554/SevenPointSixCircleCollisionBCertificateStage10.lean:18:0: Unscoped option maxHeartbeats is not allowed:
Please scope this to individual declarations, as in
```
set_option maxHeartbeats in
-- comment explaining why this is necessary
example : ... := ...
```

Note: This linter can be disabled with `set_option linter.style.setOption false`
warning: Erdos9796Proof/P97/Census554/SevenPointSixCircleCollisionBCertificateStage10.lean:26:29: unused variable `x5x`

Note: This linter can be disabled with `set_option linter.unusedVariables false`
warning: Erdos9796Proof/P97/Census554/SevenPointSixCircleCollisionBCertificateStage10.lean:27:16: missing space in the source

This part of the code
  '-x2x^2+2*x2x*x6x-x2y^2+2*x2y*x6y'
should be written as
  '-x2x ^ 2'


Note: This linter can be disabled with `set_option linter.style.whitespace false`
warning: Erdos9796Proof/P97/Census554/SevenPointSixCircleCollisionBCertificateStage10.lean:27:24: missing space in the source

This part of the code
  '-x2x^2+2*x2x*x6x-x2y^2+2*x2y*x6y'
should be written as
  'x2x * x6x'


Note: This linter can be disabled with `set_option linter.style.whitespace false`
warning: Erdos9796Proof/P97/Census554/SevenPointSixCircleCollisionBCertificateStage10.lean:27:28: missing space in the source

This part of the code
  '-x2x^2+2*x2x*x6x-x2y^2+2*x2y*x6y'
should be written as
  'x6x - x2y'


Note: This linter can be disabled with `set_option linter.style.whitespace false`
warning: Erdos9796Proof/P97/Census554/SevenPointSixCircleCollisionBCertificateStage10.lean:27:32: missing space in the source

This part of the code
  '-x2x^2+2*x2x*x6x-x2y^2+2*x2y*x6y'
should be written as
  'x2y ^ 2'


Note: This linter can be disabled with `set_option linter.style.whitespace false`
warning: Erdos9796Proof/P97/Census554/SevenPointSixCircleCollisionBCertificateStage10.lean:27:40: missing space in the source

This part of the code
  '-x2x^2+2*x2x*x6x-x2y^2+2*x2y*x6y ='
should be written as
  'x2y * x6y'


Note: This linter can be disabled with `set_option linter.style.whitespace false`
⚠ [8157/8176] Replayed Erdos9796Proof.P97.Census554.SevenPointSixCircleCollisionBCertificateStage11
warning: Erdos9796Proof/P97/Census554/SevenPointSixCircleCollisionBCertificateStage11.lean:18:0: Unscoped option maxHeartbeats is not allowed:
Please scope this to individual declarations, as in
```
set_option maxHeartbeats in
-- comment explaining why this is necessary
example : ... := ...
```

Note: This linter can be disabled with `set_option linter.style.setOption false`
warning: Erdos9796Proof/P97/Census554/SevenPointSixCircleCollisionBCertificateStage11.lean:27:16: missing space in the source

This part of the code
  '-x5x^2+2*x5x*x6x-x5y^2+2*x5y*x6y'
should be written as
  '-x5x ^ 2'


Note: This linter can be disabled with `set_option linter.style.whitespace false`
warning: Erdos9796Proof/P97/Census554/SevenPointSixCircleCollisionBCertificateStage11.lean:27:24: missing space in the source

This part of the code
  '-x5x^2+2*x5x*x6x-x5y^2+2*x5y*x6y'
should be written as
  'x5x * x6x'


Note: This linter can be disabled with `set_option linter.style.whitespace false`
warning: Erdos9796Proof/P97/Census554/SevenPointSixCircleCollisionBCertificateStage11.lean:27:28: missing space in the source

This part of the code
  '-x5x^2+2*x5x*x6x-x5y^2+2*x5y*x6y'
should be written as
  'x6x - x5y'


Note: This linter can be disabled with `set_option linter.style.whitespace false`
warning: Erdos9796Proof/P97/Census554/SevenPointSixCircleCollisionBCertificateStage11.lean:27:32: missing space in the source

This part of the code
  '-x5x^2+2*x5x*x6x-x5y^2+2*x5y*x6y'
should be written as
  'x5y ^ 2'


Note: This linter can be disabled with `set_option linter.style.whitespace false`
warning: Erdos9796Proof/P97/Census554/SevenPointSixCircleCollisionBCertificateStage11.lean:27:40: missing space in the source

This part of the code
  '-x5x^2+2*x5x*x6x-x5y^2+2*x5y*x6y ='
should be written as
  'x5y * x6y'


Note: This linter can be disabled with `set_option linter.style.whitespace false`
⚠ [8158/8176] Replayed Erdos9796Proof.P97.Census554.SevenPointSixCircleCollisionBCertificate
warning: Erdos9796Proof/P97/Census554/SevenPointSixCircleCollisionBCertificate.lean:43:0: Unscoped option maxHeartbeats is not allowed:
Please scope this to individual declarations, as in
```
set_option maxHeartbeats in
-- comment explaining why this is necessary
example : ... := ...
```

Note: This linter can be disabled with `set_option linter.style.setOption false`
warning: Erdos9796Proof/P97/Census554/SevenPointSixCircleCollisionBCertificate.lean:52:15: missing space in the source

This part of the code
  '-x2x^2-x2y^2+1'
should be written as
  '-x2x ^ 2'


Note: This linter can be disabled with `set_option linter.style.whitespace false`
warning: Erdos9796Proof/P97/Census554/SevenPointSixCircleCollisionBCertificate.lean:52:21: missing space in the source

This part of the code
  '-x2x^2-x2y^2+1 = 0)'
should be written as
  'x2y ^ 2'


Note: This linter can be disabled with `set_option linter.style.whitespace false`
warning: Erdos9796Proof/P97/Census554/SevenPointSixCircleCollisionBCertificate.lean:53:15: missing space in the source

This part of the code
  '-x3x^2+2*x3x-x3y^2'
should be written as
  '-x3x ^ 2'


Note: This linter can be disabled with `set_option linter.style.whitespace false`
warning: Erdos9796Proof/P97/Census554/SevenPointSixCircleCollisionBCertificate.lean:53:23: missing space in the source

This part of the code
  '-x3x^2+2*x3x-x3y^2'
should be written as
  'x3x - x3y'


Note: This linter can be disabled with `set_option linter.style.whitespace false`
warning: Erdos9796Proof/P97/Census554/SevenPointSixCircleCollisionBCertificate.lean:53:27: missing space in the source

This part of the code
  '-x3x^2+2*x3x-x3y^2 = 0)'
should be written as
  'x3y ^ 2'


Note: This linter can be disabled with `set_option linter.style.whitespace false`
warning: Erdos9796Proof/P97/Census554/SevenPointSixCircleCollisionBCertificate.lean:54:15: missing space in the source

This part of the code
  '-x2x^2+2*x2x*x3x-x2y^2+2*x2y*x3y'
should be written as
  '-x2x ^ 2'


Note: This linter can be disabled with `set_option linter.style.whitespace false`
warning: Erdos9796Proof/P97/Census554/SevenPointSixCircleCollisionBCertificate.lean:54:23: missing space in the source

This part of the code
  '-x2x^2+2*x2x*x3x-x2y^2+2*x2y*x3y'
should be written as
  'x2x * x3x'


Note: This linter can be disabled with `set_option linter.style.whitespace false`
warning: Erdos9796Proof/P97/Census554/SevenPointSixCircleCollisionBCertificate.lean:54:27: missing space in the source

This part of the code
  '-x2x^2+2*x2x*x3x-x2y^2+2*x2y*x3y'
should be written as
  'x3x - x2y'


Note: This linter can be disabled with `set_option linter.style.whitespace false`
warning: Erdos9796Proof/P97/Census554/SevenPointSixCircleCollisionBCertificate.lean:54:31: missing space in the source

This part of the code
  '-x2x^2+2*x2x*x3x-x2y^2+2*x2y*x3y'
should be written as
  'x2y ^ 2'


Note: This linter can be disabled with `set_option linter.style.whitespace false`
warning: Erdos9796Proof/P97/Census554/SevenPointSixCircleCollisionBCertificate.lean:54:39: missing space in the source

This part of the code
  '-x2x^2+2*x2x*x3x-x2y^2+2*x2y*x3y ='
should be written as
  'x2y * x3y'


Note: This linter can be disabled with `set_option linter.style.whitespace false`
warning: Erdos9796Proof/P97/Census554/SevenPointSixCircleCollisionBCertificate.lean:55:12: missing space in the source

This part of the code
  '2*x3x*x6x+2*x3y*x6y-x6x^2-x6y^2'
should be written as
  '2 * x3x'


Note: This linter can be disabled with `set_option linter.style.whitespace false`
warning: Erdos9796Proof/P97/Census554/SevenPointSixCircleCollisionBCertificate.lean:55:16: missing space in the source

This part of the code
  '2*x3x*x6x+2*x3y*x6y-x6x^2-x6y^2'
should be written as
  'x3x * x6x'


Note: This linter can be disabled with `set_option linter.style.whitespace false`
warning: Erdos9796Proof/P97/Census554/SevenPointSixCircleCollisionBCertificate.lean:55:20: missing space in the source

This part of the code
  '2*x3x*x6x+2*x3y*x6y-x6x^2-x6y^2'
should be written as
  'x6x + 2'


Note: This linter can be disabled with `set_option linter.style.whitespace false`
warning: Erdos9796Proof/P97/Census554/SevenPointSixCircleCollisionBCertificate.lean:55:26: missing space in the source

This part of the code
  '2*x3x*x6x+2*x3y*x6y-x6x^2-x6y^2'
should be written as
  'x3y * x6y'


Note: This linter can be disabled with `set_option linter.style.whitespace false`
warning: Erdos9796Proof/P97/Census554/SevenPointSixCircleCollisionBCertificate.lean:55:30: missing space in the source

This part of the code
  '2*x3x*x6x+2*x3y*x6y-x6x^2-x6y^2'
should be written as
  'x6y - x6x'


Note: This linter can be disabled with `set_option linter.style.whitespace false`
warning: Erdos9796Proof/P97/Census554/SevenPointSixCircleCollisionBCertificate.lean:55:34: missing space in the source

This part of the code
  '2*x3x*x6x+2*x3y*x6y-x6x^2-x6y^2'
should be written as
  'x6x ^ 2'


Note: This linter can be disabled with `set_option linter.style.whitespace false`
warning: Erdos9796Proof/P97/Census554/SevenPointSixCircleCollisionBCertificate.lean:55:40: missing space in the source

This part of the code
  '2*x3x*x6x+2*x3y*x6y-x6x^2-x6y^2 = 0)'
should be written as
  'x6y ^ 2'


Note: This linter can be disabled with `set_option linter.style.whitespace false`
warning: Erdos9796Proof/P97/Census554/SevenPointSixCircleCollisionBCertificate.lean:56:15: missing space in the source

This part of the code
  '-x3x^2+2*x3x*x4x-x3y^2+2*x3y*x4y-2*x4x+1'
should be written as
  '-x3x ^ 2'


Note: This linter can be disabled with `set_option linter.style.whitespace false`
warning: Erdos9796Proof/P97/Census554/SevenPointSixCircleCollisionBCertificate.lean:56:23: missing space in the source

This part of the code
  '-x3x^2+2*x3x*x4x-x3y^2+2*x3y*x4y-2*x4x+1'
should be written as
  'x3x * x4x'


Note: This linter can be disabled with `set_option linter.style.whitespace false`
warning: Erdos9796Proof/P97/Census554/SevenPointSixCircleCollisionBCertificate.lean:56:27: missing space in the source

This part of the code
  '-x3x^2+2*x3x*x4x-x3y^2+2*x3y*x4y-2*x4x+1'
should be written as
  'x4x - x3y'


Note: This linter can be disabled with `set_option linter.style.whitespace false`
warning: Erdos9796Proof/P97/Census554/SevenPointSixCircleCollisionBCertificate.lean:56:31: missing space in the source

This part of the code
  '-x3x^2+2*x3x*x4x-x3y^2+2*x3y*x4y-2*x4x+1'
should be written as
  'x3y ^ 2'


Note: This linter can be disabled with `set_option linter.style.whitespace false`
warning: Erdos9796Proof/P97/Census554/SevenPointSixCircleCollisionBCertificate.lean:56:39: missing space in the source

This part of the code
  '-x3x^2+2*x3x*x4x-x3y^2+2*x3y*x4y-2*x4x+1'
should be written as
  'x3y * x4y'


Note: This linter can be disabled with `set_option linter.style.whitespace false`
warning: Erdos9796Proof/P97/Census554/SevenPointSixCircleCollisionBCertificate.lean:56:43: missing space in the source

This part of the code
  '-x3x^2+2*x3x*x4x-x3y^2+2*x3y*x4y-2*x4x+1'
should be written as
  'x4y - 2'


Note: This linter can be disabled with `set_option linter.style.whitespace false`
warning: Erdos9796Proof/P97/Census554/SevenPointSixCircleCollisionBCertificate.lean:56:49: missing space in the source

This part of the code
  '-x3x^2+2*x3x*x4x-x3y^2+2*x3y*x4y-2*x4x+1 = 0)'
should be written as
  'x4x + 1'


Note: This linter can be disabled with `set_option linter.style.whitespace false`
warning: Erdos9796Proof/P97/Census554/SevenPointSixCircleCollisionBCertificate.lean:57:12: missing space in the source

This part of the code
  '2*x4x*x5x-2*x4x+2*x4y*x5y-x5x^2-x5y^2+1'
should be written as
  '2 * x4x'


Note: This linter can be disabled with `set_option linter.style.whitespace false`
warning: Erdos9796Proof/P97/Census554/SevenPointSixCircleCollisionBCertificate.lean:57:16: missing space in the source

This part of the code
  '2*x4x*x5x-2*x4x+2*x4y*x5y-x5x^2-x5y^2+1'
should be written as
  'x4x * x5x'


Note: This linter can be disabled with `set_option linter.style.whitespace false`
warning: Erdos9796Proof/P97/Census554/SevenPointSixCircleCollisionBCertificate.lean:57:20: missing space in the source

This part of the code
  '2*x4x*x5x-2*x4x+2*x4y*x5y-x5x^2-x5y^2+1'
should be written as
  'x5x - 2'


Note: This linter can be disabled with `set_option linter.style.whitespace false`
warning: Erdos9796Proof/P97/Census554/SevenPointSixCircleCollisionBCertificate.lean:57:26: missing space in the source

This part of the code
  '2*x4x*x5x-2*x4x+2*x4y*x5y-x5x^2-x5y^2+1'
should be written as
  'x4x + 2'


Note: This linter can be disabled with `set_option linter.style.whitespace false`
warning: Erdos9796Proof/P97/Census554/SevenPointSixCircleCollisionBCertificate.lean:57:32: missing space in the source

This part of the code
  '2*x4x*x5x-2*x4x+2*x4y*x5y-x5x^2-x5y^2+1'
should be written as
  'x4y * x5y'


Note: This linter can be disabled with `set_option linter.style.whitespace false`
warning: Erdos9796Proof/P97/Census554/SevenPointSixCircleCollisionBCertificate.lean:57:36: missing space in the source

This part of the code
  '2*x4x*x5x-2*x4x+2*x4y*x5y-x5x^2-x5y^2+1'
should be written as
  'x5y - x5x'


Note: This linter can be disabled with `set_option linter.style.whitespace false`
warning: Erdos9796Proof/P97/Census554/SevenPointSixCircleCollisionBCertificate.lean:57:40: missing space in the source

This part of the code
  '2*x4x*x5x-2*x4x+2*x4y*x5y-x5x^2-x5y^2+1'
should be written as
  'x5x ^ 2'


Note: This linter can be disabled with `set_option linter.style.whitespace false`
warning: Erdos9796Proof/P97/Census554/SevenPointSixCircleCollisionBCertificate.lean:57:46: missing space in the source

This part of the code
  '2*x4x*x5x-2*x4x+2*x4y*x5y-x5x^2-x5y^2+1 = 0)'
should be written as
  'x5y ^ 2'


Note: This linter can be disabled with `set_option linter.style.whitespace false`
warning: Erdos9796Proof/P97/Census554/SevenPointSixCircleCollisionBCertificate.lean:58:12: missing space in the source

This part of the code
  '2*x4x*x6x-2*x4x+2*x4y*x6y-x6x^2-x6y^2+1'
should be written as
  '2 * x4x'


Note: This linter can be disabled with `set_option linter.style.whitespace false`
warning: Erdos9796Proof/P97/Census554/SevenPointSixCircleCollisionBCertificate.lean:58:16: missing space in the source

This part of the code
  '2*x4x*x6x-2*x4x+2*x4y*x6y-x6x^2-x6y^2+1'
should be written as
  'x4x * x6x'


Note: This linter can be disabled with `set_option linter.style.whitespace false`
warning: Erdos9796Proof/P97/Census554/SevenPointSixCircleCollisionBCertificate.lean:58:20: missing space in the source

This part of the code
  '2*x4x*x6x-2*x4x+2*x4y*x6y-x6x^2-x6y^2+1'
should be written as
  'x6x - 2'


Note: This linter can be disabled with `set_option linter.style.whitespace false`
warning: Erdos9796Proof/P97/Census554/SevenPointSixCircleCollisionBCertificate.lean:58:26: missing space in the source

This part of the code
  '2*x4x*x6x-2*x4x+2*x4y*x6y-x6x^2-x6y^2+1'
should be written as
  'x4x + 2'


Note: This linter can be disabled with `set_option linter.style.whitespace false`
warning: Erdos9796Proof/P97/Census554/SevenPointSixCircleCollisionBCertificate.lean:58:32: missing space in the source

This part of the code
  '2*x4x*x6x-2*x4x+2*x4y*x6y-x6x^2-x6y^2+1'
should be written as
  'x4y * x6y'


Note: This linter can be disabled with `set_option linter.style.whitespace false`
warning: Erdos9796Proof/P97/Census554/SevenPointSixCircleCollisionBCertificate.lean:58:36: missing space in the source

This part of the code
  '2*x4x*x6x-2*x4x+2*x4y*x6y-x6x^2-x6y^2+1'
should be written as
  'x6y - x6x'


Note: This linter can be disabled with `set_option linter.style.whitespace false`
warning: Erdos9796Proof/P97/Census554/SevenPointSixCircleCollisionBCertificate.lean:58:40: missing space in the source

This part of the code
  '2*x4x*x6x-2*x4x+2*x4y*x6y-x6x^2-x6y^2+1'
should be written as
  'x6x ^ 2'


Note: This linter can be disabled with `set_option linter.style.whitespace false`
warning: Erdos9796Proof/P97/Census554/SevenPointSixCircleCollisionBCertificate.lean:58:46: missing space in the source

This part of the code
  '2*x4x*x6x-2*x4x+2*x4y*x6y-x6x^2-x6y^2+1 = 0)'
should be written as
  'x6y ^ 2'


Note: This linter can be disabled with `set_option linter.style.whitespace false`
warning: Erdos9796Proof/P97/Census554/SevenPointSixCircleCollisionBCertificate.lean:59:12: missing space in the source

This part of the code
  '2*x5x-1'
should be written as
  '2 * x5x'


Note: This linter can be disabled with `set_option linter.style.whitespace false`
warning: Erdos9796Proof/P97/Census554/SevenPointSixCircleCollisionBCertificate.lean:59:16: missing space in the source

This part of the code
  '2*x5x-1 = 0)'
should be written as
  'x5x - 1'


Note: This linter can be disabled with `set_option linter.style.whitespace false`
warning: Erdos9796Proof/P97/Census554/SevenPointSixCircleCollisionBCertificate.lean:60:15: missing space in the source

This part of the code
  '-x4x^2+2*x4x*x5x-x4y^2+2*x4y*x5y'
should be written as
  '-x4x ^ 2'


Note: This linter can be disabled with `set_option linter.style.whitespace false`
warning: Erdos9796Proof/P97/Census554/SevenPointSixCircleCollisionBCertificate.lean:60:23: missing space in the source

This part of the code
  '-x4x^2+2*x4x*x5x-x4y^2+2*x4y*x5y'
should be written as
  'x4x * x5x'


Note: This linter can be disabled with `set_option linter.style.whitespace false`
warning: Erdos9796Proof/P97/Census554/SevenPointSixCircleCollisionBCertificate.lean:60:27: missing space in the source

This part of the code
  '-x4x^2+2*x4x*x5x-x4y^2+2*x4y*x5y'
should be written as
  'x5x - x4y'


Note: This linter can be disabled with `set_option linter.style.whitespace false`
warning: Erdos9796Proof/P97/Census554/SevenPointSixCircleCollisionBCertificate.lean:60:31: missing space in the source

This part of the code
  '-x4x^2+2*x4x*x5x-x4y^2+2*x4y*x5y'
should be written as
  'x4y ^ 2'


Note: This linter can be disabled with `set_option linter.style.whitespace false`
warning: Erdos9796Proof/P97/Census554/SevenPointSixCircleCollisionBCertificate.lean:60:39: missing space in the source

This part of the code
  '-x4x^2+2*x4x*x5x-x4y^2+2*x4y*x5y ='
should be written as
  'x4y * x5y'


Note: This linter can be disabled with `set_option linter.style.whitespace false`
warning: Erdos9796Proof/P97/Census554/SevenPointSixCircleCollisionBCertificate.lean:61:16: missing space in the source

This part of the code
  '-x2x^2+2*x2x*x6x-x2y^2+2*x2y*x6y'
should be written as
  '-x2x ^ 2'


Note: This linter can be disabled with `set_option linter.style.whitespace false`
warning: Erdos9796Proof/P97/Census554/SevenPointSixCircleCollisionBCertificate.lean:61:24: missing space in the source

This part of the code
  '-x2x^2+2*x2x*x6x-x2y^2+2*x2y*x6y'
should be written as
  'x2x * x6x'


Note: This linter can be disabled with `set_option linter.style.whitespace false`
warning: Erdos9796Proof/P97/Census554/SevenPointSixCircleCollisionBCertificate.lean:61:28: missing space in the source

This part of the code
  '-x2x^2+2*x2x*x6x-x2y^2+2*x2y*x6y'
should be written as
  'x6x - x2y'


Note: This linter can be disabled with `set_option linter.style.whitespace false`
warning: Erdos9796Proof/P97/Census554/SevenPointSixCircleCollisionBCertificate.lean:61:32: missing space in the source

This part of the code
  '-x2x^2+2*x2x*x6x-x2y^2+2*x2y*x6y'
should be written as
  'x2y ^ 2'


Note: This linter can be disabled with `set_option linter.style.whitespace false`
warning: Erdos9796Proof/P97/Census554/SevenPointSixCircleCollisionBCertificate.lean:61:40: missing space in the source

This part of the code
  '-x2x^2+2*x2x*x6x-x2y^2+2*x2y*x6y ='
should be written as
  'x2y * x6y'


Note: This linter can be disabled with `set_option linter.style.whitespace false`
warning: Erdos9796Proof/P97/Census554/SevenPointSixCircleCollisionBCertificate.lean:62:16: missing space in the source

This part of the code
  '-x5x^2+2*x5x*x6x-x5y^2+2*x5y*x6y'
should be written as
  '-x5x ^ 2'


Note: This linter can be disabled with `set_option linter.style.whitespace false`
warning: Erdos9796Proof/P97/Census554/SevenPointSixCircleCollisionBCertificate.lean:62:24: missing space in the source

This part of the code
  '-x5x^2+2*x5x*x6x-x5y^2+2*x5y*x6y'
should be written as
  'x5x * x6x'


Note: This linter can be disabled with `set_option linter.style.whitespace false`
warning: Erdos9796Proof/P97/Census554/SevenPointSixCircleCollisionBCertificate.lean:62:28: missing space in the source

This part of the code
  '-x5x^2+2*x5x*x6x-x5y^2+2*x5y*x6y'
should be written as
  'x6x - x5y'


Note: This linter can be disabled with `set_option linter.style.whitespace false`
warning: Erdos9796Proof/P97/Census554/SevenPointSixCircleCollisionBCertificate.lean:62:32: missing space in the source

This part of the code
  '-x5x^2+2*x5x*x6x-x5y^2+2*x5y*x6y'
should be written as
  'x5y ^ 2'


Note: This linter can be disabled with `set_option linter.style.whitespace false`
warning: Erdos9796Proof/P97/Census554/SevenPointSixCircleCollisionBCertificate.lean:62:40: missing space in the source

This part of the code
  '-x5x^2+2*x5x*x6x-x5y^2+2*x5y*x6y ='
should be written as
  'x5y * x6y'


Note: This linter can be disabled with `set_option linter.style.whitespace false`
⚠ [8160/8176] Replayed Erdos9796Proof.P97.Census554.SevenPointTwinFourCircleCollision
warning: Erdos9796Proof/P97/Census554/SevenPointTwinFourCircleCollision.lean:30:0: Please, add a comment explaining the need for modifying the maxHeartbeat limit, as in
set_option maxHeartbeats 12000000 in
-- reason for change
...

Note: This linter can be disabled with `set_option linter.style.maxHeartbeats false`
⚠ [8163/8176] Replayed Erdos9796Proof.P97.Q3SharedInterior
warning: Erdos9796Proof/P97/Q3SharedInterior.lean:1004:4: Try `simp at hq` instead of `simpa using hq`

Note: This linter can be disabled with `set_option linter.unnecessarySimpa false`
warning: Erdos9796Proof/P97/Q3SharedInterior.lean:1034:2: Try `simp at hqInter` instead of `simpa using hqInter`

Note: This linter can be disabled with `set_option linter.unnecessarySimpa false`
warning: Erdos9796Proof/P97/Q3SharedInterior.lean:1096:4: Try `simp at hq` instead of `simpa using hq`

Note: This linter can be disabled with `set_option linter.unnecessarySimpa false`
warning: Erdos9796Proof/P97/Q3SharedInterior.lean:1126:2: Try `simp at hqInter` instead of `simpa using hqInter`

Note: This linter can be disabled with `set_option linter.unnecessarySimpa false`
ℹ [8173/8176] Replayed Erdos9796Proof.P97.ATail.LocalizedCollisionMutualOmissionCycle
info: Erdos9796Proof/P97/ATail/LocalizedCollisionMutualOmissionCycle.lean:275:0: 'Problem97.ATailLocalizedCollisionMutualOmissionCycle.LocalizedCollisionMutualOmissionCycle' depends on axioms: [propext,
 Classical.choice,
 Quot.sound]
info: Erdos9796Proof/P97/ATail/LocalizedCollisionMutualOmissionCycle.lean:276:0: 'Problem97.ATailLocalizedCollisionMutualOmissionCycle.nonempty_localizedCollisionMutualOmissionCycle' depends on axioms: [propext,
 Classical.choice,
 Quot.sound]
⚠ [8176/8176] Built Erdos9796Proof.P97.ATail.FrontierLiveClosure (4.6s)
warning: Erdos9796Proof/P97/ATail/FrontierLiveClosure.lean:56:8: declaration uses 'sorry'
warning: Erdos9796Proof/P97/ATail/FrontierLiveClosure.lean:66:8: declaration uses 'sorry'
warning: Erdos9796Proof/P97/ATail/FrontierLiveClosure.lean:115:8: declaration uses 'sorry'
warning: Erdos9796Proof/P97/ATail/FrontierLiveClosure.lean:126:8: declaration uses 'sorry'
warning: Erdos9796Proof/P97/ATail/FrontierLiveClosure.lean:525:8: declaration uses 'sorry'
warning: Erdos9796Proof/P97/ATail/FrontierLiveClosure.lean:613:8: declaration uses 'sorry'
Build completed successfully (8176 jobs).
lake-build: resyncing proof-blueprint (index + call graph) …
[1/2] indexing source (index --refresh) ...
indexed 2551 files: 0 new, 1 changed, 2550 unchanged, 0 removed
symbols total: 33 writes

[2/2] mining call graph (refs --refresh) ...
note: 1087 module(s) / 7889 symbol(s) trusted (🔒 excluded from mine by [mining].skip; still covered by `#print axioms` on the target and the off-spine sorry scan)
note: skipping 366 indexed module(s) with no olean (unbuilt WIP, not in the verified build) — --verbose to list
mining call graph: 3 changed module(s) (197 symbols) in 1 batch(es), 1095 unchanged (9389 symbols skipped), 1087 trusted 🔒 skipped — invoking Lean kernel per batch...
batch 1/1: 3 module(s), 197 symbol(s), 5 MB oleans …
   ✓ batch 1/1 committed (1642 edges, 18 into axioms)
✅ mined 1642 edge(s) (18 into axioms), marked 197 symbol(s) across 1 batch(es) at build 5d2aa6adff18.
   (9389 symbol(s) in unchanged modules — stamps updated, no re-mine)
[packet-audit] mining type facts: 3 module(s) (197 symbols) in 1 batch(es)...
[packet-audit] ✓ type facts: 197 symbol(s), 23 type-former(s), 1043 type ref(s).
Use `proof-blueprint spine` to view the kernel-rooted structural state.

✅ sync complete — index and kernel call graph match the current build.
lake-build: wrote /Users/adam/projects/math-projects/erdos-97-96-formalization/docs/live-blueprint.md
